P31943,#,SEQ,SS,ASA,Phi,Psi,Theta(i-1=>i+1),Tau(i-2=>i+2),HSE_alpha_up,HSE_alpha_down,P(C),P(H),P(E),flexibility
0,1,M,C,132.8,-93.9,130.7,114.9,175.0,6.8,9.0,0.953,0.014,0.032,0.518
1,2,M,C,112.8,-89.0,126.9,111.9,-134.8,8.0,12.2,0.922,0.020,0.059,0.501
2,3,L,C,87.9,-86.7,105.3,108.7,-142.5,10.6,12.7,0.917,0.020,0.063,0.499
3,4,G,C,38.5,134.2,-178.5,119.5,69.8,7.1,14.5,0.929,0.015,0.056,0.519
4,5,T,C,95.0,-83.1,8.4,104.1,-79.5,5.2,14.4,0.898,0.058,0.044,0.556
5,6,E,C,124.8,-86.0,36.3,105.4,73.6,4.9,12.7,0.891,0.057,0.052,0.559
6,7,G,C,47.7,15.4,21.4,107.4,12.7,5.8,13.3,0.896,0.059,0.046,0.562
7,8,G,C,48.1,37.6,-36.1,108.4,-88.9,5.7,15.1,0.892,0.063,0.045,0.580
8,9,E,C,121.2,-92.3,102.3,110.0,8.4,5.4,15.8,0.890,0.037,0.073,0.641
9,10,G,C,27.8,135.7,-179.3,120.0,33.5,11.5,18.6,0.821,0.019,0.160,0.695
10,11,F,C,32.1,-108.0,136.5,122.7,-114.5,20.5,18.1,0.549,0.011,0.440,0.763
11,12,V,E,27.5,-113.4,131.0,121.5,-159.1,15.2,26.9,0.060,0.000,0.940,0.817
12,13,V,E,2.5,-113.2,128.0,121.3,-159.2,26.7,22.6,0.009,0.000,0.991,0.855
13,14,K,E,31.4,-107.5,125.2,117.9,-157.6,16.2,28.9,0.007,0.000,0.993,0.862
14,15,V,E,1.8,-115.6,128.7,122.3,-163.9,27.4,23.0,0.039,0.000,0.960,0.857
15,16,R,E,52.7,-128.8,147.8,130.9,-177.6,15.4,27.6,0.354,0.001,0.645,0.825
16,17,G,C,17.9,76.8,23.0,101.2,13.4,15.5,26.0,0.937,0.001,0.062,0.807
17,18,L,C,5.7,-90.1,139.5,119.0,178.2,25.4,19.2,0.952,0.000,0.047,0.809
18,19,P,C,33.6,-69.4,144.9,113.2,-106.2,14.1,25.0,0.987,0.001,0.012,0.801
19,20,W,C,85.1,-66.6,-22.1,96.3,-116.3,17.9,18.0,0.993,0.005,0.002,0.832
20,21,S,C,69.9,-87.2,0.3,97.8,57.9,5.2,21.6,0.989,0.006,0.005,0.833
21,22,C,C,9.1,-90.1,144.2,121.9,121.1,23.8,12.2,0.988,0.000,0.012,0.844
22,23,S,C,43.8,-96.4,162.8,128.2,-139.0,4.9,26.4,0.985,0.000,0.015,0.839
23,24,A,H,41.1,-60.0,-36.7,91.6,-106.4,17.9,15.5,0.014,0.986,0.000,0.847
24,25,D,H,97.1,-64.1,-38.0,91.7,54.8,2.6,21.9,0.005,0.995,0.000,0.867
25,26,E,H,54.2,-66.9,-39.4,93.4,50.7,10.3,19.4,0.002,0.998,0.000,0.886
26,27,V,H,2.2,-64.0,-43.1,93.3,51.6,27.0,16.9,0.001,0.999,0.000,0.898
27,28,Q,H,50.7,-63.3,-40.2,92.8,53.0,15.4,21.2,0.002,0.998,0.000,0.900
28,29,R,H,132.3,-66.8,-36.7,92.0,51.3,3.5,24.3,0.014,0.986,0.000,0.915
29,30,F,H,14.4,-68.6,-39.0,94.8,51.0,21.7,19.3,0.093,0.907,0.000,0.921
30,31,F,H,6.3,-96.6,-3.4,99.2,42.5,24.6,16.2,0.454,0.539,0.006,0.925
31,32,S,C,55.1,-65.8,-34.7,99.3,98.5,10.2,18.0,0.851,0.131,0.018,0.929
32,33,D,C,97.9,-85.7,6.1,98.7,39.0,3.9,20.5,0.890,0.094,0.016,0.930
33,34,C,C,14.5,-95.2,128.4,116.8,113.0,23.0,10.7,0.915,0.050,0.035,0.908
34,35,K,C,98.9,-93.5,111.9,110.4,-149.2,7.6,25.3,0.754,0.067,0.179,0.880
35,36,I,C,19.4,-88.4,103.5,109.3,-160.4,23.5,14.4,0.638,0.184,0.177,0.840
36,37,Q,C,83.5,-89.9,81.4,108.5,-177.9,11.6,17.5,0.735,0.181,0.084,0.803
37,38,N,C,102.7,-49.3,22.0,99.5,16.1,5.1,17.1,0.847,0.115,0.038,0.773
38,39,G,C,39.3,81.8,-4.5,104.8,-79.5,8.3,17.3,0.853,0.094,0.053,0.746
39,40,A,C,34.1,-88.9,112.2,110.7,140.5,15.7,16.3,0.689,0.107,0.204,0.750
40,41,Q,C,85.5,-99.0,35.5,107.9,176.2,10.3,21.3,0.625,0.068,0.307,0.759
41,42,G,E,13.4,153.3,177.4,127.9,-35.4,16.2,22.5,0.488,0.019,0.493,0.786
42,43,I,E,7.1,-111.2,134.0,123.0,-113.6,24.9,21.2,0.089,0.000,0.911,0.824
43,44,R,E,49.9,-115.3,133.5,123.0,-163.7,15.9,27.8,0.017,0.000,0.982,0.862
44,45,F,E,8.6,-109.3,130.2,120.9,-155.9,25.0,22.4,0.031,0.000,0.969,0.893
45,46,I,E,25.1,-109.3,131.5,120.8,-157.8,17.7,25.5,0.066,0.000,0.934,0.891
46,47,Y,E,39.0,-108.5,137.7,122.2,-155.6,18.2,19.2,0.149,0.000,0.851,0.886
47,48,T,C,26.2,-90.1,172.0,125.1,-138.1,11.6,18.3,0.933,0.000,0.066,0.846
48,49,R,C,166.4,-64.9,-25.2,92.0,-93.9,4.4,15.0,0.995,0.003,0.002,0.788
49,50,E,C,146.6,-88.2,-0.0,93.1,51.3,1.2,15.3,0.997,0.002,0.001,0.730
50,51,G,C,40.3,88.9,6.3,95.9,-102.8,8.2,13.3,0.995,0.002,0.003,0.676
51,52,R,C,116.9,-86.3,139.8,119.0,132.4,5.8,19.8,0.953,0.000,0.046,0.659
52,53,P,E,34.9,-70.4,134.8,111.4,-108.7,18.6,16.2,0.313,0.005,0.682,0.646
53,54,S,C,41.7,-97.1,-6.7,102.2,-177.5,12.4,21.1,0.753,0.015,0.232,0.654
54,55,G,C,9.9,126.7,-179.3,125.8,-100.7,19.4,23.8,0.497,0.006,0.497,0.671
55,56,E,E,29.9,-122.0,143.5,128.0,-111.9,18.6,26.4,0.167,0.002,0.831,0.706
56,57,A,E,3.1,-139.0,152.1,136.2,-177.6,25.1,24.4,0.024,0.000,0.976,0.749
57,58,F,E,15.0,-108.2,130.4,120.0,-140.5,21.3,28.4,0.004,0.000,0.996,0.788
58,59,V,E,1.7,-117.2,129.4,123.0,-163.1,27.4,23.8,0.002,0.000,0.998,0.806
59,60,E,E,41.3,-106.5,123.3,116.8,-157.1,13.8,28.8,0.008,0.000,0.992,0.809
60,61,L,E,6.4,-99.7,136.8,120.7,-155.9,25.3,17.3,0.183,0.001,0.817,0.799
61,62,E,C,86.7,-80.7,-26.3,96.3,-152.2,9.0,23.4,0.982,0.000,0.018,0.786
62,63,S,C,35.5,-155.0,160.9,147.0,4.0,5.0,27.4,0.995,0.001,0.004,0.797
63,64,E,H,94.6,-61.0,-36.3,92.5,-104.2,13.4,15.7,0.022,0.978,0.000,0.811
64,65,D,H,105.8,-63.6,-38.1,90.9,54.3,1.4,21.9,0.009,0.991,0.000,0.827
65,66,E,H,41.8,-66.9,-39.5,93.1,50.1,13.3,17.8,0.002,0.998,0.000,0.841
66,67,V,H,7.2,-63.0,-42.0,92.7,52.5,24.4,15.8,0.001,0.999,0.000,0.849
67,68,K,H,103.0,-63.0,-40.5,92.0,52.6,7.1,23.3,0.001,0.999,0.000,0.846
68,69,L,H,67.8,-65.2,-40.8,92.4,50.2,5.8,24.1,0.001,0.999,0.000,0.833
69,70,A,H,4.8,-65.3,-43.4,93.4,50.1,21.1,17.2,0.002,0.998,0.000,0.830
70,71,L,H,23.9,-64.5,-40.3,93.5,51.2,19.7,18.0,0.008,0.992,0.000,0.817
71,72,K,H,130.7,-66.1,-37.5,91.9,51.3,2.4,21.6,0.081,0.919,0.000,0.808
72,73,K,H,85.4,-70.6,-36.1,93.8,48.4,8.6,18.9,0.294,0.705,0.001,0.791
73,74,D,C,44.6,-94.6,-7.1,99.3,36.3,14.8,13.7,0.867,0.131,0.001,0.789
74,75,R,C,150.5,62.9,27.6,93.5,-119.3,4.8,19.6,0.997,0.003,0.001,0.772
75,76,E,C,72.6,-108.6,146.6,126.9,115.0,10.8,17.4,0.936,0.006,0.058,0.754
76,77,T,E,57.0,-85.1,128.5,113.1,-121.4,11.8,24.2,0.431,0.015,0.554,0.735
77,78,M,E,9.5,-100.9,50.7,108.8,-164.3,24.4,16.4,0.274,0.011,0.715,0.735
78,79,G,C,17.7,81.4,-146.1,115.5,-52.3,14.9,22.9,0.874,0.017,0.110,0.752
79,80,H,C,99.6,-82.6,16.3,99.8,-9.7,10.4,21.9,0.943,0.009,0.049,0.783
80,81,R,C,61.6,-121.9,149.1,132.5,99.3,14.7,19.5,0.515,0.005,0.480,0.814
81,82,Y,E,64.2,-95.6,130.5,116.7,-130.8,15.4,25.2,0.269,0.002,0.729,0.856
82,83,V,E,4.3,-118.0,132.8,124.3,-162.7,25.8,17.5,0.080,0.000,0.920,0.877
83,84,E,E,58.5,-93.6,123.4,113.6,-140.6,10.5,28.2,0.033,0.000,0.967,0.871
84,85,V,E,3.5,-117.6,132.0,124.3,-165.5,26.5,18.9,0.036,0.000,0.964,0.852
85,86,F,E,46.5,-128.4,144.2,130.0,-173.7,14.0,25.9,0.076,0.001,0.923,0.828
86,87,K,E,76.1,-79.1,132.3,113.2,-116.1,15.3,24.3,0.292,0.004,0.704,0.800
87,88,S,C,11.8,-90.5,139.4,116.5,-141.6,23.3,15.1,0.917,0.002,0.081,0.777
88,89,N,C,70.2,-95.2,157.8,120.7,-135.4,8.0,23.5,0.978,0.008,0.014,0.756
89,90,N,H,84.6,-63.4,-33.4,95.2,-104.9,11.7,15.8,0.163,0.837,0.000,0.763
90,91,V,H,86.9,-66.0,-38.3,93.4,54.4,3.8,20.3,0.094,0.906,0.000,0.773
91,92,E,H,47.4,-67.2,-39.3,93.8,51.0,12.5,18.2,0.059,0.940,0.000,0.805
92,93,M,H,21.1,-64.0,-41.0,93.3,51.7,20.5,16.3,0.022,0.978,0.000,0.823
93,94,D,H,76.0,-65.2,-39.0,93.0,52.2,6.4,21.8,0.040,0.960,0.000,0.839
94,95,W,H,101.0,-66.6,-39.6,93.2,50.6,7.0,21.3,0.049,0.951,0.001,0.842
95,96,V,H,19.2,-67.3,-40.8,94.3,50.3,17.8,16.7,0.074,0.925,0.001,0.847
96,97,L,H,48.2,-70.4,-31.9,95.0,51.7,15.0,16.6,0.160,0.839,0.002,0.831
97,98,K,H,121.5,-71.0,-30.1,95.0,53.6,4.5,18.3,0.341,0.655,0.004,0.814
98,99,H,H,103.6,-84.1,-10.5,100.2,51.8,7.9,14.9,0.481,0.510,0.009,0.778
99,100,T,C,73.7,-96.1,5.0,105.2,48.9,8.2,14.7,0.666,0.316,0.018,0.723
100,101,G,C,31.7,130.1,177.4,124.2,-135.6,7.9,16.0,0.973,0.007,0.020,0.675
101,102,P,C,82.9,-72.8,107.8,105.3,-70.1,8.1,15.3,0.987,0.005,0.008,0.644
102,103,N,C,110.9,-89.3,66.7,106.5,-51.8,4.2,15.4,0.982,0.005,0.013,0.632
103,104,S,C,37.5,-98.3,142.2,120.2,174.2,12.3,13.5,0.983,0.004,0.013,0.643
104,105,P,C,78.1,-67.5,-14.5,100.5,-110.2,8.6,16.3,0.917,0.078,0.005,0.658
105,106,D,C,91.7,-79.6,4.6,101.2,45.2,6.7,16.7,0.853,0.137,0.010,0.698
106,107,T,C,62.9,-89.3,24.3,104.8,81.3,10.9,15.9,0.733,0.234,0.032,0.712
107,108,A,C,50.5,-79.3,2.2,104.4,113.5,11.4,16.0,0.731,0.238,0.031,0.730
108,109,N,C,83.0,-93.8,42.3,106.1,81.6,9.0,18.4,0.783,0.173,0.044,0.749
109,110,D,C,56.5,-98.4,91.5,110.5,135.7,12.1,19.2,0.851,0.088,0.062,0.776
110,111,G,C,12.1,-100.9,138.6,115.7,-179.6,18.6,21.2,0.697,0.041,0.263,0.796
111,112,F,E,29.7,-121.0,139.6,126.7,-162.8,20.3,25.4,0.106,0.001,0.893,0.831
112,113,V,E,4.2,-113.9,130.6,122.3,-155.5,25.5,25.2,0.016,0.000,0.984,0.851
113,114,R,E,33.9,-105.6,125.9,117.8,-154.5,17.8,28.5,0.013,0.000,0.987,0.862
114,115,L,E,2.6,-114.4,127.9,121.6,-164.0,26.8,23.6,0.061,0.001,0.938,0.850
115,116,R,E,62.0,-120.3,142.6,126.8,-171.7,15.1,27.8,0.348,0.004,0.648,0.829
116,117,G,C,21.0,77.8,16.8,98.8,15.2,14.8,25.4,0.907,0.003,0.090,0.801
117,118,L,C,5.9,-89.5,140.2,119.5,150.2,25.4,19.2,0.946,0.000,0.054,0.793
118,119,P,C,28.5,-68.5,146.2,113.8,-106.0,16.0,25.1,0.986,0.001,0.012,0.779
119,120,F,C,69.7,-66.8,-20.7,98.8,-108.7,17.3,19.2,0.988,0.008,0.004,0.795
120,121,G,C,45.8,-82.6,1.8,97.6,45.6,5.3,20.7,0.983,0.009,0.007,0.785
121,122,C,C,9.8,-88.5,143.3,120.8,124.4,23.7,12.5,0.981,0.000,0.018,0.797
122,123,S,C,45.5,-92.8,162.5,126.9,-136.6,4.8,25.6,0.990,0.001,0.009,0.795
123,124,K,H,87.1,-60.5,-36.8,92.4,-105.7,16.1,15.6,0.013,0.987,0.000,0.826
124,125,E,H,121.3,-64.2,-37.8,91.7,55.2,3.0,21.4,0.005,0.995,0.000,0.850
125,126,E,H,57.9,-67.3,-38.3,93.5,50.7,10.6,19.1,0.002,0.998,0.000,0.882
126,127,I,H,3.2,-64.5,-42.9,93.7,51.4,26.5,17.6,0.001,0.999,0.000,0.895
127,128,V,H,32.1,-63.4,-40.4,92.8,52.3,16.7,21.2,0.001,0.999,0.000,0.917
128,129,Q,H,98.1,-66.7,-37.5,92.3,51.3,4.4,24.3,0.005,0.995,0.000,0.927
129,130,F,H,14.0,-69.7,-36.9,94.8,51.1,21.9,19.8,0.033,0.967,0.000,0.923
130,131,F,H,6.3,-95.6,-4.6,98.6,42.8,24.5,17.1,0.324,0.675,0.001,0.911
131,132,S,C,55.0,-71.3,128.7,110.6,112.6,10.5,18.7,0.934,0.044,0.022,0.882
132,133,G,C,51.4,83.2,-0.8,99.3,16.2,3.4,19.3,0.979,0.013,0.008,0.844
133,134,L,C,26.2,-90.9,138.7,118.3,122.9,21.5,10.9,0.962,0.005,0.033,0.846
134,135,E,C,103.1,-105.9,142.7,121.7,-151.8,6.0,22.2,0.823,0.007,0.171,0.861
135,136,I,C,63.3,-83.4,128.2,113.3,-120.9,16.4,18.2,0.660,0.005,0.336,0.869
136,137,V,C,21.9,-88.3,133.2,114.7,-135.3,20.8,14.7,0.904,0.005,0.091,0.857
137,138,P,C,74.4,-70.5,-17.1,99.3,-123.8,9.5,19.2,0.904,0.069,0.027,0.826
138,139,N,C,86.5,-95.4,18.5,103.5,38.4,7.6,18.5,0.848,0.087,0.066,0.798
139,140,G,C,17.7,133.3,176.2,121.3,-82.7,14.2,20.8,0.732,0.032,0.236,0.798
140,141,I,E,12.3,-107.4,132.0,121.3,-117.0,23.9,17.7,0.292,0.001,0.707,0.815
141,142,T,E,35.7,-110.9,129.9,120.3,-160.2,13.3,27.1,0.110,0.001,0.889,0.834
142,143,L,E,12.3,-107.1,126.1,118.7,-155.4,23.3,20.9,0.357,0.001,0.642,0.857
143,144,P,C,23.0,-73.3,142.1,113.8,-121.2,18.9,22.7,0.641,0.002,0.358,0.863
144,145,V,E,30.6,-116.1,139.6,124.4,-159.2,16.6,20.1,0.299,0.001,0.700,0.876
145,146,D,C,28.5,-91.9,168.4,124.7,-139.1,12.7,19.4,0.907,0.001,0.092,0.863
146,147,F,C,98.7,-66.5,-24.1,93.1,-99.3,13.2,16.1,0.980,0.014,0.006,0.832
147,148,Q,C,128.4,-87.2,0.0,94.8,54.6,2.2,17.3,0.987,0.010,0.003,0.781
148,149,G,C,40.7,87.7,5.9,96.6,-99.8,9.2,14.8,0.988,0.007,0.005,0.735
149,150,R,C,115.7,-91.3,140.3,119.9,128.5,6.5,20.0,0.907,0.004,0.089,0.722
150,151,S,E,27.9,-73.1,129.1,110.7,-111.3,18.9,17.6,0.413,0.010,0.577,0.725
151,152,T,C,43.6,-98.5,-4.5,102.4,-178.6,14.2,21.3,0.809,0.015,0.176,0.741
152,153,G,C,8.6,113.4,-175.2,125.5,-111.0,19.0,24.7,0.521,0.007,0.472,0.758
153,154,E,E,27.0,-115.5,139.9,125.2,-38.4,20.1,26.2,0.243,0.005,0.753,0.778
154,155,A,E,2.7,-140.1,154.0,136.5,-179.6,25.2,25.8,0.057,0.000,0.943,0.823
155,156,F,E,9.2,-115.0,134.6,123.0,-142.1,23.7,28.4,0.007,0.000,0.993,0.849
156,157,V,E,2.1,-116.4,129.7,122.8,-160.8,26.9,25.3,0.003,0.000,0.997,0.862
157,158,Q,E,35.0,-101.9,125.1,116.5,-152.0,15.4,28.1,0.014,0.000,0.986,0.873
158,159,F,E,8.8,-119.7,143.7,128.5,-171.1,24.6,19.1,0.166,0.001,0.833,0.867
159,160,A,C,43.9,-79.1,-24.7,96.3,-148.1,11.3,24.3,0.986,0.000,0.014,0.849
160,161,S,C,35.1,-154.1,160.3,146.1,4.2,6.3,27.1,0.995,0.001,0.004,0.842
161,162,Q,H,85.7,-60.5,-36.6,92.3,-106.4,14.5,16.3,0.014,0.986,0.000,0.831
162,163,E,H,130.4,-63.2,-38.8,90.7,54.3,1.5,22.6,0.003,0.997,0.000,0.822
163,164,I,H,30.3,-66.0,-41.1,93.1,50.0,13.9,18.1,0.001,0.999,0.000,0.837
164,165,A,H,3.3,-62.8,-42.3,92.5,52.1,25.6,15.5,0.000,1.000,0.000,0.834
165,166,E,H,90.4,-62.9,-40.9,92.0,52.1,8.5,23.4,0.001,0.999,0.000,0.822
166,167,K,H,103.9,-65.4,-40.0,92.0,49.7,4.0,25.3,0.001,0.999,0.000,0.803
167,168,A,H,5.1,-65.2,-43.6,93.4,50.1,20.8,18.1,0.001,0.999,0.000,0.792
168,169,L,H,16.2,-64.8,-40.7,93.6,50.8,22.3,18.3,0.009,0.991,0.000,0.791
169,170,K,H,125.8,-65.7,-37.6,92.0,51.6,3.3,21.9,0.147,0.853,0.000,0.790
170,171,K,C,91.9,-71.3,-35.9,93.9,48.3,7.6,19.7,0.517,0.483,0.001,0.783
171,172,H,C,50.0,-98.4,-6.1,100.5,34.8,16.3,14.1,0.901,0.098,0.001,0.781
172,173,K,C,122.8,62.1,29.9,93.6,-120.1,6.5,20.8,0.997,0.002,0.001,0.774
173,174,E,C,59.6,-112.6,148.1,128.5,122.1,13.1,18.5,0.868,0.007,0.125,0.765
174,175,R,E,100.1,-89.6,125.4,113.4,-122.9,11.8,25.0,0.331,0.006,0.663,0.756
175,176,I,E,7.3,-102.4,93.4,111.7,-164.8,24.9,17.4,0.359,0.013,0.628,0.746
176,177,G,C,14.6,90.6,-155.2,118.3,-74.6,17.4,24.4,0.789,0.034,0.177,0.752
177,178,H,C,70.8,-82.6,28.7,101.9,0.2,14.8,24.3,0.887,0.021,0.092,0.783
178,179,R,C,22.8,-121.5,150.4,131.8,124.7,21.6,21.5,0.705,0.008,0.288,0.806
179,180,Y,C,33.5,-100.4,131.2,118.0,-132.4,18.6,27.4,0.504,0.005,0.492,0.841
180,181,I,E,1.5,-115.8,130.1,122.9,-157.1,27.9,22.9,0.157,0.000,0.842,0.849
181,182,E,E,28.2,-104.6,126.5,117.7,-153.1,16.5,28.9,0.021,0.000,0.979,0.836
182,183,I,E,2.2,-112.1,129.2,121.6,-157.7,27.3,23.3,0.030,0.000,0.970,0.823
183,184,F,E,28.8,-133.1,149.3,133.9,-178.3,18.2,27.4,0.098,0.001,0.902,0.800
184,185,K,E,53.4,-74.3,135.9,112.9,-108.1,17.3,25.3,0.358,0.003,0.639,0.771
185,186,S,C,9.7,-80.4,133.6,112.3,-125.8,23.8,16.9,0.927,0.002,0.071,0.722
186,187,S,C,39.5,-108.7,160.7,128.0,-154.2,8.3,25.3,0.976,0.004,0.020,0.686
187,188,R,H,110.6,-61.0,-36.7,93.0,-105.5,13.5,15.5,0.101,0.899,0.000,0.676
188,189,A,H,66.9,-64.6,-38.9,92.2,54.2,2.8,20.9,0.057,0.943,0.000,0.685
189,190,E,H,57.5,-67.6,-38.4,93.4,50.5,10.2,17.6,0.056,0.944,0.000,0.696
190,191,V,H,16.7,-65.6,-40.0,93.6,51.3,20.5,14.4,0.041,0.959,0.000,0.705
191,192,R,H,116.4,-66.5,-35.3,93.2,53.0,8.7,18.3,0.114,0.885,0.001,0.708
192,193,T,H,85.3,-71.6,-31.8,93.8,51.2,3.7,19.2,0.197,0.802,0.001,0.726
193,194,H,H,66.9,-93.4,-13.3,100.6,42.3,12.3,15.3,0.318,0.680,0.002,0.749
194,195,Y,C,63.6,-98.2,102.5,112.2,65.7,16.3,13.2,0.628,0.360,0.011,0.759
195,196,D,C,73.6,-98.9,105.5,110.8,-106.7,8.2,16.8,0.984,0.010,0.006,0.767
196,197,P,C,70.1,-68.8,-22.8,100.3,-160.3,10.5,14.2,0.767,0.232,0.001,0.740
197,198,P,C,79.7,-67.3,-29.8,95.5,57.1,5.9,16.3,0.693,0.305,0.002,0.735
198,199,R,C,105.2,-71.2,-29.3,97.1,60.3,9.2,14.0,0.554,0.440,0.007,0.732
199,200,K,H,111.4,-68.7,-30.0,96.6,65.5,6.6,15.7,0.454,0.535,0.011,0.750
200,201,L,H,73.4,-69.7,-33.5,95.8,56.0,9.9,15.7,0.440,0.543,0.017,0.763
201,202,M,C,82.7,-73.0,-25.4,97.8,56.6,10.2,15.6,0.514,0.457,0.028,0.756
202,203,A,C,57.9,-76.2,-18.5,100.6,62.6,8.0,16.2,0.638,0.317,0.045,0.742
203,204,M,C,83.8,-90.8,95.8,109.6,85.1,10.9,14.9,0.784,0.168,0.048,0.720
204,205,Q,C,77.6,-100.8,133.8,118.0,-173.2,11.2,17.7,0.870,0.042,0.088,0.693
205,206,R,C,66.1,-104.1,135.1,120.4,-144.3,15.7,18.0,0.937,0.002,0.061,0.669
206,207,P,C,36.0,-71.5,145.2,111.9,-106.7,17.6,18.9,0.972,0.001,0.027,0.634
207,208,G,C,17.1,-92.7,165.1,126.5,-123.2,14.8,21.7,0.968,0.002,0.030,0.619
208,209,P,C,42.6,-69.9,46.4,103.2,-82.2,16.6,20.5,0.944,0.042,0.014,0.623
209,210,Y,C,47.9,-96.1,97.7,111.2,69.5,18.3,19.4,0.857,0.061,0.083,0.644
210,211,D,C,44.3,-97.2,106.5,111.5,173.8,13.7,21.1,0.862,0.026,0.112,0.664
211,212,R,C,45.5,-106.2,131.3,119.7,-159.5,19.4,19.6,0.928,0.008,0.064,0.657
212,213,P,C,42.2,-72.1,123.9,106.7,-117.0,15.5,21.4,0.898,0.084,0.018,0.633
213,214,G,C,34.7,70.0,-2.1,106.4,-55.8,12.4,19.4,0.865,0.102,0.032,0.610
214,215,A,C,37.7,-82.1,-3.6,101.1,74.4,17.3,17.2,0.826,0.134,0.039,0.610
215,216,G,C,37.0,82.6,-5.7,104.6,-79.6,9.1,18.1,0.849,0.108,0.044,0.619
216,217,R,C,110.4,-95.1,106.0,111.4,77.3,10.6,18.5,0.812,0.125,0.063,0.635
217,218,G,C,20.9,118.6,-177.4,118.4,-73.8,15.1,21.1,0.835,0.092,0.073,0.659
218,219,Y,C,48.2,-95.7,119.5,113.2,-85.7,19.6,21.5,0.806,0.105,0.089,0.673
219,220,N,C,40.9,-95.2,66.1,109.1,-161.1,17.0,23.4,0.835,0.097,0.068,0.681
220,221,S,C,28.8,-91.2,73.2,108.6,-175.5,17.2,23.6,0.812,0.125,0.064,0.689
221,222,I,C,38.2,-87.6,8.1,104.4,162.1,19.8,21.8,0.785,0.162,0.053,0.688
222,223,G,C,17.9,100.4,-148.0,113.9,-93.1,17.0,22.1,0.816,0.121,0.063,0.691
223,224,R,C,91.4,-102.6,108.8,113.0,91.4,12.8,23.5,0.785,0.142,0.072,0.698
224,225,G,C,16.2,122.0,-172.8,121.5,-43.9,16.5,21.6,0.790,0.150,0.060,0.692
225,226,A,C,30.9,-78.6,100.7,106.9,-65.4,16.9,22.4,0.740,0.221,0.039,0.704
226,227,G,C,19.1,-55.2,-13.3,108.4,-104.5,17.1,22.9,0.683,0.277,0.040,0.721
227,228,F,H,31.7,-81.9,-0.9,103.4,94.8,22.2,19.3,0.455,0.485,0.061,0.771
228,229,E,H,72.6,-77.0,-11.3,101.2,83.6,14.0,21.2,0.444,0.488,0.068,0.800
229,230,R,H,92.0,-85.2,12.4,102.9,62.0,11.6,21.3,0.448,0.455,0.097,0.813
230,231,M,C,38.2,-88.7,47.9,106.5,86.8,19.9,18.2,0.555,0.341,0.103,0.806
231,232,R,C,78.2,-85.1,43.5,105.9,135.5,15.0,20.1,0.643,0.241,0.116,0.793
232,233,R,C,99.7,-92.8,55.5,107.1,62.0,12.5,21.2,0.695,0.200,0.105,0.763
233,234,G,C,18.9,108.0,-168.1,117.6,-64.0,16.0,21.9,0.795,0.115,0.090,0.723
234,235,A,C,24.4,-95.4,130.0,114.3,-105.4,19.2,24.9,0.783,0.117,0.100,0.707
235,236,Y,C,33.3,-102.5,127.9,115.8,-152.9,21.6,24.9,0.758,0.127,0.115,0.676
236,237,G,C,13.4,129.8,43.0,112.9,-124.1,21.1,25.5,0.815,0.079,0.106,0.648
237,238,G,C,11.3,118.9,177.8,116.0,-106.5,21.1,25.1,0.825,0.064,0.111,0.628
238,239,G,C,9.7,142.1,-179.2,124.3,-129.7,21.0,26.1,0.825,0.047,0.127,0.627
239,240,Y,C,33.6,-104.6,130.8,117.3,-91.1,21.9,25.8,0.774,0.075,0.151,0.639
240,241,G,C,10.1,179.7,165.9,118.6,-147.7,21.8,25.9,0.830,0.047,0.124,0.667
241,242,G,C,10.5,153.2,177.8,122.2,-130.3,21.1,25.9,0.843,0.034,0.123,0.711
242,243,Y,C,36.9,-101.2,117.0,113.5,-113.0,21.4,25.1,0.785,0.062,0.152,0.777
243,244,D,C,35.2,-92.7,66.7,107.5,178.5,18.2,24.6,0.806,0.092,0.102,0.825
244,245,D,C,38.5,-90.1,53.6,105.5,-165.8,17.6,24.8,0.797,0.141,0.061,0.837
245,246,Y,C,51.4,-82.3,-0.3,102.2,161.7,20.4,21.6,0.739,0.199,0.062,0.817
246,247,N,C,62.7,-85.8,9.8,101.0,51.5,14.4,21.8,0.778,0.162,0.060,0.786
247,248,G,C,32.9,83.0,-1.0,103.6,-83.2,12.0,19.8,0.851,0.081,0.067,0.749
248,249,Y,C,57.6,-96.9,101.2,111.1,109.9,17.8,20.6,0.837,0.076,0.087,0.756
249,250,N,C,41.3,-92.4,80.9,108.3,-174.5,17.1,22.1,0.853,0.059,0.088,0.771
250,251,D,C,43.0,-92.2,41.8,105.3,-174.2,16.4,24.4,0.853,0.091,0.056,0.780
251,252,G,C,14.7,-5.1,-2.6,105.0,-116.9,21.1,23.7,0.846,0.106,0.048,0.766
252,253,Y,C,37.4,-89.9,31.9,105.5,86.8,21.0,24.8,0.780,0.140,0.080,0.752
253,254,G,C,12.8,103.2,-8.9,112.4,-115.6,21.0,24.4,0.848,0.058,0.094,0.746
254,255,F,C,46.8,-97.4,82.3,109.8,86.1,18.7,24.6,0.845,0.055,0.100,0.764
255,256,G,C,16.2,107.5,-166.1,117.2,-85.6,17.5,21.8,0.868,0.046,0.086,0.789
256,257,S,C,34.6,-89.4,88.7,108.5,-79.8,15.3,21.8,0.842,0.094,0.064,0.807
257,258,D,C,49.0,-89.8,53.1,106.1,171.9,14.8,18.9,0.784,0.153,0.063,0.837
258,259,R,C,97.3,-78.3,-2.2,101.3,176.1,13.3,18.3,0.754,0.201,0.045,0.837
259,260,F,C,66.3,-85.4,4.1,102.8,73.6,16.5,17.2,0.733,0.218,0.050,0.824
260,261,G,C,32.0,78.3,-4.9,106.7,-72.0,12.2,18.7,0.810,0.144,0.047,0.820
261,262,R,C,85.0,-89.9,59.0,107.6,110.3,14.1,18.2,0.802,0.142,0.056,0.827
262,263,D,C,48.8,-93.8,96.7,109.5,152.6,13.5,20.2,0.817,0.130,0.053,0.847
263,264,L,C,45.7,-80.2,-4.7,101.8,-168.0,18.2,18.8,0.751,0.207,0.042,0.854
264,265,N,C,63.7,-80.5,0.2,101.2,87.0,13.3,21.8,0.714,0.225,0.061,0.858
265,266,Y,C,50.9,-91.6,27.8,105.9,81.5,18.7,22.3,0.694,0.229,0.076,0.868
266,267,C,C,21.1,-95.3,75.4,109.7,107.6,21.0,21.5,0.746,0.154,0.100,0.867
267,268,F,C,44.8,-93.9,72.4,108.8,148.7,18.7,22.1,0.770,0.139,0.092,0.831
268,269,S,C,36.8,-86.2,37.0,105.2,160.4,14.7,21.1,0.823,0.107,0.070,0.770
269,270,G,C,27.3,88.0,-1.6,108.4,-51.6,13.0,19.9,0.861,0.083,0.057,0.729
270,271,M,C,46.0,-95.1,111.1,111.8,119.7,17.3,17.9,0.844,0.092,0.063,0.730
271,272,S,C,32.5,-93.1,154.2,113.7,-173.4,12.9,18.3,0.840,0.110,0.050,0.729
272,273,D,C,77.8,-76.6,-7.7,100.5,-121.6,10.9,18.3,0.784,0.188,0.028,0.755
273,274,H,C,71.5,-84.0,3.7,101.3,68.4,14.3,16.8,0.725,0.232,0.044,0.739
274,275,R,C,90.3,-79.8,0.3,102.5,107.4,12.8,17.8,0.681,0.234,0.085,0.716
275,276,Y,C,64.7,-91.8,14.5,104.7,57.7,17.1,16.5,0.717,0.197,0.086,0.691
276,277,G,C,36.6,78.0,-16.3,107.2,-75.6,10.2,17.6,0.879,0.067,0.054,0.660
277,278,D,C,93.4,-86.0,30.7,103.5,30.1,6.2,16.5,0.895,0.064,0.042,0.639
278,279,G,C,41.9,81.3,3.3,103.6,-85.1,8.5,16.6,0.910,0.060,0.030,0.596
279,280,G,C,36.5,91.5,173.2,111.9,-120.6,10.0,17.2,0.884,0.081,0.035,0.587
280,281,S,C,51.6,-93.5,105.1,110.7,-161.2,11.9,16.7,0.835,0.115,0.050,0.608
281,282,T,C,68.2,-94.3,67.0,108.6,178.7,10.3,18.8,0.820,0.127,0.053,0.647
282,283,F,C,59.4,-93.3,106.5,110.9,143.5,16.6,15.6,0.793,0.138,0.069,0.679
283,284,Q,C,85.9,-100.4,117.1,113.3,177.3,10.5,18.8,0.832,0.092,0.076,0.698
284,285,S,C,42.1,-97.1,128.7,114.3,-161.1,13.5,16.9,0.869,0.055,0.076,0.706
285,286,T,C,61.7,-95.9,72.7,109.0,-161.7,11.9,18.7,0.880,0.059,0.061,0.705
286,287,T,C,52.7,-99.7,103.8,111.9,147.6,12.7,20.3,0.872,0.044,0.084,0.707
287,288,G,C,18.7,145.9,173.3,115.9,-126.7,15.6,21.7,0.840,0.027,0.133,0.728
288,289,H,C,24.6,-106.8,132.9,119.8,-143.8,22.0,24.0,0.631,0.026,0.342,0.769
289,290,C,E,11.5,-118.6,136.2,125.0,-163.0,21.4,27.7,0.156,0.001,0.843,0.813
290,291,V,E,1.6,-115.4,127.7,121.6,-156.8,27.1,26.8,0.023,0.000,0.977,0.830
291,292,H,E,8.3,-102.8,121.1,115.5,-155.5,23.3,29.4,0.025,0.000,0.974,0.827
292,293,M,E,1.1,-113.8,124.5,120.0,-165.4,27.9,27.6,0.091,0.001,0.908,0.808
293,294,R,E,38.1,-121.5,144.2,127.5,-173.7,18.5,28.3,0.469,0.006,0.526,0.777
294,295,G,C,13.8,73.8,25.0,98.4,12.5,16.6,27.2,0.924,0.002,0.074,0.765
295,296,L,C,2.9,-89.3,141.5,120.0,151.6,26.4,21.3,0.964,0.000,0.036,0.779
296,297,P,C,16.1,-68.9,144.9,114.1,-105.2,19.8,25.9,0.986,0.001,0.013,0.792
297,298,Y,C,63.8,-65.7,-27.5,95.0,-118.3,19.0,21.4,0.986,0.011,0.003,0.814
298,299,R,C,128.1,-89.8,5.6,97.6,53.3,6.0,22.9,0.980,0.012,0.008,0.817
299,300,A,C,4.8,-82.3,141.5,120.0,120.4,25.4,11.7,0.985,0.000,0.014,0.824
300,301,T,C,55.6,-101.3,160.9,128.6,-144.6,5.0,27.2,0.984,0.001,0.015,0.823
301,302,E,H,68.8,-59.7,-36.9,91.4,-106.3,18.2,15.6,0.026,0.974,0.000,0.819
302,303,N,H,99.2,-64.5,-37.4,91.8,55.3,3.3,22.0,0.016,0.984,0.000,0.824
303,304,D,H,38.1,-67.4,-38.7,93.6,50.8,12.0,19.2,0.006,0.994,0.000,0.852
304,305,I,H,3.1,-64.9,-42.6,93.9,51.5,26.6,17.7,0.006,0.994,0.000,0.859
305,306,Y,H,58.9,-63.7,-39.4,92.8,53.2,16.2,21.2,0.021,0.979,0.000,0.868
306,307,N,H,91.8,-68.7,-32.3,92.4,51.8,4.4,23.8,0.075,0.925,0.000,0.870
307,308,F,H,14.7,-70.2,-36.4,95.1,51.3,22.0,20.3,0.222,0.778,0.000,0.873
308,309,F,C,6.7,-96.7,-2.8,99.0,43.0,24.4,17.9,0.542,0.448,0.010,0.859
309,310,S,C,35.4,-67.9,-95.8,105.8,103.5,14.8,18.5,0.846,0.147,0.007,0.838
310,311,P,C,71.7,-72.5,-15.8,95.9,48.8,8.4,21.9,0.871,0.126,0.004,0.801
311,312,L,C,11.2,-94.2,45.7,107.7,70.8,23.6,15.7,0.960,0.035,0.005,0.781
312,313,N,C,72.0,-53.5,77.3,103.7,-137.5,10.6,26.4,0.965,0.002,0.034,0.786
313,314,P,C,5.4,-73.6,136.4,114.2,-138.9,25.7,16.0,0.685,0.001,0.314,0.778
314,315,V,E,55.6,-94.8,-28.7,99.9,-178.0,10.5,24.7,0.305,0.001,0.695,0.800
315,316,R,E,62.1,-153.9,149.3,141.2,3.0,10.9,26.9,0.025,0.000,0.975,0.823
316,317,V,E,3.7,-127.6,135.1,128.2,-164.3,26.3,18.4,0.004,0.000,0.996,0.845
317,318,H,E,50.3,-114.0,127.8,120.3,-163.2,11.5,28.0,0.004,0.000,0.996,0.855
318,319,I,E,9.5,-109.6,126.8,119.8,-163.0,24.2,21.1,0.018,0.000,0.982,0.841
319,320,E,E,46.3,-100.9,129.7,117.5,-152.5,13.2,23.7,0.077,0.000,0.923,0.810
320,321,I,E,37.2,-108.1,130.3,119.7,-155.5,15.6,18.8,0.159,0.000,0.841,0.755
321,322,G,C,11.6,-93.4,175.2,128.3,-138.5,12.2,17.7,0.965,0.000,0.035,0.721
322,323,P,C,109.2,-65.4,-23.0,91.3,-92.4,4.0,14.9,0.998,0.002,0.001,0.695
323,324,D,C,109.9,-90.1,-0.0,93.9,51.1,1.7,15.7,0.995,0.003,0.001,0.684
324,325,G,C,37.0,87.0,6.7,94.5,-105.6,9.2,13.4,0.985,0.006,0.009,0.681
325,326,R,C,119.0,-86.4,141.6,119.9,130.7,5.1,21.1,0.900,0.003,0.098,0.691
326,327,V,E,29.4,-75.6,126.6,110.8,-114.3,20.5,16.2,0.414,0.003,0.583,0.703
327,328,T,C,52.5,-98.5,-10.6,102.4,178.8,11.3,21.8,0.856,0.003,0.141,0.715
328,329,G,E,8.6,154.2,177.8,136.5,-69.1,19.4,24.2,0.466,0.002,0.532,0.718
329,330,E,E,29.5,-131.2,148.1,131.2,-111.1,18.6,26.4,0.144,0.001,0.855,0.739
330,331,A,E,3.0,-140.0,152.0,136.7,-175.8,25.1,24.1,0.020,0.000,0.980,0.762
331,332,D,E,16.6,-117.9,135.8,124.1,-148.7,18.8,28.3,0.004,0.000,0.996,0.789
332,333,V,E,2.4,-118.7,131.2,124.1,-161.3,26.9,22.9,0.002,0.000,0.998,0.791
333,334,E,E,40.8,-109.6,126.9,119.0,-160.2,13.8,28.4,0.010,0.000,0.989,0.783
334,335,F,E,8.4,-124.4,146.6,130.8,-173.5,24.5,18.9,0.158,0.000,0.842,0.786
335,336,A,C,47.1,-76.6,-25.0,95.5,-143.7,10.5,23.9,0.989,0.000,0.011,0.791
336,337,T,C,44.9,-151.4,158.7,145.1,6.2,6.3,27.0,0.996,0.000,0.003,0.804
337,338,H,H,85.8,-60.4,-37.1,92.4,-106.2,15.9,16.3,0.015,0.985,0.000,0.826
338,339,E,H,131.2,-62.9,-38.8,90.4,53.7,1.5,23.0,0.005,0.995,0.000,0.839
339,340,D,H,36.7,-66.8,-39.5,93.1,50.5,11.8,18.7,0.001,0.999,0.000,0.851
340,341,A,H,3.4,-63.4,-42.4,93.0,52.3,25.6,16.0,0.000,1.000,0.000,0.831
341,342,V,H,61.7,-62.5,-41.1,92.0,52.3,10.5,23.4,0.001,0.999,0.000,0.825
342,343,A,H,46.3,-64.9,-40.7,92.1,50.5,4.9,24.9,0.001,0.999,0.000,0.804
343,344,A,H,4.7,-65.5,-43.1,93.4,50.4,21.4,18.1,0.003,0.997,0.000,0.792
344,345,M,H,20.7,-65.6,-38.8,93.7,51.6,22.1,19.0,0.025,0.975,0.000,0.783
345,346,S,H,69.6,-69.0,-31.6,92.8,54.1,4.6,21.8,0.283,0.716,0.001,0.784
346,347,K,C,82.4,-77.3,-24.3,95.7,52.1,10.1,18.4,0.633,0.363,0.004,0.783
347,348,D,C,46.4,-86.0,-4.6,100.2,46.7,15.4,16.5,0.818,0.174,0.007,0.778
348,349,K,C,111.8,49.1,19.7,98.4,-120.5,9.8,20.1,0.827,0.165,0.008,0.760
349,350,A,C,45.9,-89.3,86.1,109.6,97.0,11.4,18.8,0.697,0.254,0.049,0.735
350,351,N,C,57.6,-97.2,68.9,108.6,167.9,11.2,22.1,0.602,0.228,0.170,0.735
351,352,M,C,10.5,-91.7,37.6,106.5,141.3,24.4,17.3,0.601,0.205,0.193,0.764
352,353,Q,C,53.5,61.4,57.2,107.1,-132.0,15.9,24.0,0.825,0.111,0.064,0.791
353,354,H,C,80.7,45.7,32.5,99.9,6.2,11.9,23.8,0.869,0.045,0.087,0.833
354,355,R,C,16.6,-121.1,148.6,130.8,147.8,23.1,20.7,0.650,0.007,0.343,0.867
355,356,Y,E,33.9,-103.4,132.0,119.2,-134.5,17.7,27.8,0.249,0.001,0.750,0.907
356,357,V,E,1.4,-117.1,130.3,123.3,-158.7,27.8,23.3,0.018,0.000,0.982,0.920
357,358,E,E,22.0,-108.8,128.8,119.7,-157.5,17.8,29.1,0.003,0.000,0.997,0.915
358,359,L,E,1.5,-113.1,129.1,121.7,-159.0,27.6,25.1,0.008,0.000,0.992,0.889
359,360,F,E,21.5,-119.4,135.0,124.8,-169.4,20.1,28.0,0.070,0.001,0.929,0.868
360,361,L,E,18.8,-87.6,128.7,114.3,-136.4,21.3,25.3,0.369,0.008,0.623,0.833
361,362,N,C,32.0,-94.9,120.9,112.9,-148.4,18.7,20.8,0.746,0.027,0.227,0.809
362,363,S,C,37.7,-104.9,125.3,114.8,-169.6,12.9,19.0,0.837,0.055,0.108,0.768
363,364,T,C,67.0,-88.4,29.6,108.5,-157.5,10.5,16.2,0.835,0.108,0.057,0.735
364,365,A,C,70.7,-70.0,-20.4,98.9,33.1,5.5,16.0,0.829,0.147,0.024,0.708
365,366,G,C,44.1,-53.1,-8.2,100.3,36.0,5.8,17.0,0.834,0.136,0.030,0.681
366,367,A,C,32.5,-81.5,13.1,104.9,83.1,16.0,10.3,0.823,0.134,0.043,0.657
367,368,S,C,69.4,-86.2,32.3,105.8,104.8,6.1,14.8,0.851,0.111,0.037,0.636
368,369,G,C,50.0,51.9,-0.8,104.3,10.9,4.8,15.2,0.884,0.094,0.022,0.630
369,370,G,C,38.1,76.3,-164.9,114.7,42.4,8.0,15.3,0.842,0.130,0.029,0.638
370,371,A,C,67.3,-70.3,-28.3,98.4,-47.8,5.8,15.6,0.765,0.202,0.033,0.695
371,372,Y,C,79.1,-74.4,-26.1,98.3,61.6,14.2,12.9,0.641,0.275,0.084,0.762
372,373,E,C,94.4,-68.0,-33.6,95.6,60.1,9.3,16.5,0.608,0.297,0.095,0.821
373,374,H,C,94.6,-71.7,-30.3,96.6,55.5,7.5,17.4,0.599,0.251,0.151,0.872
374,375,R,C,92.3,-70.6,-33.8,96.9,59.6,10.4,17.2,0.629,0.184,0.187,0.907
375,376,Y,C,56.9,-69.6,-34.6,95.9,55.2,16.4,15.5,0.585,0.188,0.227,0.943
376,377,V,C,65.8,-68.4,-35.6,95.5,57.9,11.1,18.1,0.563,0.269,0.168,0.952
377,378,E,C,93.8,-69.5,-34.3,95.6,54.2,7.0,19.5,0.590,0.266,0.144,0.938
378,379,L,C,51.8,-69.8,-34.8,95.2,53.1,13.1,18.1,0.554,0.301,0.146,0.914
379,380,F,C,50.7,-76.8,-22.4,98.0,52.2,16.9,15.9,0.592,0.251,0.157,0.878
380,381,L,C,73.5,-75.7,-16.9,98.2,59.0,11.6,17.7,0.679,0.184,0.136,0.843
381,382,N,C,71.7,-85.8,31.0,103.7,66.7,10.6,17.0,0.819,0.094,0.087,0.813
382,383,S,C,55.3,-83.9,13.3,103.2,119.6,11.2,16.3,0.856,0.079,0.065,0.784
383,384,T,C,65.9,-92.5,63.8,107.8,94.3,10.6,17.5,0.867,0.074,0.060,0.756
384,385,A,C,47.6,-78.9,30.6,104.5,148.4,13.4,16.5,0.874,0.074,0.052,0.733
385,386,G,C,33.1,90.8,-124.0,111.4,-34.2,11.0,18.2,0.881,0.054,0.065,0.693
386,387,A,C,46.5,-87.3,106.9,109.4,41.4,12.3,18.6,0.867,0.056,0.077,0.667
387,388,S,C,36.8,-89.7,113.8,110.7,-162.7,15.2,18.1,0.858,0.055,0.086,0.643
388,389,G,C,30.8,82.6,20.8,107.1,-118.2,13.8,20.9,0.879,0.059,0.062,0.632
389,390,G,C,20.6,120.2,-176.1,124.4,-125.5,14.2,21.1,0.863,0.066,0.071,0.638
390,391,A,C,39.3,-74.7,26.9,103.6,-42.9,14.9,20.5,0.830,0.109,0.061,0.672
391,392,Y,C,62.4,-90.6,37.1,105.4,59.9,17.7,19.4,0.815,0.103,0.081,0.695
392,393,G,C,25.9,99.4,-148.7,113.5,-108.1,13.5,21.1,0.870,0.073,0.057,0.711
393,394,S,C,33.5,-97.6,120.8,113.3,-76.7,15.3,21.1,0.828,0.105,0.067,0.721
394,395,Q,C,61.0,-90.9,53.8,106.4,-160.6,15.0,23.1,0.798,0.147,0.055,0.721
395,396,M,C,51.1,-88.9,97.2,108.9,161.8,16.7,22.1,0.789,0.147,0.065,0.711
396,397,M,C,40.3,-92.7,42.3,106.6,175.3,19.4,23.6,0.782,0.140,0.078,0.696
397,398,G,C,15.1,109.4,-174.8,117.1,-116.9,19.0,23.6,0.832,0.079,0.089,0.666
398,399,G,C,16.0,104.3,-166.3,115.3,-95.7,19.1,23.2,0.834,0.075,0.091,0.654
399,400,M,C,46.8,-95.3,40.1,106.8,134.3,17.9,24.0,0.821,0.081,0.098,0.661
400,401,G,C,15.7,103.8,-170.2,118.1,-94.0,17.4,22.8,0.868,0.051,0.081,0.667
401,402,L,C,48.3,-97.7,116.9,112.9,-49.0,16.6,22.8,0.848,0.083,0.069,0.674
402,403,S,C,33.0,-88.7,135.2,113.1,-139.0,15.5,21.1,0.827,0.104,0.069,0.674
403,404,N,C,71.3,-81.5,30.5,102.4,-95.5,12.9,20.8,0.824,0.115,0.061,0.675
404,405,Q,C,67.1,-78.0,37.6,104.3,-167.2,15.0,19.6,0.835,0.095,0.069,0.662
405,406,S,C,29.7,-92.2,128.9,113.0,163.2,15.4,19.5,0.827,0.089,0.084,0.648
406,407,S,C,37.3,-83.6,16.9,104.3,-152.7,15.2,22.5,0.823,0.106,0.071,0.626
407,408,Y,C,54.4,-90.0,14.4,103.9,42.5,19.3,21.2,0.795,0.114,0.091,0.614
408,409,G,C,22.6,93.7,1.4,109.6,-87.7,14.8,22.4,0.883,0.042,0.075,0.595
409,410,G,C,13.2,152.2,179.3,130.4,-154.0,16.4,20.9,0.905,0.023,0.072,0.601
410,411,P,C,42.0,-73.2,122.6,106.0,-58.5,15.0,20.6,0.818,0.156,0.026,0.617
411,412,A,C,55.8,-68.3,-19.3,97.4,-102.6,11.5,19.1,0.714,0.257,0.029,0.637
412,413,S,C,60.0,-83.2,-1.4,98.9,53.6,8.2,18.3,0.709,0.245,0.046,0.653
413,414,Q,C,70.2,-78.1,12.9,102.0,56.5,15.0,16.8,0.748,0.189,0.063,0.661
414,415,Q,C,80.3,-74.7,30.5,103.9,-178.4,12.8,19.9,0.761,0.154,0.086,0.657
415,416,L,C,45.3,-90.1,37.9,105.7,99.5,17.8,18.0,0.753,0.153,0.094,0.644
416,417,S,C,54.7,-85.8,30.9,104.0,171.2,11.6,21.5,0.773,0.140,0.087,0.619
417,418,G,C,26.8,106.4,-176.8,114.0,-13.3,12.6,20.1,0.805,0.117,0.078,0.583
418,419,G,C,19.7,107.6,-174.0,115.0,-96.8,16.6,22.0,0.800,0.110,0.090,0.569
419,420,Y,C,48.0,-106.9,128.4,116.6,-162.7,19.6,24.1,0.749,0.128,0.123,0.562
420,421,G,C,15.0,-151.3,163.8,120.4,-150.0,20.4,25.0,0.803,0.085,0.112,0.553
421,422,G,C,11.6,147.3,178.7,124.2,-139.7,20.2,24.6,0.818,0.065,0.117,0.538
422,423,G,C,11.3,128.6,-175.9,124.0,-126.3,20.0,24.7,0.811,0.067,0.123,0.543
423,424,Y,C,61.1,-101.7,124.4,115.1,-78.6,18.0,24.9,0.759,0.109,0.132,0.556
424,425,G,C,22.7,105.2,-176.3,115.0,-38.1,14.6,21.4,0.852,0.058,0.090,0.572
425,426,G,C,20.2,124.2,-178.6,120.7,-81.0,15.6,21.0,0.860,0.051,0.089,0.596
426,427,Q,C,65.9,-101.9,123.5,114.1,-130.2,13.7,21.8,0.809,0.078,0.113,0.617
427,428,S,C,39.1,-92.3,119.7,111.5,-144.3,13.3,20.1,0.819,0.092,0.088,0.636
428,429,S,C,33.7,-99.3,108.4,112.2,-163.1,14.4,19.2,0.806,0.103,0.091,0.642
429,430,M,C,57.9,-87.3,23.8,104.2,-157.0,16.3,20.2,0.752,0.143,0.104,0.651
430,431,S,C,46.8,36.6,27.4,101.6,-85.9,13.9,21.4,0.802,0.125,0.073,0.661
431,432,G,C,22.1,85.5,-7.1,108.3,-72.4,15.5,20.3,0.808,0.127,0.065,0.683
432,433,Y,C,64.9,-93.8,43.5,106.3,85.7,14.8,18.9,0.720,0.173,0.108,0.723
433,434,D,C,65.2,-81.7,42.7,104.4,41.1,12.5,18.0,0.735,0.187,0.078,0.759
434,435,Q,C,89.3,-71.2,8.4,100.9,-121.4,11.0,18.0,0.733,0.208,0.059,0.767
435,436,V,C,52.8,-75.9,-20.0,99.4,83.8,13.3,17.5,0.683,0.227,0.090,0.755
436,437,L,C,51.2,-81.7,-2.6,101.0,55.7,16.6,16.3,0.691,0.227,0.083,0.735
437,438,Q,C,82.5,-72.1,14.9,100.8,47.7,11.4,17.6,0.759,0.187,0.054,0.717
438,439,E,C,87.6,-88.9,53.0,106.5,95.9,11.3,17.2,0.824,0.123,0.053,0.692
439,440,N,C,78.3,-84.1,35.3,103.5,107.4,11.0,17.4,0.867,0.081,0.052,0.664
440,441,S,C,42.6,-98.5,133.6,113.8,132.4,11.7,17.3,0.861,0.064,0.075,0.653
441,442,S,C,54.0,-76.9,-1.1,101.8,-154.2,11.8,17.0,0.854,0.101,0.045,0.641
442,443,D,C,52.1,-86.7,32.8,103.8,82.7,12.3,18.1,0.822,0.124,0.054,0.642
443,444,F,C,65.3,-74.4,-7.7,99.1,168.9,17.0,15.6,0.687,0.268,0.045,0.628
444,445,Q,C,97.3,-83.2,-1.9,100.1,69.3,8.6,18.6,0.680,0.269,0.050,0.602
445,446,S,C,44.7,-84.4,47.4,106.3,99.2,12.9,14.7,0.672,0.277,0.051,0.551
446,447,N,C,74.4,-90.5,53.6,105.4,145.0,10.3,17.9,0.771,0.183,0.045,0.490
447,448,I,C,54.8,-87.3,38.1,105.9,117.9,16.8,13.0,0.898,0.042,0.060,0.455
448,449,A,C,74.0,-88.6,58.4,107.3,91.2,7.0,14.3,0.986,0.006,0.009,0.439
