Q6MZP7,#,SEQ,SS,ASA,Phi,Psi,Theta(i-1=>i+1),Tau(i-2=>i+2),HSE_alpha_up,HSE_alpha_down,P(C),P(H),P(E),flexibility
0,1,M,C,131.9,-97.9,141.7,118.3,161.0,5.9,7.3,0.998,0.000,0.002,0.515
1,2,E,C,149.3,-88.4,137.0,115.5,-122.3,3.2,10.7,0.963,0.001,0.036,0.524
2,3,V,C,87.4,-96.4,133.6,117.2,-140.4,9.9,11.9,0.769,0.006,0.225,0.567
3,4,V,C,73.8,-106.8,136.2,120.5,-159.0,9.6,12.1,0.860,0.004,0.136,0.623
4,5,P,C,78.4,-70.6,146.6,113.4,-104.9,6.7,16.0,0.949,0.021,0.030,0.652
5,6,A,C,56.6,-74.1,-14.1,102.6,-124.0,11.2,13.0,0.534,0.461,0.005,0.677
6,7,E,H,105.8,-90.7,125.4,111.8,168.7,6.1,17.3,0.469,0.503,0.028,0.690
7,8,V,H,54.8,-80.6,25.1,105.5,-141.0,15.6,12.0,0.392,0.543,0.065,0.709
8,9,N,C,92.2,-79.8,6.8,104.6,-147.3,7.4,15.5,0.514,0.453,0.033,0.718
9,10,S,C,70.5,-81.7,1.7,100.8,-1.4,6.2,16.9,0.523,0.438,0.039,0.727
10,11,L,C,59.5,-90.8,73.0,109.0,101.2,13.6,13.8,0.698,0.251,0.050,0.736
11,12,L,C,64.6,-95.4,139.6,118.8,-105.9,10.3,17.0,0.971,0.021,0.008,0.755
12,13,P,C,64.9,-65.3,-32.5,98.4,-117.7,12.4,14.4,0.774,0.223,0.003,0.777
13,14,E,H,116.9,-67.1,-32.2,95.5,47.3,4.7,16.6,0.454,0.496,0.051,0.790
14,15,E,H,95.4,-69.2,-34.8,94.7,53.4,5.8,17.7,0.306,0.420,0.274,0.798
15,16,I,H,35.5,-70.3,-35.8,95.5,54.3,16.3,12.3,0.246,0.399,0.355,0.808
16,17,M,E,76.9,-73.2,-27.8,97.5,58.9,12.4,14.1,0.326,0.334,0.340,0.818
17,18,D,C,100.7,-80.4,-12.5,97.9,55.3,2.9,16.3,0.654,0.174,0.173,0.815
18,19,T,C,65.4,-87.2,-9.7,100.8,72.4,8.6,11.3,0.794,0.085,0.121,0.803
19,20,G,C,50.7,77.9,7.8,100.2,-110.1,3.8,15.1,0.965,0.009,0.025,0.798
20,21,I,C,83.3,-79.4,11.0,105.0,132.1,8.8,9.3,0.921,0.014,0.065,0.797
21,22,T,C,95.8,-85.6,32.0,105.7,110.6,3.1,13.6,0.797,0.029,0.174,0.805
22,23,L,C,94.7,-81.7,37.7,105.5,-173.3,7.9,10.3,0.799,0.033,0.168,0.823
23,24,V,C,97.0,-91.0,111.3,110.4,174.8,6.0,10.1,0.858,0.011,0.131,0.850
24,25,D,C,112.5,-84.5,73.8,106.5,-127.5,3.5,10.8,0.935,0.008,0.057,0.872
25,26,D,C,112.1,-83.9,12.0,102.6,-157.6,3.4,9.2,0.953,0.025,0.022,0.876
26,27,D,C,109.4,-85.7,13.4,103.3,107.9,3.2,9.8,0.909,0.081,0.009,0.857
27,28,S,C,74.0,-82.4,43.6,105.4,112.7,4.3,10.9,0.829,0.156,0.015,0.833
28,29,I,C,101.7,-75.7,-20.0,98.8,163.2,7.4,9.8,0.610,0.281,0.109,0.835
29,30,E,C,125.5,-82.1,-2.3,102.1,72.3,3.8,11.3,0.589,0.222,0.189,0.845
30,31,A,C,64.7,-88.0,113.8,110.3,106.3,6.8,10.5,0.648,0.121,0.230,0.863
31,32,V,C,94.1,-100.7,133.2,118.4,178.7,5.7,10.0,0.624,0.028,0.348,0.868
32,33,I,C,119.0,-100.3,131.3,117.7,-148.9,4.3,11.0,0.568,0.014,0.418,0.867
33,34,V,C,92.8,-103.9,133.3,118.0,-157.8,7.1,9.4,0.678,0.011,0.311,0.847
34,35,S,C,83.2,-104.4,138.0,117.5,-160.3,3.4,11.5,0.873,0.003,0.125,0.813
35,36,S,C,73.8,-92.9,142.1,118.0,-118.1,5.6,11.0,0.937,0.001,0.061,0.784
36,37,P,C,96.2,-69.6,141.0,108.4,-100.1,4.8,12.7,0.967,0.002,0.031,0.759
37,38,I,C,86.0,-90.5,126.5,113.8,-125.0,9.1,10.0,0.953,0.002,0.045,0.759
38,39,P,C,82.5,-68.2,143.0,107.2,-112.8,5.7,13.2,0.981,0.013,0.005,0.758
39,40,M,C,110.2,-77.4,-16.7,102.3,-130.4,7.0,11.1,0.884,0.067,0.049,0.771
40,41,E,C,121.0,-87.7,63.7,107.4,97.3,4.5,10.3,0.780,0.072,0.148,0.794
41,42,T,C,90.1,-102.6,147.9,117.3,174.7,3.3,9.0,0.724,0.093,0.183,0.801
42,43,E,C,140.4,-70.6,-22.3,97.9,-130.9,2.7,8.9,0.751,0.132,0.118,0.818
43,44,L,C,119.7,-87.8,82.2,108.0,90.4,2.8,7.0,0.787,0.132,0.082,0.846
44,45,E,C,145.7,-81.2,99.4,107.1,-124.0,2.8,9.4,0.808,0.119,0.073,0.862
45,46,E,C,144.1,-92.6,129.4,113.2,-152.5,2.5,8.2,0.706,0.101,0.193,0.865
46,47,I,C,125.8,-90.0,128.8,114.1,-132.5,3.4,8.1,0.693,0.071,0.236,0.854
47,48,V,C,100.4,-96.5,133.2,116.4,-150.0,5.3,7.8,0.733,0.048,0.219,0.839
48,49,N,C,108.3,-91.0,113.5,110.3,-133.8,3.1,12.4,0.821,0.033,0.146,0.811
49,50,I,C,89.7,-73.1,-22.8,95.3,-171.9,9.3,7.2,0.800,0.054,0.145,0.758
50,51,N,C,124.3,-76.1,-17.3,96.5,61.5,1.6,10.5,0.840,0.038,0.121,0.721
51,52,S,C,78.5,-78.6,-18.6,99.3,60.8,3.0,11.3,0.859,0.034,0.107,0.693
52,53,T,C,94.0,-86.3,-4.5,101.4,59.4,3.6,9.6,0.910,0.034,0.056,0.680
53,54,G,C,52.7,-82.4,142.5,110.1,0.5,3.4,9.8,0.949,0.016,0.035,0.669
54,55,D,C,110.0,-85.1,80.5,106.7,-88.8,3.3,10.8,0.955,0.022,0.023,0.676
55,56,S,C,84.3,-82.1,-7.2,101.2,174.3,3.5,8.9,0.958,0.019,0.023,0.673
56,57,T,C,107.1,-87.0,8.4,103.4,72.9,1.8,10.0,0.921,0.016,0.063,0.686
57,58,A,C,69.6,-89.6,131.9,114.1,127.2,6.4,7.8,0.941,0.003,0.056,0.700
58,59,T,C,100.7,-101.2,132.6,118.5,-148.1,3.0,12.9,0.958,0.001,0.042,0.721
59,60,P,C,88.0,-72.7,143.3,114.0,-105.9,8.0,10.5,0.964,0.001,0.035,0.722
60,61,I,C,114.7,-99.7,130.2,115.2,-146.4,5.1,11.0,0.747,0.005,0.247,0.730
61,62,S,C,84.6,-91.9,134.6,114.6,-132.1,3.8,10.7,0.789,0.005,0.206,0.746
62,63,T,C,88.9,-99.0,118.2,112.3,-159.8,6.3,10.1,0.771,0.004,0.225,0.758
63,64,E,C,127.4,-104.7,126.9,117.8,178.0,3.6,13.2,0.834,0.002,0.165,0.767
64,65,P,C,86.9,-67.5,144.6,113.5,-104.1,6.9,11.8,0.840,0.002,0.158,0.770
65,66,I,E,89.7,-99.0,132.8,116.4,-137.6,9.3,10.6,0.489,0.010,0.501,0.780
66,67,T,E,91.7,-94.1,133.1,115.2,-134.9,5.0,13.2,0.376,0.009,0.615,0.791
67,68,V,E,82.1,-113.8,136.8,121.8,-162.9,7.5,12.1,0.368,0.009,0.623,0.784
68,69,Y,C,130.8,-103.8,133.1,117.9,-154.2,7.8,11.6,0.550,0.006,0.444,0.786
69,70,S,C,62.2,-112.3,147.2,121.9,-165.0,6.8,12.6,0.741,0.017,0.243,0.773
70,71,N,C,112.1,-82.0,-0.7,101.5,-136.3,4.7,11.9,0.885,0.033,0.082,0.760
71,72,H,C,129.4,-87.1,14.6,104.2,68.5,4.5,10.1,0.934,0.021,0.045,0.769
72,73,T,C,97.5,-87.7,26.1,105.2,86.8,3.7,10.6,0.918,0.022,0.060,0.775
73,74,N,C,118.9,-88.5,75.0,107.4,146.0,3.4,9.5,0.901,0.010,0.089,0.778
74,75,Q,C,123.6,-90.0,116.3,110.7,174.6,4.5,10.0,0.765,0.017,0.219,0.780
75,76,V,C,89.6,-97.0,132.8,117.1,-167.0,7.3,10.4,0.615,0.018,0.367,0.789
76,77,A,C,71.3,-87.8,134.0,114.5,-128.4,5.9,13.9,0.585,0.020,0.395,0.794
77,78,V,C,83.9,-99.2,130.9,115.7,-151.3,9.4,10.8,0.556,0.017,0.427,0.806
78,79,N,C,115.6,-101.2,124.5,114.1,-159.0,3.8,12.5,0.572,0.019,0.408,0.815
79,80,T,C,73.1,-107.9,140.5,120.5,-170.4,9.2,10.0,0.516,0.019,0.465,0.817
80,81,T,C,98.6,-98.5,127.8,114.7,-151.3,3.6,13.5,0.514,0.013,0.473,0.820
81,82,I,C,83.8,-99.0,133.7,117.9,-155.0,10.3,10.1,0.554,0.012,0.434,0.812
82,83,T,C,87.5,-106.3,136.7,119.0,-158.4,5.2,13.8,0.546,0.020,0.435,0.802
83,84,K,C,125.5,-94.7,128.9,115.0,-135.4,6.9,12.2,0.568,0.034,0.398,0.792
84,85,A,C,71.2,-84.4,33.6,106.3,-154.1,6.1,11.3,0.784,0.022,0.194,0.779
85,86,D,C,95.9,-99.4,105.6,111.2,-87.1,4.5,13.8,0.859,0.014,0.127,0.767
86,87,S,C,70.0,-75.2,-14.5,99.8,-171.2,7.4,10.5,0.923,0.020,0.057,0.743
87,88,N,C,122.1,-89.9,35.6,105.4,77.4,2.0,13.5,0.924,0.015,0.061,0.740
88,89,T,C,49.7,-94.8,136.7,118.8,142.7,13.2,9.4,0.861,0.007,0.131,0.744
89,90,T,E,88.2,-110.4,135.3,120.8,-156.6,3.9,18.6,0.485,0.006,0.510,0.779
90,91,V,E,53.7,-105.0,135.0,120.7,-151.6,15.6,10.7,0.272,0.003,0.725,0.802
91,92,K,E,117.7,-117.5,134.4,123.2,-162.4,4.7,19.4,0.235,0.003,0.763,0.799
92,93,P,E,71.2,-67.9,143.4,113.0,-106.8,11.2,13.5,0.393,0.004,0.603,0.794
93,94,A,C,58.9,-87.1,30.3,106.3,-142.2,9.6,13.8,0.627,0.015,0.358,0.794
94,95,F,C,102.9,-104.6,129.8,118.5,-171.5,8.7,14.0,0.844,0.004,0.152,0.788
95,96,P,C,79.0,-78.0,147.3,108.2,-136.3,7.6,14.0,0.921,0.018,0.060,0.763
96,97,S,C,80.1,-80.6,105.4,107.1,-98.0,4.5,15.2,0.884,0.051,0.065,0.739
97,98,G,C,41.9,71.1,-11.0,104.1,23.7,6.9,16.6,0.860,0.045,0.095,0.718
98,99,L,C,59.5,-80.9,-10.7,102.1,68.8,13.9,11.4,0.709,0.068,0.223,0.730
99,100,Q,E,95.0,-79.4,-6.5,103.5,77.7,8.9,15.4,0.445,0.032,0.523,0.737
100,101,K,E,113.5,-83.3,49.9,106.1,83.4,6.3,16.3,0.373,0.022,0.605,0.745
101,102,L,C,68.4,-85.1,18.5,104.7,144.0,13.7,12.5,0.673,0.037,0.291,0.733
102,103,G,C,41.6,106.2,-175.2,115.1,-81.2,6.8,16.5,0.836,0.012,0.151,0.733
103,104,A,C,70.7,-85.9,117.6,109.6,-79.3,6.6,14.5,0.861,0.018,0.121,0.740
104,105,Q,C,116.1,-88.7,115.4,110.3,-127.6,5.9,14.2,0.840,0.012,0.149,0.757
105,106,T,C,65.3,-103.0,129.0,118.0,-163.9,9.2,13.5,0.823,0.006,0.171,0.775
106,107,P,C,83.1,-75.6,141.4,113.5,-113.1,6.6,17.4,0.868,0.003,0.129,0.782
107,108,V,C,38.9,-107.4,133.6,120.8,-150.6,17.0,12.8,0.576,0.012,0.412,0.805
108,109,T,C,80.3,-105.3,128.8,117.7,-149.8,5.7,22.9,0.617,0.009,0.374,0.814
109,110,I,C,32.7,-104.3,129.3,118.3,-158.0,20.1,13.7,0.719,0.037,0.244,0.826
110,111,S,C,54.3,-97.2,138.4,116.6,-152.8,8.6,22.3,0.744,0.076,0.180,0.824
111,112,A,C,32.5,-90.9,108.6,110.8,-138.6,14.6,18.1,0.586,0.304,0.110,0.831
112,113,N,C,51.7,-98.8,60.9,107.9,163.1,12.4,20.1,0.560,0.297,0.144,0.835
113,114,Q,E,42.4,-105.7,123.2,116.0,-177.3,15.6,22.6,0.265,0.165,0.570,0.844
114,115,I,E,14.3,-111.4,131.7,121.6,-160.9,23.0,20.9,0.201,0.043,0.756,0.849
115,116,I,E,29.2,-110.0,126.5,119.0,-158.3,15.3,26.3,0.163,0.025,0.812,0.849
116,117,L,E,20.7,-102.2,129.2,118.5,-153.2,21.7,19.9,0.289,0.046,0.665,0.839
117,118,N,E,39.4,-109.4,133.3,120.0,-163.2,14.4,19.9,0.469,0.045,0.486,0.837
118,119,K,E,94.6,-89.3,126.8,113.5,-132.7,10.3,21.2,0.477,0.042,0.481,0.824
119,120,V,C,36.6,-91.6,129.6,113.2,-152.6,17.8,13.4,0.606,0.089,0.305,0.810
120,121,S,C,75.5,-84.5,-9.6,102.5,-153.4,5.7,16.5,0.803,0.066,0.131,0.804
121,122,Q,C,108.1,-114.9,137.9,121.5,41.5,5.2,16.6,0.847,0.026,0.127,0.794
122,123,T,C,76.1,-90.8,122.9,111.9,-141.3,10.4,13.3,0.855,0.080,0.065,0.797
123,124,S,C,66.4,-94.6,110.1,110.6,-164.1,7.2,14.9,0.796,0.120,0.084,0.796
124,125,D,C,99.2,-84.5,14.0,102.7,-139.5,5.5,15.4,0.818,0.108,0.074,0.795
125,126,L,C,63.3,-91.0,127.4,113.7,123.1,13.8,10.9,0.812,0.076,0.112,0.771
126,127,K,C,122.5,-99.8,132.1,115.9,-156.7,5.4,17.2,0.750,0.039,0.211,0.762
127,128,L,C,78.3,-87.4,119.4,110.8,-137.2,12.5,12.7,0.785,0.060,0.156,0.746
128,129,G,C,42.0,106.0,-169.7,116.4,-101.4,5.9,15.8,0.830,0.036,0.134,0.735
129,130,N,C,106.9,-96.5,122.7,113.8,-44.3,5.0,15.7,0.785,0.034,0.181,0.748
130,131,Q,E,78.3,-105.9,138.6,121.4,-161.0,12.1,12.8,0.439,0.022,0.539,0.752
131,132,T,E,72.1,-115.3,137.8,123.3,-159.8,7.0,19.3,0.230,0.007,0.764,0.757
132,133,L,E,51.3,-98.0,130.9,117.5,-143.9,17.0,13.9,0.387,0.010,0.603,0.762
133,134,K,C,105.0,-97.8,132.9,117.1,-142.0,7.8,17.9,0.822,0.014,0.164,0.767
134,135,P,C,67.0,-72.7,147.2,110.7,-114.9,10.7,15.2,0.886,0.045,0.069,0.755
135,136,D,C,100.9,-69.8,111.2,105.9,-86.5,5.5,16.4,0.898,0.044,0.058,0.755
136,137,G,C,43.0,86.1,-4.6,100.9,8.4,5.3,16.9,0.904,0.013,0.083,0.751
137,138,Q,C,58.5,-94.5,138.5,119.0,125.3,13.4,14.9,0.718,0.013,0.269,0.771
138,139,K,E,95.1,-108.3,132.8,120.4,-149.7,8.5,20.8,0.225,0.003,0.772,0.798
139,140,L,E,29.0,-97.8,131.8,118.1,-144.6,19.4,16.5,0.131,0.002,0.867,0.822
140,141,I,E,52.8,-113.1,128.9,120.3,-161.7,11.1,20.9,0.107,0.002,0.892,0.831
141,142,L,E,54.7,-99.1,128.8,117.3,-146.3,14.5,17.5,0.152,0.003,0.845,0.837
142,143,T,E,40.9,-118.7,145.8,124.8,-172.6,12.2,16.7,0.252,0.006,0.743,0.821
143,144,T,E,70.0,-103.7,136.5,118.2,-141.6,8.4,17.0,0.393,0.011,0.596,0.787
144,145,L,C,92.0,-88.2,94.1,108.5,-145.9,9.2,13.3,0.716,0.025,0.259,0.744
145,146,G,C,45.8,87.8,-158.6,110.6,-47.0,5.6,14.7,0.819,0.019,0.162,0.698
146,147,K,C,130.8,-96.6,124.1,112.8,-91.3,4.6,12.3,0.839,0.019,0.142,0.673
147,148,S,C,86.8,-79.2,131.4,110.1,-96.6,3.4,11.4,0.922,0.005,0.073,0.662
148,149,G,C,57.2,79.9,-15.5,104.7,7.5,2.1,13.5,0.951,0.005,0.044,0.667
149,150,S,C,64.3,-96.9,140.1,120.0,122.4,5.2,11.8,0.834,0.003,0.163,0.694
150,151,P,C,84.2,-71.5,145.2,114.2,-103.7,6.2,14.3,0.702,0.003,0.295,0.728
151,152,I,E,68.2,-93.0,132.4,116.2,-129.0,13.3,11.4,0.450,0.015,0.535,0.754
152,153,V,E,84.2,-101.3,129.4,116.6,-148.5,7.2,17.0,0.375,0.015,0.609,0.777
153,154,L,C,60.6,-97.8,132.8,117.7,-145.8,14.8,11.5,0.494,0.029,0.477,0.771
154,155,A,C,65.1,-92.9,136.9,116.3,-140.4,6.0,17.4,0.622,0.023,0.355,0.758
155,156,L,C,66.8,-85.1,139.5,116.8,-126.2,13.5,11.3,0.897,0.001,0.102,0.748
156,157,P,C,79.2,-69.5,145.7,110.4,-101.1,7.2,14.7,0.959,0.002,0.039,0.738
157,158,H,C,127.8,-86.8,123.6,110.4,-121.4,6.2,10.6,0.900,0.009,0.091,0.728
158,159,S,C,83.6,-84.6,24.9,105.2,-141.3,4.2,10.6,0.883,0.018,0.099,0.707
159,160,Q,C,127.2,-87.4,14.7,104.1,158.4,3.6,11.2,0.760,0.015,0.225,0.700
160,161,L,C,79.1,-90.5,133.9,116.0,132.9,8.7,8.0,0.924,0.002,0.074,0.701
161,162,P,C,91.3,-69.3,139.0,106.9,-110.5,4.3,13.2,0.956,0.011,0.033,0.703
162,163,Q,C,128.3,-82.7,42.4,105.4,-125.4,4.1,9.9,0.835,0.021,0.145,0.699
163,164,A,C,85.9,-77.9,-14.2,100.8,123.3,2.7,9.3,0.836,0.021,0.143,0.710
164,165,Q,C,124.0,-90.1,106.6,109.8,99.1,3.8,8.1,0.755,0.016,0.228,0.730
165,166,K,C,141.6,-99.8,132.6,116.9,-170.5,3.2,10.3,0.603,0.012,0.385,0.749
166,167,V,C,91.0,-98.1,136.8,118.3,-147.0,7.8,9.5,0.557,0.009,0.435,0.760
167,168,T,C,84.4,-113.4,139.5,121.5,-163.5,5.2,11.6,0.566,0.015,0.419,0.754
168,169,T,E,100.5,-104.5,129.8,115.6,-160.1,4.1,10.3,0.451,0.014,0.534,0.743
169,170,Q,E,130.0,-97.4,127.0,114.0,-161.3,3.7,8.4,0.389,0.014,0.597,0.714
170,171,A,C,85.5,-96.5,132.1,116.0,-152.6,3.6,8.4,0.517,0.020,0.463,0.680
171,172,Q,C,128.1,-96.3,133.9,116.2,-144.9,4.9,8.2,0.662,0.013,0.325,0.662
172,173,S,C,83.5,-95.2,130.9,112.7,-144.3,3.8,10.4,0.824,0.018,0.158,0.650
173,174,G,C,53.7,1.6,157.3,109.9,-23.9,3.8,10.7,0.836,0.049,0.115,0.655
174,175,D,C,106.4,-88.4,69.8,106.9,-63.5,3.7,11.8,0.810,0.076,0.114,0.676
175,176,A,C,72.5,-81.8,24.4,104.8,149.0,6.0,9.2,0.828,0.061,0.111,0.690
176,177,K,C,138.3,-92.9,111.8,110.6,-177.0,3.8,11.5,0.762,0.043,0.195,0.699
177,178,L,C,86.5,-95.9,134.4,117.8,-164.1,8.9,11.5,0.926,0.001,0.072,0.704
178,179,P,C,83.8,-71.9,148.5,114.5,-106.3,5.0,14.0,0.975,0.001,0.025,0.729
179,180,P,C,85.5,-69.6,146.8,110.1,-98.5,7.1,13.1,0.958,0.014,0.029,0.741
180,181,Q,C,116.2,-95.6,128.0,113.9,-142.0,5.9,13.6,0.631,0.033,0.336,0.762
181,182,Q,E,90.0,-106.2,133.8,119.2,-156.6,9.4,15.7,0.342,0.018,0.640,0.780
182,183,I,E,47.9,-110.4,132.5,121.3,-162.1,15.2,14.6,0.244,0.005,0.752,0.797
183,184,K,E,88.4,-111.3,133.1,120.8,-160.0,8.9,20.5,0.172,0.004,0.825,0.811
184,185,V,E,48.4,-106.6,131.3,120.1,-151.4,15.0,16.5,0.159,0.002,0.838,0.821
185,186,V,E,44.8,-115.1,135.4,122.7,-166.4,12.4,17.0,0.182,0.003,0.815,0.816
186,187,T,E,64.6,-106.8,131.0,119.0,-151.4,8.2,19.2,0.264,0.007,0.729,0.784
187,188,I,C,72.5,-112.4,121.5,116.7,-170.8,10.3,12.2,0.537,0.020,0.443,0.735
188,189,G,C,54.7,67.2,11.5,104.9,-13.8,3.3,14.8,0.912,0.008,0.080,0.698
189,190,G,C,56.7,76.4,0.7,100.1,-40.7,2.9,15.0,0.959,0.006,0.035,0.675
190,191,R,C,125.9,-101.0,127.8,117.8,102.6,5.1,10.9,0.872,0.008,0.120,0.695
191,192,P,C,86.5,-69.8,135.8,106.0,-119.9,5.7,13.0,0.853,0.027,0.120,0.716
192,193,E,C,129.8,-82.5,15.6,104.1,-139.8,4.3,12.5,0.726,0.049,0.225,0.743
193,194,V,C,80.2,-94.1,123.4,113.5,113.0,8.8,9.7,0.628,0.028,0.344,0.760
194,195,K,C,117.9,-101.9,133.9,118.9,-166.8,4.9,13.4,0.689,0.010,0.301,0.780
195,196,P,C,88.6,-67.6,145.2,112.2,-103.6,5.2,14.3,0.555,0.005,0.440,0.797
196,197,V,E,62.4,-83.7,135.1,114.0,-116.2,13.8,10.3,0.489,0.018,0.492,0.801
197,198,I,E,101.5,-98.1,121.4,112.2,-156.3,5.8,15.4,0.442,0.015,0.543,0.793
198,199,G,C,33.5,-141.5,165.7,118.1,-112.0,9.7,15.4,0.538,0.013,0.449,0.778
199,200,V,C,76.6,-92.4,91.4,109.6,-137.1,10.1,12.6,0.546,0.023,0.431,0.771
200,201,S,C,75.0,-81.2,1.7,104.0,140.6,4.6,13.4,0.554,0.025,0.422,0.758
201,202,A,C,72.2,-82.7,-1.2,102.5,72.8,5.1,11.2,0.680,0.027,0.293,0.749
202,203,L,C,104.2,-88.7,102.3,109.3,120.9,6.4,9.3,0.822,0.008,0.170,0.734
203,204,T,C,79.2,-98.4,143.7,119.3,-160.0,5.2,12.0,0.893,0.002,0.105,0.734
204,205,P,C,97.6,-67.2,-13.4,100.4,-106.3,4.7,12.1,0.939,0.012,0.049,0.721
205,206,G,C,57.9,-69.7,-8.3,101.1,33.9,1.8,11.2,0.877,0.030,0.094,0.710
206,207,S,C,70.7,-88.9,109.8,109.9,92.4,4.8,8.3,0.762,0.021,0.217,0.720
207,208,Q,E,119.0,-96.8,130.3,115.4,-164.5,4.5,9.6,0.462,0.014,0.524,0.733
208,209,L,C,111.1,-93.1,130.4,115.2,-139.5,4.5,11.8,0.605,0.012,0.383,0.741
209,210,I,C,99.5,-98.3,129.5,114.8,-155.0,7.6,9.1,0.683,0.007,0.310,0.757
210,211,N,C,111.9,-100.0,123.4,114.8,-147.1,3.7,11.4,0.779,0.006,0.215,0.759
211,212,T,C,98.9,-89.6,20.5,105.5,-171.5,4.3,8.5,0.838,0.013,0.148,0.756
212,213,T,C,108.9,-87.2,14.5,104.4,86.7,1.9,8.2,0.879,0.012,0.109,0.768
213,214,T,C,103.6,-89.7,44.7,106.5,88.1,2.8,8.5,0.896,0.008,0.097,0.774
214,215,Q,C,125.6,-96.7,128.6,115.4,158.7,3.4,8.4,0.892,0.002,0.106,0.772
215,216,P,C,97.9,-76.6,141.2,112.1,-114.8,4.8,10.0,0.941,0.002,0.057,0.771
216,217,S,C,80.2,-95.5,135.7,114.0,-143.2,4.4,10.0,0.869,0.005,0.127,0.784
217,218,V,C,108.4,-92.7,112.8,110.3,-147.6,4.3,9.9,0.762,0.012,0.226,0.788
218,219,L,C,113.2,-88.5,117.3,110.7,-176.9,4.5,9.9,0.713,0.020,0.268,0.802
219,220,Q,E,109.4,-95.2,125.9,113.7,-167.2,6.9,10.1,0.409,0.022,0.569,0.816
220,221,T,E,85.5,-105.0,134.5,117.1,-171.5,5.8,11.2,0.390,0.043,0.567,0.825
221,222,Q,E,106.2,-110.5,139.8,121.9,-164.5,6.1,11.4,0.253,0.032,0.716,0.829
222,223,Q,E,115.8,-110.3,136.7,121.6,-156.2,4.4,12.8,0.331,0.032,0.637,0.831
223,224,L,C,91.1,-93.0,134.2,117.1,-133.1,9.2,10.5,0.604,0.032,0.364,0.833
224,225,K,C,117.2,-111.5,141.5,122.3,-157.7,5.1,14.1,0.483,0.050,0.467,0.840
225,226,T,E,84.2,-99.6,136.9,119.2,-134.4,6.4,13.2,0.447,0.062,0.491,0.846
226,227,V,E,70.8,-115.5,138.5,122.7,-165.4,8.4,12.0,0.374,0.047,0.579,0.851
227,228,Q,E,115.5,-103.9,132.6,118.5,-147.9,5.0,13.4,0.327,0.045,0.628,0.836
228,229,I,E,88.4,-105.1,132.6,117.6,-162.9,7.4,10.2,0.464,0.060,0.475,0.804
229,230,A,C,70.0,-90.7,143.9,116.8,-136.0,4.6,12.9,0.731,0.039,0.229,0.782
230,231,K,C,140.4,-90.2,131.7,113.4,-125.4,4.7,10.5,0.781,0.027,0.193,0.757
231,232,K,C,139.4,-90.5,138.6,115.5,-128.4,4.1,9.1,0.929,0.003,0.068,0.729
232,233,P,C,118.4,-72.1,150.0,113.2,-97.8,1.5,9.3,0.940,0.003,0.057,0.716
233,234,R,C,179.2,-83.6,139.1,113.6,-109.0,3.1,7.3,0.916,0.004,0.080,0.709
234,235,T,C,106.5,-90.2,133.3,115.0,-125.4,2.7,8.5,0.956,0.001,0.044,0.703
235,236,P,C,111.0,-73.0,142.0,108.0,-106.2,3.2,7.8,0.982,0.001,0.017,0.681
236,237,T,C,110.5,-85.2,30.2,105.8,-136.0,2.3,8.3,0.964,0.002,0.034,0.681
237,238,S,C,94.2,-84.7,0.1,101.9,96.9,1.5,8.3,0.970,0.002,0.028,0.685
238,239,G,C,46.9,-178.8,176.5,126.0,-90.2,2.3,10.5,0.963,0.001,0.036,0.705
239,240,P,C,101.1,-74.5,148.5,114.5,-61.2,3.5,10.3,0.969,0.001,0.030,0.729
240,241,V,C,109.3,-93.8,134.0,116.6,-129.7,3.6,10.1,0.518,0.004,0.478,0.791
241,242,I,E,111.6,-98.1,131.5,116.0,-145.9,6.2,8.7,0.348,0.007,0.645,0.845
242,243,T,E,90.8,-109.2,137.7,120.1,-163.2,3.8,11.2,0.289,0.012,0.698,0.879
243,244,K,E,129.3,-100.7,133.5,117.5,-148.3,5.1,10.3,0.255,0.019,0.726,0.891
244,245,L,E,98.3,-99.0,132.6,116.2,-152.9,6.0,11.0,0.291,0.023,0.686,0.896
245,246,I,E,98.6,-104.9,128.1,117.1,-159.7,6.1,11.5,0.306,0.020,0.674,0.897
246,247,F,E,110.1,-111.0,134.5,120.2,-167.1,6.5,11.1,0.338,0.021,0.641,0.885
247,248,A,C,75.3,-101.8,129.3,115.2,-158.2,4.7,11.0,0.572,0.023,0.405,0.863
248,249,K,C,127.2,-102.4,133.1,118.2,-152.9,4.9,11.3,0.745,0.017,0.238,0.846
249,250,P,C,102.3,-68.6,145.6,112.2,-102.6,3.0,11.0,0.879,0.006,0.115,0.806
250,251,I,C,126.7,-89.1,117.8,110.1,-128.8,4.0,8.0,0.891,0.009,0.100,0.781
251,252,N,C,121.5,-92.6,104.6,109.7,-179.9,2.7,8.0,0.890,0.013,0.097,0.756
252,253,S,C,83.1,-86.8,38.8,106.4,-175.6,3.8,8.0,0.791,0.015,0.194,0.735
253,254,K,C,148.8,-90.0,72.9,107.7,136.0,2.6,8.2,0.699,0.028,0.274,0.738
254,255,A,C,79.7,-86.4,128.9,112.2,-141.4,3.6,8.4,0.628,0.019,0.354,0.736
255,256,V,C,106.3,-97.2,125.4,113.7,-155.2,4.7,7.5,0.515,0.027,0.459,0.730
256,257,T,C,108.9,-103.2,123.5,113.5,-167.7,2.5,9.2,0.581,0.023,0.396,0.719
257,258,G,C,62.4,-89.6,120.1,110.4,-120.9,2.3,6.6,0.751,0.021,0.228,0.706
258,259,Q,C,137.6,-92.9,129.0,113.6,-164.2,2.8,7.0,0.764,0.015,0.220,0.717
259,260,T,C,105.8,-92.7,130.1,113.8,-142.3,3.2,6.9,0.813,0.012,0.175,0.734
260,261,T,C,105.8,-98.2,123.7,113.1,-161.9,3.4,7.7,0.813,0.010,0.177,0.748
261,262,Q,C,139.3,-96.3,128.1,114.5,-156.8,2.7,7.8,0.663,0.018,0.319,0.755
262,263,V,C,101.2,-99.9,131.5,117.5,-162.5,5.4,7.9,0.778,0.007,0.215,0.764
263,264,S,C,69.9,-100.0,145.6,121.0,-150.4,4.8,10.6,0.908,0.001,0.091,0.767
264,265,P,C,98.5,-70.7,150.2,114.7,-96.2,3.5,11.6,0.964,0.002,0.034,0.772
265,266,P,C,95.5,-67.8,147.0,112.8,-100.0,5.2,10.4,0.882,0.013,0.106,0.788
266,267,V,C,105.2,-94.0,131.4,114.7,-134.2,4.9,9.2,0.498,0.025,0.476,0.795
267,268,I,C,121.1,-95.1,103.6,110.0,-161.0,3.9,8.7,0.503,0.031,0.467,0.791
268,269,A,C,90.0,-86.4,92.2,107.5,-154.0,2.5,8.5,0.723,0.037,0.240,0.784
269,270,G,C,47.8,178.9,173.0,118.1,29.7,4.0,11.4,0.789,0.020,0.192,0.774
270,271,R,C,143.9,-94.2,131.9,114.9,-111.2,5.6,11.4,0.684,0.029,0.287,0.765
271,272,V,C,96.0,-96.1,126.3,114.5,-150.5,6.1,10.9,0.639,0.024,0.337,0.761
272,273,L,C,108.2,-96.1,115.9,111.5,-161.4,6.0,10.4,0.753,0.014,0.234,0.741
273,274,S,C,79.3,-94.1,122.5,112.0,-158.6,4.7,10.7,0.829,0.009,0.162,0.713
274,275,Q,C,129.3,-89.1,62.6,107.0,-167.3,4.2,9.5,0.876,0.005,0.119,0.690
275,276,S,C,84.2,-87.2,31.3,105.9,161.4,3.4,10.0,0.934,0.002,0.064,0.649
276,277,T,C,74.4,-98.8,125.8,116.3,154.9,6.6,11.5,0.970,0.000,0.030,0.623
277,278,P,C,96.3,-65.6,135.9,107.3,-105.8,5.1,12.4,0.990,0.001,0.010,0.607
278,279,G,C,55.9,80.8,-8.7,104.4,16.9,2.5,13.2,0.967,0.001,0.032,0.603
279,280,T,C,69.8,-96.9,135.5,118.9,133.1,7.3,12.2,0.926,0.001,0.073,0.624
280,281,P,C,81.2,-68.7,150.8,112.0,-98.8,6.6,13.2,0.962,0.001,0.038,0.640
281,282,S,C,78.9,-79.6,145.9,114.7,-101.7,4.7,13.1,0.897,0.002,0.101,0.670
282,283,K,E,101.8,-112.0,142.0,122.8,-150.6,9.3,12.7,0.388,0.006,0.607,0.702
283,284,T,E,83.4,-111.8,137.4,122.5,-148.8,5.2,16.4,0.225,0.003,0.772,0.739
284,285,I,E,46.8,-114.5,134.6,122.8,-161.7,15.2,11.1,0.191,0.004,0.805,0.774
285,286,T,E,83.8,-107.5,136.6,121.1,-151.0,3.5,19.9,0.170,0.004,0.826,0.774
286,287,I,E,64.3,-103.1,129.5,116.8,-150.6,13.7,11.2,0.304,0.010,0.685,0.771
287,288,S,E,63.8,-114.9,147.9,123.7,-168.8,5.5,14.8,0.479,0.014,0.507,0.762
288,289,E,C,121.0,-92.4,130.3,113.8,-133.8,7.0,12.1,0.495,0.024,0.481,0.738
289,290,S,C,81.5,-93.6,129.3,112.5,-150.6,4.6,9.5,0.582,0.020,0.398,0.715
290,291,G,C,53.6,-88.8,154.2,110.5,-3.2,3.7,10.1,0.543,0.016,0.440,0.694
291,292,V,C,111.0,-91.3,108.6,109.8,-102.9,3.3,10.1,0.495,0.016,0.489,0.701
292,293,I,C,121.1,-91.5,111.7,110.4,-157.1,4.7,9.1,0.624,0.012,0.363,0.702
293,294,G,C,52.0,-141.1,166.1,115.1,-12.0,3.9,10.8,0.830,0.008,0.161,0.703
294,295,S,C,81.4,-86.4,113.2,108.7,-99.4,4.9,9.8,0.893,0.010,0.096,0.698
295,296,T,C,103.7,-89.5,87.3,108.0,167.4,3.0,9.2,0.884,0.012,0.104,0.700
296,297,L,C,109.7,-89.0,97.3,108.9,176.6,6.0,10.1,0.925,0.008,0.067,0.698
297,298,N,C,118.8,-90.8,111.0,110.0,-167.1,3.6,9.9,0.944,0.004,0.052,0.699
298,299,S,C,81.4,-92.8,121.5,111.9,-159.0,4.7,9.2,0.900,0.005,0.095,0.694
299,300,T,C,96.7,-94.9,129.3,114.5,-157.5,4.7,9.2,0.887,0.003,0.111,0.702
300,301,T,C,96.3,-96.8,130.6,115.2,-151.2,4.8,11.2,0.802,0.005,0.193,0.724
301,302,Q,C,110.6,-98.0,134.1,116.9,-149.9,6.8,11.4,0.694,0.008,0.299,0.735
302,303,T,C,74.5,-97.9,133.5,117.7,-140.1,7.8,12.7,0.905,0.001,0.094,0.749
303,304,P,C,85.9,-69.9,-11.7,101.7,-122.5,7.2,13.2,0.960,0.003,0.037,0.759
304,305,N,C,98.4,-100.7,132.6,115.6,-25.8,5.7,14.8,0.874,0.008,0.117,0.777
305,306,K,C,109.7,-92.8,132.0,115.4,-135.9,8.8,15.5,0.571,0.019,0.410,0.787
306,307,I,E,42.5,-108.0,132.2,120.6,-157.2,16.5,13.9,0.435,0.012,0.553,0.800
307,308,A,E,61.0,-88.8,133.0,115.3,-133.0,7.1,21.9,0.424,0.009,0.567,0.814
308,309,I,C,33.8,-105.6,132.8,120.2,-153.5,20.1,12.4,0.500,0.011,0.490,0.813
309,310,S,C,53.7,-117.9,138.6,124.5,-165.2,6.9,21.2,0.521,0.007,0.471,0.785
310,311,P,C,59.3,-70.5,143.6,112.5,-106.1,14.0,15.1,0.680,0.017,0.303,0.759
311,312,L,C,73.3,-80.3,139.9,113.3,-112.2,11.5,14.1,0.888,0.016,0.096,0.739
312,313,K,C,135.3,-88.7,131.0,112.5,-120.9,5.0,16.2,0.934,0.007,0.059,0.717
313,314,S,C,45.7,-97.5,142.2,120.0,-141.7,11.3,12.5,0.962,0.001,0.037,0.709
314,315,P,C,87.4,-68.3,-21.1,96.9,-120.2,7.1,12.6,0.977,0.016,0.007,0.701
315,316,N,C,109.8,-88.6,30.0,105.2,62.1,3.4,11.3,0.963,0.016,0.021,0.706
316,317,K,C,135.7,-88.0,115.1,110.5,158.4,4.8,8.6,0.892,0.016,0.091,0.720
317,318,A,C,75.2,-90.6,130.8,113.7,-152.9,5.2,10.6,0.834,0.009,0.157,0.734
318,319,V,C,95.4,-98.0,128.5,114.9,-152.8,6.8,11.1,0.561,0.009,0.429,0.748
319,320,K,C,132.3,-96.8,127.0,113.7,-160.0,5.1,11.2,0.730,0.013,0.257,0.769
320,321,S,C,74.7,-97.7,146.0,117.7,-131.6,4.4,12.1,0.850,0.006,0.144,0.777
321,322,T,C,86.2,-87.8,128.8,111.8,-109.9,7.1,12.1,0.867,0.006,0.127,0.785
322,323,V,C,99.3,-101.9,133.1,117.8,-159.4,5.0,12.1,0.588,0.011,0.401,0.805
323,324,Q,E,106.9,-108.4,137.5,121.3,-159.5,6.3,11.1,0.397,0.009,0.594,0.808
324,325,T,E,85.8,-105.6,136.8,120.4,-148.9,5.4,14.4,0.258,0.007,0.735,0.811
325,326,I,E,73.1,-110.9,135.4,121.0,-157.2,10.6,11.2,0.298,0.009,0.693,0.810
326,327,T,E,90.0,-101.1,134.2,117.7,-147.5,4.4,14.6,0.310,0.010,0.680,0.795
327,328,V,E,87.2,-100.1,120.6,113.2,-158.5,8.3,10.7,0.488,0.013,0.499,0.775
328,329,G,C,55.8,70.3,161.1,109.2,-39.5,3.3,12.8,0.777,0.012,0.211,0.731
329,330,G,C,56.0,79.9,-29.7,107.2,-21.6,2.8,12.7,0.836,0.009,0.155,0.724
330,331,V,C,97.3,-96.5,127.6,114.5,120.1,5.5,10.7,0.789,0.008,0.203,0.745
331,332,S,C,79.0,-91.5,128.3,112.5,-140.8,5.2,11.4,0.834,0.005,0.160,0.761
332,333,T,C,83.8,-95.5,112.4,111.2,-161.3,7.0,12.0,0.816,0.022,0.162,0.784
333,334,S,C,75.4,-90.6,121.3,111.2,-152.0,5.2,12.0,0.771,0.029,0.199,0.800
334,335,Q,C,106.7,-95.6,118.9,112.4,-162.9,7.0,13.1,0.659,0.025,0.316,0.825
335,336,F,C,110.0,-99.7,130.7,117.0,-171.1,8.8,12.7,0.702,0.014,0.284,0.860
336,337,K,C,110.4,-105.9,136.9,119.8,-159.6,8.1,14.9,0.571,0.011,0.418,0.877
337,338,T,E,75.0,-105.6,132.3,119.2,-147.6,8.1,15.8,0.348,0.009,0.644,0.892
338,339,I,E,73.3,-102.8,129.5,117.3,-151.9,11.7,14.7,0.296,0.005,0.699,0.904
339,340,I,E,57.0,-105.1,125.8,117.5,-156.1,12.8,14.1,0.472,0.006,0.522,0.905
340,341,P,C,72.7,-70.1,143.7,112.4,-113.0,7.0,18.0,0.564,0.009,0.426,0.887
341,342,L,C,83.9,-77.0,-9.0,102.3,-135.2,11.7,12.7,0.815,0.026,0.159,0.869
342,343,A,C,74.6,-80.3,3.3,103.2,71.2,5.0,13.6,0.935,0.007,0.058,0.854
343,344,T,C,87.3,-92.2,62.6,108.3,84.0,5.4,13.3,0.937,0.007,0.056,0.839
344,345,A,C,57.4,-91.7,133.1,115.4,-174.2,8.7,13.8,0.954,0.002,0.044,0.826
345,346,P,C,75.9,-72.1,138.0,107.9,-110.0,8.9,15.8,0.966,0.014,0.020,0.818
346,347,N,C,79.8,-93.8,88.8,108.9,-126.5,9.6,17.0,0.828,0.019,0.153,0.821
347,348,V,E,51.8,-105.0,134.6,120.2,179.3,13.4,17.1,0.458,0.010,0.532,0.831
348,349,Q,E,54.6,-119.6,139.9,125.6,-168.7,13.7,19.1,0.249,0.007,0.744,0.831
349,350,Q,E,76.7,-103.4,132.0,118.8,-146.0,11.5,20.8,0.276,0.004,0.720,0.834
350,351,I,E,24.2,-110.0,130.0,120.2,-156.9,20.1,15.9,0.304,0.002,0.694,0.826
351,352,Q,E,84.2,-109.5,129.6,119.6,-158.0,7.6,22.8,0.233,0.002,0.764,0.805
352,353,V,C,32.3,-107.2,126.6,118.4,-158.3,17.1,14.7,0.667,0.002,0.331,0.786
353,354,P,C,72.5,-65.1,142.2,109.7,-99.4,9.5,16.1,0.959,0.001,0.040,0.752
354,355,G,C,57.5,82.6,-2.6,98.5,16.7,1.9,16.5,0.979,0.003,0.018,0.729
355,356,S,C,50.8,-96.5,146.8,118.9,108.9,9.6,13.2,0.846,0.006,0.148,0.735
356,357,K,E,120.4,-92.9,122.6,111.7,-133.7,6.5,17.5,0.498,0.005,0.498,0.759
357,358,F,E,59.2,-106.4,134.1,120.0,-158.2,15.1,16.5,0.326,0.004,0.670,0.810
358,359,H,E,55.0,-114.3,136.3,122.3,-166.3,13.7,20.1,0.153,0.003,0.844,0.846
359,360,Y,E,47.6,-111.7,134.1,121.6,-157.6,16.1,21.0,0.087,0.001,0.911,0.862
360,361,V,E,22.2,-115.2,133.5,122.8,-163.4,18.8,20.1,0.083,0.001,0.916,0.863
361,362,R,E,75.5,-109.4,132.2,120.4,-159.0,12.2,23.7,0.129,0.002,0.868,0.844
362,363,L,E,32.3,-90.3,126.1,114.1,-140.4,19.9,18.2,0.238,0.005,0.757,0.830
363,364,V,E,34.1,-114.5,137.6,123.2,-167.6,15.0,18.6,0.407,0.004,0.588,0.797
364,365,T,C,72.1,-100.9,137.0,119.4,-143.5,7.4,19.6,0.664,0.006,0.331,0.771
365,366,A,C,51.6,-85.8,128.5,111.4,-131.1,13.3,12.2,0.878,0.007,0.115,0.729
366,367,T,C,94.1,-99.1,126.4,113.5,-163.8,4.6,14.2,0.897,0.010,0.093,0.688
367,368,S,C,73.7,-92.8,110.2,110.5,-149.5,6.7,11.9,0.908,0.018,0.074,0.657
368,369,A,C,75.3,-83.7,-2.8,102.7,164.3,5.5,10.6,0.921,0.036,0.043,0.630
369,370,S,C,83.9,-88.4,58.3,106.7,80.1,3.0,10.1,0.924,0.025,0.051,0.607
370,371,S,C,78.9,-89.9,86.6,108.3,166.5,4.9,9.3,0.914,0.017,0.069,0.602
371,372,S,C,83.3,-88.8,54.9,106.8,155.2,3.4,9.4,0.907,0.012,0.081,0.596
372,373,T,C,96.5,-87.2,41.2,106.0,129.6,4.4,9.8,0.910,0.009,0.081,0.609
373,374,Q,C,111.2,-98.5,129.0,116.7,157.8,5.3,11.0,0.899,0.004,0.097,0.621
374,375,P,C,87.9,-70.1,143.0,111.5,-105.1,6.0,13.3,0.932,0.005,0.063,0.635
375,376,V,C,92.7,-85.9,127.2,110.9,-127.8,8.0,11.3,0.883,0.013,0.105,0.640
376,377,S,C,82.7,-88.8,114.0,109.5,-139.2,4.3,11.5,0.873,0.017,0.110,0.624
377,378,Q,C,122.6,-89.7,79.9,107.9,-176.4,5.1,10.1,0.928,0.006,0.066,0.615
378,379,N,C,94.9,-96.5,118.8,113.8,-158.9,5.5,11.8,0.956,0.002,0.042,0.600
379,380,P,C,92.3,-68.4,-22.3,96.1,-149.2,5.5,11.4,0.972,0.017,0.011,0.598
380,381,S,C,77.4,-86.4,8.3,104.0,65.3,3.4,11.3,0.937,0.023,0.040,0.605
381,382,T,C,83.0,-92.7,99.1,110.0,102.4,6.4,9.8,0.857,0.025,0.117,0.623
382,383,N,C,104.7,-96.2,124.5,113.8,-169.2,4.9,11.4,0.891,0.010,0.099,0.640
383,384,T,C,85.3,-98.4,120.4,112.9,-164.4,6.5,11.8,0.900,0.005,0.095,0.671
384,385,Q,C,107.9,-98.4,126.7,116.4,-156.4,5.7,12.9,0.919,0.006,0.076,0.692
385,386,P,C,81.2,-67.7,145.0,110.9,-106.9,6.8,13.6,0.949,0.017,0.034,0.700
386,387,L,C,94.6,-80.7,115.6,108.0,-125.2,9.3,11.3,0.846,0.044,0.110,0.716
387,388,Q,C,117.7,-95.2,127.5,113.6,-152.1,5.5,12.1,0.729,0.048,0.223,0.719
388,389,Q,C,124.4,-89.5,95.2,108.5,-152.6,5.0,10.6,0.820,0.037,0.143,0.725
389,390,A,C,71.4,-88.1,123.1,111.4,-169.9,6.7,10.1,0.900,0.018,0.082,0.735
390,391,K,C,126.9,-100.9,130.3,117.7,-151.1,5.3,12.0,0.939,0.004,0.056,0.744
391,392,P,C,85.3,-68.9,145.3,111.6,-103.5,6.4,13.3,0.938,0.007,0.055,0.752
392,393,V,C,87.9,-93.1,129.6,115.0,-128.1,7.9,13.5,0.754,0.021,0.226,0.766
393,394,V,C,87.2,-96.9,129.3,115.9,-145.0,7.7,13.9,0.722,0.011,0.267,0.767
394,395,V,C,84.0,-99.8,116.9,112.5,-163.6,8.1,11.5,0.792,0.007,0.200,0.770
395,396,N,C,108.2,-95.1,110.9,111.3,-118.9,4.5,13.3,0.917,0.003,0.080,0.767
396,397,T,C,87.0,-86.3,1.6,103.6,-168.5,6.7,11.3,0.949,0.002,0.049,0.769
397,398,T,C,96.2,-101.6,130.7,118.3,113.8,2.8,13.6,0.928,0.001,0.071,0.773
398,399,P,C,81.0,-70.9,141.8,113.1,-110.7,9.3,11.8,0.868,0.003,0.128,0.769
399,400,V,C,92.0,-102.7,134.7,118.2,-150.1,6.8,11.8,0.570,0.006,0.424,0.774
400,401,R,E,153.8,-95.1,132.3,116.3,-137.8,5.5,11.7,0.458,0.009,0.533,0.780
401,402,M,C,120.0,-101.1,132.7,116.6,-156.0,5.8,10.5,0.590,0.009,0.400,0.790
402,403,S,C,84.8,-91.1,128.8,112.4,-131.6,3.8,12.7,0.588,0.005,0.407,0.792
403,404,V,C,63.0,-104.9,131.3,119.5,-173.6,11.3,9.9,0.668,0.003,0.329,0.810
404,405,P,C,96.3,-67.8,144.1,112.9,-104.0,3.0,16.1,0.796,0.005,0.199,0.822
405,406,I,C,101.7,-86.4,121.6,110.4,-127.6,10.1,10.5,0.770,0.024,0.206,0.823
406,407,V,C,95.6,-103.9,133.2,117.9,-167.3,5.0,13.1,0.865,0.016,0.120,0.826
407,408,S,C,77.9,-86.5,132.9,113.6,-124.6,5.5,11.0,0.915,0.032,0.053,0.810
408,409,A,C,77.7,-83.1,27.4,105.1,-142.5,5.6,9.8,0.850,0.064,0.085,0.792
409,410,Q,C,120.5,-93.7,123.5,112.7,154.6,4.5,10.8,0.745,0.057,0.199,0.776
410,411,A,C,72.8,-95.2,130.8,115.2,-158.0,6.1,11.6,0.730,0.038,0.231,0.781
411,412,V,C,88.6,-100.6,132.2,117.7,-156.4,8.1,11.3,0.711,0.021,0.268,0.786
412,413,K,C,117.4,-116.2,140.4,124.2,-165.6,5.8,14.6,0.492,0.025,0.483,0.788
413,414,Q,E,110.7,-89.9,132.7,116.0,-126.6,7.1,14.6,0.437,0.016,0.547,0.790
414,415,V,C,54.7,-106.9,136.6,120.7,-154.9,13.6,12.1,0.533,0.006,0.461,0.784
415,416,V,C,87.0,-99.5,125.9,116.1,-140.6,7.1,16.1,0.848,0.001,0.151,0.781
416,417,P,C,63.5,-70.2,144.4,112.5,-113.4,12.1,12.7,0.949,0.001,0.050,0.760
417,418,K,C,116.5,-93.5,137.5,116.1,-129.7,7.0,14.6,0.938,0.002,0.060,0.740
418,419,P,C,100.4,-70.1,142.7,111.6,-97.4,3.5,15.0,0.944,0.006,0.050,0.704
419,420,I,C,99.2,-90.5,113.1,110.1,-136.1,9.1,10.2,0.933,0.007,0.060,0.691
420,421,N,C,110.9,-99.4,117.9,113.5,-149.7,3.6,12.4,0.933,0.004,0.063,0.697
421,422,P,C,103.6,-84.9,91.9,107.6,-147.3,4.5,10.0,0.962,0.004,0.033,0.693
422,423,T,C,104.3,-88.4,45.9,106.3,79.3,2.8,10.7,0.922,0.008,0.070,0.708
423,424,S,C,73.6,-91.3,126.6,112.7,168.9,5.7,9.7,0.805,0.013,0.182,0.717
424,425,Q,C,112.6,-97.5,126.9,115.1,-156.0,5.8,12.0,0.497,0.009,0.494,0.732
425,426,I,E,96.7,-101.6,132.5,118.4,-157.6,7.5,13.2,0.449,0.003,0.548,0.741
426,427,V,E,71.8,-106.4,134.9,120.0,-155.2,9.6,12.7,0.451,0.003,0.546,0.767
427,428,T,E,78.3,-113.3,135.8,121.9,-158.0,6.3,15.7,0.388,0.002,0.610,0.766
428,429,T,C,66.5,-103.3,115.6,113.3,-163.7,9.9,12.5,0.540,0.006,0.454,0.757
429,430,S,C,83.6,-87.8,-3.2,103.3,-159.6,3.4,14.1,0.783,0.007,0.210,0.735
430,431,Q,C,92.1,-110.6,131.7,120.1,42.0,7.1,13.5,0.893,0.002,0.105,0.730
431,432,P,C,79.6,-72.5,116.1,105.5,-122.6,7.7,14.8,0.920,0.015,0.064,0.722
432,433,Q,C,106.2,-97.7,124.7,113.9,-88.3,6.4,16.3,0.640,0.061,0.299,0.730
433,434,Q,E,72.8,-105.2,135.2,120.1,-166.0,12.4,14.2,0.282,0.040,0.678,0.741
434,435,R,E,85.0,-113.0,137.4,122.5,-163.9,11.6,18.8,0.190,0.023,0.787,0.752
435,436,L,E,58.8,-96.7,129.7,116.3,-140.3,13.1,18.3,0.180,0.015,0.806,0.765
436,437,I,E,57.0,-98.1,116.1,112.6,-157.7,14.1,16.3,0.214,0.008,0.778,0.769
437,438,M,E,61.0,-116.0,134.9,123.6,-168.8,13.3,17.6,0.384,0.005,0.611,0.751
438,439,P,C,57.6,-69.7,143.8,113.9,-109.6,11.1,18.3,0.615,0.001,0.384,0.739
439,440,A,C,48.8,-78.6,-6.1,103.0,-131.7,14.4,13.4,0.949,0.001,0.050,0.735
440,441,T,C,76.1,-111.9,139.5,123.7,139.5,5.8,16.1,0.963,0.000,0.036,0.736
441,442,P,C,86.6,-69.2,144.3,112.2,-99.0,7.1,15.6,0.979,0.003,0.018,0.714
442,443,L,C,74.0,-80.7,140.7,115.6,-111.9,13.0,10.6,0.982,0.005,0.012,0.725
443,444,P,C,86.7,-69.3,149.5,111.1,-98.4,5.6,14.2,0.950,0.040,0.010,0.725
444,445,Q,C,128.4,-81.8,132.0,111.9,-107.7,4.7,13.8,0.912,0.036,0.052,0.735
445,446,I,C,79.9,-87.5,115.4,110.0,-142.5,12.4,11.5,0.899,0.017,0.083,0.741
446,447,Q,C,95.3,-98.0,124.0,115.3,-139.4,7.9,14.3,0.953,0.004,0.043,0.741
447,448,P,C,83.1,-69.0,-9.1,102.4,-135.7,7.9,14.1,0.945,0.044,0.011,0.724
448,449,N,C,102.8,-87.1,62.3,104.5,-98.7,4.8,16.1,0.926,0.051,0.023,0.712
449,450,L,C,46.1,-87.5,7.4,101.5,129.3,17.6,10.0,0.777,0.198,0.025,0.710
450,451,T,C,89.1,-78.8,-18.1,99.6,109.0,5.0,16.5,0.763,0.212,0.025,0.700
451,452,N,C,102.9,-93.0,28.3,103.4,47.0,4.0,17.1,0.845,0.122,0.033,0.695
452,453,L,C,38.6,-90.7,136.8,118.6,141.9,18.1,9.5,0.964,0.001,0.035,0.681
453,454,P,C,64.2,-67.7,149.6,113.9,-104.6,7.1,18.0,0.992,0.000,0.007,0.680
454,455,P,C,86.0,-67.3,141.2,110.6,-97.6,8.1,15.7,0.983,0.011,0.006,0.669
455,456,G,C,42.0,98.7,-32.6,110.8,23.0,5.6,16.4,0.888,0.027,0.086,0.679
456,457,T,C,68.8,-99.9,135.5,118.6,136.6,8.6,17.1,0.729,0.038,0.233,0.700
457,458,V,C,65.6,-100.0,130.1,116.6,-142.9,12.3,16.3,0.507,0.024,0.469,0.719
458,459,L,C,62.7,-96.0,132.4,115.5,-146.6,13.4,15.5,0.687,0.021,0.292,0.724
459,460,A,C,56.2,-92.5,137.1,117.6,-129.7,8.5,17.8,0.871,0.003,0.126,0.727
460,461,P,C,74.9,-69.3,145.6,111.6,-100.2,10.3,15.8,0.909,0.003,0.089,0.713
461,462,A,C,48.4,-77.3,143.3,114.2,-107.6,11.8,13.2,0.962,0.001,0.037,0.685
462,463,P,C,96.7,-67.4,139.9,108.9,-93.0,5.2,14.7,0.969,0.010,0.021,0.654
463,464,G,C,57.3,80.6,-9.6,104.9,14.3,2.3,13.1,0.947,0.014,0.039,0.640
464,465,T,C,85.2,-92.3,85.6,109.1,93.2,5.8,12.7,0.889,0.017,0.095,0.648
465,466,G,C,43.8,108.0,144.4,111.3,-118.1,7.0,15.5,0.888,0.016,0.095,0.661
466,467,N,C,87.0,-94.4,122.5,113.6,-119.2,8.3,16.1,0.858,0.017,0.125,0.694
467,468,V,C,67.0,-107.1,132.0,118.1,-166.7,10.8,16.6,0.652,0.017,0.331,0.735
468,469,G,C,27.1,-133.8,167.1,123.5,-164.3,12.5,19.3,0.599,0.020,0.381,0.778
469,470,Y,E,69.3,-112.9,137.8,122.4,-140.1,15.1,18.5,0.346,0.022,0.632,0.830
470,471,A,E,32.1,-102.3,131.1,117.4,-150.0,14.5,20.9,0.302,0.018,0.680,0.861
471,472,V,E,35.7,-105.9,131.0,119.4,-149.8,17.1,20.1,0.261,0.010,0.728,0.882
472,473,L,C,32.8,-107.5,133.2,120.2,-156.1,17.4,20.0,0.501,0.011,0.487,0.895
473,474,P,C,39.0,-71.1,145.7,113.5,-108.3,13.8,20.7,0.733,0.046,0.221,0.889
474,475,A,C,34.0,-77.5,136.3,112.5,-116.0,16.7,17.9,0.618,0.200,0.182,0.885
475,476,Q,C,72.6,-94.7,130.7,113.9,-142.9,12.5,18.0,0.445,0.210,0.345,0.891
476,477,Y,E,70.6,-116.2,139.2,123.8,-154.5,14.8,19.1,0.363,0.146,0.491,0.896
477,478,V,E,38.4,-118.6,139.2,124.9,-164.3,15.3,19.4,0.347,0.054,0.599,0.910
478,479,T,E,57.5,-116.4,136.9,123.3,-163.8,10.2,21.1,0.370,0.035,0.595,0.898
479,480,Q,E,61.7,-102.7,134.0,118.8,-148.4,14.9,15.6,0.420,0.033,0.547,0.884
480,481,L,C,75.5,-98.0,129.8,114.8,-151.1,10.6,15.3,0.634,0.037,0.328,0.854
481,482,Q,C,106.9,-100.1,131.9,116.6,-143.0,7.5,15.0,0.725,0.018,0.257,0.830
482,483,Q,C,98.0,-94.7,130.0,114.0,-146.6,9.3,12.8,0.848,0.012,0.141,0.813
483,484,S,C,71.3,-90.7,115.3,110.1,-152.8,6.3,12.8,0.867,0.042,0.092,0.800
484,485,S,C,78.7,-86.2,19.7,105.0,-137.9,4.7,13.8,0.873,0.042,0.085,0.798
485,486,Y,C,112.1,-95.3,122.8,113.5,135.5,10.3,12.6,0.875,0.020,0.105,0.809
486,487,V,C,77.3,-108.4,135.5,120.7,-174.3,8.4,14.4,0.876,0.009,0.114,0.824
487,488,S,C,67.0,-94.0,135.1,116.6,-137.7,8.0,16.7,0.868,0.011,0.121,0.820
488,489,I,C,63.9,-96.5,129.9,115.3,-142.9,14.4,13.0,0.870,0.017,0.113,0.800
489,490,A,C,69.9,-96.0,132.4,115.6,-146.5,6.3,17.6,0.916,0.008,0.075,0.776
490,491,S,C,45.3,-108.0,142.3,120.7,-155.6,13.5,12.8,0.921,0.014,0.066,0.747
491,492,N,C,105.8,-91.0,14.9,104.2,-154.6,5.6,15.7,0.924,0.042,0.034,0.727
492,493,S,C,64.5,-89.8,122.0,111.4,129.9,8.4,11.8,0.913,0.034,0.052,0.719
493,494,T,C,85.6,-96.1,122.7,112.9,-155.9,6.1,15.0,0.877,0.018,0.104,0.726
494,495,F,C,74.5,-95.7,123.1,113.6,-160.0,15.2,11.9,0.846,0.021,0.133,0.729
495,496,T,C,90.7,-98.5,117.2,112.2,-166.0,5.0,15.5,0.880,0.011,0.109,0.722
496,497,G,C,43.0,119.7,160.2,112.2,-12.6,7.9,14.6,0.919,0.014,0.067,0.702
497,498,T,C,81.7,-91.8,120.9,111.5,-137.3,7.5,13.0,0.900,0.037,0.063,0.697
498,499,S,C,73.5,-86.5,99.4,108.2,-138.5,6.1,13.6,0.905,0.042,0.052,0.698
499,500,G,C,46.7,-69.4,117.7,109.5,-33.9,6.1,14.0,0.910,0.049,0.041,0.708
500,501,I,C,93.2,-88.7,100.3,109.4,139.2,8.7,13.0,0.821,0.097,0.082,0.738
501,502,Q,C,97.4,-84.2,91.6,108.0,164.0,8.5,13.8,0.783,0.104,0.113,0.776
502,503,T,C,83.9,-83.2,2.4,104.7,-174.6,6.5,14.2,0.772,0.132,0.096,0.793
503,504,Q,C,102.4,-81.4,-2.0,103.1,76.0,7.5,13.9,0.753,0.126,0.122,0.790
504,505,A,C,55.4,-80.3,87.9,107.3,107.9,10.2,13.0,0.798,0.096,0.106,0.792
505,506,R,C,119.6,-88.3,96.7,108.9,-159.5,9.1,16.4,0.814,0.043,0.144,0.785
506,507,L,C,53.0,-96.5,132.6,117.7,-180.0,15.2,13.4,0.902,0.012,0.087,0.790
507,508,P,C,70.5,-71.1,145.1,111.0,-112.0,8.1,18.4,0.888,0.061,0.051,0.780
508,509,F,C,90.1,-83.7,114.2,109.2,-133.3,12.9,14.4,0.802,0.127,0.070,0.768
509,510,N,C,89.7,-87.5,30.2,103.9,-175.5,8.5,15.7,0.858,0.083,0.059,0.742
510,511,G,C,43.9,79.1,-1.4,103.8,-79.9,6.9,16.0,0.896,0.027,0.077,0.727
511,512,I,C,71.9,-95.8,129.8,115.9,127.1,11.5,13.8,0.870,0.011,0.119,0.734
512,513,I,C,80.0,-99.7,127.5,116.5,-148.2,9.8,16.3,0.937,0.001,0.061,0.740
513,514,P,C,57.7,-71.8,147.4,110.5,-119.3,13.3,13.5,0.963,0.005,0.033,0.744
514,515,S,C,56.4,-93.1,157.8,119.9,-132.6,6.8,15.9,0.909,0.037,0.055,0.735
515,516,E,C,134.5,-66.9,-24.2,95.8,-109.5,5.0,12.9,0.847,0.135,0.018,0.722
516,517,S,C,84.3,-78.0,-11.5,96.8,58.3,2.3,13.4,0.854,0.132,0.014,0.709
517,518,A,C,52.3,-80.5,13.1,104.7,83.2,9.2,10.0,0.874,0.096,0.031,0.705
518,519,S,C,69.1,-83.2,82.2,107.1,122.4,6.2,13.3,0.933,0.026,0.042,0.695
519,520,R,C,117.5,-101.9,135.2,119.5,165.7,7.7,14.1,0.958,0.004,0.038,0.702
520,521,P,C,82.7,-67.7,146.0,111.5,-101.1,6.6,15.2,0.935,0.022,0.042,0.699
521,522,R,C,126.6,-85.9,131.0,113.2,-117.4,10.3,13.6,0.920,0.014,0.067,0.707
522,523,K,C,104.0,-106.7,135.1,120.3,-149.8,8.2,17.1,0.936,0.006,0.059,0.725
523,524,P,C,66.3,-69.5,143.5,111.8,-102.7,9.9,19.7,0.905,0.036,0.059,0.742
524,525,C,C,19.0,-84.5,130.9,113.7,-117.7,22.1,13.3,0.877,0.049,0.075,0.769
525,526,N,C,90.1,-96.2,24.3,104.2,-162.4,7.0,22.4,0.839,0.081,0.081,0.797
526,527,C,C,24.5,-92.5,132.3,117.4,130.3,19.1,10.7,0.903,0.056,0.041,0.825
527,528,T,C,97.7,-91.2,-8.3,102.2,-166.2,3.7,20.3,0.879,0.086,0.035,0.848
528,529,K,C,100.3,-100.9,53.2,109.2,51.4,8.4,20.0,0.886,0.076,0.038,0.875
529,530,S,C,13.9,-91.6,140.8,119.8,-176.1,22.4,17.0,0.839,0.093,0.068,0.903
530,531,L,H,49.1,-71.9,-28.2,96.5,-142.6,14.1,25.3,0.219,0.766,0.015,0.926
531,532,C,H,9.0,-67.2,-40.4,95.4,53.4,23.1,24.5,0.217,0.714,0.069,0.957
532,533,L,H,4.7,-65.0,-42.0,94.8,52.4,25.6,24.1,0.130,0.804,0.066,0.960
533,534,K,H,52.0,-64.9,-40.8,93.7,53.7,16.4,26.3,0.127,0.793,0.080,0.956
534,535,L,H,30.9,-66.2,-40.3,93.8,50.5,16.5,26.3,0.151,0.819,0.031,0.972
535,536,Y,H,9.8,-66.6,-42.7,95.1,50.9,23.7,24.3,0.166,0.816,0.018,0.994
536,537,C,H,15.8,-63.4,-42.1,94.0,51.8,21.3,23.9,0.101,0.896,0.003,1.010
537,538,D,H,60.8,-65.1,-40.1,92.6,50.9,7.5,26.9,0.041,0.958,0.001,0.990
538,539,C,H,15.3,-66.0,-42.2,93.5,50.3,16.8,22.4,0.034,0.966,0.001,0.951
539,540,F,H,11.0,-65.8,-41.8,94.2,50.4,23.8,18.3,0.032,0.968,0.001,0.901
540,541,A,H,44.9,-66.6,-34.8,92.8,52.1,12.9,18.8,0.096,0.903,0.001,0.865
541,542,N,C,92.2,-87.7,-4.1,93.9,52.3,4.7,20.7,0.782,0.215,0.004,0.839
542,543,G,C,33.5,81.4,7.6,94.9,-109.5,13.0,16.8,0.983,0.015,0.003,0.829
543,544,E,C,103.8,-78.9,-18.7,97.8,115.1,6.5,21.0,0.931,0.022,0.047,0.855
544,545,F,C,33.7,-94.1,-19.8,106.5,46.1,18.7,17.8,0.771,0.036,0.193,0.880
545,546,C,C,23.4,-104.4,102.6,113.1,45.1,19.1,16.0,0.886,0.023,0.092,0.904
546,547,N,C,83.5,-106.2,105.8,113.0,169.0,8.3,19.7,0.830,0.063,0.107,0.887
547,548,N,C,102.0,33.8,23.8,98.0,-5.9,5.3,19.3,0.877,0.084,0.039,0.881
548,549,C,C,28.5,-92.2,49.6,106.7,118.0,18.9,13.3,0.879,0.075,0.046,0.888
549,550,N,C,96.3,-73.3,28.1,99.7,-136.5,6.9,22.0,0.850,0.084,0.066,0.896
550,551,C,C,18.0,-94.8,120.3,114.3,130.3,21.4,12.5,0.890,0.049,0.061,0.895
551,552,T,C,75.3,-118.2,141.6,123.7,-172.0,4.9,25.7,0.753,0.083,0.164,0.886
552,553,N,C,90.0,62.6,30.3,95.2,8.8,5.8,23.0,0.880,0.089,0.031,0.885
553,554,C,C,13.8,-84.4,14.8,102.6,128.1,22.4,16.3,0.874,0.076,0.050,0.879
554,555,Y,C,77.9,63.9,30.3,98.6,-80.3,14.5,23.7,0.851,0.085,0.064,0.859
555,556,N,C,18.5,-87.6,118.0,111.7,177.9,22.7,17.3,0.933,0.025,0.042,0.834
556,557,N,C,55.9,-112.5,127.8,119.0,176.9,10.7,22.1,0.940,0.034,0.027,0.822
557,558,L,H,87.9,-64.9,-31.0,94.8,-126.3,11.3,17.0,0.265,0.735,0.000,0.819
558,559,E,H,132.8,-69.7,-28.7,92.2,56.2,2.1,19.9,0.250,0.750,0.000,0.826
559,560,H,H,40.5,-100.9,5.6,99.8,45.8,15.6,13.2,0.325,0.675,0.000,0.831
560,561,E,H,58.9,-58.8,-41.8,92.5,96.5,16.2,15.0,0.027,0.973,0.000,0.822
561,562,N,H,104.2,-63.5,-39.0,91.3,52.5,2.0,22.8,0.012,0.988,0.000,0.817
562,563,E,H,73.6,-66.8,-39.8,93.1,50.2,7.9,20.9,0.004,0.996,0.000,0.804
563,564,R,H,14.9,-64.9,-42.3,93.8,51.1,23.2,16.9,0.002,0.998,0.000,0.820
564,565,Q,H,76.4,-63.1,-40.7,92.8,52.6,11.6,22.1,0.001,0.999,0.000,0.826
565,566,K,H,118.3,-64.5,-39.8,91.2,49.8,2.3,25.6,0.001,0.999,0.000,0.815
566,567,A,H,10.9,-65.4,-43.0,93.4,49.9,16.8,19.9,0.001,0.999,0.000,0.821
567,568,I,H,14.4,-64.0,-42.1,93.7,51.3,22.8,20.3,0.001,0.999,0.000,0.827
568,569,K,H,105.0,-64.1,-40.2,92.5,51.4,6.0,24.7,0.001,0.999,0.000,0.819
569,570,A,H,36.1,-65.9,-40.8,92.9,50.2,7.4,22.9,0.003,0.997,0.000,0.819
570,571,C,H,6.0,-66.1,-42.8,93.9,49.8,22.1,17.4,0.007,0.993,0.000,0.806
571,572,L,H,39.8,-64.8,-39.0,93.3,51.8,16.7,18.3,0.016,0.984,0.000,0.775
572,573,D,H,106.9,-68.5,-33.0,91.6,51.6,1.8,21.1,0.124,0.876,0.000,0.768
573,574,R,H,97.0,-84.0,-26.6,97.0,43.2,9.6,18.3,0.422,0.578,0.000,0.742
574,575,N,C,23.0,-128.7,76.2,112.1,21.2,18.7,13.8,0.999,0.001,0.000,0.725
575,576,P,H,62.1,-66.1,-29.0,93.9,-177.0,10.9,17.0,0.245,0.755,0.000,0.733
576,577,E,H,103.1,-71.1,-22.8,92.8,59.7,6.6,22.0,0.232,0.768,0.000,0.736
577,578,A,H,9.9,-71.0,-28.8,95.2,61.8,22.1,17.2,0.243,0.756,0.000,0.741
578,579,F,H,17.5,-99.7,5.9,101.7,45.3,22.1,20.4,0.419,0.569,0.011,0.743
579,580,K,C,75.4,-87.4,135.1,116.4,122.1,11.7,22.0,0.964,0.015,0.020,0.736
580,581,P,C,38.0,-71.2,144.3,112.8,-102.7,16.2,19.0,0.860,0.122,0.019,0.716
581,582,K,C,90.5,-80.8,120.5,108.9,-127.5,11.5,18.9,0.637,0.212,0.152,0.696
582,583,I,C,43.8,-94.2,110.5,111.2,-156.7,17.8,15.4,0.629,0.201,0.170,0.658
583,584,G,C,31.8,130.8,-176.1,116.8,21.4,10.7,17.5,0.782,0.114,0.104,0.627
584,585,K,C,127.8,-93.9,108.9,110.5,-94.5,6.0,16.6,0.800,0.113,0.087,0.608
585,586,G,C,35.9,154.7,-179.9,119.1,74.9,8.6,14.8,0.833,0.094,0.073,0.591
586,587,K,C,138.7,-83.4,4.9,104.0,-85.5,4.8,14.7,0.781,0.146,0.072,0.588
587,588,E,C,124.0,-90.0,62.0,107.4,73.2,5.1,13.3,0.800,0.136,0.064,0.586
588,589,G,C,40.7,109.6,-170.9,118.9,13.5,5.6,14.5,0.843,0.117,0.040,0.588
589,590,E,C,124.7,-85.5,80.9,107.1,-46.9,5.3,14.8,0.820,0.157,0.023,0.605
590,591,S,C,64.1,-84.3,25.8,105.5,125.0,9.0,12.6,0.773,0.208,0.018,0.632
591,592,D,C,83.0,-93.2,100.5,110.3,109.1,7.0,15.4,0.701,0.275,0.024,0.656
592,593,R,C,131.0,-73.1,-16.8,98.2,-176.4,7.8,14.6,0.547,0.417,0.037,0.678
593,594,R,C,121.6,-76.5,-19.2,100.0,74.4,8.5,16.3,0.492,0.427,0.081,0.687
594,595,H,C,46.7,-90.7,53.4,107.4,59.9,16.9,14.3,0.562,0.341,0.097,0.693
595,596,S,C,64.7,-82.4,-6.9,99.2,111.8,8.2,20.2,0.658,0.255,0.087,0.696
596,597,K,C,89.3,-98.6,33.4,108.4,63.3,9.9,20.3,0.726,0.177,0.097,0.692
597,598,G,C,15.4,112.6,-173.2,119.2,-109.0,17.4,21.0,0.811,0.080,0.109,0.696
598,599,C,C,33.9,-81.0,32.2,104.1,-49.1,17.8,19.0,0.768,0.137,0.095,0.725
599,600,N,C,61.5,-90.5,5.5,100.9,125.5,12.6,19.8,0.735,0.176,0.089,0.743
600,601,C,C,32.0,-87.8,105.7,110.0,99.6,17.8,14.8,0.793,0.135,0.072,0.772
601,602,K,C,108.8,-93.8,54.8,107.9,134.9,8.5,19.6,0.762,0.158,0.080,0.779
602,603,R,C,106.2,-99.1,111.8,113.0,95.3,10.6,19.7,0.793,0.134,0.073,0.791
603,604,S,C,27.1,-84.6,159.4,114.7,133.6,16.5,17.1,0.766,0.156,0.077,0.802
604,605,G,H,31.8,-65.3,-32.4,94.4,-105.5,10.5,23.1,0.334,0.663,0.003,0.795
605,606,C,H,22.7,-67.0,-39.6,93.8,51.9,17.4,21.5,0.317,0.676,0.008,0.828
606,607,L,H,10.5,-64.9,-41.9,94.1,51.9,23.9,21.1,0.182,0.815,0.003,0.853
607,608,K,H,69.7,-63.9,-41.0,93.0,52.6,13.2,24.4,0.135,0.863,0.002,0.862
608,609,N,H,57.4,-65.7,-40.0,92.9,50.0,8.9,25.0,0.164,0.835,0.001,0.876
609,610,Y,H,25.2,-65.8,-42.7,94.1,50.8,18.8,22.1,0.177,0.818,0.005,0.908
610,611,C,H,24.1,-65.9,-40.9,94.3,51.0,17.2,21.8,0.143,0.853,0.004,0.939
611,612,E,H,60.9,-65.7,-40.4,93.4,51.4,9.2,23.1,0.048,0.951,0.001,0.952
612,613,C,H,24.7,-65.8,-41.5,93.4,50.4,13.3,19.7,0.032,0.967,0.001,0.964
613,614,Y,H,45.1,-66.6,-40.5,94.0,50.2,15.1,18.1,0.026,0.974,0.001,0.953
614,615,E,H,95.8,-67.7,-35.8,93.0,50.4,7.5,18.5,0.052,0.948,0.000,0.942
615,616,A,C,53.0,-89.2,-3.2,94.3,50.4,7.3,16.2,0.821,0.177,0.003,0.929
616,617,K,C,149.6,63.5,29.6,91.0,-114.8,2.8,19.5,0.996,0.002,0.002,0.918
617,618,I,C,35.6,-100.2,129.3,118.3,146.6,17.2,13.0,0.957,0.000,0.042,0.936
618,619,M,C,92.6,-77.5,135.0,113.3,-122.3,7.2,24.9,0.682,0.006,0.312,0.937
619,620,C,C,22.2,-84.6,132.4,114.7,-132.6,22.1,13.0,0.894,0.002,0.103,0.952
620,621,S,C,38.2,-102.3,171.9,126.2,-160.9,9.7,18.4,0.910,0.009,0.081,0.930
621,622,S,C,85.5,-66.8,-24.1,93.8,-92.2,3.4,17.6,0.939,0.052,0.009,0.925
622,623,I,C,89.2,-88.8,-7.2,98.3,50.7,7.2,17.0,0.930,0.053,0.017,0.931
623,624,C,C,20.1,-92.1,128.0,115.1,89.9,21.2,12.0,0.926,0.030,0.044,0.951
624,625,K,C,119.5,-96.7,54.5,107.1,-167.6,5.7,23.5,0.731,0.044,0.225,0.945
625,626,C,C,24.2,-88.9,129.4,115.6,-178.9,20.1,12.4,0.770,0.037,0.193,0.918
626,627,I,C,89.6,-116.7,139.8,123.4,-166.3,6.2,24.4,0.613,0.077,0.311,0.887
627,628,G,C,43.4,77.8,4.7,101.2,14.0,5.2,19.7,0.847,0.082,0.071,0.855
628,629,C,C,27.9,-88.7,103.8,109.8,94.5,19.0,15.2,0.820,0.079,0.101,0.840
629,630,K,C,105.2,-91.8,48.6,105.5,-163.0,8.1,22.1,0.688,0.076,0.236,0.816
630,631,N,C,39.0,-91.3,127.0,113.7,127.5,17.6,14.1,0.849,0.056,0.095,0.802
631,632,F,C,73.2,-109.5,149.2,122.9,174.7,10.2,18.1,0.869,0.060,0.071,0.805
632,633,E,C,123.2,-66.4,-25.5,95.4,-116.9,6.2,15.6,0.936,0.060,0.004,0.802
633,634,E,C,143.2,-89.8,0.1,96.3,49.8,1.7,16.4,0.952,0.046,0.002,0.793
634,635,S,C,29.3,-78.4,140.9,117.7,106.6,13.6,8.1,0.964,0.034,0.001,0.780
635,636,P,H,94.9,-61.2,-32.0,91.7,-129.3,3.5,16.7,0.157,0.843,0.000,0.762
636,637,E,H,64.0,-68.1,-35.4,93.4,53.2,11.4,14.5,0.068,0.932,0.000,0.755
637,638,R,H,88.5,-65.4,-38.1,93.5,53.9,12.5,16.0,0.020,0.980,0.000,0.776
638,639,K,H,110.9,-67.0,-37.4,93.9,52.9,4.8,19.2,0.019,0.981,0.000,0.780
639,640,T,H,57.7,-69.9,-36.8,95.7,52.3,8.3,19.0,0.037,0.963,0.000,0.785
640,641,L,H,42.1,-71.6,-35.0,97.3,52.9,14.5,17.4,0.063,0.937,0.000,0.798
641,642,M,H,59.4,-76.3,-26.2,100.7,56.0,11.5,18.7,0.154,0.845,0.001,0.820
642,643,H,H,86.4,-83.2,-12.0,103.1,55.9,8.1,19.1,0.321,0.678,0.001,0.827
643,644,L,H,45.5,-67.5,-36.5,96.3,64.3,13.8,16.7,0.218,0.782,0.000,0.823
644,645,A,H,49.1,-65.2,-38.2,94.2,54.0,9.1,19.6,0.157,0.843,0.000,0.841
645,646,D,H,71.8,-67.7,-36.5,94.5,50.6,6.6,20.5,0.176,0.824,0.000,0.830
646,647,A,H,23.7,-66.5,-39.8,94.0,51.8,14.3,17.7,0.078,0.922,0.000,0.817
647,648,A,H,31.1,-65.8,-39.4,94.1,52.7,13.1,17.8,0.045,0.955,0.000,0.806
648,649,E,H,98.4,-66.6,-38.6,93.6,51.4,5.0,20.7,0.059,0.940,0.001,0.796
649,650,V,H,52.7,-67.0,-39.5,93.7,51.0,8.9,19.3,0.057,0.941,0.002,0.799
650,651,R,H,67.8,-66.8,-38.8,94.1,51.8,13.6,17.1,0.069,0.929,0.002,0.817
651,652,V,H,62.9,-66.1,-39.1,93.9,51.5,8.3,19.0,0.090,0.906,0.004,0.815
652,653,Q,H,96.1,-67.0,-38.4,93.4,50.3,4.1,20.5,0.130,0.868,0.002,0.800
653,654,Q,H,59.3,-68.7,-37.2,94.1,50.6,11.2,17.8,0.186,0.811,0.003,0.787
654,655,Q,H,69.3,-65.6,-38.8,94.0,52.4,12.4,17.7,0.157,0.842,0.001,0.770
655,656,T,H,76.0,-66.1,-38.7,93.4,51.3,4.1,20.8,0.179,0.819,0.002,0.763
656,657,A,H,44.8,-66.9,-39.3,93.4,51.3,6.6,19.5,0.198,0.801,0.001,0.756
657,658,A,H,25.7,-67.9,-38.4,94.3,51.5,14.3,15.4,0.293,0.705,0.001,0.741
658,659,K,H,93.8,-67.1,-36.1,94.4,53.1,10.1,17.7,0.388,0.605,0.007,0.738
659,660,T,H,77.5,-69.3,-34.9,95.0,53.1,5.0,18.7,0.449,0.534,0.018,0.746
660,661,K,C,99.8,-70.0,-34.7,94.9,51.5,6.6,18.4,0.502,0.474,0.024,0.755
661,662,L,C,43.5,-71.3,-34.0,95.8,51.6,15.3,14.8,0.594,0.376,0.030,0.746
662,663,S,C,48.0,-68.9,-35.4,96.9,58.1,11.3,16.7,0.726,0.250,0.024,0.746
663,664,S,C,71.4,-69.9,-30.1,95.2,54.7,3.6,18.2,0.663,0.322,0.015,0.741
664,665,Q,C,84.5,-72.1,-31.0,95.0,51.7,7.8,16.8,0.659,0.325,0.016,0.748
665,666,I,C,43.0,-77.4,-24.8,99.5,58.5,16.8,12.3,0.576,0.397,0.027,0.774
666,667,S,C,56.5,-70.1,-33.1,98.1,70.2,8.8,15.9,0.587,0.396,0.017,0.775
667,668,D,C,94.9,-72.8,-22.8,96.6,54.8,3.7,16.8,0.521,0.464,0.015,0.779
668,669,L,C,63.1,-75.7,-25.2,97.7,57.2,11.8,13.4,0.499,0.480,0.021,0.768
669,670,L,C,76.1,-78.7,-12.2,100.8,68.1,11.8,13.0,0.601,0.366,0.033,0.758
670,671,T,C,87.3,-89.0,12.4,104.7,70.3,5.0,14.9,0.754,0.195,0.051,0.754
671,672,R,C,114.1,-98.7,127.2,116.8,109.9,8.3,13.6,0.968,0.002,0.030,0.758
672,673,P,C,72.7,-69.0,146.8,110.6,-103.8,9.2,14.8,0.985,0.001,0.014,0.755
673,674,T,C,74.8,-83.8,136.6,114.3,-114.2,8.5,16.1,0.986,0.002,0.012,0.747
674,675,P,C,67.5,-69.7,145.0,109.9,-102.6,11.0,14.8,0.930,0.059,0.011,0.726
675,676,A,C,59.6,-75.0,140.1,110.7,-109.6,8.6,17.1,0.851,0.108,0.041,0.701
676,677,L,C,71.4,-89.5,130.1,113.5,-133.8,13.7,13.5,0.824,0.092,0.085,0.672
677,678,N,C,89.0,-95.0,134.2,114.1,-147.5,7.9,15.5,0.850,0.047,0.103,0.644
678,679,S,C,77.2,-81.2,-3.3,101.0,-138.5,5.8,13.6,0.883,0.052,0.065,0.611
679,680,G,C,51.5,-82.5,4.1,101.6,42.7,4.2,13.8,0.914,0.047,0.038,0.585
680,681,G,C,45.2,74.7,-3.1,103.9,-88.1,7.0,14.6,0.905,0.061,0.035,0.587
681,682,G,C,49.5,-77.8,-7.9,102.4,77.1,4.9,14.3,0.909,0.049,0.042,0.609
682,683,K,C,126.1,-88.9,18.7,104.8,63.1,5.3,15.4,0.902,0.016,0.083,0.660
683,684,L,C,43.7,-95.2,132.7,117.9,128.7,17.1,13.2,0.931,0.003,0.066,0.718
684,685,P,C,53.1,-75.5,129.0,107.7,-131.1,11.7,19.1,0.953,0.025,0.023,0.776
685,686,F,C,54.2,-99.1,119.6,113.7,-142.5,16.0,18.2,0.891,0.060,0.048,0.816
686,687,T,C,45.5,-104.3,82.7,111.9,-179.9,13.2,22.8,0.852,0.074,0.075,0.853
687,688,F,C,37.2,-107.7,126.3,117.2,171.8,18.7,23.9,0.814,0.036,0.150,0.869
688,689,V,C,6.7,-106.6,133.8,121.8,-149.3,24.9,18.3,0.859,0.003,0.138,0.883
689,690,T,C,26.6,-97.3,162.0,127.2,-146.8,11.0,25.9,0.973,0.003,0.024,0.889
690,691,K,H,96.8,-62.5,-36.1,93.7,-104.6,14.0,17.9,0.022,0.978,0.000,0.885
691,692,E,H,121.5,-64.7,-38.3,91.6,52.9,2.1,23.7,0.012,0.988,0.000,0.878
692,693,V,H,18.3,-67.0,-41.4,93.9,49.4,18.2,18.8,0.004,0.996,0.000,0.881
693,694,A,H,4.8,-63.2,-42.6,93.2,51.7,24.8,19.7,0.003,0.997,0.000,0.883
694,695,E,H,88.3,-63.3,-40.9,92.1,51.9,8.6,24.6,0.003,0.997,0.000,0.877
695,696,A,H,45.8,-65.5,-40.2,92.2,50.1,5.9,25.5,0.001,0.999,0.000,0.878
696,697,T,H,6.2,-66.3,-42.9,94.2,49.8,22.2,22.1,0.001,0.999,0.000,0.890
697,698,C,H,7.5,-64.2,-42.1,93.7,51.2,23.9,22.2,0.002,0.998,0.000,0.916
698,699,N,H,74.3,-64.3,-40.2,92.2,52.0,6.8,26.6,0.002,0.998,0.000,0.916
699,700,C,H,34.0,-66.4,-40.6,92.8,50.3,11.1,24.8,0.002,0.998,0.000,0.918
700,701,L,H,3.5,-65.6,-43.6,94.2,49.7,25.1,22.4,0.001,0.999,0.000,0.914
701,702,L,H,27.5,-62.7,-42.3,92.8,51.5,18.7,23.7,0.001,0.999,0.000,0.902
702,703,A,H,48.0,-64.4,-40.7,91.5,50.3,4.8,26.1,0.001,0.999,0.000,0.885
703,704,Q,H,39.2,-66.6,-40.7,92.9,49.4,12.6,22.5,0.001,0.999,0.000,0.871
704,705,A,H,7.5,-64.2,-43.4,93.7,51.1,22.1,19.0,0.000,1.000,0.000,0.851
705,706,E,H,80.7,-64.8,-40.3,92.8,51.1,8.2,23.1,0.001,0.999,0.000,0.831
706,707,Q,H,74.7,-66.3,-39.9,92.8,49.9,6.0,22.0,0.002,0.998,0.000,0.817
707,708,A,H,12.9,-65.7,-42.3,93.2,50.3,15.4,15.3,0.003,0.997,0.000,0.798
708,709,D,H,58.5,-66.2,-38.0,93.2,51.3,11.7,15.7,0.016,0.984,0.000,0.791
709,710,K,H,144.7,-68.0,-33.4,91.9,51.2,1.7,16.4,0.069,0.931,0.000,0.768
710,711,K,C,121.2,-89.4,-4.8,95.1,47.4,3.6,13.1,0.595,0.405,0.000,0.747
711,712,G,C,62.8,71.7,16.2,93.1,-110.0,1.3,15.3,0.995,0.005,0.000,0.721
712,713,K,C,79.3,-89.1,150.3,121.7,136.0,9.4,10.7,0.999,0.000,0.000,0.731
713,714,S,C,60.6,-71.5,154.5,116.4,-103.2,4.2,19.8,0.997,0.003,0.001,0.738
714,715,K,H,105.1,-61.4,-36.3,93.6,-110.1,12.3,14.2,0.037,0.963,0.000,0.747
715,716,A,H,53.3,-63.0,-40.1,92.8,54.4,8.3,18.8,0.014,0.986,0.000,0.763
716,717,A,H,55.7,-65.8,-39.4,92.7,51.0,4.3,20.5,0.006,0.994,0.000,0.787
717,718,A,H,19.2,-65.9,-41.0,93.5,50.9,15.2,17.0,0.004,0.996,0.000,0.796
718,719,E,H,34.4,-64.0,-40.7,93.3,52.1,18.0,18.3,0.005,0.995,0.000,0.815
719,720,R,H,119.4,-64.8,-39.5,92.8,51.6,5.8,23.1,0.004,0.996,0.000,0.836
720,721,M,H,74.8,-66.3,-40.0,93.0,50.1,7.2,23.0,0.003,0.997,0.000,0.857
721,722,I,H,10.3,-66.0,-42.8,94.0,49.9,22.1,19.5,0.004,0.996,0.000,0.874
722,723,L,H,33.5,-62.7,-41.9,93.0,51.8,17.6,21.7,0.003,0.997,0.000,0.890
723,724,E,H,95.3,-64.8,-40.2,92.0,50.5,4.4,25.4,0.006,0.994,0.000,0.884
724,725,E,H,48.6,-67.0,-40.2,93.2,49.3,11.4,22.4,0.009,0.991,0.000,0.880
725,726,F,H,13.0,-65.7,-42.2,94.5,50.2,23.5,19.8,0.010,0.990,0.000,0.864
726,727,G,H,21.2,-62.8,-41.6,93.1,52.9,13.9,22.5,0.025,0.975,0.000,0.858
727,728,R,H,118.2,-65.8,-39.1,92.1,49.9,4.2,26.0,0.028,0.972,0.000,0.850
728,729,C,H,16.5,-66.8,-41.5,94.1,50.2,17.4,20.6,0.018,0.982,0.000,0.852
729,730,L,H,12.3,-63.2,-42.8,93.4,51.7,23.1,20.7,0.003,0.997,0.000,0.847
730,731,M,H,83.3,-65.0,-39.7,92.8,51.6,7.4,23.6,0.002,0.998,0.000,0.830
731,732,S,H,43.8,-66.3,-39.8,92.7,50.2,6.6,23.5,0.003,0.997,0.000,0.821
732,733,V,H,7.7,-65.7,-43.3,93.9,50.2,22.0,18.7,0.002,0.998,0.000,0.799
733,734,I,H,35.7,-64.3,-40.6,93.4,51.2,16.6,19.7,0.003,0.997,0.000,0.777
734,735,N,H,91.2,-66.6,-37.9,92.6,50.3,3.6,22.5,0.009,0.991,0.000,0.753
735,736,S,H,36.2,-69.4,-36.2,93.8,50.1,11.1,18.0,0.035,0.965,0.000,0.717
736,737,A,H,23.8,-68.6,-36.5,94.8,52.9,16.7,14.6,0.110,0.889,0.000,0.675
737,738,G,H,41.7,-69.9,-31.1,95.0,52.4,5.9,18.1,0.282,0.716,0.001,0.640
738,739,K,H,121.7,-80.5,-18.4,97.5,52.7,4.4,16.4,0.411,0.582,0.008,0.633
739,740,A,C,45.7,-82.7,20.9,105.7,75.8,11.5,10.4,0.604,0.371,0.025,0.627
740,741,K,C,135.9,-81.6,-7.0,101.6,109.8,4.5,14.2,0.798,0.174,0.028,0.634
741,742,S,C,84.2,-87.3,1.0,102.4,47.2,2.8,12.7,0.946,0.044,0.010,0.634
742,743,D,C,85.3,-95.6,102.5,110.1,71.6,6.6,13.6,0.962,0.027,0.011,0.644
743,744,P,C,78.8,-74.2,-10.8,99.6,-171.3,8.4,13.2,0.769,0.218,0.012,0.632
744,745,C,C,66.5,-85.1,31.6,105.6,92.3,9.8,12.2,0.678,0.294,0.028,0.624
745,746,A,C,69.5,-82.6,51.6,105.7,105.7,5.7,14.6,0.674,0.294,0.032,0.578
746,747,M,C,87.0,-89.2,92.9,108.8,121.4,11.0,12.2,0.789,0.165,0.046,0.518
747,748,N,C,92.7,-92.6,78.3,107.2,-168.1,7.3,16.5,0.918,0.049,0.033,0.481
748,749,C,C,77.4,-95.1,101.1,110.4,176.2,10.0,11.7,0.993,0.001,0.006,0.474
