Q9UPN6,#,SEQ,SS,ASA,Phi,Psi,Theta(i-1=>i+1),Tau(i-2=>i+2),HSE_alpha_up,HSE_alpha_down,P(C),P(H),P(E),flexibility
0,1,M,C,111.5,-75.6,-31.2,103.1,94.2,6.7,12.0,0.862,0.137,0.001,0.524
1,2,E,C,131.3,-68.7,-34.1,96.2,47.6,1.9,16.0,0.517,0.482,0.001,0.532
2,3,A,H,27.7,-66.1,-39.8,93.7,51.4,12.5,15.5,0.143,0.857,0.000,0.556
3,4,V,H,29.5,-63.3,-40.3,92.8,53.2,17.2,14.9,0.032,0.967,0.000,0.601
4,5,K,H,122.4,-64.7,-38.7,92.6,52.5,3.4,20.7,0.013,0.987,0.000,0.645
5,6,T,H,68.1,-66.9,-38.8,92.9,49.7,4.6,21.0,0.010,0.990,0.000,0.675
6,7,F,H,20.6,-65.9,-41.7,93.8,49.9,19.4,16.0,0.005,0.995,0.000,0.694
7,8,N,H,47.6,-62.9,-41.0,93.1,53.0,15.3,19.0,0.004,0.996,0.000,0.710
8,9,S,H,65.6,-64.8,-39.5,91.9,50.6,2.7,23.1,0.003,0.997,0.000,0.722
9,10,E,H,58.9,-67.1,-40.0,93.3,50.2,10.0,20.3,0.004,0.996,0.000,0.734
10,11,L,H,12.3,-65.5,-41.5,93.9,50.8,22.8,16.5,0.006,0.994,0.000,0.757
11,12,Y,H,109.3,-65.5,-38.5,93.5,52.6,9.2,20.6,0.015,0.985,0.000,0.765
12,13,S,H,55.7,-67.8,-34.7,92.9,51.8,5.4,20.9,0.037,0.963,0.000,0.761
13,14,L,H,25.3,-70.2,-34.2,94.9,53.1,17.8,14.8,0.124,0.876,0.000,0.764
14,15,N,H,64.5,-71.4,-29.0,96.2,56.6,12.9,15.9,0.449,0.547,0.004,0.775
15,16,D,C,108.4,-84.6,-3.6,98.4,51.0,2.5,17.3,0.752,0.241,0.006,0.791
16,17,Y,C,105.4,-89.6,91.8,108.9,86.1,10.8,11.8,0.976,0.015,0.008,0.787
17,18,K,C,114.9,-100.2,130.4,117.2,-148.5,6.7,16.8,0.993,0.000,0.007,0.786
18,19,P,C,64.3,-69.2,148.7,113.0,-96.9,11.4,16.5,0.997,0.001,0.002,0.784
19,20,P,C,74.8,-72.8,133.4,108.4,-93.0,8.9,18.8,0.981,0.011,0.007,0.781
20,21,I,C,20.3,-100.0,132.8,119.2,-145.9,22.6,13.1,0.945,0.009,0.045,0.789
21,22,S,C,49.9,-82.0,160.6,121.7,-125.6,5.5,22.5,0.975,0.008,0.017,0.794
22,23,K,H,119.4,-60.6,-37.0,92.7,-106.7,9.4,14.3,0.032,0.968,0.000,0.791
23,24,A,H,72.6,-64.8,-37.9,92.2,54.6,2.4,20.7,0.021,0.979,0.000,0.792
24,25,K,H,54.9,-67.4,-38.2,93.3,50.8,13.1,17.7,0.014,0.986,0.000,0.812
25,26,M,H,14.5,-63.0,-41.7,92.7,52.8,22.9,17.3,0.011,0.989,0.000,0.835
26,27,T,H,67.2,-63.5,-40.2,92.2,52.5,7.4,23.5,0.008,0.992,0.000,0.841
27,28,Q,H,76.2,-66.4,-39.5,92.8,50.2,7.1,24.2,0.004,0.996,0.000,0.854
28,29,I,H,3.9,-65.7,-43.6,94.3,50.6,25.0,21.1,0.002,0.998,0.000,0.882
29,30,T,H,21.0,-62.9,-42.0,93.2,52.6,19.6,23.0,0.002,0.998,0.000,0.891
30,31,K,H,101.8,-63.9,-40.5,91.7,51.0,5.0,27.7,0.001,0.999,0.000,0.894
31,32,A,H,12.7,-65.1,-42.8,93.0,49.9,16.3,23.9,0.001,0.999,0.000,0.885
32,33,A,H,1.6,-64.6,-43.6,93.9,51.2,26.6,21.8,0.001,0.999,0.000,0.882
33,34,I,H,47.6,-63.5,-40.9,92.7,51.8,14.8,24.5,0.002,0.998,0.000,0.884
34,35,K,H,98.6,-66.5,-38.2,92.1,49.8,5.7,25.6,0.005,0.995,0.000,0.896
35,36,A,H,6.5,-68.6,-38.6,94.6,50.0,22.4,19.5,0.027,0.973,0.000,0.894
36,37,I,H,33.0,-63.6,-39.9,93.1,54.0,19.3,20.7,0.055,0.945,0.000,0.898
37,38,K,H,122.1,-67.2,-33.5,91.8,52.9,3.8,24.8,0.083,0.916,0.000,0.900
38,39,F,H,44.6,-88.1,-14.7,98.7,46.6,17.1,20.5,0.154,0.846,0.000,0.914
39,40,Y,H,12.7,-63.9,-43.2,94.9,71.3,24.7,20.1,0.011,0.989,0.000,0.921
40,41,K,H,92.7,-63.2,-40.6,92.3,54.1,10.0,24.6,0.003,0.997,0.000,0.922
41,42,H,H,57.6,-66.5,-39.8,93.1,50.6,11.1,26.1,0.003,0.997,0.000,0.922
42,43,V,H,1.8,-64.9,-44.1,93.9,49.8,26.0,23.9,0.002,0.998,0.000,0.919
43,44,V,H,3.7,-64.2,-43.2,93.9,51.2,25.8,24.6,0.001,0.999,0.000,0.921
44,45,Q,H,70.1,-64.2,-40.9,92.4,51.8,9.1,27.7,0.001,0.999,0.000,0.911
45,46,S,H,15.0,-65.5,-42.3,93.3,50.3,16.2,24.9,0.002,0.998,0.000,0.900
46,47,V,H,1.6,-64.9,-44.0,94.0,50.4,26.9,22.4,0.002,0.998,0.000,0.892
47,48,E,H,35.0,-63.1,-41.9,93.0,52.2,18.4,23.4,0.001,0.999,0.000,0.899
48,49,K,H,99.7,-65.4,-40.0,92.3,50.2,5.2,26.2,0.002,0.998,0.000,0.905
49,50,F,H,20.8,-66.9,-41.6,94.0,49.6,18.6,21.4,0.004,0.996,0.000,0.912
50,51,I,H,3.3,-65.6,-41.4,94.0,51.3,26.4,19.0,0.021,0.979,0.000,0.905
51,52,Q,H,92.5,-69.3,-28.4,92.8,55.6,10.2,20.9,0.252,0.748,0.000,0.903
52,53,K,C,118.8,-88.6,-8.7,95.6,51.0,4.7,22.0,0.545,0.454,0.000,0.892
53,54,C,C,6.1,-83.7,144.0,121.2,100.5,25.6,9.4,0.999,0.000,0.001,0.884
54,55,K,C,103.0,-73.7,149.7,116.9,-105.9,4.7,24.6,0.999,0.001,0.001,0.856
55,56,P,H,50.6,-60.3,-33.6,91.2,-110.2,18.6,15.9,0.162,0.838,0.000,0.834
56,57,E,H,112.0,-71.8,-20.3,92.7,62.3,6.7,22.5,0.188,0.812,0.000,0.825
57,58,Y,H,38.3,-95.5,-0.7,98.2,51.3,19.1,20.0,0.178,0.821,0.001,0.833
58,59,K,H,11.3,-65.4,-39.7,95.5,87.1,24.6,21.8,0.327,0.663,0.010,0.851
59,60,V,H,11.9,-63.9,-41.6,93.6,61.4,22.7,26.8,0.025,0.975,0.000,0.864
60,61,P,H,9.5,-65.6,-41.8,94.2,53.1,22.5,28.2,0.008,0.992,0.000,0.854
61,62,G,H,0.4,-64.1,-44.1,93.7,51.1,28.0,29.4,0.002,0.998,0.000,0.846
62,63,L,H,2.3,-65.2,-43.2,94.3,51.2,26.5,29.3,0.002,0.998,0.000,0.865
63,64,Y,H,17.0,-65.7,-42.2,94.3,51.4,21.7,29.5,0.004,0.996,0.000,0.896
64,65,V,H,2.5,-65.6,-43.3,94.3,50.4,25.2,28.9,0.004,0.996,0.000,0.927
65,66,I,H,1.3,-65.0,-43.9,94.3,50.6,27.4,28.4,0.002,0.998,0.000,0.930
66,67,D,H,13.0,-65.0,-42.3,94.0,51.8,21.9,28.2,0.002,0.998,0.000,0.931
67,68,S,H,19.3,-65.4,-41.1,93.1,50.8,16.3,28.4,0.004,0.996,0.000,0.901
68,69,I,H,3.7,-65.3,-43.6,94.0,49.7,24.3,26.7,0.004,0.996,0.000,0.868
69,70,V,H,2.7,-65.3,-43.4,94.4,50.4,26.0,25.4,0.005,0.995,0.000,0.843
70,71,R,H,71.7,-64.7,-41.0,92.9,51.7,14.3,26.2,0.012,0.988,0.000,0.832
71,72,Q,H,53.1,-66.8,-39.9,92.9,50.0,10.8,24.5,0.035,0.965,0.000,0.806
72,73,S,H,7.9,-66.6,-42.3,94.3,51.0,20.8,18.9,0.078,0.922,0.000,0.780
73,74,R,H,76.1,-64.8,-39.3,93.1,52.5,15.7,18.2,0.047,0.953,0.000,0.771
74,75,H,H,114.8,-68.3,-34.9,93.1,50.4,4.5,20.4,0.067,0.933,0.000,0.782
75,76,Q,H,84.9,-79.6,-29.5,96.1,43.6,8.1,17.4,0.129,0.871,0.000,0.770
76,77,F,H,52.0,-102.0,-8.2,101.8,34.1,15.5,12.0,0.390,0.609,0.001,0.757
77,78,G,C,33.4,86.7,-166.8,116.1,-133.7,6.4,17.2,0.884,0.111,0.004,0.750
78,79,Q,C,127.4,-76.8,-16.2,99.4,-56.1,4.0,15.5,0.825,0.169,0.006,0.763
79,80,E,C,113.9,-91.0,44.5,105.4,61.7,5.7,14.7,0.824,0.170,0.005,0.781
80,81,K,C,94.5,-72.7,-17.0,99.7,145.8,12.6,13.1,0.715,0.282,0.004,0.806
81,82,D,C,88.2,-75.6,-16.3,98.7,64.9,6.9,18.2,0.671,0.327,0.002,0.832
82,83,V,C,53.5,-73.0,-32.9,98.3,76.6,10.9,18.9,0.557,0.438,0.005,0.854
83,84,F,C,24.7,-71.8,-33.7,96.2,51.0,21.2,17.7,0.514,0.481,0.004,0.842
84,85,A,H,15.1,-62.6,-41.3,94.1,66.0,20.7,18.9,0.069,0.931,0.000,0.839
85,86,P,H,60.3,-64.4,-38.8,92.5,53.7,8.5,23.5,0.050,0.950,0.000,0.826
86,87,R,H,68.4,-67.9,-38.6,93.6,50.5,12.2,23.4,0.028,0.972,0.000,0.812
87,88,F,H,6.7,-69.8,-38.1,95.3,49.0,24.9,20.5,0.042,0.957,0.001,0.807
88,89,S,H,20.4,-64.4,-38.9,93.7,58.4,19.7,21.2,0.091,0.908,0.000,0.792
89,90,N,H,83.2,-67.6,-34.3,92.9,52.1,6.7,25.2,0.257,0.743,0.000,0.785
90,91,N,H,28.5,-87.2,-21.1,98.9,44.0,18.4,22.2,0.393,0.606,0.001,0.793
91,92,I,H,1.8,-65.2,-43.0,94.6,57.4,27.7,21.9,0.054,0.946,0.000,0.820
92,93,I,H,31.3,-62.9,-42.0,92.8,53.3,18.2,24.5,0.013,0.987,0.000,0.850
93,94,S,H,43.5,-65.3,-39.6,92.2,51.0,8.2,27.6,0.006,0.994,0.000,0.866
94,95,T,H,4.6,-66.6,-42.6,94.5,50.1,23.6,24.0,0.007,0.993,0.000,0.871
95,96,F,H,3.0,-66.5,-41.3,94.5,51.1,26.7,23.9,0.015,0.985,0.000,0.861
96,97,Q,H,58.3,-64.7,-40.2,92.9,53.5,14.2,26.2,0.018,0.982,0.000,0.863
97,98,N,H,34.3,-68.1,-35.7,92.9,50.6,15.0,25.9,0.065,0.935,0.000,0.857
98,99,L,H,2.4,-68.7,-38.5,94.9,52.1,26.2,21.4,0.165,0.835,0.000,0.846
99,100,Y,H,29.6,-76.5,-21.4,96.2,55.3,21.9,21.9,0.468,0.531,0.001,0.859
100,101,R,C,124.7,-89.3,-2.0,96.6,54.1,6.3,23.5,0.851,0.146,0.003,0.847
101,102,C,C,12.0,-83.7,142.4,119.5,107.3,23.7,11.3,0.999,0.000,0.001,0.833
102,103,P,C,63.4,-68.1,152.5,115.8,-104.1,5.9,20.4,0.998,0.001,0.001,0.790
103,104,G,H,47.6,-61.2,-34.6,94.2,-107.9,7.4,14.5,0.303,0.697,0.000,0.770
104,105,D,H,106.8,-69.8,-26.5,93.5,56.1,2.1,19.2,0.374,0.626,0.000,0.779
105,106,D,H,21.2,-83.9,-14.9,96.5,54.5,19.2,14.7,0.243,0.756,0.000,0.792
106,107,K,H,60.5,-61.6,-40.3,93.3,75.8,16.5,16.5,0.027,0.973,0.000,0.811
107,108,S,H,61.8,-64.3,-39.2,92.3,52.9,4.6,23.4,0.011,0.989,0.000,0.827
108,109,K,H,50.5,-66.8,-40.3,93.5,50.9,12.9,21.8,0.003,0.997,0.000,0.859
109,110,I,H,3.7,-64.6,-43.4,94.0,51.0,25.9,21.1,0.001,0.999,0.000,0.904
110,111,V,H,32.0,-62.8,-41.7,92.6,52.0,16.5,24.0,0.001,0.999,0.000,0.946
111,112,R,H,97.2,-65.2,-40.3,92.1,50.4,6.5,27.1,0.001,0.999,0.000,0.960
112,113,V,H,3.5,-65.1,-44.2,94.0,50.0,24.2,22.7,0.002,0.998,0.000,0.968
113,114,L,H,5.6,-64.3,-43.1,94.0,51.1,25.1,22.6,0.001,0.999,0.000,0.945
114,115,N,H,69.3,-64.7,-40.4,92.6,51.3,7.1,25.1,0.003,0.997,0.000,0.925
115,116,L,H,28.1,-65.5,-42.6,93.3,50.2,13.0,21.6,0.003,0.997,0.000,0.907
116,117,W,H,11.4,-65.2,-42.7,93.7,50.0,23.3,16.4,0.003,0.997,0.000,0.900
117,118,Q,H,83.1,-65.3,-38.3,92.9,51.5,11.3,18.1,0.009,0.991,0.000,0.894
118,119,K,H,129.4,-69.2,-33.7,92.1,50.7,2.8,19.2,0.066,0.934,0.000,0.869
119,120,N,C,59.6,-96.7,-1.4,96.7,41.9,11.5,13.5,0.820,0.180,0.000,0.857
120,121,N,C,104.7,63.0,33.2,91.9,-119.0,4.6,21.6,0.996,0.004,0.001,0.857
121,122,V,C,20.1,-83.7,-22.9,98.3,131.5,18.5,17.7,0.966,0.003,0.032,0.864
122,123,F,C,9.8,-127.1,139.1,129.4,40.0,24.6,14.6,0.966,0.001,0.032,0.888
123,124,K,C,99.5,-78.6,154.1,119.0,-118.2,5.5,23.4,0.996,0.001,0.002,0.907
124,125,S,H,56.2,-60.5,-34.8,92.9,-108.6,13.5,14.8,0.059,0.941,0.000,0.906
125,126,E,H,130.0,-66.2,-33.4,92.0,56.1,2.2,20.4,0.043,0.957,0.000,0.894
126,127,I,H,29.8,-67.7,-38.6,93.9,51.1,15.9,16.9,0.023,0.976,0.000,0.904
127,128,I,H,12.9,-64.5,-40.4,93.5,52.9,23.3,17.1,0.022,0.978,0.000,0.908
128,129,Q,H,93.8,-64.1,-40.0,92.9,53.9,6.5,22.4,0.006,0.994,0.000,0.904
129,130,P,H,49.7,-66.1,-40.1,92.9,50.4,6.8,22.5,0.005,0.995,0.000,0.875
130,131,L,H,8.9,-65.9,-42.8,94.0,50.1,22.4,17.7,0.002,0.998,0.000,0.863
131,132,L,H,40.5,-63.3,-40.9,93.0,52.2,16.3,18.8,0.003,0.997,0.000,0.852
132,133,D,H,86.8,-65.6,-38.8,92.3,50.1,3.1,22.6,0.009,0.991,0.000,0.841
133,134,M,H,51.4,-67.0,-40.1,93.3,50.0,11.7,18.2,0.027,0.973,0.000,0.812
134,135,A,H,16.4,-68.9,-35.9,94.0,49.5,18.8,14.1,0.191,0.809,0.000,0.771
135,136,A,C,59.3,-86.4,-4.1,97.1,51.6,7.6,16.0,0.644,0.351,0.004,0.721
136,137,G,C,54.5,76.2,10.0,98.5,-102.6,3.5,16.1,0.995,0.004,0.002,0.691
137,138,I,C,80.8,-96.3,133.5,118.1,127.4,8.7,12.1,0.996,0.000,0.004,0.704
138,139,P,C,92.4,-72.0,143.8,113.1,-102.8,4.3,17.0,0.999,0.000,0.001,0.708
139,140,P,C,64.2,-69.2,148.5,114.0,-103.9,12.4,12.4,0.998,0.001,0.001,0.726
140,141,P,C,69.8,-68.3,149.2,110.9,-99.4,9.2,14.6,0.990,0.008,0.002,0.733
141,142,V,C,97.4,-90.3,130.7,114.4,-118.1,6.0,16.2,0.958,0.018,0.024,0.757
142,143,V,C,66.1,-100.0,133.7,117.7,-149.9,12.6,12.2,0.948,0.015,0.037,0.781
143,144,T,C,83.4,-99.4,132.5,117.6,-144.9,5.9,15.9,0.963,0.012,0.025,0.804
144,145,P,C,79.4,-68.7,144.1,110.2,-105.1,8.9,13.1,0.934,0.055,0.011,0.804
145,146,V,C,94.8,-84.7,129.6,111.0,-124.3,6.7,13.2,0.863,0.107,0.030,0.796
146,147,L,C,93.5,-83.8,126.7,111.1,-127.1,9.2,12.3,0.862,0.114,0.024,0.779
147,148,A,C,68.6,-80.5,123.8,108.8,-131.1,6.9,12.9,0.882,0.101,0.017,0.764
148,149,S,C,71.6,-85.8,125.2,110.6,-122.1,7.0,12.5,0.896,0.092,0.012,0.744
149,150,T,C,87.5,-86.2,50.1,106.3,-143.8,6.7,13.3,0.861,0.126,0.013,0.733
150,151,T,C,81.2,-83.8,35.8,106.0,128.9,7.7,12.5,0.802,0.179,0.018,0.724
151,152,T,C,83.0,-81.4,0.6,104.3,99.9,6.2,13.7,0.769,0.207,0.024,0.713
152,153,A,C,63.3,-75.5,-9.3,101.3,73.5,7.8,14.1,0.795,0.182,0.023,0.682
153,154,M,C,92.2,-85.9,40.0,105.9,84.5,10.3,12.2,0.813,0.144,0.044,0.658
154,155,S,C,65.8,-86.3,73.7,107.7,129.5,7.1,13.6,0.899,0.064,0.037,0.654
155,156,N,C,100.2,-86.4,19.2,103.1,123.9,6.0,14.4,0.953,0.018,0.030,0.631
156,157,T,C,68.3,-94.9,131.1,117.2,123.1,7.8,11.7,0.968,0.001,0.032,0.628
157,158,P,C,93.4,-68.0,142.5,110.1,-103.5,5.3,13.2,0.985,0.003,0.012,0.622
158,159,G,C,55.7,-48.0,124.6,108.7,-65.4,4.0,12.4,0.978,0.004,0.019,0.627
159,160,T,C,83.2,-98.1,132.0,117.6,-130.9,5.7,13.0,0.971,0.001,0.028,0.654
160,161,P,C,85.2,-68.5,146.3,111.2,-100.1,6.6,14.0,0.984,0.002,0.014,0.683
161,162,V,C,73.9,-85.6,138.5,114.9,-115.8,11.5,12.4,0.956,0.002,0.042,0.729
162,163,T,C,83.4,-99.6,132.6,117.8,-140.7,5.9,16.6,0.977,0.000,0.023,0.748
163,164,P,C,77.9,-68.7,145.7,110.9,-100.9,9.2,14.8,0.990,0.002,0.008,0.758
164,165,V,C,62.3,-81.9,140.7,114.9,-111.1,13.2,13.5,0.981,0.002,0.017,0.783
165,166,T,C,74.7,-93.9,136.1,117.1,-132.4,6.9,19.9,0.987,0.003,0.011,0.793
166,167,P,C,62.5,-66.3,130.7,104.2,-106.0,12.7,15.1,0.915,0.082,0.003,0.789
167,168,A,C,49.2,-70.4,-25.3,98.4,58.2,12.1,16.2,0.729,0.263,0.008,0.775
168,169,N,C,92.5,-76.3,-17.3,98.4,56.2,6.0,17.6,0.572,0.356,0.073,0.774
169,170,V,C,57.4,-81.4,-15.9,100.6,60.7,12.3,15.1,0.552,0.341,0.107,0.782
170,171,V,C,54.3,-89.4,82.5,108.5,81.6,14.9,12.3,0.653,0.245,0.102,0.779
171,172,Q,C,111.1,-89.2,57.6,106.9,156.0,6.2,15.5,0.818,0.117,0.065,0.761
172,173,G,C,48.1,89.3,172.3,111.2,-6.8,5.4,15.4,0.928,0.030,0.043,0.734
173,174,L,C,70.0,-94.2,131.5,116.7,-143.8,12.9,13.7,0.971,0.003,0.026,0.737
174,175,P,C,68.2,-70.4,144.8,109.3,-108.3,10.7,15.3,0.971,0.021,0.009,0.756
175,176,D,C,75.2,-84.9,120.7,110.5,-117.8,9.8,16.4,0.917,0.075,0.008,0.791
176,177,P,C,78.3,-71.5,-16.8,98.8,-136.5,9.0,16.6,0.616,0.381,0.003,0.798
177,178,W,H,89.6,-76.4,-20.5,98.7,63.5,13.7,15.2,0.436,0.556,0.008,0.816
178,179,V,H,51.7,-77.8,-15.9,101.1,68.2,13.7,15.9,0.361,0.630,0.009,0.825
179,180,S,H,61.8,-74.0,-15.4,98.7,62.4,8.6,17.5,0.407,0.586,0.007,0.817
180,181,Q,H,85.6,-84.7,-0.1,100.7,68.3,10.7,16.8,0.475,0.514,0.012,0.818
181,182,I,C,46.1,-93.5,115.5,112.2,96.4,17.2,13.6,0.736,0.241,0.023,0.810
182,183,T,C,70.3,-89.0,30.7,106.7,167.4,10.0,17.3,0.854,0.128,0.018,0.812
183,184,N,C,71.9,-99.9,119.1,114.0,141.4,10.0,18.5,0.837,0.146,0.017,0.818
184,185,T,C,66.8,-72.3,-18.8,98.3,-157.0,12.9,15.8,0.539,0.457,0.004,0.836
185,186,D,H,86.0,-70.9,-29.7,96.8,61.8,5.9,19.4,0.417,0.582,0.001,0.853
186,187,T,H,33.8,-67.4,-38.2,94.5,54.3,14.6,18.1,0.216,0.784,0.001,0.862
187,188,L,H,28.2,-64.5,-40.6,93.7,53.3,19.4,19.1,0.096,0.903,0.001,0.858
188,189,A,H,43.8,-64.7,-39.9,93.2,52.8,10.3,23.4,0.059,0.940,0.001,0.857
189,190,A,H,28.5,-66.7,-39.9,93.6,51.1,11.7,23.2,0.053,0.946,0.001,0.866
190,191,V,H,14.8,-67.0,-40.8,94.6,51.3,21.5,20.5,0.056,0.941,0.002,0.875
191,192,A,H,24.7,-65.3,-38.8,93.7,52.9,17.5,21.3,0.065,0.933,0.002,0.874
192,193,Q,H,82.0,-68.6,-33.1,93.5,52.3,8.1,23.6,0.099,0.898,0.003,0.860
193,194,I,H,29.4,-69.5,-35.8,94.8,53.0,17.9,20.6,0.118,0.879,0.003,0.839
194,195,L,H,27.9,-79.1,-17.6,99.1,55.3,21.1,17.8,0.262,0.735,0.004,0.814
195,196,Q,C,84.3,-89.1,2.4,101.3,59.5,9.9,20.0,0.608,0.386,0.006,0.787
196,197,S,C,31.7,-83.7,145.3,117.5,110.1,13.9,15.0,0.918,0.077,0.005,0.752
197,198,P,C,76.2,-66.2,-28.0,95.8,-120.4,8.3,18.2,0.642,0.356,0.002,0.725
198,199,Q,H,53.9,-69.9,-32.2,94.6,53.7,13.6,17.4,0.319,0.680,0.000,0.720
199,200,G,H,14.5,-64.0,-40.4,93.9,55.2,17.1,17.6,0.235,0.764,0.000,0.712
200,201,Q,H,86.2,-66.3,-38.2,93.8,52.1,7.8,21.2,0.144,0.855,0.000,0.720
201,202,Q,H,60.2,-67.1,-39.1,94.0,51.3,10.0,20.5,0.108,0.892,0.000,0.755
202,203,L,H,24.6,-65.6,-41.4,93.9,51.3,18.7,18.9,0.060,0.939,0.000,0.791
203,204,Q,H,46.6,-64.4,-40.1,93.5,52.4,15.6,20.5,0.053,0.947,0.000,0.818
204,205,Q,H,81.0,-66.0,-39.5,93.3,50.8,7.0,23.0,0.058,0.942,0.000,0.835
205,206,L,H,34.3,-66.6,-41.0,93.8,50.3,13.6,20.0,0.066,0.934,0.000,0.854
206,207,I,H,25.7,-66.1,-40.9,94.1,50.4,18.3,18.6,0.104,0.895,0.001,0.872
207,208,Q,H,58.6,-66.0,-39.1,94.0,51.8,11.7,19.7,0.115,0.885,0.001,0.873
208,209,T,H,56.0,-66.9,-39.0,93.6,50.9,7.4,21.2,0.143,0.856,0.001,0.860
209,210,L,H,35.5,-67.6,-39.6,94.1,50.8,14.3,17.2,0.146,0.853,0.001,0.846
210,211,Q,H,62.4,-67.9,-36.4,94.1,51.3,13.2,16.4,0.232,0.765,0.002,0.828
211,212,I,H,94.2,-68.2,-34.8,93.8,51.9,5.9,17.4,0.322,0.675,0.003,0.810
212,213,Q,H,100.5,-72.2,-29.3,94.8,52.3,5.4,14.8,0.473,0.524,0.003,0.783
213,214,Q,C,92.6,-78.5,-20.3,97.1,50.4,7.7,13.1,0.597,0.397,0.006,0.760
214,215,Q,C,97.2,-83.3,-1.3,102.4,62.0,8.2,12.2,0.805,0.187,0.008,0.736
215,216,K,C,112.1,-93.9,124.1,114.1,108.6,6.7,13.3,0.969,0.023,0.008,0.724
216,217,P,C,75.9,-69.8,145.2,109.0,-114.0,8.0,15.0,0.978,0.016,0.006,0.724
217,218,Q,C,74.4,-81.6,134.0,111.8,-118.9,11.1,14.1,0.987,0.010,0.004,0.740
218,219,P,C,83.4,-65.9,-24.6,97.0,-121.6,7.8,14.7,0.902,0.097,0.001,0.753
219,220,S,C,69.0,-75.6,-14.4,98.5,61.5,5.6,16.0,0.849,0.149,0.002,0.772
220,221,I,C,64.3,-76.5,-20.3,98.8,70.3,12.9,14.0,0.755,0.241,0.004,0.791
221,222,L,C,71.6,-79.5,-11.8,101.4,68.1,12.3,14.6,0.740,0.252,0.007,0.813
222,223,Q,C,103.1,-78.0,-11.9,101.5,68.6,6.7,16.5,0.775,0.210,0.015,0.823
223,224,A,C,51.1,-79.8,15.2,105.0,75.2,9.6,16.8,0.770,0.187,0.043,0.829
224,225,L,C,39.9,-91.8,126.3,114.1,109.9,18.9,13.8,0.843,0.074,0.084,0.832
225,226,D,C,51.8,-87.5,128.8,112.2,-129.5,11.2,19.8,0.946,0.036,0.018,0.838
226,227,A,H,52.5,-67.2,-28.7,96.6,-133.1,12.3,16.8,0.312,0.687,0.001,0.821
227,228,G,H,35.8,-68.6,-32.3,94.1,55.4,7.4,19.5,0.283,0.717,0.001,0.814
228,229,L,H,29.4,-67.4,-38.8,94.3,52.3,17.4,17.4,0.123,0.876,0.001,0.830
229,230,V,H,33.3,-64.1,-40.4,93.6,53.7,17.0,19.2,0.109,0.889,0.002,0.865
230,231,V,H,75.1,-65.5,-39.4,92.9,51.5,5.5,23.2,0.111,0.887,0.002,0.896
231,232,Q,H,46.0,-67.4,-39.3,93.7,50.7,12.4,20.3,0.129,0.869,0.002,0.899
232,233,L,H,16.2,-65.1,-41.7,94.0,51.3,22.2,19.0,0.089,0.910,0.001,0.894
233,234,Q,H,74.7,-64.5,-39.8,93.2,52.2,11.2,22.3,0.090,0.909,0.001,0.887
234,235,A,H,48.9,-66.2,-39.5,92.7,50.5,5.7,23.5,0.075,0.925,0.000,0.873
235,236,L,H,23.9,-66.5,-41.5,93.9,50.6,17.4,19.1,0.098,0.901,0.001,0.868
236,237,T,H,30.2,-64.8,-40.0,93.6,51.9,17.1,19.2,0.113,0.886,0.001,0.870
237,238,A,H,58.2,-65.7,-38.9,92.8,51.0,4.9,22.7,0.132,0.867,0.001,0.855
238,239,Q,H,73.6,-68.0,-38.1,93.3,50.0,8.6,20.6,0.159,0.840,0.001,0.850
239,240,L,H,26.1,-67.5,-39.8,94.4,50.8,18.5,16.9,0.151,0.849,0.001,0.845
240,241,T,H,56.4,-65.5,-39.1,94.2,52.5,11.6,19.5,0.189,0.810,0.001,0.839
241,242,A,H,62.5,-67.0,-37.7,93.5,50.5,4.4,21.1,0.184,0.816,0.000,0.836
242,243,A,H,35.4,-68.9,-37.5,94.8,52.0,11.8,17.5,0.212,0.787,0.000,0.817
243,244,A,H,34.3,-68.6,-36.8,95.3,53.0,14.1,16.3,0.252,0.747,0.001,0.817
244,245,A,H,58.6,-68.3,-34.1,95.1,53.4,7.3,18.3,0.314,0.685,0.001,0.815
245,246,A,H,57.7,-73.6,-26.3,97.6,55.4,7.8,16.2,0.395,0.603,0.002,0.802
246,247,A,C,52.6,-75.4,-21.5,98.6,55.6,10.5,14.5,0.528,0.468,0.004,0.792
247,248,N,C,88.3,-81.5,6.9,101.5,58.8,8.7,15.6,0.679,0.315,0.006,0.781
248,249,T,C,78.3,-85.0,11.2,103.4,89.4,8.4,15.1,0.788,0.197,0.015,0.789
249,250,L,C,72.9,-90.4,98.4,109.8,102.5,12.3,13.5,0.921,0.052,0.027,0.796
250,251,T,C,59.3,-97.0,126.8,115.6,-169.7,10.6,16.5,0.977,0.012,0.011,0.803
251,252,P,C,64.2,-69.5,115.1,105.0,-122.0,11.4,16.4,0.820,0.177,0.003,0.794
252,253,L,C,70.3,-78.9,11.4,103.9,-146.3,12.6,15.9,0.655,0.325,0.020,0.787
253,254,E,C,89.7,-82.9,46.3,105.6,90.3,11.5,15.1,0.641,0.333,0.026,0.775
254,255,Q,C,106.0,-85.5,44.8,105.6,95.0,6.9,16.8,0.753,0.223,0.024,0.762
255,256,G,C,39.1,70.2,4.2,104.7,-36.3,9.8,18.3,0.840,0.122,0.038,0.749
256,257,V,C,32.3,-99.0,131.9,117.5,137.2,18.8,15.0,0.702,0.186,0.112,0.754
257,258,S,C,44.3,-85.1,92.5,108.2,-150.2,10.5,23.0,0.640,0.176,0.183,0.763
258,259,F,C,25.1,-77.0,-22.3,99.0,165.5,22.3,17.6,0.637,0.253,0.110,0.764
259,260,N,C,33.0,-78.7,-12.0,99.4,62.7,19.1,17.4,0.741,0.225,0.035,0.776
260,261,K,H,91.6,-66.4,-30.6,94.1,76.8,11.3,19.1,0.378,0.611,0.012,0.778
261,262,K,H,104.5,-70.1,-30.0,94.0,58.3,6.9,20.8,0.320,0.674,0.006,0.769
262,263,L,H,19.3,-80.8,-21.6,98.2,52.0,21.2,16.1,0.267,0.730,0.004,0.770
263,264,M,H,37.6,-77.9,-18.9,101.4,69.8,19.9,15.6,0.333,0.662,0.006,0.783
264,265,D,H,87.5,-80.1,-3.0,100.7,69.0,6.9,19.1,0.445,0.544,0.011,0.788
265,266,R,C,101.3,-84.2,-8.2,100.4,69.1,10.4,17.5,0.502,0.483,0.015,0.773
266,267,F,C,36.1,-95.5,116.6,113.1,86.1,20.6,13.4,0.700,0.229,0.071,0.754
267,268,D,C,66.9,-96.1,102.8,109.7,-158.2,9.2,20.9,0.833,0.074,0.093,0.722
268,269,F,C,51.1,-84.3,-2.1,101.2,-175.2,18.7,13.7,0.790,0.156,0.053,0.684
269,270,G,C,39.3,-36.2,-21.6,104.4,92.0,9.1,16.8,0.837,0.124,0.039,0.655
270,271,E,C,110.1,-87.1,25.0,105.3,89.2,7.0,14.8,0.819,0.152,0.029,0.650
271,272,D,C,70.6,-83.3,105.8,108.8,129.3,9.9,12.2,0.852,0.133,0.015,0.653
272,273,S,C,69.0,-71.1,-21.9,98.6,-172.1,6.1,14.4,0.753,0.240,0.007,0.644
273,274,E,C,103.4,-74.0,-22.8,98.6,66.6,7.3,13.4,0.749,0.241,0.010,0.637
274,275,H,C,96.1,-80.7,-6.4,101.7,72.0,9.8,12.1,0.765,0.221,0.014,0.641
275,276,S,C,69.8,-82.8,12.4,103.7,75.3,5.5,13.2,0.831,0.158,0.011,0.657
276,277,E,C,104.1,-86.1,110.9,109.6,114.7,7.6,12.1,0.859,0.131,0.010,0.654
277,278,E,C,100.2,-90.1,126.5,113.0,-166.4,7.5,14.2,0.888,0.104,0.008,0.657
278,279,P,C,73.9,-69.9,108.8,105.0,-120.0,9.6,13.9,0.819,0.174,0.007,0.655
279,280,K,C,120.8,-79.2,6.1,104.3,132.4,6.5,13.4,0.713,0.268,0.019,0.658
280,281,K,C,126.3,-80.3,-1.5,103.2,75.3,5.4,12.9,0.714,0.265,0.021,0.661
281,282,E,C,115.0,-86.7,49.9,105.9,77.3,5.9,14.5,0.792,0.190,0.018,0.665
282,283,I,C,58.4,-93.4,133.5,117.2,155.0,14.3,11.8,0.948,0.039,0.013,0.667
283,284,P,C,61.1,-70.4,147.9,111.9,-108.4,9.2,16.6,0.893,0.102,0.005,0.655
284,285,A,C,63.1,-69.2,-24.5,99.4,-115.3,9.6,14.7,0.583,0.415,0.001,0.643
285,286,S,C,72.3,-77.0,-12.4,101.1,62.1,4.9,15.1,0.542,0.456,0.002,0.626
286,287,Q,C,85.1,-79.7,-8.5,100.1,65.8,10.5,14.0,0.503,0.493,0.004,0.627
287,288,L,C,60.8,-83.0,8.1,104.0,76.1,14.7,12.9,0.585,0.407,0.008,0.630
288,289,S,C,60.2,-82.6,11.9,104.4,84.8,8.6,16.6,0.715,0.268,0.018,0.645
289,290,H,C,101.6,-89.9,61.5,107.5,98.5,9.0,16.5,0.804,0.175,0.021,0.666
290,291,V,C,45.4,-95.1,126.9,114.2,135.1,16.1,13.5,0.891,0.088,0.021,0.681
291,292,S,C,46.0,-87.2,138.5,113.3,-134.7,10.4,18.0,0.906,0.087,0.007,0.675
292,293,E,H,105.2,-72.1,-21.3,99.3,-124.2,9.6,16.0,0.458,0.542,0.001,0.651
293,294,S,H,58.5,-73.5,-24.6,99.4,61.8,7.7,17.4,0.458,0.541,0.001,0.641
294,295,V,H,43.7,-81.7,-6.1,104.0,65.6,13.3,16.0,0.402,0.595,0.003,0.633
295,296,N,H,39.7,-80.3,-6.7,103.9,72.2,13.2,17.8,0.488,0.510,0.002,0.633
296,297,N,H,68.4,-68.2,-32.5,96.6,71.5,11.4,17.6,0.244,0.756,0.000,0.651
297,298,S,H,56.8,-67.1,-36.3,94.7,55.5,6.5,19.4,0.188,0.812,0.000,0.686
298,299,I,H,45.3,-67.8,-38.8,94.5,52.1,13.2,18.2,0.100,0.900,0.000,0.726
299,300,F,H,45.5,-67.0,-39.4,94.8,52.6,16.2,17.5,0.082,0.918,0.000,0.766
300,301,H,H,92.7,-66.7,-37.5,94.3,52.1,8.1,20.0,0.115,0.885,0.000,0.788
301,302,Q,H,82.2,-67.2,-38.6,93.9,51.0,6.9,20.3,0.110,0.889,0.000,0.795
302,303,I,H,38.6,-67.0,-40.0,94.2,51.1,13.8,17.7,0.071,0.929,0.000,0.804
303,304,A,H,34.2,-65.8,-39.4,94.2,52.1,11.7,18.4,0.057,0.942,0.000,0.796
304,305,E,H,99.9,-66.8,-38.2,93.7,50.8,5.3,19.6,0.081,0.919,0.000,0.781
305,306,Q,H,83.2,-67.8,-37.8,94.3,50.9,7.3,18.8,0.092,0.908,0.000,0.761
306,307,L,H,59.7,-67.5,-38.2,94.4,50.9,10.2,17.5,0.087,0.913,0.000,0.744
307,308,Q,H,76.8,-67.0,-37.7,94.5,51.7,9.2,18.1,0.106,0.894,0.000,0.740
308,309,Q,H,92.1,-66.4,-38.5,94.1,51.9,5.7,18.4,0.130,0.869,0.000,0.719
309,310,Q,H,89.7,-67.1,-38.4,94.1,51.6,5.3,18.3,0.169,0.831,0.000,0.703
310,311,N,H,56.0,-67.7,-37.4,94.6,51.8,10.1,17.5,0.206,0.794,0.000,0.724
311,312,L,H,69.5,-66.0,-39.4,93.9,52.0,8.6,17.6,0.077,0.923,0.000,0.746
312,313,E,H,100.1,-66.3,-38.6,93.7,51.4,4.8,18.4,0.079,0.921,0.000,0.780
313,314,H,H,93.1,-67.3,-38.0,93.8,50.5,6.1,18.4,0.094,0.906,0.000,0.793
314,315,L,H,59.0,-67.0,-38.7,93.8,51.2,9.8,16.1,0.079,0.921,0.000,0.796
315,316,R,H,113.1,-66.1,-38.2,93.8,52.0,6.6,17.4,0.105,0.895,0.000,0.795
316,317,Q,H,101.7,-67.0,-37.3,93.5,51.4,3.8,17.4,0.119,0.881,0.000,0.783
317,318,Q,H,85.4,-69.4,-34.5,94.2,51.4,6.6,15.2,0.142,0.858,0.000,0.766
318,319,L,H,73.4,-70.1,-33.0,95.1,52.7,9.0,13.8,0.191,0.809,0.000,0.752
319,320,L,H,96.9,-74.1,-25.4,97.2,53.6,5.5,13.7,0.273,0.727,0.000,0.736
320,321,E,H,120.3,-81.4,-9.3,100.5,54.5,4.2,13.1,0.413,0.586,0.001,0.710
321,322,Q,C,109.7,-85.2,11.8,104.4,68.4,5.8,10.3,0.529,0.470,0.002,0.697
322,323,Q,C,110.4,-86.0,57.5,106.8,93.0,6.1,10.7,0.668,0.327,0.005,0.669
323,324,Q,C,103.7,-91.9,118.5,111.9,142.2,7.1,11.6,0.854,0.140,0.006,0.658
324,325,P,C,85.3,-75.3,115.7,106.9,-129.9,6.8,12.8,0.732,0.263,0.006,0.629
325,326,Q,C,110.7,-88.9,106.6,109.5,-169.2,7.1,11.5,0.763,0.228,0.009,0.606
326,327,K,C,132.7,-95.6,128.2,114.3,-146.6,5.0,13.9,0.860,0.123,0.017,0.587
327,328,A,C,63.5,-88.6,134.7,114.8,-131.5,9.6,13.0,0.961,0.020,0.018,0.575
328,329,T,C,58.9,-95.2,136.1,117.5,-134.5,11.6,14.8,0.987,0.004,0.010,0.581
329,330,P,C,69.3,-69.8,141.3,108.0,-105.9,10.1,15.9,0.960,0.038,0.002,0.581
330,331,Q,C,95.6,-80.9,88.8,106.9,-131.8,10.0,15.5,0.858,0.132,0.009,0.584
331,332,D,C,79.2,-87.5,58.6,106.1,169.9,9.3,16.7,0.807,0.177,0.017,0.583
332,333,S,C,55.0,-84.2,8.7,103.2,167.6,11.2,16.3,0.799,0.181,0.021,0.559
333,334,Q,C,78.3,-76.4,-14.2,100.3,90.9,12.4,15.0,0.792,0.180,0.028,0.539
334,335,E,C,100.2,-81.2,9.7,102.5,72.9,9.1,16.9,0.830,0.148,0.022,0.528
335,336,G,C,33.4,-27.6,-40.1,108.0,41.0,11.5,17.6,0.871,0.111,0.019,0.521
336,337,T,C,65.7,-81.9,17.1,105.2,91.6,9.5,17.4,0.827,0.143,0.030,0.531
337,338,F,C,56.0,-85.9,-0.1,103.1,69.1,16.5,15.3,0.793,0.173,0.034,0.521
338,339,G,C,27.9,84.4,-154.2,113.6,-147.2,12.2,18.1,0.829,0.148,0.022,0.523
339,340,S,C,61.9,-78.5,-0.9,103.4,-65.1,8.8,17.2,0.757,0.224,0.019,0.536
340,341,E,C,101.4,-77.1,-12.0,100.7,100.3,9.4,16.1,0.709,0.275,0.016,0.541
341,342,H,C,80.5,-85.4,10.2,102.6,63.3,13.1,14.2,0.768,0.213,0.019,0.551
342,343,S,C,65.2,-79.8,-3.1,101.3,112.1,8.0,16.1,0.827,0.153,0.020,0.548
343,344,A,C,54.9,-83.6,23.6,105.3,94.8,10.6,14.2,0.910,0.067,0.024,0.529
344,345,S,C,55.9,-97.0,122.0,114.8,106.6,9.2,15.4,0.967,0.009,0.024,0.505
345,346,P,C,66.0,-70.8,62.0,104.0,-127.7,12.6,14.8,0.944,0.051,0.005,0.480
346,347,S,C,63.1,-82.4,96.9,107.5,-135.7,8.6,16.3,0.907,0.083,0.010,0.463
347,348,Q,C,91.4,-82.2,8.1,103.2,178.0,11.3,14.9,0.875,0.110,0.015,0.447
348,349,G,C,41.6,6.2,-4.0,106.4,15.2,8.8,15.6,0.920,0.071,0.008,0.454
349,350,S,C,63.9,-82.0,9.5,104.2,107.9,8.6,14.9,0.884,0.110,0.006,0.483
350,351,S,C,60.0,-81.7,14.5,104.0,100.2,9.7,14.9,0.837,0.158,0.004,0.512
351,352,Q,C,82.2,-79.8,-3.0,101.5,90.8,12.0,14.6,0.761,0.234,0.006,0.558
352,353,Q,C,86.5,-80.4,29.8,105.0,94.8,10.8,14.9,0.726,0.265,0.009,0.616
353,354,H,C,87.1,-82.6,17.9,104.7,148.1,10.9,16.6,0.751,0.231,0.018,0.659
354,355,F,C,68.7,-90.3,43.2,106.4,74.1,13.9,14.7,0.803,0.172,0.025,0.686
355,356,L,C,67.0,-93.4,124.3,113.6,143.1,12.6,14.9,0.912,0.050,0.039,0.705
356,357,E,C,85.2,-89.5,136.4,116.2,-134.7,10.3,16.6,0.977,0.011,0.011,0.720
357,358,P,C,67.8,-68.8,138.5,106.2,-109.3,10.7,15.0,0.823,0.175,0.002,0.715
358,359,E,C,109.9,-76.6,6.5,103.0,-120.5,8.1,15.8,0.719,0.274,0.007,0.715
359,360,V,C,65.7,-89.0,93.5,109.0,120.4,12.4,12.7,0.707,0.275,0.018,0.709
360,361,N,C,87.5,-86.3,73.8,106.2,175.2,7.7,17.2,0.774,0.201,0.025,0.708
361,362,L,C,62.2,-76.9,-15.3,100.3,141.1,14.5,12.5,0.755,0.225,0.021,0.733
362,363,D,C,85.9,-83.4,6.9,103.5,77.3,7.5,15.2,0.749,0.241,0.010,0.756
363,364,D,C,83.9,-85.3,21.2,104.3,92.0,7.8,15.3,0.598,0.398,0.004,0.758
364,365,S,C,54.3,-80.6,14.4,105.2,133.5,9.5,14.8,0.526,0.470,0.004,0.745
365,366,I,H,71.2,-73.6,-26.0,99.4,106.7,12.3,14.5,0.463,0.530,0.007,0.753
366,367,D,C,75.1,-70.6,-28.6,97.5,62.1,7.9,16.6,0.559,0.435,0.006,0.769
367,368,I,H,71.7,-68.7,-33.0,95.6,59.5,10.4,16.1,0.469,0.521,0.010,0.772
368,369,Q,H,69.9,-70.4,-30.8,95.7,57.6,11.9,14.6,0.490,0.498,0.012,0.765
369,370,Q,C,88.3,-70.9,-30.7,97.0,59.1,8.6,16.3,0.538,0.444,0.018,0.756
370,371,Q,C,85.5,-74.9,-23.3,100.5,67.9,8.7,14.9,0.596,0.372,0.032,0.764
371,372,D,C,65.8,-80.5,10.3,104.0,83.4,10.3,14.9,0.709,0.247,0.044,0.769
372,373,M,C,80.7,-76.2,-19.1,101.4,89.7,11.8,13.8,0.750,0.204,0.046,0.760
373,374,D,C,85.9,-81.6,7.6,104.0,80.8,6.3,15.6,0.811,0.138,0.051,0.754
374,375,I,C,63.9,-86.0,97.3,108.9,137.8,13.2,12.0,0.780,0.162,0.058,0.739
375,376,D,C,80.7,-88.0,99.6,109.1,174.6,7.4,15.5,0.815,0.144,0.041,0.724
376,377,E,C,106.6,-79.7,15.1,103.7,-173.3,8.7,12.8,0.814,0.168,0.018,0.695
377,378,G,C,48.5,-52.1,-2.8,103.4,21.1,5.5,12.9,0.858,0.127,0.015,0.679
378,379,Q,C,114.3,-89.4,62.8,107.6,103.6,4.9,11.4,0.868,0.113,0.018,0.668
379,380,D,C,97.9,-86.5,116.1,109.8,-172.1,4.6,11.8,0.892,0.093,0.015,0.675
380,381,G,C,43.7,-70.6,-18.4,103.6,-126.7,7.0,11.5,0.898,0.091,0.011,0.682
381,382,V,C,88.7,-80.9,-8.7,104.7,117.7,5.9,12.1,0.814,0.158,0.028,0.704
382,383,E,C,114.9,-71.7,-28.5,98.4,73.6,5.4,12.6,0.716,0.258,0.026,0.740
383,384,E,C,108.5,-71.6,-31.0,97.6,62.1,5.2,13.2,0.690,0.293,0.017,0.769
384,385,E,C,101.8,-71.3,-31.9,97.9,61.3,5.7,13.4,0.629,0.342,0.029,0.790
385,386,V,C,76.9,-71.0,-32.5,96.9,57.7,6.9,13.6,0.614,0.355,0.032,0.803
386,387,F,C,92.1,-72.6,-30.9,97.3,57.2,8.4,12.4,0.619,0.359,0.022,0.801
387,388,E,C,117.2,-68.9,-32.5,95.5,57.9,3.2,14.3,0.570,0.411,0.019,0.793
388,389,Q,C,100.0,-71.0,-33.2,96.4,56.3,4.4,13.3,0.511,0.474,0.015,0.779
389,390,E,C,99.5,-69.7,-30.2,95.5,57.1,6.6,11.9,0.512,0.474,0.014,0.758
390,391,A,C,68.8,-69.1,-29.9,94.8,56.9,4.2,12.2,0.608,0.379,0.013,0.750
391,392,K,C,134.1,-76.4,-21.5,98.6,59.7,2.7,11.7,0.703,0.268,0.029,0.738
392,393,K,C,128.4,-81.8,10.6,104.6,78.8,4.2,9.9,0.810,0.157,0.033,0.741
393,394,V,C,101.8,-89.9,86.0,108.5,128.0,4.3,10.4,0.813,0.132,0.055,0.730
394,395,A,C,73.9,-89.7,134.1,113.8,-158.7,5.4,9.1,0.888,0.074,0.037,0.727
395,396,V,C,106.4,-98.5,133.9,116.1,-152.4,4.0,10.2,0.899,0.047,0.054,0.717
396,397,R,C,149.4,-94.0,128.5,113.1,-147.0,5.8,10.0,0.933,0.031,0.036,0.697
397,398,S,C,80.7,-97.8,132.8,113.7,-161.6,3.6,10.2,0.898,0.039,0.063,0.664
398,399,R,C,147.0,-83.9,4.1,104.4,-141.8,5.7,10.3,0.944,0.029,0.026,0.626
399,400,S,C,73.0,-90.1,114.9,110.3,124.3,4.2,10.2,0.928,0.026,0.046,0.606
400,401,R,C,145.1,-79.7,-6.9,101.2,-154.7,5.7,10.6,0.961,0.023,0.015,0.596
401,402,T,C,98.0,-87.6,40.6,106.4,84.7,3.0,10.4,0.943,0.027,0.030,0.606
402,403,H,C,121.0,-93.6,120.2,111.9,146.8,5.6,9.2,0.954,0.028,0.018,0.606
403,404,S,C,77.9,-94.8,137.0,113.0,-165.7,3.4,10.5,0.932,0.036,0.032,0.590
404,405,R,C,150.9,-77.1,-15.1,100.7,-133.8,4.6,10.4,0.935,0.049,0.016,0.576
405,406,S,C,75.0,-85.7,63.9,107.4,89.1,3.5,9.5,0.911,0.052,0.036,0.560
406,407,R,C,149.7,-80.9,-7.1,101.8,122.0,4.7,9.4,0.937,0.047,0.016,0.544
407,408,S,C,82.4,-87.8,81.5,107.8,91.4,2.9,8.7,0.936,0.033,0.031,0.534
408,409,R,C,153.0,-91.2,72.0,108.3,151.1,4.1,9.6,0.970,0.015,0.015,0.530
409,410,S,C,72.8,-95.6,142.8,118.0,-162.2,4.0,8.8,0.976,0.008,0.016,0.530
410,411,P,C,93.4,-71.5,7.3,103.3,-109.0,5.0,10.8,0.952,0.042,0.006,0.533
411,412,R,C,166.5,-85.6,90.1,107.6,-120.9,3.0,9.1,0.938,0.047,0.015,0.532
412,413,K,C,143.8,-88.2,116.0,110.0,-141.1,3.7,8.1,0.921,0.061,0.018,0.534
413,414,R,C,168.5,-86.8,73.0,107.3,-153.0,3.1,8.8,0.917,0.060,0.023,0.533
414,415,R,C,168.2,-86.9,41.0,106.3,107.6,2.8,7.6,0.926,0.060,0.014,0.530
415,416,S,C,81.2,-93.8,121.6,111.5,143.0,3.1,8.0,0.911,0.065,0.024,0.515
416,417,R,C,163.1,-83.2,3.1,103.7,-162.7,3.5,8.2,0.946,0.043,0.011,0.501
417,418,S,C,86.1,-90.2,110.5,109.7,112.7,2.4,7.4,0.933,0.040,0.027,0.483
418,419,R,C,159.2,-88.9,67.6,107.5,-173.1,4.0,8.2,0.955,0.034,0.012,0.473
419,420,S,C,83.2,-90.3,118.6,110.7,172.1,3.3,7.9,0.943,0.038,0.019,0.454
420,421,G,C,56.6,-74.7,-6.3,102.8,-88.5,3.2,9.7,0.946,0.046,0.009,0.455
421,422,S,C,87.0,-87.1,32.0,105.7,78.2,2.2,7.8,0.937,0.048,0.014,0.462
422,423,R,C,159.7,-87.4,40.3,106.4,102.9,3.6,7.9,0.952,0.041,0.007,0.487
423,424,K,C,153.9,-90.7,114.1,110.2,150.8,2.4,7.4,0.935,0.050,0.015,0.520
424,425,R,C,166.8,-90.4,113.8,110.0,-156.9,3.5,7.1,0.936,0.053,0.010,0.545
425,426,K,C,156.2,-89.9,115.3,109.9,-167.6,2.6,6.9,0.937,0.053,0.010,0.565
426,427,H,C,146.3,-92.8,116.4,110.8,-177.3,2.9,7.3,0.920,0.066,0.014,0.586
427,428,R,C,168.2,-87.7,81.6,107.7,-173.6,3.2,7.2,0.935,0.057,0.008,0.581
428,429,K,C,155.8,-91.1,117.4,110.5,-179.4,2.5,7.4,0.910,0.072,0.018,0.569
429,430,R,C,161.8,-90.8,115.8,110.2,-158.5,4.2,7.5,0.931,0.059,0.010,0.554
430,431,S,C,86.6,-93.0,129.8,112.0,-164.7,2.5,7.6,0.900,0.077,0.023,0.534
431,432,R,C,164.6,-81.0,-4.7,102.9,-129.5,3.7,8.1,0.922,0.070,0.009,0.527
432,433,S,C,88.4,-84.8,16.4,104.6,74.9,2.0,8.0,0.900,0.080,0.019,0.513
433,434,R,C,150.4,-86.5,20.1,105.5,79.4,4.3,8.6,0.946,0.048,0.005,0.516
434,435,S,C,75.8,-89.9,130.3,111.3,139.9,3.4,8.5,0.916,0.069,0.015,0.523
435,436,R,C,152.8,-75.4,-18.3,101.0,-125.2,4.2,9.8,0.895,0.100,0.006,0.538
436,437,E,C,144.9,-77.7,-17.6,99.9,64.8,1.7,9.2,0.868,0.120,0.012,0.542
437,438,R,C,153.1,-88.3,75.5,107.8,90.8,4.3,7.5,0.881,0.108,0.011,0.553
438,439,K,C,148.2,-90.7,118.9,110.9,-166.1,3.4,7.8,0.886,0.097,0.017,0.553
439,440,R,C,165.3,-89.4,118.5,110.3,-144.6,3.7,8.2,0.901,0.086,0.013,0.552
440,441,K,C,152.2,-90.1,120.5,110.7,-150.8,3.1,7.8,0.907,0.076,0.016,0.540
441,442,S,C,80.4,-93.0,123.5,111.2,-171.1,4.2,8.2,0.924,0.063,0.013,0.530
442,443,S,C,87.9,-85.0,53.1,106.1,-133.1,2.7,9.0,0.899,0.080,0.022,0.519
443,444,R,C,157.1,-85.0,12.2,104.5,80.1,4.0,9.2,0.927,0.063,0.010,0.522
444,445,S,C,71.2,-91.7,120.7,111.2,114.0,4.5,9.8,0.914,0.065,0.021,0.536
445,446,Y,C,146.0,-88.6,55.7,107.3,-172.3,5.5,10.6,0.919,0.073,0.008,0.546
446,447,S,C,63.7,-86.3,145.3,113.1,168.3,4.9,11.3,0.886,0.108,0.006,0.552
447,448,S,C,70.3,-69.4,-26.9,98.4,-120.0,5.6,12.4,0.636,0.363,0.001,0.569
448,449,E,C,123.7,-68.4,-33.7,95.1,58.5,2.8,12.7,0.507,0.492,0.001,0.585
449,450,R,H,134.6,-67.4,-36.4,94.2,54.3,3.0,13.8,0.399,0.600,0.001,0.607
450,451,R,H,121.9,-66.9,-37.7,94.3,53.5,4.4,15.1,0.339,0.660,0.001,0.621
451,452,A,H,54.5,-66.0,-38.5,93.8,53.8,5.7,14.6,0.306,0.694,0.000,0.633
452,453,R,H,121.9,-66.2,-38.4,93.8,52.8,4.5,15.9,0.297,0.702,0.001,0.643
453,454,E,H,104.2,-66.6,-38.1,93.8,52.4,3.9,16.5,0.281,0.718,0.001,0.649
454,455,R,H,112.0,-67.0,-38.1,93.9,51.9,6.0,16.0,0.252,0.748,0.001,0.661
455,456,E,H,91.7,-66.5,-38.2,94.0,52.4,6.8,16.0,0.241,0.758,0.001,0.676
456,457,K,H,111.5,-66.4,-38.5,93.6,52.1,3.9,16.7,0.219,0.780,0.001,0.682
457,458,E,H,101.4,-67.1,-38.1,93.5,51.4,4.1,15.9,0.230,0.767,0.002,0.675
458,459,R,H,102.1,-68.0,-36.5,93.8,51.7,7.8,13.5,0.261,0.736,0.004,0.671
459,460,Q,H,106.6,-67.1,-35.2,93.2,53.0,4.4,13.0,0.339,0.654,0.007,0.657
460,461,K,H,144.3,-71.1,-29.4,93.8,52.3,1.8,13.1,0.479,0.508,0.013,0.648
461,462,K,C,125.9,-88.6,-2.5,98.8,48.8,3.8,11.3,0.762,0.218,0.020,0.636
462,463,G,C,52.1,85.6,3.8,105.5,-98.2,3.0,14.1,0.973,0.012,0.015,0.641
463,464,L,C,69.8,-94.3,134.1,117.8,161.0,12.1,12.0,0.984,0.000,0.016,0.658
464,465,P,C,58.0,-70.8,151.5,114.5,-103.2,9.9,15.2,0.998,0.000,0.002,0.672
465,466,P,C,79.7,-70.3,146.0,112.0,-100.2,6.5,18.4,0.991,0.007,0.002,0.692
466,467,I,C,59.9,-79.2,134.4,111.5,-112.4,16.2,12.9,0.942,0.038,0.020,0.706
467,468,R,C,121.0,-88.0,130.7,111.8,-139.6,8.8,16.1,0.913,0.064,0.023,0.706
468,469,S,C,69.4,-85.3,76.4,107.3,-132.2,7.4,15.2,0.878,0.097,0.025,0.719
469,470,K,C,119.9,-82.4,-3.2,102.6,154.8,7.5,14.6,0.861,0.109,0.030,0.734
470,471,T,C,69.0,-97.1,88.7,110.8,78.5,8.7,16.0,0.833,0.079,0.088,0.741
471,472,L,C,68.7,-85.1,29.4,105.7,142.1,14.1,14.2,0.839,0.084,0.078,0.751
472,473,S,C,65.1,-88.4,11.1,104.7,117.1,8.1,18.3,0.860,0.033,0.107,0.762
473,474,V,C,45.8,-102.3,130.5,117.6,123.5,15.2,17.1,0.852,0.013,0.135,0.775
474,475,C,C,37.8,-89.7,125.5,112.1,-142.3,14.8,20.3,0.887,0.009,0.103,0.799
475,476,S,C,20.6,-111.1,139.2,121.7,-163.1,18.7,20.4,0.827,0.009,0.164,0.812
476,477,T,C,34.6,-99.9,14.5,106.5,-161.2,18.0,24.4,0.721,0.012,0.267,0.814
477,478,T,E,18.8,-112.3,135.6,124.0,116.1,19.0,25.6,0.104,0.002,0.894,0.825
478,479,L,E,2.3,-116.1,130.1,122.9,-161.0,26.9,25.1,0.019,0.000,0.981,0.836
479,480,W,E,13.7,-106.2,125.3,117.8,-155.9,22.1,29.0,0.021,0.000,0.978,0.841
480,481,V,E,2.5,-114.0,124.4,120.0,-166.2,26.3,26.2,0.137,0.002,0.861,0.846
481,482,G,C,9.4,-175.2,-177.7,124.4,-177.1,20.5,26.1,0.740,0.022,0.237,0.846
482,483,Q,C,67.4,55.5,34.8,99.3,5.1,12.7,25.9,0.893,0.009,0.098,0.852
483,484,V,C,5.5,-96.9,138.7,121.1,160.2,25.6,16.0,0.879,0.002,0.119,0.859
484,485,D,C,39.9,-73.7,147.2,115.2,-109.6,10.8,25.0,0.959,0.002,0.039,0.861
485,486,K,C,110.7,-64.4,-24.8,92.7,-119.2,11.8,17.0,0.973,0.020,0.007,0.844
486,487,K,C,133.6,-87.7,-1.1,96.3,58.0,3.4,21.1,0.974,0.016,0.010,0.828
487,488,A,C,9.4,-79.8,141.9,119.1,110.3,23.4,10.2,0.976,0.001,0.023,0.822
488,489,T,C,61.0,-94.8,161.0,126.5,-138.8,4.2,26.0,0.981,0.001,0.018,0.829
489,490,Q,H,65.6,-59.1,-37.3,90.9,-108.0,18.3,14.6,0.028,0.972,0.000,0.842
490,491,Q,H,118.8,-63.5,-38.2,91.3,55.4,2.4,21.2,0.018,0.982,0.000,0.866
491,492,D,H,53.6,-67.5,-37.8,93.3,50.5,8.6,19.4,0.011,0.989,0.000,0.880
492,493,L,H,3.8,-64.9,-42.3,93.7,51.5,26.0,16.0,0.006,0.994,0.000,0.879
493,494,T,H,39.6,-62.7,-40.8,92.8,53.6,15.0,20.5,0.008,0.992,0.000,0.887
494,495,N,H,94.5,-66.2,-37.8,92.0,50.6,3.0,23.6,0.019,0.981,0.000,0.884
495,496,L,H,20.9,-67.1,-41.1,93.9,50.1,17.0,19.3,0.026,0.974,0.000,0.903
496,497,F,H,9.1,-72.6,-32.3,95.7,50.3,24.5,16.0,0.052,0.948,0.000,0.920
497,498,E,H,106.7,-66.9,-33.6,93.6,60.0,7.4,19.0,0.113,0.887,0.000,0.919
498,499,E,H,113.5,-75.4,-30.4,94.3,47.2,4.1,20.2,0.241,0.758,0.001,0.896
499,500,F,H,33.5,-104.6,-7.5,103.3,32.9,18.8,14.7,0.386,0.612,0.002,0.870
500,501,G,C,17.3,105.8,-172.6,128.9,-121.6,10.0,21.9,0.920,0.009,0.071,0.853
501,502,Q,C,91.3,-90.4,133.7,116.9,-36.0,7.6,24.1,0.606,0.005,0.389,0.850
502,503,I,E,6.5,-78.4,127.0,111.9,-122.3,25.6,15.1,0.152,0.000,0.848,0.851
503,504,E,E,87.4,-94.9,-31.0,99.2,-178.4,6.8,23.8,0.070,0.000,0.930,0.854
504,505,S,E,27.0,-156.1,152.6,145.3,0.4,9.2,27.4,0.015,0.000,0.985,0.839
505,506,I,E,4.0,-132.8,138.8,131.5,-164.0,26.3,17.7,0.007,0.000,0.993,0.824
506,507,N,E,45.3,-113.7,127.6,120.1,-163.6,11.1,28.0,0.010,0.000,0.990,0.794
507,508,M,E,14.5,-109.2,127.0,119.8,-159.3,23.1,22.5,0.072,0.000,0.928,0.785
508,509,I,C,21.9,-108.4,122.5,117.4,-161.8,19.7,22.8,0.520,0.002,0.478,0.787
509,510,P,C,34.8,-75.0,143.6,113.5,-123.4,15.0,23.2,0.900,0.021,0.079,0.783
510,511,P,C,54.0,-72.7,111.3,105.5,-103.4,13.8,20.3,0.872,0.098,0.030,0.777
511,512,R,C,95.9,-91.2,77.1,107.7,71.7,13.0,22.2,0.854,0.097,0.050,0.783
512,513,G,C,11.5,119.1,-177.1,117.9,-22.6,19.1,23.6,0.828,0.037,0.135,0.798
513,514,C,C,10.2,-120.6,143.2,126.8,-179.3,22.6,26.6,0.497,0.011,0.492,0.836
514,515,A,E,2.5,-138.2,151.5,135.1,-175.6,25.3,27.1,0.191,0.001,0.808,0.872
515,516,Y,E,8.0,-115.2,135.2,123.3,-143.1,24.3,28.8,0.018,0.000,0.982,0.910
516,517,V,E,1.5,-116.5,129.4,122.6,-158.0,27.3,26.7,0.006,0.000,0.994,0.931
517,518,C,E,17.2,-105.2,123.3,116.7,-154.8,17.0,28.9,0.024,0.000,0.976,0.953
518,519,M,E,6.2,-97.1,123.4,115.1,-154.3,25.5,21.3,0.233,0.002,0.765,0.940
519,520,V,C,56.2,-93.7,-23.4,100.7,-178.8,12.0,24.5,0.958,0.002,0.041,0.927
520,521,H,C,67.0,-143.6,156.4,139.7,15.5,7.8,26.8,0.982,0.003,0.015,0.922
521,522,R,H,82.5,-60.0,-37.1,92.0,-108.6,18.4,16.2,0.020,0.980,0.000,0.921
522,523,Q,H,113.2,-63.6,-38.9,91.4,54.7,2.8,23.3,0.004,0.996,0.000,0.918
523,524,D,H,36.2,-67.1,-39.3,93.2,50.3,12.2,19.7,0.001,0.999,0.000,0.918
524,525,A,H,3.4,-63.1,-42.9,93.0,52.5,25.6,16.8,0.001,0.999,0.000,0.914
525,526,F,H,74.8,-62.8,-40.9,92.3,52.8,12.4,23.3,0.001,0.999,0.000,0.905
526,527,R,H,114.2,-65.3,-39.8,92.0,50.0,4.4,26.2,0.002,0.998,0.000,0.896
527,528,A,H,4.8,-65.1,-43.7,93.3,50.3,20.8,19.6,0.001,0.999,0.000,0.886
528,529,L,H,14.6,-64.4,-40.9,93.5,51.4,22.9,19.5,0.003,0.997,0.000,0.871
529,530,Q,H,105.0,-67.0,-35.8,92.5,51.8,4.6,22.6,0.018,0.982,0.000,0.863
530,531,K,H,90.2,-77.5,-23.1,94.6,50.8,8.7,19.8,0.084,0.916,0.000,0.834
531,532,L,H,18.6,-78.0,-20.4,100.5,62.7,22.1,13.0,0.301,0.697,0.001,0.797
532,533,S,C,56.9,-82.6,-8.0,101.6,66.4,10.6,17.3,0.582,0.406,0.012,0.778
533,534,S,C,72.7,-89.5,9.1,103.3,48.8,5.0,16.6,0.806,0.179,0.015,0.738
534,535,G,C,39.3,75.9,1.3,105.5,-102.6,10.0,16.0,0.949,0.035,0.016,0.719
535,536,S,C,60.5,-100.0,119.6,113.6,123.4,7.6,18.9,0.928,0.018,0.055,0.737
536,537,Y,C,36.8,-113.1,136.6,123.1,178.3,20.2,15.8,0.542,0.008,0.450,0.773
537,538,K,E,101.1,-102.5,128.1,117.3,-147.9,7.8,22.7,0.116,0.001,0.883,0.794
538,539,I,E,19.1,-117.9,107.2,114.9,-175.1,21.0,12.6,0.116,0.001,0.882,0.813
539,540,G,C,44.8,66.1,-125.9,108.4,-52.5,3.2,17.0,0.993,0.001,0.005,0.816
540,541,S,C,95.6,-87.3,3.6,95.4,-23.3,1.9,15.4,0.995,0.002,0.002,0.833
541,542,K,E,87.2,-105.4,140.8,125.5,99.6,8.9,14.7,0.156,0.002,0.843,0.869
542,543,V,E,63.6,-94.6,128.9,115.9,-137.6,10.9,21.4,0.087,0.001,0.912,0.921
543,544,I,E,10.0,-106.6,130.9,120.3,-156.5,24.3,15.6,0.075,0.002,0.923,0.940
544,545,K,E,80.5,-104.2,126.8,117.0,-150.2,8.7,27.1,0.040,0.002,0.957,0.967
545,546,I,E,7.4,-119.2,134.0,125.2,-169.5,25.3,17.0,0.053,0.003,0.944,0.968
546,547,A,E,34.4,-115.1,136.9,122.6,-168.3,10.7,26.3,0.105,0.013,0.882,0.963
547,548,W,E,40.2,-89.2,129.5,114.7,-138.7,21.3,20.8,0.258,0.061,0.681,0.953
548,549,A,C,23.0,-85.7,123.4,110.6,-141.3,18.1,18.5,0.528,0.103,0.369,0.924
549,550,L,C,68.6,-86.6,100.3,108.5,-146.6,12.4,17.9,0.727,0.090,0.183,0.893
550,551,N,C,92.6,-82.0,55.1,104.9,-4.1,7.9,16.5,0.810,0.097,0.093,0.867
551,552,K,C,108.2,-88.4,20.0,104.4,119.5,9.5,14.0,0.867,0.086,0.047,0.832
552,553,G,C,39.8,90.4,-57.1,110.7,-78.9,7.3,16.3,0.907,0.055,0.039,0.834
553,554,V,C,57.3,-95.9,128.0,115.6,112.0,13.5,13.9,0.895,0.046,0.059,0.855
554,555,K,C,102.4,-92.2,143.8,114.6,-148.0,8.4,16.9,0.897,0.081,0.022,0.880
555,556,T,H,79.0,-77.6,-8.6,103.1,-132.5,8.7,14.8,0.484,0.511,0.005,0.915
556,557,E,H,110.6,-76.7,-20.4,100.8,83.2,5.7,16.9,0.331,0.661,0.008,0.929
557,558,Y,H,50.4,-82.3,-14.3,100.5,55.4,17.3,13.8,0.264,0.715,0.021,0.947
558,559,K,H,91.6,-70.8,-30.6,98.4,77.4,12.4,16.8,0.257,0.715,0.027,0.967
559,560,Q,H,102.6,-79.4,-17.1,100.7,62.8,6.1,19.7,0.344,0.616,0.040,0.982
560,561,F,H,49.1,-92.6,-7.9,104.9,57.5,14.9,17.7,0.429,0.515,0.057,0.982
561,562,W,C,48.0,-104.7,130.2,117.6,97.2,19.5,16.8,0.636,0.235,0.129,0.995
562,563,D,C,50.6,-95.3,102.3,109.7,-150.4,12.1,21.8,0.729,0.124,0.146,1.008
563,564,V,C,37.1,-93.7,26.0,108.3,-178.0,17.9,18.0,0.509,0.307,0.184,0.987
564,565,D,C,67.0,-88.9,12.8,102.4,85.4,10.3,22.4,0.498,0.287,0.215,0.962
565,566,L,E,29.9,-103.2,94.1,113.1,93.7,18.8,21.7,0.362,0.236,0.402,0.916
566,567,G,E,10.2,154.1,170.8,121.9,-145.6,20.6,24.7,0.389,0.086,0.526,0.898
567,568,V,E,11.1,-112.4,134.2,121.5,-139.9,23.6,25.3,0.331,0.034,0.634,0.904
568,569,T,E,18.2,-127.6,147.4,129.2,-178.0,20.4,26.2,0.454,0.026,0.520,0.925
569,570,Y,C,43.8,-102.0,115.7,114.1,-137.7,18.8,25.4,0.664,0.016,0.320,0.938
570,571,I,C,5.2,-98.3,134.3,119.8,-155.9,25.8,17.7,0.935,0.001,0.065,0.956
571,572,P,C,38.2,-69.2,139.7,113.0,-110.4,10.3,25.9,0.978,0.004,0.018,0.950
572,573,W,H,41.4,-62.5,-33.6,93.4,-129.5,22.2,15.0,0.283,0.716,0.001,0.947
573,574,E,H,134.0,-70.5,-22.0,92.2,60.9,3.2,19.2,0.346,0.652,0.002,0.945
574,575,K,H,109.4,-91.6,-5.5,97.1,52.3,6.3,19.2,0.313,0.682,0.004,0.934
575,576,V,C,5.0,-95.5,135.2,120.4,94.5,26.5,8.7,0.978,0.001,0.021,0.938
576,577,K,C,104.6,-93.8,153.9,123.9,-138.7,3.5,25.4,0.977,0.002,0.021,0.937
577,578,V,H,69.8,-59.6,-35.0,92.1,-110.6,15.2,14.5,0.152,0.848,0.000,0.945
578,579,D,H,109.8,-66.9,-29.3,91.5,57.5,1.7,19.6,0.144,0.855,0.001,0.945
579,580,D,H,46.2,-79.5,-19.2,94.9,55.4,11.7,16.3,0.113,0.886,0.001,0.918
580,581,L,H,15.3,-66.2,-37.3,95.4,70.5,23.4,14.0,0.119,0.879,0.001,0.878
581,582,E,H,110.3,-64.9,-36.9,93.4,59.7,5.4,21.8,0.163,0.830,0.008,0.831
582,583,G,H,28.1,-69.5,-31.0,93.5,52.2,8.7,21.5,0.197,0.796,0.007,0.812
583,584,F,H,15.1,-82.7,-14.4,98.3,56.3,23.2,16.7,0.266,0.708,0.026,0.800
584,585,A,H,30.3,-73.8,-28.1,102.2,78.7,16.7,19.6,0.430,0.496,0.073,0.793
585,586,E,C,103.8,-82.8,16.1,103.2,52.5,6.9,24.0,0.581,0.301,0.118,0.769
586,587,G,C,17.0,89.1,-4.4,105.3,30.1,18.1,21.8,0.691,0.186,0.123,0.730
587,588,G,C,9.7,126.4,-179.9,123.3,-133.8,19.8,22.7,0.631,0.041,0.328,0.724
588,589,M,E,55.6,-107.4,133.3,120.2,-113.1,13.3,26.2,0.284,0.016,0.701,0.750
589,590,I,E,11.0,-99.7,128.7,117.7,-149.6,24.6,16.4,0.223,0.017,0.759,0.780
590,591,D,E,58.8,-96.2,117.9,112.4,-150.1,9.6,24.2,0.401,0.066,0.534,0.813
591,592,Q,H,70.0,-70.3,-21.8,97.3,-142.0,16.9,15.5,0.344,0.446,0.211,0.814
592,593,E,H,108.5,-71.6,-28.4,96.7,66.9,6.6,19.8,0.313,0.454,0.233,0.805
593,594,T,H,45.0,-83.3,-26.1,102.5,53.4,10.2,19.4,0.291,0.422,0.287,0.793
594,595,V,H,20.9,-90.9,110.6,111.1,87.9,21.8,13.5,0.337,0.403,0.260,0.780
595,596,N,C,58.7,-88.4,139.6,113.0,-146.4,11.2,18.5,0.476,0.386,0.138,0.777
596,597,T,H,78.6,-70.8,-25.9,98.6,-130.6,8.3,16.8,0.390,0.513,0.097,0.777
597,598,E,H,94.8,-74.7,-23.9,97.8,57.3,7.4,17.6,0.363,0.572,0.065,0.786
598,599,W,H,64.4,-70.1,-31.4,96.7,74.6,16.7,13.3,0.349,0.588,0.063,0.790
599,600,E,H,102.4,-68.4,-32.2,95.7,63.4,7.6,17.3,0.413,0.527,0.060,0.792
600,601,T,C,66.1,-72.7,-31.5,96.3,54.1,6.8,18.0,0.476,0.445,0.078,0.796
601,602,V,C,37.2,-70.7,-33.8,96.5,61.6,15.1,12.7,0.492,0.427,0.081,0.776
602,603,K,C,96.9,-72.8,-26.1,97.4,63.3,10.7,14.1,0.574,0.336,0.090,0.754
603,604,S,C,75.7,-84.8,-3.7,99.4,54.1,3.8,14.5,0.710,0.237,0.052,0.725
604,605,S,C,55.4,-86.3,127.7,111.4,102.2,9.3,9.7,0.866,0.103,0.032,0.705
605,606,E,C,118.3,-89.5,134.1,115.4,-127.4,4.7,13.4,0.908,0.059,0.033,0.709
606,607,P,C,78.1,-68.3,146.7,108.2,-106.6,8.2,13.2,0.865,0.114,0.021,0.706
607,608,V,C,79.4,-78.3,114.5,107.2,-119.8,8.9,12.6,0.751,0.188,0.060,0.727
608,609,K,C,129.1,-79.3,21.1,104.6,-142.4,5.5,12.8,0.692,0.234,0.074,0.733
609,610,E,C,113.4,-83.9,64.5,107.1,145.3,7.0,10.9,0.651,0.255,0.095,0.729
610,611,T,C,85.9,-88.9,88.1,108.5,154.1,5.8,11.5,0.682,0.225,0.093,0.726
611,612,V,C,85.6,-88.6,115.3,110.5,170.4,8.4,9.9,0.751,0.192,0.057,0.718
612,613,Q,C,115.8,-91.2,124.1,112.1,-150.8,5.4,11.3,0.822,0.121,0.057,0.715
613,614,T,C,94.4,-86.4,36.5,106.0,-159.3,5.3,9.5,0.907,0.063,0.030,0.703
614,615,T,C,105.5,-84.3,2.7,102.9,82.0,2.6,9.9,0.941,0.037,0.022,0.681
615,616,Q,C,124.0,-89.4,82.4,108.0,100.5,4.2,8.8,0.965,0.016,0.019,0.658
616,617,S,C,79.6,-92.6,129.7,115.5,-158.6,3.4,9.6,0.987,0.002,0.011,0.653
617,618,P,C,83.2,-69.8,150.7,112.6,-103.2,7.3,11.1,0.994,0.003,0.003,0.661
618,619,T,C,94.8,-84.4,142.6,116.4,-109.7,4.2,11.9,0.993,0.001,0.006,0.684
619,620,P,C,85.2,-66.8,146.8,110.5,-101.0,7.5,11.9,0.993,0.004,0.003,0.698
620,621,V,C,101.5,-90.5,105.9,109.4,-141.0,5.5,11.0,0.967,0.016,0.017,0.717
621,622,E,C,138.0,-86.0,125.8,111.2,-130.8,4.0,9.9,0.957,0.024,0.018,0.735
622,623,K,C,135.0,-89.0,126.4,111.5,-146.0,5.4,9.8,0.955,0.032,0.013,0.758
623,624,E,C,139.9,-81.8,85.7,106.7,-124.1,3.9,10.3,0.960,0.030,0.010,0.783
624,625,T,C,94.3,-84.4,30.7,105.4,176.9,5.4,9.7,0.973,0.019,0.008,0.796
625,626,V,C,98.8,-88.7,94.5,108.7,117.9,5.5,9.8,0.981,0.011,0.008,0.811
626,627,V,C,91.8,-88.3,123.5,111.7,-162.1,6.9,11.3,0.986,0.007,0.007,0.827
627,628,T,C,80.6,-84.6,103.1,108.4,-149.8,7.2,12.2,0.988,0.008,0.004,0.824
628,629,T,C,89.2,-74.8,-22.7,101.0,-177.2,5.0,12.4,0.968,0.027,0.005,0.816
629,630,Q,C,112.5,-79.9,-7.0,102.8,71.4,5.2,12.0,0.937,0.051,0.012,0.812
630,631,A,C,63.7,-82.1,74.2,107.1,109.9,8.2,10.7,0.926,0.060,0.014,0.801
631,632,E,C,128.0,-84.6,112.2,108.8,-162.3,4.6,12.6,0.959,0.029,0.013,0.799
632,633,V,C,93.8,-90.8,127.3,112.9,-145.1,7.0,11.9,0.976,0.005,0.019,0.807
633,634,F,C,106.2,-98.3,132.5,118.1,-152.0,8.9,11.6,0.991,0.000,0.009,0.817
634,635,P,C,79.4,-69.7,151.4,114.2,-102.2,6.1,13.8,0.998,0.000,0.002,0.815
635,636,P,C,84.2,-68.2,151.1,114.2,-97.6,5.7,13.4,0.999,0.001,0.001,0.812
636,637,P,C,82.0,-67.9,146.8,110.7,-96.1,7.3,13.8,0.994,0.005,0.001,0.811
637,638,V,C,80.0,-83.0,138.2,113.3,-112.1,9.0,13.0,0.958,0.034,0.007,0.815
638,639,A,C,73.1,-75.0,140.3,109.7,-108.2,5.2,14.0,0.948,0.046,0.006,0.815
639,640,M,C,114.4,-81.6,118.2,108.8,-112.8,7.1,12.1,0.947,0.046,0.007,0.816
640,641,L,C,103.5,-89.5,130.5,113.3,-164.0,6.7,10.5,0.969,0.021,0.010,0.813
641,642,Q,C,117.4,-86.3,137.6,114.8,-116.5,4.8,13.7,0.988,0.004,0.007,0.815
642,643,I,C,80.9,-84.7,135.2,115.7,-115.1,11.7,10.9,0.990,0.001,0.009,0.816
643,644,P,C,69.6,-66.2,150.8,112.3,-100.7,8.1,12.3,0.997,0.002,0.002,0.810
644,645,V,C,104.4,-79.2,132.8,110.0,-105.6,5.0,13.1,0.988,0.003,0.009,0.809
645,646,A,C,68.1,-79.0,147.8,116.2,-107.0,6.4,11.1,0.994,0.001,0.004,0.789
646,647,P,C,90.1,-68.6,152.2,113.0,-96.2,4.5,12.6,0.995,0.003,0.002,0.756
647,648,A,C,74.5,-73.5,143.8,109.9,-97.8,5.3,14.0,0.992,0.003,0.005,0.752
648,649,V,C,78.5,-90.3,134.1,116.5,-116.6,9.3,11.2,0.990,0.000,0.010,0.758
649,650,P,C,80.4,-67.8,153.3,114.1,-101.5,5.8,11.8,0.997,0.002,0.001,0.759
650,651,T,C,95.6,-75.0,140.1,110.9,-100.0,4.7,13.7,0.994,0.003,0.003,0.764
651,652,V,C,96.2,-91.2,125.4,112.1,-140.6,7.4,10.2,0.983,0.008,0.009,0.749
652,653,S,C,76.7,-84.6,140.6,113.6,-117.4,4.5,12.7,0.987,0.006,0.007,0.734
653,654,L,C,94.5,-82.8,131.9,111.4,-112.6,8.8,11.2,0.978,0.003,0.019,0.728
654,655,V,C,101.5,-94.9,134.0,117.4,-136.0,4.7,13.3,0.985,0.000,0.015,0.723
655,656,P,C,52.9,-71.0,151.9,117.8,-106.6,14.3,9.5,0.998,0.000,0.001,0.729
656,657,P,C,71.2,-65.5,152.1,113.7,-99.2,6.6,13.1,0.997,0.003,0.001,0.715
657,658,A,C,77.6,-71.4,145.0,110.8,-99.1,4.1,14.3,0.991,0.006,0.003,0.714
658,659,F,C,110.6,-90.4,136.8,116.7,-118.6,9.4,10.1,0.989,0.003,0.008,0.712
659,660,P,C,84.7,-68.7,150.0,111.1,-98.9,5.5,12.7,0.993,0.005,0.002,0.697
660,661,V,C,110.3,-79.3,131.3,109.2,-101.7,4.1,11.7,0.985,0.010,0.005,0.696
661,662,S,C,82.6,-84.5,126.7,110.1,-104.0,4.1,11.2,0.985,0.010,0.006,0.665
662,663,M,C,113.5,-90.5,132.3,115.6,-144.3,6.2,9.8,0.989,0.003,0.009,0.649
663,664,P,C,83.2,-67.4,151.3,112.1,-101.2,5.4,12.3,0.994,0.000,0.005,0.620
664,665,V,C,100.0,-82.0,138.1,114.5,-103.5,5.2,12.8,0.990,0.000,0.010,0.614
665,666,P,C,68.9,-69.6,153.0,116.1,-103.0,9.9,10.2,0.999,0.000,0.001,0.598
666,667,P,C,76.8,-67.4,151.2,113.3,-96.4,6.5,12.4,0.999,0.000,0.000,0.590
667,668,P,C,95.4,-66.9,145.3,109.3,-96.4,4.7,12.7,0.995,0.003,0.001,0.574
668,669,G,C,54.4,69.9,-10.4,105.0,-42.9,3.4,13.2,0.988,0.006,0.006,0.557
669,670,F,C,133.1,-93.8,121.8,113.1,111.7,5.2,10.1,0.987,0.002,0.011,0.564
670,671,S,C,74.0,-81.6,142.8,115.8,-116.5,3.9,11.0,0.997,0.000,0.003,0.570
671,672,P,C,92.4,-69.3,147.0,107.9,-96.8,6.1,11.4,0.998,0.000,0.001,0.585
672,673,I,C,120.9,-87.1,130.5,113.1,-107.3,4.2,11.7,0.998,0.000,0.002,0.591
673,674,P,C,94.2,-72.5,151.5,115.0,-97.9,4.4,11.9,0.999,0.000,0.000,0.604
674,675,P,C,82.0,-69.8,151.6,113.6,-94.4,7.1,12.3,0.999,0.000,0.000,0.612
675,676,P,C,69.5,-68.0,151.6,113.3,-97.5,7.9,12.4,0.996,0.004,0.000,0.637
676,677,P,C,85.1,-67.6,147.5,107.3,-99.0,6.3,13.5,0.975,0.024,0.002,0.648
677,678,F,C,141.8,-76.1,14.2,102.3,-79.8,4.8,12.8,0.960,0.035,0.004,0.653
678,679,L,C,101.3,-85.7,75.8,107.2,97.8,6.5,10.4,0.936,0.055,0.009,0.658
679,680,R,C,135.8,-86.4,135.2,113.7,-140.0,6.0,11.6,0.959,0.034,0.007,0.641
680,681,A,C,70.6,-71.7,139.3,107.1,-104.0,5.9,12.6,0.954,0.040,0.006,0.619
681,682,S,C,77.5,-74.1,-9.5,101.2,-82.2,4.3,12.3,0.967,0.026,0.007,0.602
682,683,F,C,132.8,-87.4,16.3,104.3,66.1,5.4,10.0,0.972,0.020,0.008,0.584
683,684,N,C,101.1,-96.0,117.0,113.2,140.2,4.0,11.2,0.995,0.002,0.002,0.559
684,685,P,C,87.2,-67.3,137.5,106.0,-122.8,6.7,10.4,0.993,0.006,0.001,0.523
685,686,S,C,82.5,-81.2,135.2,110.3,-98.6,4.2,11.1,0.991,0.006,0.002,0.503
686,687,Q,C,127.7,-88.7,134.9,115.4,-121.9,4.1,10.3,0.995,0.001,0.005,0.490
687,688,P,C,81.8,-69.1,151.7,114.2,-100.6,7.0,11.1,0.999,0.000,0.001,0.487
688,689,P,C,79.5,-66.5,151.9,114.2,-98.4,5.9,11.8,0.999,0.000,0.000,0.487
689,690,P,C,89.7,-66.9,148.7,108.9,-97.2,5.7,12.2,0.997,0.002,0.001,0.474
690,691,G,C,57.6,-18.7,-5.8,104.1,-70.1,2.8,12.3,0.988,0.007,0.005,0.478
691,692,F,C,143.5,-90.5,112.1,110.7,100.4,4.1,8.5,0.985,0.006,0.009,0.497
692,693,M,C,120.6,-90.0,132.6,115.9,-137.6,4.8,10.1,0.994,0.000,0.005,0.522
693,694,P,C,89.4,-68.1,151.0,114.5,-99.6,5.2,10.3,0.998,0.000,0.002,0.531
694,695,P,C,94.5,-67.8,150.4,114.1,-95.8,4.2,11.1,0.999,0.000,0.001,0.527
695,696,P,C,97.8,-68.8,149.0,110.6,-95.3,4.7,11.2,0.998,0.000,0.001,0.531
696,697,V,C,109.3,-85.5,131.8,113.5,-108.6,4.1,11.8,0.997,0.000,0.003,0.549
697,698,P,C,91.8,-71.4,151.9,115.0,-99.1,5.6,10.9,0.999,0.000,0.001,0.557
698,699,P,C,87.6,-67.7,152.3,114.5,-95.5,5.2,11.6,1.000,0.000,0.000,0.551
699,700,P,C,94.6,-67.0,149.8,111.5,-95.7,4.5,11.5,0.999,0.000,0.001,0.557
700,701,V,C,109.0,-81.1,136.2,111.1,-104.1,4.8,10.3,0.997,0.000,0.003,0.573
701,702,V,C,110.6,-85.1,136.1,114.6,-111.5,3.7,11.5,0.997,0.000,0.003,0.593
702,703,P,C,88.6,-69.7,152.1,114.1,-96.8,5.6,11.6,0.999,0.000,0.001,0.593
703,704,P,C,87.1,-68.8,152.5,113.8,-94.5,5.6,12.1,0.999,0.000,0.001,0.590
704,705,P,C,93.2,-67.3,150.1,110.5,-94.3,5.0,11.7,0.999,0.001,0.001,0.599
705,706,T,C,103.5,-79.3,134.4,109.8,-99.3,3.7,11.8,0.995,0.001,0.004,0.624
706,707,I,C,111.5,-90.3,133.1,115.5,-126.6,5.9,11.0,0.996,0.000,0.004,0.654
707,708,P,C,82.0,-69.1,152.1,114.6,-101.3,5.9,11.9,0.999,0.001,0.001,0.680
708,709,P,C,89.6,-67.2,149.9,110.3,-95.5,5.6,12.4,0.998,0.001,0.000,0.696
709,710,V,C,106.1,-79.2,135.4,110.8,-102.3,4.9,12.9,0.995,0.002,0.003,0.714
710,711,V,C,90.2,-90.7,131.6,115.1,-130.9,7.6,11.9,0.994,0.001,0.005,0.739
711,712,P,C,75.2,-68.4,150.8,111.3,-103.2,7.3,12.6,0.997,0.002,0.001,0.749
712,713,T,C,96.3,-69.5,-21.1,98.7,-111.5,4.8,12.5,0.986,0.012,0.002,0.758
713,714,S,C,76.4,-76.6,-12.2,100.6,64.7,4.3,12.0,0.967,0.025,0.007,0.745
714,715,L,C,89.4,-80.1,-4.8,101.3,72.5,9.1,11.3,0.961,0.018,0.021,0.750
715,716,V,C,87.2,-93.9,125.3,113.6,111.4,6.6,14.1,0.961,0.004,0.034,0.761
716,717,Q,C,80.6,-88.0,132.0,115.2,-130.4,11.0,12.8,0.990,0.001,0.009,0.760
717,718,P,C,66.1,-68.0,143.0,105.7,-105.5,11.2,13.3,0.990,0.008,0.002,0.743
718,719,S,C,68.2,-75.7,104.2,105.9,-107.2,6.1,15.9,0.963,0.030,0.006,0.725
719,720,L,C,92.3,-74.0,-15.6,98.8,-138.6,10.0,12.2,0.931,0.057,0.011,0.707
720,721,S,C,75.8,-79.3,-6.8,100.3,69.3,4.6,12.6,0.943,0.045,0.012,0.702
721,722,M,C,98.6,-82.4,2.5,103.1,82.5,8.7,12.5,0.946,0.039,0.015,0.714
722,723,T,C,71.5,-96.0,113.6,112.5,92.7,7.4,13.9,0.949,0.035,0.016,0.734
723,724,P,C,81.5,-67.3,-23.2,98.0,-151.0,8.8,12.7,0.896,0.089,0.015,0.759
724,725,E,C,119.2,-74.7,-20.6,99.0,69.1,4.5,14.8,0.876,0.104,0.021,0.778
725,726,T,C,68.4,-77.0,-20.2,99.7,62.4,8.5,14.6,0.884,0.094,0.022,0.789
726,727,V,C,55.2,-76.1,-21.8,99.2,69.3,14.1,11.4,0.849,0.105,0.046,0.801
727,728,K,C,124.7,-73.0,-23.7,98.5,66.7,5.1,15.2,0.864,0.093,0.043,0.818
728,729,D,C,94.1,-82.6,1.2,100.6,54.1,4.8,14.8,0.897,0.066,0.037,0.824
729,730,V,C,71.0,-84.0,1.6,103.2,84.2,11.4,12.3,0.891,0.073,0.037,0.805
730,731,G,C,41.8,60.5,1.3,107.3,-73.7,8.1,15.8,0.924,0.046,0.030,0.786
731,732,F,C,107.5,-86.7,19.6,104.3,80.6,10.5,12.8,0.909,0.055,0.037,0.777
732,733,G,C,49.2,76.5,-3.3,105.2,-47.4,5.0,14.9,0.944,0.031,0.025,0.776
733,734,S,C,69.6,-91.1,107.2,110.1,93.8,6.2,13.5,0.942,0.024,0.034,0.789
734,735,L,C,88.8,-82.9,103.1,108.2,-157.9,10.1,13.3,0.936,0.010,0.054,0.792
735,736,V,C,71.7,-98.5,130.6,116.7,-173.1,10.0,15.8,0.899,0.003,0.098,0.795
736,737,I,C,58.1,-81.6,136.3,114.0,-123.3,14.9,14.0,0.975,0.000,0.025,0.778
737,738,P,C,66.1,-69.6,130.4,105.6,-104.9,11.8,14.3,0.984,0.007,0.009,0.739
738,739,G,C,49.3,-24.7,16.9,105.8,-57.5,6.2,15.0,0.964,0.018,0.018,0.709
739,740,G,C,53.6,-20.5,9.3,106.6,-1.3,4.2,13.2,0.947,0.027,0.025,0.691
740,741,S,C,74.0,-87.1,43.7,105.9,74.5,5.1,12.2,0.946,0.024,0.029,0.692
741,742,V,C,74.6,-88.8,109.5,110.2,140.6,9.9,11.6,0.939,0.022,0.040,0.705
742,743,A,C,61.0,-75.0,93.1,105.8,-125.4,8.4,13.9,0.959,0.028,0.014,0.724
743,744,S,C,70.1,-71.9,-13.9,99.2,-111.1,7.0,12.9,0.939,0.053,0.009,0.724
744,745,N,C,109.7,-75.7,-12.8,98.2,62.0,3.4,13.6,0.917,0.072,0.011,0.727
745,746,L,C,90.2,-84.6,-0.9,101.0,61.4,8.2,12.1,0.884,0.093,0.023,0.736
746,747,A,C,63.5,-81.7,41.0,105.4,94.1,8.2,11.6,0.918,0.062,0.020,0.751
747,748,T,C,82.8,-89.2,73.4,107.6,117.0,6.5,13.7,0.926,0.056,0.018,0.756
748,749,S,C,67.5,-80.4,54.7,105.7,-153.9,7.6,13.1,0.915,0.065,0.020,0.743
749,750,A,C,64.0,-77.6,-6.3,102.4,116.5,7.5,15.0,0.900,0.046,0.054,0.733
750,751,L,C,61.6,-95.0,130.8,116.9,139.2,14.2,13.2,0.936,0.005,0.060,0.730
751,752,P,C,46.8,-71.5,145.4,111.6,-106.1,13.0,15.7,0.970,0.012,0.018,0.711
752,753,A,C,63.0,-72.1,2.9,102.1,-121.5,9.3,16.2,0.924,0.061,0.015,0.696
753,754,G,C,42.2,69.6,-42.8,108.6,3.7,7.5,16.0,0.874,0.100,0.026,0.691
754,755,N,C,85.1,-89.0,103.8,109.5,-118.5,8.5,16.1,0.858,0.101,0.041,0.705
755,756,V,C,63.6,-86.8,21.3,105.6,167.9,12.5,14.4,0.814,0.101,0.085,0.722
756,757,F,C,83.4,-90.7,79.2,108.4,87.6,13.4,13.2,0.860,0.056,0.084,0.735
757,758,N,C,86.5,-92.9,101.4,110.0,143.3,8.1,15.7,0.941,0.014,0.045,0.723
758,759,A,C,56.6,-86.4,137.3,115.6,-145.1,9.1,13.9,0.974,0.009,0.018,0.717
759,760,P,C,71.6,-69.5,144.9,108.4,-106.6,10.2,13.3,0.936,0.051,0.012,0.695
760,761,T,C,89.0,-80.7,119.5,108.3,-114.0,6.4,13.9,0.875,0.102,0.022,0.700
761,762,K,C,135.7,-84.3,47.1,105.7,-132.8,5.5,12.0,0.879,0.092,0.028,0.688
762,763,Q,C,123.6,-88.5,88.5,108.1,125.0,4.5,11.0,0.912,0.050,0.039,0.675
763,764,A,C,61.1,-88.5,135.4,114.8,176.4,8.7,11.0,0.938,0.011,0.051,0.669
764,765,E,C,112.6,-84.5,140.3,115.9,-119.0,5.9,15.2,0.975,0.003,0.022,0.680
765,766,P,C,61.8,-69.2,148.5,111.2,-104.1,12.7,11.8,0.937,0.054,0.010,0.672
766,767,E,C,133.5,-75.0,-13.9,98.6,-120.5,4.4,15.7,0.904,0.087,0.009,0.680
767,768,E,C,104.5,-87.4,83.5,108.3,88.7,8.1,12.1,0.889,0.087,0.025,0.691
768,769,K,C,121.3,-91.6,121.9,112.3,169.0,6.0,14.6,0.922,0.032,0.046,0.710
769,770,V,C,51.2,-93.4,137.1,118.0,-145.9,14.4,12.8,0.957,0.007,0.036,0.729
770,771,P,C,63.9,-69.4,143.8,108.8,-105.2,10.6,15.3,0.932,0.055,0.013,0.737
771,772,H,C,106.9,-80.7,18.4,105.1,-132.1,9.2,15.5,0.858,0.102,0.040,0.745
772,773,L,C,95.3,-77.3,7.1,103.5,-169.7,7.6,15.0,0.819,0.111,0.070,0.768
773,774,I,C,77.1,-84.6,25.4,105.4,137.4,12.7,12.3,0.817,0.141,0.043,0.778
774,775,D,C,92.2,-85.3,38.6,104.9,80.6,6.3,15.3,0.828,0.130,0.042,0.793
775,776,H,C,110.6,-82.8,19.6,103.7,152.4,9.0,13.7,0.803,0.153,0.044,0.782
776,777,Q,C,105.5,-90.4,92.7,109.1,107.7,6.6,14.3,0.829,0.096,0.076,0.747
777,778,I,C,77.1,-90.3,104.9,110.0,162.6,11.9,13.4,0.852,0.086,0.062,0.696
778,779,S,C,63.8,-90.0,121.6,110.8,-169.3,7.4,14.9,0.882,0.075,0.044,0.655
779,780,S,C,64.4,-74.4,-15.0,100.2,-136.8,9.2,14.0,0.869,0.107,0.024,0.613
780,781,G,C,45.2,-73.5,-18.9,99.3,68.2,6.5,13.1,0.819,0.162,0.019,0.595
781,782,E,C,110.2,-78.2,-12.6,100.4,66.3,6.5,13.9,0.794,0.184,0.022,0.603
782,783,N,C,76.2,-84.6,14.2,102.3,63.5,10.1,13.3,0.826,0.148,0.026,0.633
783,784,T,C,67.9,-89.6,72.6,107.6,100.0,10.2,14.3,0.828,0.110,0.062,0.662
784,785,R,C,115.1,-88.3,96.9,109.1,137.2,10.1,14.5,0.867,0.067,0.066,0.683
785,786,S,C,61.0,-94.8,130.2,113.7,-178.5,8.8,15.2,0.876,0.027,0.097,0.706
786,787,V,C,70.3,-90.6,130.7,113.5,-138.2,11.4,15.8,0.873,0.011,0.117,0.714
787,788,I,C,61.3,-96.0,127.9,115.7,-140.8,14.1,14.3,0.953,0.001,0.046,0.727
788,789,P,C,69.9,-69.4,139.9,107.5,-111.1,10.0,15.3,0.974,0.018,0.008,0.741
789,790,N,C,101.3,-81.7,38.7,104.7,-125.0,7.0,15.2,0.907,0.066,0.027,0.745
790,791,D,C,89.9,-90.6,70.6,107.0,112.6,6.4,16.1,0.808,0.116,0.076,0.747
791,792,I,C,71.5,-95.7,114.7,112.2,155.6,11.8,15.0,0.769,0.152,0.079,0.736
792,793,S,C,41.8,-97.6,149.9,118.0,-163.8,11.5,15.8,0.792,0.151,0.058,0.726
793,794,S,C,59.8,-78.0,-11.1,100.3,-140.0,9.9,16.4,0.752,0.219,0.028,0.709
794,795,N,C,87.3,-79.2,-2.5,100.2,74.7,8.5,16.1,0.647,0.344,0.010,0.715
795,796,A,C,53.5,-68.7,-29.9,96.4,72.6,9.2,16.1,0.555,0.430,0.016,0.720
796,797,A,C,46.2,-68.4,-30.3,95.3,58.4,10.5,16.4,0.537,0.435,0.027,0.722
797,798,I,C,65.7,-74.6,-28.4,98.3,60.7,12.2,15.9,0.537,0.378,0.085,0.708
798,799,L,C,55.7,-79.4,-10.1,100.1,59.6,14.9,14.0,0.675,0.259,0.066,0.677
799,800,G,C,43.4,77.0,3.3,103.6,-45.8,7.2,17.1,0.883,0.050,0.067,0.629
800,801,G,C,36.9,129.0,-179.1,118.7,128.1,8.6,16.6,0.883,0.017,0.100,0.612
801,802,Q,C,104.7,-95.3,134.1,117.3,-89.7,6.7,17.3,0.937,0.001,0.062,0.616
802,803,P,C,57.5,-70.6,147.9,114.6,-106.5,14.3,13.2,0.988,0.000,0.012,0.637
803,804,P,C,62.2,-68.4,147.2,110.0,-99.3,11.8,14.7,0.986,0.004,0.010,0.646
804,805,N,C,97.8,-85.3,120.1,110.4,-114.0,5.9,18.5,0.937,0.008,0.055,0.658
805,806,V,C,64.6,-85.7,64.7,107.4,-151.3,14.2,11.6,0.825,0.027,0.148,0.676
806,807,T,C,80.2,-87.2,74.9,108.2,168.7,6.7,15.1,0.888,0.013,0.099,0.685
807,808,S,C,70.1,-79.8,-6.8,101.8,-162.0,7.3,13.7,0.893,0.050,0.057,0.682
808,809,N,C,97.9,-82.2,5.8,100.8,66.7,6.5,14.0,0.900,0.076,0.025,0.674
809,810,S,C,65.6,-76.4,-15.6,100.1,90.9,7.6,13.6,0.854,0.120,0.026,0.669
810,811,G,C,40.4,63.4,-16.1,103.9,-65.5,8.2,16.9,0.822,0.130,0.048,0.682
811,812,I,C,66.1,-78.0,-22.1,98.7,59.7,12.9,13.3,0.730,0.183,0.087,0.700
812,813,L,C,67.2,-83.6,-3.1,100.5,55.2,13.5,12.8,0.784,0.155,0.061,0.713
813,814,G,C,45.7,78.8,-4.2,102.7,-59.7,5.6,17.0,0.879,0.057,0.064,0.720
814,815,V,C,75.4,-95.4,126.1,113.9,107.1,8.9,13.1,0.840,0.034,0.126,0.737
815,816,Q,C,92.5,-96.2,130.8,116.1,-143.0,8.9,16.2,0.833,0.014,0.153,0.737
816,817,R,C,97.1,-83.3,138.6,115.5,-124.5,11.7,14.5,0.957,0.001,0.042,0.739
817,818,P,C,64.7,-68.5,148.5,110.8,-101.1,11.0,14.1,0.972,0.011,0.017,0.721
818,819,N,C,105.8,-80.6,105.7,107.4,-108.2,5.2,17.4,0.943,0.017,0.040,0.707
819,820,V,C,65.2,-98.3,130.8,116.0,-159.7,12.7,12.0,0.884,0.015,0.101,0.698
820,821,S,C,55.2,-92.9,160.4,121.3,-141.0,7.5,15.4,0.931,0.008,0.061,0.687
821,822,S,C,78.8,-73.0,-17.5,97.5,-116.3,5.0,14.4,0.920,0.065,0.015,0.678
822,823,N,C,86.7,-85.6,2.9,101.1,57.9,7.3,14.1,0.888,0.098,0.015,0.682
823,824,S,C,60.3,-71.9,-20.9,98.3,116.0,10.1,13.0,0.828,0.153,0.019,0.692
824,825,E,C,115.6,-72.0,-26.5,97.4,60.1,4.6,16.1,0.799,0.149,0.052,0.706
825,826,I,C,69.6,-77.7,-20.7,99.8,59.7,11.5,14.3,0.726,0.158,0.115,0.708
826,827,L,C,70.0,-85.2,43.3,105.6,71.7,13.0,13.4,0.796,0.104,0.099,0.705
827,828,G,C,40.1,90.9,-93.2,110.6,-1.1,7.2,16.8,0.884,0.024,0.092,0.710
828,829,V,C,78.1,-91.9,126.8,113.2,139.3,9.3,14.0,0.822,0.015,0.163,0.722
829,830,R,C,113.5,-98.6,127.7,116.7,-141.6,8.9,14.8,0.895,0.003,0.102,0.716
830,831,P,C,78.1,-67.9,146.1,110.0,-104.2,8.2,14.7,0.964,0.007,0.029,0.705
831,832,S,C,64.9,-77.3,124.8,108.3,-108.5,9.1,14.3,0.928,0.041,0.031,0.686
832,833,N,C,94.0,-87.9,93.1,107.6,-131.4,7.1,16.5,0.881,0.043,0.076,0.662
833,834,V,C,61.8,-92.1,125.4,113.0,-178.9,12.7,12.1,0.827,0.050,0.123,0.656
834,835,S,C,51.3,-87.1,149.5,116.2,-136.1,10.0,15.1,0.905,0.016,0.079,0.655
835,836,S,C,83.0,-78.6,-10.1,98.1,-134.7,4.2,13.2,0.914,0.047,0.039,0.648
836,837,S,C,71.9,-82.4,-3.5,101.9,70.5,5.7,12.3,0.909,0.069,0.022,0.642
837,838,S,C,68.8,-72.5,-16.5,99.4,171.5,6.6,14.1,0.872,0.109,0.020,0.644
838,839,G,C,40.2,-31.9,-21.0,100.0,-91.1,7.3,16.1,0.810,0.148,0.042,0.659
839,840,I,C,60.3,-71.1,-32.8,95.5,59.4,12.4,12.9,0.687,0.236,0.076,0.693
840,841,I,C,58.0,-71.9,-30.2,96.7,58.0,14.5,12.6,0.696,0.223,0.081,0.715
841,842,A,C,65.3,-69.8,-30.5,95.8,55.7,5.8,16.1,0.801,0.136,0.063,0.740
842,843,A,C,68.8,-79.5,-16.5,101.0,58.9,4.6,13.9,0.869,0.055,0.077,0.748
843,844,Q,C,100.3,-98.7,118.4,114.4,56.0,7.2,13.3,0.951,0.002,0.047,0.746
844,845,P,C,55.0,-68.8,151.3,115.7,-107.4,11.6,12.3,0.988,0.001,0.012,0.746
845,846,P,C,77.2,-67.6,146.1,109.1,-100.8,7.6,15.5,0.963,0.030,0.008,0.739
846,847,N,C,93.8,-82.4,117.0,109.2,-106.8,7.0,17.1,0.882,0.047,0.071,0.727
847,848,I,C,69.8,-89.9,108.2,110.0,-156.7,13.4,11.4,0.790,0.064,0.146,0.726
848,849,L,C,94.0,-86.1,120.0,110.2,-139.4,8.1,14.8,0.865,0.030,0.105,0.726
849,850,N,C,96.3,-92.9,93.9,109.5,-168.4,6.6,13.6,0.898,0.048,0.054,0.726
850,851,N,C,99.0,-74.2,-15.6,98.7,-163.0,7.0,12.4,0.885,0.087,0.028,0.723
851,852,S,C,67.9,-77.0,-15.7,99.0,64.9,6.3,14.2,0.855,0.116,0.029,0.703
852,853,G,C,38.7,31.8,-14.5,103.5,-26.6,8.9,15.7,0.805,0.141,0.054,0.697
853,854,I,C,77.5,-80.0,-15.2,100.8,66.2,11.2,13.5,0.704,0.182,0.114,0.701
854,855,L,C,73.5,-85.2,15.7,103.6,65.0,12.8,12.3,0.764,0.138,0.098,0.697
855,856,G,C,45.3,74.2,-2.6,105.6,-52.1,6.0,16.2,0.865,0.042,0.092,0.701
856,857,I,C,89.4,-95.6,129.7,115.4,129.2,8.5,12.5,0.853,0.018,0.128,0.707
857,858,Q,C,102.9,-88.1,129.1,114.1,-123.4,7.2,14.6,0.940,0.001,0.058,0.711
858,859,P,C,63.1,-69.1,150.8,113.4,-105.6,11.7,11.8,0.987,0.001,0.012,0.707
859,860,P,C,80.3,-69.8,144.8,109.8,-97.7,7.3,14.6,0.966,0.023,0.011,0.692
860,861,S,C,72.5,-83.0,120.0,110.0,-111.4,6.0,14.4,0.904,0.033,0.063,0.672
861,862,V,C,73.7,-92.0,123.1,112.6,-155.1,10.3,10.1,0.863,0.060,0.077,0.657
862,863,S,C,77.9,-77.6,133.4,109.7,-117.1,4.7,12.2,0.893,0.062,0.045,0.645
863,864,N,C,116.4,-79.3,-6.2,100.0,-136.3,4.0,11.1,0.881,0.085,0.034,0.636
864,865,S,C,76.3,-83.3,1.5,101.3,70.4,4.6,10.0,0.883,0.089,0.028,0.635
865,866,S,C,72.3,-75.8,-14.2,99.3,85.0,5.4,11.9,0.860,0.111,0.029,0.621
866,867,G,C,44.6,42.7,-19.3,102.5,-38.6,6.0,13.7,0.867,0.097,0.036,0.622
867,868,L,C,96.8,-75.3,-22.7,98.0,60.1,6.1,12.0,0.800,0.139,0.060,0.641
868,869,L,C,89.5,-84.8,0.1,101.0,49.3,8.6,12.2,0.836,0.109,0.055,0.655
869,870,G,C,46.7,82.4,-9.5,106.1,-83.4,4.8,14.3,0.905,0.027,0.067,0.681
870,871,V,C,90.5,-94.7,130.8,115.1,119.6,6.1,11.4,0.895,0.009,0.096,0.702
871,872,L,C,103.2,-84.3,139.3,115.8,-112.8,6.2,13.1,0.973,0.000,0.027,0.709
872,873,P,C,60.4,-70.8,148.5,113.4,-102.3,12.6,11.1,0.991,0.001,0.009,0.711
873,874,P,C,82.8,-68.0,146.4,109.0,-100.7,6.9,14.0,0.987,0.007,0.006,0.693
874,875,N,C,115.1,-75.8,79.9,104.6,-93.5,4.0,14.5,0.949,0.011,0.041,0.669
875,876,I,C,69.1,-94.0,129.1,115.9,-177.7,12.1,9.6,0.934,0.009,0.057,0.655
876,877,P,C,76.9,-67.7,147.2,108.3,-108.0,6.9,13.8,0.960,0.018,0.023,0.640
877,878,N,C,111.4,-74.6,-10.6,100.0,-115.0,5.1,12.9,0.927,0.050,0.023,0.637
878,879,N,C,101.7,-81.6,-0.2,99.5,61.3,5.5,13.2,0.917,0.064,0.019,0.632
879,880,S,C,64.8,-75.5,-15.8,99.5,73.9,7.2,13.5,0.895,0.081,0.024,0.619
880,881,G,C,40.6,7.9,-16.1,100.8,-39.1,7.9,15.1,0.892,0.071,0.036,0.615
881,882,L,C,70.3,-77.5,-20.3,98.9,61.5,11.5,12.3,0.862,0.093,0.045,0.628
882,883,V,C,77.6,-80.9,0.5,102.3,62.3,9.2,13.7,0.877,0.080,0.043,0.640
883,884,G,C,45.0,70.1,-6.9,104.7,2.7,6.1,15.5,0.935,0.022,0.043,0.650
884,885,V,C,90.1,-90.5,107.0,110.2,100.5,6.0,11.4,0.922,0.010,0.068,0.658
885,886,Q,C,107.6,-92.2,134.5,116.6,-129.1,6.2,13.2,0.967,0.000,0.033,0.655
886,887,P,C,72.4,-69.5,148.9,112.6,-102.9,9.6,11.9,0.993,0.000,0.007,0.645
887,888,P,C,89.5,-68.8,148.2,109.3,-98.9,6.0,12.4,0.992,0.003,0.005,0.628
888,889,N,C,121.9,-82.4,106.5,107.6,-107.0,3.3,12.5,0.975,0.005,0.020,0.624
889,890,V,C,78.5,-91.5,126.7,114.2,-159.9,9.3,9.1,0.965,0.002,0.033,0.627
890,891,P,C,91.4,-71.2,134.5,107.2,-122.8,5.8,11.7,0.982,0.005,0.014,0.625
891,892,N,C,114.4,-86.3,93.8,107.7,-128.9,4.4,11.6,0.977,0.008,0.015,0.625
892,893,T,C,76.2,-85.2,53.8,105.8,170.6,8.9,11.1,0.971,0.015,0.013,0.631
893,894,P,C,89.4,-68.4,-23.7,98.0,104.1,5.2,13.7,0.935,0.054,0.011,0.615
894,895,G,C,45.0,-70.2,-23.1,98.6,46.1,4.6,15.3,0.914,0.063,0.023,0.603
895,896,L,C,77.3,-75.6,-23.1,97.8,59.6,9.4,11.7,0.867,0.094,0.039,0.602
896,897,L,C,88.8,-82.3,-2.6,101.3,58.9,8.9,12.4,0.874,0.087,0.039,0.598
897,898,G,C,53.4,66.0,-2.3,102.2,6.7,3.4,14.4,0.942,0.033,0.025,0.604
898,899,T,C,86.9,-87.5,54.0,107.0,95.1,5.2,10.7,0.933,0.019,0.048,0.612
899,900,Q,C,102.5,-96.2,130.0,116.5,-173.1,6.7,12.4,0.961,0.001,0.038,0.610
900,901,P,C,78.2,-69.0,149.1,112.2,-102.3,7.9,12.7,0.990,0.002,0.008,0.607
901,902,P,C,90.7,-68.7,132.4,105.1,-102.3,6.3,12.9,0.976,0.017,0.007,0.583
902,903,A,C,76.6,-82.5,22.9,104.5,-119.9,5.6,13.8,0.948,0.027,0.025,0.565
903,904,G,C,39.7,126.1,179.7,118.6,9.7,6.8,14.5,0.965,0.016,0.019,0.567
904,905,P,C,81.4,-72.8,94.9,104.8,-64.7,8.3,14.7,0.950,0.041,0.009,0.570
905,906,Q,C,107.2,-86.5,71.6,107.0,132.2,7.1,13.7,0.949,0.043,0.008,0.591
906,907,N,C,94.7,-84.3,57.5,104.7,-140.2,6.9,15.9,0.958,0.025,0.017,0.608
907,908,L,C,61.6,-92.2,132.4,116.5,176.2,14.6,12.4,0.976,0.002,0.022,0.631
908,909,P,C,44.6,-69.8,148.9,114.2,-105.4,13.5,14.3,0.993,0.003,0.004,0.652
909,910,P,C,76.4,-68.2,140.9,107.6,-104.2,7.9,15.2,0.954,0.040,0.006,0.653
910,911,L,C,97.8,-70.1,-17.3,99.6,-119.8,9.1,12.9,0.927,0.061,0.012,0.656
911,912,S,C,80.3,-84.3,14.0,100.1,44.4,3.3,15.1,0.957,0.030,0.013,0.667
912,913,I,C,54.5,-90.9,119.4,112.6,131.4,14.3,11.1,0.963,0.016,0.021,0.673
913,914,P,C,73.8,-70.0,108.0,104.7,-119.7,8.2,15.9,0.930,0.062,0.008,0.668
914,915,N,C,108.2,-72.2,-14.2,98.7,-105.5,5.4,13.4,0.868,0.120,0.012,0.662
915,916,Q,C,109.0,-77.3,-8.5,98.0,64.4,5.8,13.5,0.868,0.116,0.017,0.656
916,917,R,C,104.2,-79.8,-11.8,99.2,69.2,10.4,14.5,0.871,0.095,0.035,0.662
917,918,M,C,55.8,-94.9,112.3,112.4,74.1,15.3,13.7,0.949,0.020,0.031,0.678
918,919,P,C,59.5,-73.2,118.5,106.4,-130.6,11.3,16.8,0.980,0.016,0.004,0.683
919,920,T,C,74.2,-85.6,44.4,105.1,-150.7,8.9,17.6,0.973,0.019,0.008,0.699
920,921,M,C,48.8,-96.9,128.3,116.9,160.1,16.6,14.0,0.940,0.044,0.015,0.715
921,922,P,C,58.4,-71.3,111.5,105.3,-119.7,10.4,18.0,0.915,0.081,0.004,0.710
922,923,M,C,60.2,-74.3,-19.2,99.0,56.4,14.8,14.9,0.773,0.213,0.014,0.728
923,924,L,C,77.8,-73.8,-20.6,98.6,69.9,12.6,14.1,0.691,0.273,0.036,0.733
924,925,D,C,93.2,-82.5,0.9,99.4,55.7,4.8,16.5,0.784,0.184,0.033,0.748
925,926,I,C,76.4,-84.2,21.2,105.2,89.2,11.3,11.5,0.834,0.088,0.078,0.751
926,927,R,C,107.7,-95.4,121.8,114.3,134.4,9.1,12.9,0.951,0.004,0.046,0.738
927,928,P,C,86.0,-66.2,127.0,104.9,-110.2,6.8,14.4,0.966,0.020,0.015,0.698
928,929,G,C,45.8,78.5,-2.0,100.3,22.9,5.2,17.3,0.959,0.019,0.022,0.680
929,930,L,C,65.2,-87.9,135.4,114.4,117.5,11.9,12.3,0.922,0.011,0.067,0.668
930,931,I,C,70.5,-81.2,140.4,115.9,-115.8,11.5,13.0,0.973,0.001,0.027,0.673
931,932,P,C,87.2,-68.3,146.4,111.7,-100.0,5.6,14.1,0.990,0.002,0.008,0.666
932,933,Q,C,115.9,-78.9,140.5,112.5,-104.9,6.5,12.0,0.980,0.001,0.018,0.639
933,934,A,C,64.1,-76.2,151.6,115.9,-103.1,6.5,11.9,0.987,0.000,0.013,0.622
934,935,P,C,115.0,-68.4,143.1,108.5,-91.4,2.3,12.5,0.994,0.003,0.003,0.603
935,936,G,C,51.0,110.9,-175.2,116.4,17.9,3.0,13.2,0.981,0.006,0.013,0.613
936,937,P,C,80.1,-74.0,148.6,114.3,-72.5,6.7,13.2,0.975,0.012,0.013,0.629
937,938,R,C,126.5,-79.0,139.9,111.9,-108.1,8.5,13.9,0.971,0.004,0.026,0.668
938,939,F,C,67.4,-85.5,132.2,114.5,-113.0,14.4,13.1,0.964,0.009,0.027,0.700
939,940,P,C,76.3,-67.8,-15.3,100.2,-123.1,8.4,15.8,0.957,0.037,0.006,0.700
940,941,L,C,82.8,-77.8,-7.6,100.8,60.6,10.1,14.4,0.890,0.082,0.027,0.703
941,942,I,C,80.1,-85.3,56.4,106.6,79.7,11.3,12.8,0.873,0.069,0.058,0.685
942,943,Q,C,90.0,-97.4,123.4,115.3,-162.1,7.9,14.5,0.964,0.002,0.034,0.674
943,944,P,C,86.2,-66.6,140.6,108.9,-108.7,7.3,13.3,0.987,0.005,0.008,0.633
944,945,G,C,50.2,77.1,-5.5,103.8,16.0,4.2,15.8,0.981,0.005,0.014,0.613
945,946,I,C,72.2,-94.9,134.0,118.0,136.0,10.6,12.1,0.980,0.001,0.019,0.604
946,947,P,C,67.8,-67.4,148.4,113.1,-104.2,7.7,14.9,0.995,0.001,0.004,0.596
947,948,P,C,77.1,-67.5,143.3,105.6,-102.5,9.0,13.6,0.982,0.014,0.004,0.588
948,949,Q,C,103.3,-78.3,73.0,105.8,-111.7,7.5,14.1,0.933,0.039,0.028,0.574
949,950,R,C,133.9,-80.5,9.2,102.4,-167.9,7.9,11.1,0.933,0.027,0.041,0.557
950,951,G,C,51.4,80.4,-134.7,109.1,-76.9,4.0,14.1,0.971,0.002,0.027,0.555
951,952,I,C,103.6,-98.1,128.5,116.7,-71.0,6.3,12.1,0.984,0.000,0.016,0.575
952,953,P,C,78.6,-70.6,150.2,114.8,-101.4,7.9,13.1,0.996,0.000,0.004,0.584
953,954,P,C,68.3,-68.3,150.9,113.9,-99.5,9.7,12.4,0.999,0.000,0.001,0.601
954,955,P,C,77.6,-66.8,146.5,107.5,-99.5,7.9,13.4,0.982,0.017,0.001,0.590
955,956,S,C,72.3,-76.3,35.5,104.2,-110.0,6.4,15.0,0.923,0.060,0.017,0.590
956,957,V,C,74.6,-78.8,-4.8,101.9,149.2,10.7,13.8,0.840,0.102,0.059,0.602
957,958,L,C,75.2,-77.2,-15.1,100.7,76.0,12.2,12.8,0.866,0.081,0.053,0.623
958,959,D,C,77.2,-89.8,72.1,106.4,63.9,8.0,15.4,0.890,0.072,0.038,0.637
959,960,S,C,69.7,-70.0,-17.2,96.9,153.3,6.7,12.6,0.784,0.205,0.011,0.616
960,961,A,C,71.7,-78.4,-11.6,97.6,60.7,4.7,15.1,0.774,0.213,0.013,0.592
961,962,L,C,65.4,-91.1,129.2,114.4,100.1,12.8,10.6,0.908,0.057,0.035,0.583
962,963,H,C,104.0,-100.4,131.7,118.1,-152.0,6.9,16.0,0.972,0.001,0.027,0.584
963,964,P,C,70.8,-68.8,149.8,114.3,-103.2,9.2,14.4,0.993,0.000,0.006,0.570
964,965,P,C,76.2,-68.2,149.2,113.4,-95.7,7.7,16.0,0.987,0.003,0.010,0.544
965,966,P,C,64.5,-68.5,143.9,111.1,-97.6,12.0,16.0,0.970,0.014,0.016,0.525
966,967,R,C,96.7,-96.1,125.6,113.4,-145.5,12.3,16.2,0.944,0.005,0.051,0.499
967,968,G,C,24.8,-89.9,166.0,125.2,-117.3,12.3,17.6,0.958,0.001,0.040,0.490
968,969,P,C,73.2,-70.6,141.9,110.0,-73.4,9.6,17.9,0.973,0.001,0.026,0.515
969,970,F,C,58.0,-84.3,139.4,116.6,-113.6,17.4,13.4,0.972,0.000,0.028,0.552
970,971,P,C,63.8,-68.9,151.0,114.3,-103.0,8.3,15.6,0.995,0.000,0.004,0.569
971,972,P,C,96.0,-68.1,140.7,109.0,-96.8,5.5,14.9,0.992,0.005,0.003,0.578
972,973,G,C,50.4,79.4,-2.4,101.3,19.7,4.1,16.8,0.977,0.017,0.006,0.597
973,974,D,C,54.3,-85.5,123.2,112.7,127.5,12.1,13.6,0.943,0.036,0.020,0.632
974,975,I,C,62.4,-78.0,-16.9,98.5,-166.1,13.3,16.3,0.891,0.067,0.042,0.645
975,976,F,C,45.8,-74.1,-21.0,96.6,66.1,18.4,12.5,0.858,0.072,0.070,0.664
976,977,S,C,69.3,-83.5,-5.7,99.4,66.7,5.9,17.2,0.908,0.026,0.066,0.657
977,978,Q,C,77.6,-92.9,127.3,115.7,95.9,9.6,13.7,0.953,0.006,0.041,0.655
978,979,P,C,76.5,-66.4,123.9,104.2,-120.4,8.8,14.7,0.952,0.030,0.018,0.668
979,980,E,C,98.6,-82.7,112.8,108.6,-126.8,9.0,15.9,0.941,0.033,0.026,0.687
980,981,R,C,85.8,-100.5,135.6,119.1,-146.2,12.8,13.2,0.944,0.011,0.045,0.696
981,982,P,C,82.9,-69.0,143.4,107.0,-108.1,5.8,16.9,0.949,0.025,0.026,0.687
982,983,F,C,95.2,-81.0,108.4,108.1,-119.7,11.8,14.7,0.895,0.022,0.083,0.685
983,984,L,C,70.5,-92.3,126.5,113.4,-147.8,11.7,14.9,0.922,0.007,0.071,0.670
984,985,A,C,58.4,-86.9,139.5,117.2,-127.1,7.5,17.2,0.960,0.001,0.039,0.660
985,986,P,C,67.3,-69.3,144.3,110.4,-102.1,12.7,14.0,0.972,0.009,0.019,0.628
986,987,G,C,37.7,-47.0,168.5,111.0,-99.8,10.5,16.2,0.932,0.029,0.039,0.623
987,988,R,C,117.3,-92.7,114.1,111.5,-123.4,9.7,16.1,0.908,0.032,0.060,0.617
988,989,Q,C,74.0,-89.0,139.7,116.0,-146.6,11.8,15.1,0.945,0.018,0.038,0.625
989,990,S,C,50.2,-80.2,136.4,112.1,-117.4,9.5,18.7,0.948,0.023,0.029,0.646
990,991,V,C,57.8,-71.1,-20.7,97.5,-133.0,15.6,14.2,0.687,0.301,0.012,0.668
991,992,D,C,87.2,-77.6,-11.3,98.6,64.2,7.1,17.1,0.652,0.337,0.011,0.678
992,993,N,C,81.3,-88.4,6.9,100.7,58.7,8.4,17.4,0.658,0.314,0.027,0.685
993,994,V,C,43.4,-93.2,133.1,116.4,120.0,16.3,11.3,0.864,0.093,0.043,0.683
994,995,T,C,76.1,-91.7,85.5,109.2,-163.4,7.4,16.9,0.940,0.023,0.037,0.680
995,996,N,C,72.1,-99.0,95.1,109.0,4.1,9.4,16.5,0.962,0.010,0.028,0.700
996,997,P,C,67.4,-68.6,-22.0,96.7,-169.2,12.4,13.3,0.676,0.317,0.007,0.702
997,998,E,C,117.2,-78.7,-11.7,98.2,63.0,5.5,16.5,0.655,0.334,0.011,0.713
998,999,K,C,107.6,-93.3,70.5,108.0,71.2,7.3,15.5,0.657,0.308,0.036,0.721
999,1000,R,C,80.1,-88.6,135.8,116.2,163.5,13.8,14.9,0.891,0.031,0.078,0.727
1000,1001,I,C,38.4,-86.4,138.4,116.3,-124.1,17.0,15.9,0.938,0.002,0.060,0.719
1001,1002,P,C,50.2,-71.8,143.3,111.9,-108.4,11.9,18.7,0.973,0.005,0.023,0.687
1002,1003,L,C,65.1,-84.1,111.1,108.7,-132.0,14.9,14.4,0.950,0.018,0.033,0.670
1003,1004,G,C,41.6,85.4,-155.5,113.2,-35.8,6.7,16.0,0.926,0.043,0.031,0.661
1004,1005,N,C,102.8,-86.3,39.2,105.7,-45.0,6.4,15.1,0.831,0.146,0.023,0.669
1005,1006,D,C,86.5,-85.3,32.9,105.3,114.2,7.6,14.8,0.785,0.201,0.014,0.687
1006,1007,N,C,85.7,-89.4,62.2,106.7,144.3,8.3,16.4,0.787,0.190,0.024,0.691
1007,1008,I,C,61.7,-80.4,4.1,104.5,144.7,13.7,14.0,0.612,0.343,0.044,0.697
1008,1009,Q,C,73.6,-86.4,48.5,107.4,112.7,11.2,16.2,0.645,0.314,0.041,0.679
1009,1010,Q,C,88.4,-81.2,8.3,104.5,159.3,9.7,16.3,0.673,0.278,0.049,0.673
1010,1011,E,C,93.9,-97.7,111.5,112.1,136.6,9.0,16.0,0.771,0.181,0.048,0.669
1011,1012,G,C,31.4,120.8,-175.6,119.5,-4.1,10.1,17.3,0.858,0.096,0.046,0.669
1012,1013,D,C,63.6,-91.1,111.7,110.4,-106.5,10.8,17.2,0.840,0.126,0.034,0.694
1013,1014,R,C,112.3,-74.2,-15.1,98.3,-155.7,11.8,16.1,0.731,0.211,0.058,0.720
1014,1015,D,C,72.3,-81.4,-5.7,101.2,69.6,10.1,17.8,0.740,0.188,0.071,0.746
1015,1016,Y,C,66.6,-88.0,7.8,102.8,60.9,14.0,17.0,0.764,0.112,0.123,0.748
1016,1017,R,C,55.9,-94.3,116.1,112.0,118.0,15.7,18.2,0.847,0.021,0.132,0.745
1017,1018,F,C,40.6,-106.7,134.8,120.8,-162.0,18.3,19.2,0.922,0.002,0.076,0.747
1018,1019,P,C,34.0,-74.5,148.8,115.6,-112.0,15.9,19.7,0.987,0.000,0.012,0.736
1019,1020,P,C,37.6,-70.4,143.7,111.8,-101.9,16.2,18.0,0.983,0.011,0.006,0.710
1020,1021,I,C,62.4,-85.9,130.8,112.0,-135.7,12.7,17.4,0.880,0.069,0.051,0.699
1021,1022,E,C,81.2,-88.0,120.7,110.6,-144.8,12.0,15.3,0.892,0.077,0.031,0.690
1022,1023,T,C,75.1,-92.3,97.9,109.1,-149.3,7.8,17.7,0.858,0.088,0.054,0.689
1023,1024,R,C,103.0,-75.1,-16.4,99.6,173.2,12.5,11.9,0.799,0.160,0.041,0.677
1024,1025,E,C,131.0,-72.4,-23.3,97.1,67.7,3.4,15.2,0.777,0.192,0.032,0.675
1025,1026,S,C,66.6,-84.2,-4.9,100.3,51.9,5.8,16.0,0.816,0.145,0.039,0.649
1026,1027,I,C,59.3,-91.4,38.0,105.9,72.8,13.6,13.9,0.809,0.135,0.055,0.620
1027,1028,S,C,54.6,-73.8,66.1,107.1,-139.6,10.6,18.9,0.914,0.030,0.056,0.608
1028,1029,R,C,69.1,-102.6,136.7,121.1,-167.2,14.8,15.9,0.955,0.001,0.044,0.601
1029,1030,P,C,54.1,-69.3,150.2,114.2,-103.5,12.3,17.0,0.985,0.000,0.015,0.591
1030,1031,P,C,53.1,-70.3,148.4,113.8,-101.2,12.5,17.0,0.993,0.001,0.007,0.601
1031,1032,P,C,50.8,-69.4,143.7,109.5,-101.5,14.0,15.8,0.989,0.007,0.005,0.619
1032,1033,V,C,60.7,-84.1,125.8,110.0,-135.0,12.2,17.4,0.893,0.053,0.054,0.645
1033,1034,D,C,66.5,-90.3,106.9,109.4,-123.7,10.3,18.7,0.896,0.061,0.043,0.681
1034,1035,V,C,48.9,-73.7,-17.6,97.5,-159.1,16.6,15.0,0.803,0.139,0.058,0.720
1035,1036,R,C,100.3,-73.3,-20.4,97.0,68.2,12.3,16.1,0.789,0.141,0.069,0.745
1036,1037,D,C,59.2,-86.6,45.7,106.2,70.0,11.6,16.1,0.805,0.129,0.066,0.747
1037,1038,V,C,64.8,-75.7,-17.1,101.3,99.3,10.7,17.4,0.817,0.112,0.070,0.721
1038,1039,V,C,51.5,-94.6,7.3,104.0,46.6,14.4,15.9,0.850,0.081,0.069,0.690
1039,1040,G,C,32.9,92.3,3.3,109.9,-90.3,10.2,18.9,0.927,0.016,0.058,0.670
1040,1041,R,C,64.1,-106.6,138.0,122.2,160.5,15.4,18.2,0.930,0.003,0.067,0.652
1041,1042,P,C,45.1,-71.3,143.3,112.6,-104.7,14.6,18.8,0.951,0.004,0.044,0.643
1042,1043,I,C,57.1,-83.5,95.5,108.2,-139.3,14.1,17.0,0.935,0.007,0.058,0.646
1043,1044,D,C,54.4,-95.0,115.9,112.6,-122.3,11.8,17.1,0.956,0.007,0.037,0.639
1044,1045,P,C,62.9,-69.1,-21.1,96.0,-154.9,12.9,16.6,0.793,0.185,0.022,0.614
1045,1046,R,C,117.7,-72.6,-19.8,95.2,63.8,9.2,17.9,0.744,0.213,0.043,0.586
1046,1047,E,C,89.2,-93.4,7.4,101.8,51.3,9.3,17.9,0.795,0.149,0.056,0.550
1047,1048,G,C,15.4,174.2,176.0,128.0,-171.6,16.0,19.1,0.890,0.022,0.088,0.528
1048,1049,P,C,34.9,-73.3,141.3,110.3,-78.9,18.2,21.4,0.908,0.020,0.071,0.507
1049,1050,G,C,12.1,-166.6,170.3,123.5,-134.0,19.9,22.9,0.895,0.012,0.092,0.522
1050,1051,R,C,42.4,-110.8,136.0,122.7,-136.6,19.5,24.5,0.922,0.003,0.075,0.550
1051,1052,P,C,15.7,-71.6,147.6,114.8,-107.3,21.6,20.8,0.973,0.005,0.023,0.560
1052,1053,P,C,36.8,-71.2,138.8,109.8,-111.1,14.7,23.6,0.914,0.062,0.025,0.565
1053,1054,L,C,50.7,-71.3,-17.8,99.5,-122.9,17.5,18.0,0.772,0.165,0.062,0.574
1054,1055,D,C,69.1,-88.8,10.8,101.3,56.9,10.0,18.8,0.797,0.153,0.049,0.593
1055,1056,G,C,36.8,79.5,3.6,101.3,-97.4,11.8,16.8,0.858,0.104,0.038,0.598
1056,1057,R,C,103.5,-86.3,61.2,107.9,103.5,10.6,16.9,0.820,0.119,0.061,0.619
1057,1058,D,C,67.9,-92.2,126.3,113.3,106.7,10.5,18.4,0.799,0.129,0.072,0.639
1058,1059,H,C,48.1,-92.7,79.0,108.6,-156.7,16.7,18.7,0.815,0.109,0.077,0.643
1059,1060,F,C,42.1,-98.8,73.1,109.6,153.9,18.8,19.3,0.831,0.077,0.092,0.642
1060,1061,G,C,21.2,153.9,175.5,123.4,-138.0,13.3,21.7,0.876,0.018,0.106,0.636
1061,1062,R,C,58.0,-108.4,136.6,122.2,-117.0,17.0,21.8,0.934,0.002,0.064,0.657
1062,1063,P,C,19.1,-70.4,148.4,115.2,-106.2,21.0,18.6,0.973,0.003,0.023,0.673
1063,1064,P,C,37.4,-70.9,145.4,112.7,-108.6,13.1,21.7,0.941,0.046,0.013,0.696
1064,1065,V,C,63.5,-64.9,-30.3,95.6,-113.3,14.6,16.6,0.692,0.274,0.035,0.717
1065,1066,D,C,70.8,-73.3,-20.3,95.8,57.7,8.8,18.8,0.695,0.271,0.034,0.738
1066,1067,I,C,44.3,-75.3,-23.7,97.0,60.3,15.5,16.3,0.674,0.284,0.042,0.747
1067,1068,R,C,77.6,-72.4,-29.5,98.9,73.4,14.8,16.6,0.656,0.304,0.040,0.750
1068,1069,E,C,101.2,-72.8,-24.6,99.4,71.0,7.7,19.1,0.645,0.322,0.032,0.745
1069,1070,N,C,53.6,-86.7,-0.1,100.8,50.0,12.5,18.3,0.726,0.242,0.032,0.740
1070,1071,L,C,33.3,-96.9,95.2,111.0,86.7,19.5,17.0,0.828,0.106,0.066,0.733
1071,1072,V,C,51.0,-107.5,138.6,121.0,165.4,11.9,22.8,0.900,0.011,0.089,0.740
1072,1073,R,C,46.3,-94.9,135.2,118.3,-133.0,19.0,17.8,0.932,0.004,0.064,0.727
1073,1074,P,C,45.1,-72.4,136.8,108.0,-116.0,14.0,19.4,0.933,0.042,0.025,0.703
1074,1075,G,C,22.4,-134.1,155.9,117.5,-126.6,13.6,20.7,0.865,0.093,0.042,0.701
1075,1076,I,C,50.6,-93.2,100.6,110.5,-147.3,16.0,16.7,0.756,0.195,0.049,0.714
1076,1077,D,C,74.9,-88.9,88.0,108.2,177.2,9.4,19.0,0.746,0.213,0.042,0.740
1077,1078,H,C,70.7,-78.3,-5.4,99.8,-164.0,15.2,16.8,0.773,0.193,0.035,0.724
1078,1079,L,C,49.7,-78.4,-13.5,99.6,69.6,15.7,17.1,0.768,0.186,0.046,0.696
1079,1080,G,C,24.7,31.7,-28.6,104.8,25.4,13.2,18.8,0.842,0.108,0.050,0.666
1080,1081,R,C,86.1,-77.8,-10.3,99.5,67.6,12.4,17.6,0.806,0.127,0.067,0.679
1081,1082,R,C,55.6,-81.3,-5.5,101.6,76.3,18.1,16.0,0.769,0.164,0.067,0.696
1082,1083,D,C,75.8,-72.9,-21.6,98.3,84.0,10.0,19.1,0.733,0.201,0.065,0.708
1083,1084,H,C,69.7,-86.1,-7.5,101.1,54.7,13.1,18.3,0.740,0.191,0.069,0.711
1084,1085,F,C,41.0,-88.0,5.7,102.2,54.8,20.5,16.9,0.792,0.133,0.075,0.698
1085,1086,G,C,34.0,81.2,7.1,104.8,-102.9,11.1,19.7,0.867,0.043,0.089,0.672
1086,1087,F,C,42.9,-96.6,129.9,115.6,135.4,19.0,17.3,0.842,0.022,0.136,0.663
1087,1088,N,C,59.5,-98.0,110.5,111.6,-149.1,10.7,18.4,0.942,0.002,0.056,0.658
1088,1089,P,C,71.2,-67.6,-20.7,95.8,-157.4,11.6,14.7,0.954,0.033,0.013,0.648
1089,1090,E,C,123.2,-83.0,-6.8,96.9,59.4,4.5,17.2,0.939,0.040,0.022,0.654
1090,1091,K,C,83.6,-96.0,122.9,115.5,84.5,10.5,14.5,0.914,0.036,0.050,0.653
1091,1092,P,C,57.6,-69.1,135.3,108.7,-132.4,12.3,18.6,0.861,0.080,0.059,0.649
1092,1093,W,C,48.1,-93.3,118.8,112.1,-141.1,19.8,17.8,0.855,0.083,0.061,0.646
1093,1094,G,C,18.7,138.6,-173.5,122.1,47.2,15.0,19.9,0.869,0.041,0.089,0.642
1094,1095,H,C,84.7,-94.0,100.8,110.0,-82.3,11.6,19.6,0.857,0.058,0.085,0.647
1095,1096,R,C,92.2,-91.2,31.8,105.8,-171.4,13.1,16.6,0.854,0.062,0.084,0.661
1096,1097,G,C,24.7,113.7,-171.1,122.5,-120.8,12.0,18.9,0.865,0.046,0.089,0.656
1097,1098,D,C,66.9,-86.0,57.2,106.7,-43.1,11.2,19.0,0.834,0.090,0.076,0.679
1098,1099,F,C,59.8,-77.0,-14.8,100.2,113.2,17.0,16.2,0.750,0.145,0.105,0.701
1099,1100,D,C,65.2,-74.5,-21.8,100.5,84.8,11.2,18.3,0.728,0.189,0.083,0.721
1100,1101,E,C,57.9,-73.4,-24.8,98.8,67.6,13.1,17.9,0.608,0.322,0.070,0.726
1101,1102,R,C,44.0,-78.7,-19.4,102.7,75.4,19.2,15.0,0.653,0.281,0.066,0.734
1102,1103,E,C,84.7,-72.8,-15.6,99.9,72.8,11.0,18.0,0.705,0.248,0.047,0.758
1103,1104,H,C,77.5,-89.1,10.4,102.4,47.8,11.1,17.6,0.781,0.175,0.045,0.777
1104,1105,R,C,97.8,-82.5,22.5,104.1,113.5,12.1,16.7,0.832,0.100,0.068,0.793
1105,1106,V,C,53.5,-101.6,109.3,113.0,108.7,12.0,19.1,0.866,0.027,0.107,0.779
1106,1107,L,C,39.4,-102.6,128.8,117.8,-159.9,17.1,18.9,0.906,0.010,0.085,0.769
1107,1108,P,C,31.9,-74.9,138.6,111.9,-117.4,18.4,19.2,0.915,0.027,0.058,0.745
1108,1109,V,C,42.2,-100.0,130.6,116.1,-149.7,14.2,23.1,0.874,0.039,0.087,0.721
1109,1110,Y,C,39.0,-101.9,126.1,116.0,-148.9,20.3,20.3,0.852,0.040,0.109,0.681
1110,1111,G,C,27.0,104.6,-179.4,113.4,-22.8,12.7,20.7,0.915,0.014,0.071,0.638
1111,1112,G,C,14.4,174.4,179.8,130.8,179.5,15.5,20.5,0.917,0.008,0.075,0.616
1112,1113,P,C,47.9,-71.9,62.3,103.8,-61.3,14.7,18.7,0.915,0.043,0.042,0.607
1113,1114,K,C,118.4,-84.5,101.8,108.3,-74.1,7.6,18.9,0.895,0.037,0.068,0.610
1114,1115,G,C,26.7,107.4,-167.1,119.0,0.8,11.3,18.8,0.890,0.047,0.064,0.622
1115,1116,L,C,48.3,-81.5,58.9,105.5,-19.9,16.6,18.5,0.785,0.130,0.085,0.673
1116,1117,H,C,75.6,-88.3,27.4,106.9,85.3,11.8,17.2,0.763,0.141,0.096,0.719
1117,1118,E,C,100.4,-75.6,-11.3,100.7,123.9,9.1,17.2,0.693,0.205,0.102,0.739
1118,1119,E,C,89.5,-90.6,31.9,104.0,59.5,9.5,17.9,0.730,0.185,0.085,0.733
1119,1120,R,C,56.7,-83.5,3.2,104.3,121.1,16.4,15.2,0.771,0.152,0.077,0.724
1120,1121,G,C,29.2,112.7,-170.9,117.0,-132.6,11.2,19.1,0.818,0.110,0.072,0.714
1121,1122,R,C,111.5,-92.9,94.7,110.0,-85.8,10.2,17.8,0.781,0.138,0.080,0.716
1122,1123,F,C,82.8,-85.7,40.0,105.2,88.4,13.1,16.4,0.763,0.162,0.075,0.702
1123,1124,R,C,108.2,-80.6,0.3,103.1,122.1,10.5,16.7,0.755,0.167,0.078,0.693
1124,1125,S,C,48.0,-94.3,43.3,107.5,73.5,10.8,17.2,0.791,0.134,0.076,0.658
1125,1126,G,C,31.7,64.0,-3.3,106.4,-93.1,12.9,18.5,0.857,0.081,0.062,0.643
1126,1127,N,C,47.0,-95.6,54.2,108.6,72.0,12.3,18.8,0.818,0.068,0.114,0.653
1127,1128,Y,C,62.8,-99.3,110.9,112.7,170.9,14.7,17.6,0.737,0.079,0.184,0.681
1128,1129,R,C,68.1,-95.5,104.5,111.2,-173.8,12.6,19.6,0.745,0.075,0.180,0.708
1129,1130,F,C,56.0,-101.5,114.9,113.7,172.6,15.3,17.9,0.739,0.060,0.201,0.724
1130,1131,D,C,49.7,-103.7,136.0,120.2,175.9,12.2,17.6,0.863,0.014,0.123,0.732
1131,1132,P,C,67.9,-70.0,133.5,107.7,-102.6,10.7,18.2,0.850,0.062,0.088,0.687
1132,1133,R,C,77.3,-94.8,91.4,109.9,-157.6,14.7,16.1,0.887,0.041,0.072,0.655
1133,1134,S,C,58.4,-89.8,105.2,109.6,-159.9,9.3,18.2,0.898,0.027,0.075,0.618
1134,1135,G,C,24.0,179.9,177.6,128.3,100.9,11.7,18.0,0.894,0.031,0.075,0.615
1135,1136,P,C,66.5,-71.6,40.0,103.5,-66.8,10.5,17.7,0.864,0.092,0.044,0.615
1136,1137,W,C,73.8,-92.6,99.1,110.4,123.5,13.8,16.8,0.716,0.190,0.094,0.625
1137,1138,N,C,54.2,-97.1,98.4,110.4,-178.1,11.9,19.3,0.711,0.178,0.111,0.631
1138,1139,R,C,62.3,-91.1,10.2,104.4,-169.1,16.8,17.4,0.794,0.112,0.094,0.625
1139,1140,G,C,28.5,102.4,160.6,113.4,-129.7,11.8,19.6,0.854,0.052,0.094,0.627
1140,1141,F,C,71.6,-93.7,75.3,108.4,-152.4,14.0,16.1,0.810,0.098,0.092,0.630
1141,1142,G,C,41.7,75.7,-24.1,107.4,-43.7,7.2,16.3,0.857,0.093,0.050,0.644
1142,1143,Q,C,93.1,-80.9,5.0,103.3,128.2,10.3,14.5,0.819,0.140,0.040,0.674
1143,1144,E,C,112.2,-79.7,-1.0,101.3,85.3,6.8,15.4,0.830,0.127,0.042,0.700
1144,1145,V,C,67.5,-93.2,108.2,111.1,103.7,10.9,14.8,0.827,0.115,0.058,0.740
1145,1146,H,C,72.3,-92.5,99.3,109.6,154.5,13.4,16.0,0.803,0.102,0.095,0.756
1146,1147,R,C,71.6,-91.4,106.2,110.6,164.3,12.8,17.2,0.816,0.075,0.109,0.769
1147,1148,D,C,49.0,-86.8,32.6,105.4,-160.2,13.3,18.1,0.807,0.089,0.104,0.784
1148,1149,F,C,50.9,-92.1,40.9,106.0,107.6,17.9,17.2,0.712,0.153,0.135,0.772
1149,1150,D,C,54.5,-94.1,60.3,107.6,114.9,11.6,18.5,0.740,0.156,0.104,0.777
1150,1151,D,C,68.4,-77.8,15.3,101.8,-160.2,11.4,17.0,0.752,0.163,0.085,0.752
1151,1152,R,C,64.1,-82.3,-0.2,99.9,108.9,15.4,16.5,0.850,0.068,0.082,0.721
1152,1153,R,C,80.1,-87.7,26.7,106.6,109.5,11.3,18.5,0.855,0.026,0.119,0.714
1153,1154,R,C,44.6,-98.1,105.4,111.1,116.6,17.2,16.7,0.913,0.010,0.077,0.719
1154,1155,P,C,51.7,-67.7,-25.4,96.4,-151.7,13.1,17.9,0.822,0.160,0.019,0.728
1155,1156,W,C,105.2,-70.7,-23.9,94.3,61.4,11.5,18.2,0.729,0.239,0.031,0.734
1156,1157,E,C,58.6,-89.9,1.9,99.9,56.7,12.8,17.7,0.655,0.281,0.064,0.727
1157,1158,R,C,41.9,-76.3,-20.3,101.3,100.1,17.3,15.8,0.680,0.227,0.092,0.723
1158,1159,Q,C,63.5,-75.9,19.1,100.8,67.7,13.6,18.2,0.767,0.150,0.083,0.720
1159,1160,R,C,88.0,-91.2,37.5,107.9,111.5,11.2,17.6,0.847,0.032,0.121,0.720
1160,1161,D,C,61.1,-91.2,73.8,106.7,104.6,10.6,17.4,0.877,0.022,0.102,0.733
1161,1162,R,C,89.2,-78.3,1.5,102.3,166.7,13.5,14.5,0.825,0.120,0.055,0.745
1162,1163,D,C,85.9,-80.4,-9.4,101.0,112.5,7.4,16.9,0.814,0.140,0.046,0.763
1163,1164,D,C,78.6,-89.0,10.5,103.1,57.9,8.1,16.8,0.803,0.144,0.054,0.772
1164,1165,R,C,78.4,-88.4,110.0,110.4,115.3,14.7,13.8,0.800,0.120,0.080,0.782
1165,1166,D,C,66.3,-91.2,94.4,109.4,177.6,10.5,17.7,0.788,0.105,0.108,0.798
1166,1167,F,C,51.5,-84.1,62.7,107.2,-162.0,17.8,15.0,0.712,0.136,0.152,0.810
1167,1168,D,C,64.0,-95.5,54.9,107.4,142.9,10.1,19.8,0.736,0.106,0.158,0.837
1168,1169,F,C,38.8,-83.7,54.7,106.9,173.3,18.6,14.9,0.646,0.169,0.185,0.837
1169,1170,C,C,35.7,-93.7,126.8,111.7,134.9,12.1,18.9,0.702,0.112,0.186,0.843
1170,1171,R,C,99.7,-72.9,-28.2,101.0,-165.2,12.4,15.9,0.683,0.131,0.186,0.818
1171,1172,E,C,99.0,-69.6,-30.7,97.7,63.5,8.2,16.8,0.656,0.171,0.173,0.775
1172,1173,M,C,79.8,-75.0,-23.1,99.1,62.0,11.6,14.6,0.680,0.175,0.145,0.746
1173,1174,N,C,83.5,-77.3,8.4,98.9,38.4,8.8,15.6,0.851,0.093,0.056,0.716
1174,1175,G,C,40.4,80.9,1.9,102.4,-90.0,8.4,16.8,0.894,0.051,0.055,0.680
1175,1176,N,C,61.1,-87.3,80.0,107.6,116.6,11.6,15.2,0.879,0.050,0.071,0.676
1176,1177,R,C,112.8,-71.1,-23.4,98.2,145.4,10.3,15.5,0.809,0.056,0.135,0.688
1177,1178,L,C,79.4,-79.0,-10.9,100.4,62.0,9.5,16.0,0.797,0.074,0.130,0.696
1178,1179,G,C,36.7,38.0,-11.4,104.2,15.5,9.7,15.7,0.815,0.075,0.111,0.707
1179,1180,R,C,115.4,-82.5,22.4,106.0,91.3,9.0,12.8,0.810,0.086,0.104,0.725
1180,1181,D,C,91.6,-78.9,58.3,105.0,81.8,5.4,13.5,0.750,0.144,0.107,0.747
1181,1182,R,C,116.4,-79.0,32.7,104.7,146.0,9.2,12.0,0.771,0.146,0.084,0.741
1182,1183,I,C,90.8,-91.0,83.1,108.8,109.8,8.3,12.9,0.747,0.182,0.071,0.741
1183,1184,Q,C,107.1,-86.3,86.2,108.1,128.9,6.0,12.8,0.775,0.158,0.067,0.733
1184,1185,N,C,103.5,-81.3,28.3,103.2,-155.9,5.6,12.8,0.875,0.085,0.040,0.730
1185,1186,T,C,88.2,-87.6,9.3,102.9,135.6,5.3,13.3,0.921,0.028,0.051,0.739
1186,1187,W,C,110.5,-87.4,100.2,109.3,110.0,11.3,10.1,0.901,0.009,0.090,0.733
1187,1188,V,C,82.2,-98.8,132.6,118.1,153.9,6.3,13.0,0.935,0.001,0.064,0.738
1188,1189,P,C,86.4,-70.3,149.4,114.7,-100.6,5.8,14.3,0.990,0.000,0.010,0.738
1189,1190,P,C,53.3,-68.7,151.0,114.4,-102.6,13.2,10.6,0.994,0.002,0.004,0.737
1190,1191,P,C,82.5,-66.8,140.4,105.3,-101.8,5.9,16.0,0.969,0.029,0.002,0.747
1191,1192,H,C,113.3,-73.0,-15.0,100.5,-111.4,8.0,13.8,0.876,0.098,0.026,0.762
1192,1193,A,C,70.8,-70.2,-21.2,96.8,64.6,4.8,14.5,0.871,0.100,0.029,0.777
1193,1194,R,C,107.1,-81.3,14.9,104.6,73.9,8.3,14.6,0.880,0.056,0.063,0.797
1194,1195,V,C,64.2,-74.4,-18.7,101.8,132.1,11.3,14.8,0.835,0.093,0.072,0.818
1195,1196,F,C,93.3,-77.3,-16.1,101.9,81.2,11.5,13.8,0.780,0.163,0.057,0.829
1196,1197,D,C,93.6,-72.6,-21.1,98.2,62.9,4.5,16.4,0.748,0.208,0.044,0.839
1197,1198,Y,C,83.5,-74.1,-23.9,97.7,70.5,12.0,13.3,0.708,0.239,0.052,0.819
1198,1199,F,C,79.1,-88.2,12.5,102.8,57.4,12.5,11.7,0.742,0.204,0.055,0.780
1199,1200,E,C,112.8,-80.3,32.1,104.8,103.1,5.8,14.2,0.762,0.193,0.045,0.743
1200,1201,G,C,43.5,74.6,-20.9,105.7,-35.8,6.1,15.2,0.816,0.154,0.030,0.707
1201,1202,A,C,52.7,-71.8,-23.7,97.7,76.4,10.2,12.0,0.751,0.210,0.039,0.681
1202,1203,T,C,70.5,-80.5,-11.9,100.5,68.3,8.4,11.7,0.740,0.204,0.057,0.679
1203,1204,S,C,70.1,-73.3,-22.9,98.7,73.4,5.0,12.1,0.759,0.183,0.058,0.659
1204,1205,Q,C,118.7,-81.8,-7.3,100.0,63.3,3.8,11.1,0.837,0.113,0.051,0.639
1205,1206,R,C,123.1,-87.3,79.9,107.9,90.5,7.7,9.2,0.879,0.043,0.078,0.623
1206,1207,K,C,135.3,-85.4,95.4,107.9,173.6,4.5,11.4,0.869,0.048,0.083,0.622
1207,1208,G,C,56.9,67.4,-66.0,107.1,-22.3,2.7,11.4,0.906,0.060,0.035,0.626
1208,1209,D,C,104.6,-84.2,54.9,105.9,-65.0,4.4,11.3,0.906,0.060,0.034,0.630
1209,1210,N,C,110.5,-88.4,17.0,103.4,138.2,4.0,11.9,0.892,0.058,0.050,0.635
1210,1211,V,C,70.0,-91.6,135.1,117.3,125.7,8.5,11.0,0.923,0.032,0.044,0.653
1211,1212,P,C,67.4,-67.0,146.5,111.6,-105.3,9.2,13.3,0.864,0.104,0.032,0.648
1212,1213,Q,C,94.4,-81.4,129.7,110.3,-125.8,8.5,13.4,0.689,0.131,0.179,0.642
1213,1214,V,C,84.1,-91.0,85.9,108.9,-153.8,7.9,11.5,0.714,0.130,0.156,0.622
1214,1215,N,C,102.4,-82.2,11.7,100.7,31.3,5.1,12.8,0.854,0.082,0.063,0.593
1215,1216,G,C,52.4,79.4,-8.8,102.8,-66.6,3.1,12.4,0.888,0.071,0.041,0.582
1216,1217,E,C,129.5,-82.3,9.6,104.5,94.0,3.4,10.2,0.854,0.103,0.043,0.591
1217,1218,N,C,116.5,-86.6,47.3,106.2,130.3,3.2,9.7,0.823,0.118,0.060,0.605
1218,1219,T,C,95.3,-92.0,110.2,110.5,125.7,3.2,8.8,0.820,0.129,0.051,0.628
1219,1220,E,C,130.8,-78.1,39.6,105.1,-134.9,4.5,9.1,0.794,0.163,0.043,0.642
1220,1221,R,C,165.2,-83.7,-5.2,101.7,66.9,2.5,9.0,0.768,0.159,0.073,0.646
1221,1222,H,C,146.9,-89.7,98.2,109.0,95.7,2.2,6.8,0.844,0.080,0.076,0.642
1222,1223,A,C,76.8,-90.4,133.0,114.3,-174.2,4.9,7.8,0.900,0.023,0.078,0.636
1223,1224,Q,C,125.8,-92.2,138.0,117.6,-136.0,3.7,8.3,0.964,0.001,0.035,0.622
1224,1225,P,C,93.1,-70.2,150.3,115.4,-102.0,4.5,10.6,0.992,0.000,0.008,0.605
1225,1226,P,C,92.2,-68.4,150.0,115.0,-99.3,4.7,10.5,0.996,0.001,0.003,0.611
1226,1227,P,C,101.8,-68.5,144.4,111.4,-96.9,3.8,12.7,0.989,0.005,0.006,0.605
1227,1228,I,C,99.4,-92.1,138.1,117.9,-126.4,7.6,7.9,0.955,0.013,0.032,0.616
1228,1229,P,C,106.8,-70.4,144.6,113.2,-103.9,2.4,12.6,0.949,0.030,0.021,0.630
1229,1230,V,C,103.0,-79.4,130.7,109.7,-118.0,6.4,8.4,0.871,0.090,0.039,0.647
1230,1231,Q,C,142.3,-86.0,132.9,112.1,-120.6,2.8,7.5,0.894,0.075,0.030,0.669
1231,1232,N,C,123.5,-85.8,90.7,107.1,-127.4,3.0,9.6,0.925,0.051,0.024,0.688
1232,1233,D,C,91.6,-94.4,112.7,111.7,168.2,5.2,11.4,0.945,0.036,0.019,0.710
1233,1234,P,C,91.5,-64.4,-26.2,95.4,-153.8,5.4,10.1,0.754,0.239,0.007,0.710
1234,1235,E,C,126.2,-69.9,-30.6,95.6,59.3,2.5,12.6,0.689,0.294,0.017,0.722
1235,1236,L,C,83.0,-71.1,-30.0,96.0,59.1,7.7,11.5,0.635,0.348,0.017,0.734
1236,1237,Y,C,121.7,-74.4,-25.4,97.3,58.5,6.2,12.3,0.608,0.357,0.035,0.747
1237,1238,E,C,105.7,-72.0,-28.2,98.2,65.8,5.0,11.3,0.639,0.309,0.052,0.761
1238,1239,K,C,125.5,-75.8,-20.3,99.7,61.9,3.9,11.3,0.694,0.236,0.070,0.747
1239,1240,L,C,107.2,-79.0,-12.7,101.9,76.0,4.8,9.2,0.831,0.113,0.056,0.731
1240,1241,T,C,101.5,-85.5,3.8,103.8,72.9,2.8,10.5,0.924,0.036,0.040,0.714
1241,1242,S,C,74.0,-87.0,106.4,109.0,131.5,4.9,9.6,0.944,0.020,0.035,0.676
1242,1243,S,C,82.8,-75.0,-15.4,99.2,-131.9,3.6,10.4,0.907,0.077,0.016,0.663
1243,1244,N,C,111.9,-81.9,-6.5,101.6,63.5,2.9,11.4,0.877,0.103,0.020,0.654
1244,1245,E,C,114.3,-75.6,-17.3,100.1,69.8,5.2,11.3,0.827,0.140,0.033,0.659
1245,1246,I,C,105.1,-78.9,-14.6,100.7,72.0,6.1,9.7,0.870,0.105,0.026,0.667
1246,1247,N,C,110.9,-80.0,-12.7,100.8,64.6,2.9,11.6,0.859,0.106,0.035,0.672
1247,1248,K,C,134.7,-80.3,-9.9,101.2,65.4,3.5,11.1,0.814,0.162,0.024,0.680
1248,1249,E,C,117.2,-86.3,104.4,109.1,106.7,6.1,8.9,0.839,0.133,0.029,0.681
1249,1250,K,C,135.5,-89.8,105.0,109.4,-168.4,4.4,11.0,0.849,0.091,0.061,0.694
1250,1251,S,C,73.9,-90.7,129.3,111.7,-164.7,5.3,9.8,0.917,0.047,0.035,0.702
1251,1252,D,C,113.5,-76.6,-12.9,100.3,-134.2,2.8,10.7,0.882,0.102,0.016,0.714
1252,1253,T,C,88.3,-81.9,-2.7,103.9,77.0,3.3,11.3,0.796,0.174,0.030,0.720
1253,1254,V,C,89.5,-66.5,-31.8,95.2,88.2,6.9,10.2,0.709,0.259,0.031,0.725
1254,1255,A,C,74.3,-67.5,-33.8,94.0,58.1,2.7,13.0,0.724,0.257,0.019,0.731
1255,1256,D,C,94.9,-69.9,-31.3,94.4,53.9,2.6,14.5,0.775,0.211,0.015,0.736
1256,1257,I,C,88.1,-73.5,-27.6,96.7,58.5,6.9,10.1,0.711,0.256,0.033,0.724
1257,1258,E,C,109.7,-79.2,-8.9,101.2,67.9,6.7,9.9,0.776,0.189,0.035,0.713
1258,1259,S,C,74.9,-83.6,3.8,103.3,69.8,4.2,12.6,0.839,0.112,0.050,0.692
1259,1260,E,C,111.7,-92.4,136.8,118.1,134.9,5.6,10.3,0.960,0.015,0.025,0.684
1260,1261,P,C,82.8,-66.8,147.7,113.7,-102.5,6.2,12.2,0.963,0.016,0.020,0.674
1261,1262,V,C,90.9,-83.2,137.4,114.1,-116.8,8.5,11.2,0.830,0.037,0.133,0.668
1262,1263,V,C,97.2,-105.6,138.5,119.3,-156.1,6.2,10.6,0.835,0.041,0.124,0.653
1263,1264,E,C,139.1,-90.8,135.4,115.4,-130.0,4.4,10.2,0.849,0.077,0.075,0.629
1264,1265,S,C,77.3,-95.1,138.3,115.7,-141.2,5.7,8.8,0.859,0.086,0.055,0.599
1265,1266,T,C,103.9,-93.7,68.1,108.3,-155.9,3.0,9.4,0.814,0.126,0.060,0.573
1266,1267,E,C,141.9,-81.1,-0.8,103.1,144.7,3.2,8.5,0.855,0.110,0.035,0.543
1267,1268,T,C,102.3,-84.3,-2.3,101.8,60.6,2.7,10.3,0.858,0.094,0.048,0.497
1268,1269,E,C,133.9,-86.5,43.3,105.5,76.4,3.6,8.9,0.927,0.043,0.030,0.430
1269,1270,G,C,63.3,79.1,-13.3,106.6,-9.4,1.3,9.8,0.983,0.007,0.011,0.381
1270,1271,T,C,109.0,-95.3,108.4,110.5,94.6,2.7,8.8,0.988,0.004,0.008,0.371
