"O70263, [581, 584]",SEQ,positive,flexibility,SS,ASA,Phi,Psi,Theta(i-1=>i+1),Tau(i-2=>i+2),HSE_alpha_up,HSE_alpha_down,P(C),P(H),P(E)
0,M,0,0.398,C,132.0,-93.2,129.8,114.0,162.0,5.9,6.8,0.992,0.004,0.004
1,N,0,0.386,C,130.9,-90.5,132.5,113.3,-132.9,2.5,8.6,0.987,0.002,0.011
2,Q,0,0.413,C,111.1,-90.2,125.7,113.2,-133.9,7.0,10.8,0.986,0.002,0.013
3,P,0,0.445,C,83.9,-66.2,-25.3,100.1,-125.3,7.6,11.7,0.956,0.037,0.007
4,D,0,0.480,C,102.4,-78.4,-10.0,101.1,45.8,3.7,14.8,0.909,0.077,0.014
5,L,0,0.489,C,75.2,-77.4,-14.8,99.2,80.6,10.6,10.7,0.825,0.160,0.015
6,A,0,0.506,C,64.6,-75.2,-17.5,100.3,80.2,7.8,11.5,0.846,0.143,0.012
7,D,0,0.532,C,112.6,-84.4,3.5,102.2,63.5,2.5,12.8,0.877,0.109,0.014
8,D,0,0.548,C,83.7,-98.1,110.5,112.2,90.9,5.9,12.5,0.965,0.020,0.015
9,P,0,0.550,C,81.9,-67.1,-20.9,97.9,-164.1,8.2,11.1,0.975,0.018,0.008
10,D,0,0.556,C,93.5,-98.3,100.8,110.3,66.7,4.6,14.4,0.981,0.005,0.014
11,P,0,0.543,C,66.8,-69.9,127.8,106.7,-153.7,11.5,12.0,0.981,0.015,0.004
12,S,0,0.569,C,61.4,-90.8,135.4,114.6,-134.0,6.8,17.7,0.969,0.025,0.006
13,P,0,0.599,H,58.3,-70.9,-19.0,97.8,-136.3,14.7,13.5,0.383,0.616,0.001
14,E,0,0.648,H,104.4,-70.4,-26.5,97.5,73.6,8.7,16.9,0.304,0.694,0.001
15,P,0,0.694,H,70.8,-69.5,-26.0,98.4,59.8,7.7,17.9,0.297,0.700,0.004
16,L,0,0.726,H,36.2,-81.3,-15.2,101.7,64.0,17.2,14.6,0.360,0.602,0.038
17,C,0,0.765,C,24.9,-93.4,121.6,114.3,89.1,19.3,14.7,0.773,0.080,0.147
18,I,0,0.775,C,88.5,-80.5,-23.7,99.6,-165.3,8.7,20.0,0.811,0.081,0.108
19,V,0,0.773,C,63.5,-86.0,-27.2,103.1,50.4,9.8,17.4,0.818,0.080,0.103
20,C,0,0.738,C,34.3,-89.4,-8.2,100.3,42.7,16.5,13.6,0.905,0.040,0.055
21,G,0,0.686,C,45.4,80.6,5.6,99.5,-104.4,6.4,17.9,0.944,0.007,0.049
22,Q,0,0.654,C,84.1,-100.2,141.0,121.3,121.2,9.1,16.0,0.887,0.003,0.110
23,N,0,0.625,E,90.7,-83.5,132.8,114.0,-119.7,8.6,18.2,0.319,0.004,0.676
24,H,0,0.627,C,48.6,-105.8,138.5,120.2,-157.7,17.8,13.7,0.838,0.004,0.158
25,S,0,0.637,C,54.4,-85.4,146.3,117.8,-129.0,6.9,20.7,0.963,0.002,0.036
26,P,0,0.636,C,65.8,-65.0,-26.2,95.9,-118.2,14.1,13.7,0.810,0.183,0.007
27,E,0,0.649,C,126.8,-73.6,-21.7,96.3,60.4,4.0,17.0,0.719,0.272,0.009
28,E,0,0.674,C,106.9,-80.3,-10.5,101.0,62.3,6.0,15.5,0.681,0.304,0.015
29,N,0,0.696,C,66.7,-89.1,24.3,103.4,58.3,12.3,14.7,0.801,0.173,0.026
30,H,0,0.748,C,63.3,-93.7,94.8,109.9,135.7,13.3,16.9,0.775,0.066,0.158
31,F,0,0.784,C,67.8,-91.6,94.9,109.9,163.4,12.1,18.7,0.723,0.038,0.239
32,Y,0,0.813,C,50.3,-107.7,136.3,120.0,-174.2,18.5,15.2,0.729,0.019,0.252
33,T,0,0.832,C,70.3,-110.4,126.6,118.1,-162.2,7.0,23.0,0.754,0.011,0.235
34,Y,0,0.848,C,46.6,-90.6,126.0,114.2,-146.8,20.4,12.9,0.773,0.016,0.211
35,T,0,0.863,C,85.6,-95.9,-1.8,102.9,-179.8,5.5,18.6,0.914,0.006,0.080
36,E,0,0.866,C,97.7,-99.2,142.0,120.7,97.7,8.5,14.2,0.954,0.003,0.043
37,D,0,0.869,C,103.1,-82.1,131.9,112.7,-113.0,4.2,18.4,0.927,0.004,0.069
38,V,0,0.885,C,36.4,-89.9,118.9,111.5,-145.3,20.1,10.7,0.914,0.002,0.084
39,D,0,0.919,C,73.5,-86.1,143.9,113.9,-127.9,8.2,18.9,0.972,0.003,0.026
40,D,0,0.928,C,101.6,-71.5,-15.2,96.9,-120.8,6.1,17.1,0.961,0.036,0.003
41,D,0,0.935,C,71.3,-86.7,-1.1,98.8,60.7,8.7,20.3,0.950,0.038,0.012
42,L,0,0.950,C,11.1,-89.1,124.0,114.7,103.7,24.4,16.1,0.870,0.017,0.113
43,I,0,0.970,C,44.9,-115.4,134.5,123.2,-169.4,12.0,26.1,0.551,0.012,0.437
44,C,0,0.999,C,8.5,-72.1,128.2,110.7,-116.1,23.3,17.7,0.943,0.003,0.054
45,H,0,1.031,C,66.9,-71.4,-28.4,93.8,-148.3,13.1,23.9,0.973,0.019,0.008
46,I,0,1.040,C,32.4,-75.1,-36.1,95.8,47.2,16.9,20.1,0.946,0.033,0.021
47,C,0,1.027,C,23.3,-102.9,-5.6,100.6,32.7,18.6,17.1,0.937,0.040,0.023
48,L,0,1.003,C,68.3,66.0,22.4,89.8,-119.5,14.0,18.5,0.962,0.024,0.015
49,Q,0,0.956,C,82.5,-102.4,144.0,125.7,121.5,7.5,21.7,0.925,0.004,0.071
50,A,0,0.914,E,37.7,-71.8,138.3,113.6,-111.0,16.2,23.4,0.345,0.006,0.649
51,L,0,0.893,C,8.4,-76.5,133.0,112.6,-116.8,24.8,14.8,0.629,0.025,0.345
52,L,0,0.888,C,74.8,-88.8,-23.6,105.2,-162.3,10.8,23.0,0.753,0.012,0.235
53,D,0,0.891,C,83.5,-110.8,75.4,106.0,13.5,5.3,22.8,0.926,0.001,0.073
54,P,0,0.862,C,21.4,-72.6,143.1,116.5,-149.5,22.7,15.1,0.945,0.001,0.054
55,L,0,0.853,E,48.3,-113.4,139.2,123.2,-160.3,14.0,20.3,0.219,0.001,0.781
56,D,0,0.840,E,77.1,-93.7,123.2,113.7,-132.6,9.3,22.5,0.158,0.001,0.842
57,T,0,0.816,C,13.4,-110.6,163.3,131.1,-171.1,20.5,14.4,0.914,0.001,0.085
58,P,0,0.803,C,91.5,-65.9,-21.6,91.2,-96.5,5.5,21.2,0.988,0.008,0.005
59,C,0,0.800,C,48.8,-92.8,-1.9,93.2,50.7,11.5,14.6,0.971,0.012,0.017
60,G,0,0.811,C,38.2,90.7,9.5,95.7,-104.7,7.6,21.8,0.937,0.006,0.057
61,H,0,0.857,C,12.8,-88.3,147.4,122.3,137.9,23.0,20.0,0.735,0.007,0.258
62,T,0,0.902,E,15.0,-112.8,137.9,123.9,-146.6,18.3,28.1,0.162,0.001,0.836
63,Y,0,0.951,E,5.2,-131.2,148.5,132.5,-171.4,25.7,24.5,0.160,0.001,0.839
64,C,0,0.972,C,11.5,-75.1,129.7,110.2,-103.9,22.4,25.0,0.814,0.016,0.169
65,T,0,0.988,H,30.6,-64.2,-35.8,94.5,-138.0,19.4,22.9,0.094,0.906,0.000
66,L,0,0.986,H,64.4,-65.6,-39.4,92.7,52.6,9.1,26.3,0.047,0.953,0.000
67,C,0,0.988,H,11.9,-67.5,-40.4,94.2,50.3,20.0,21.8,0.037,0.962,0.000
68,L,0,0.982,H,2.6,-65.9,-41.8,94.3,51.6,26.7,20.2,0.027,0.973,0.000
69,T,0,0.966,H,44.3,-63.7,-40.6,93.1,54.5,13.9,22.4,0.033,0.967,0.000
70,N,0,0.953,H,80.4,-68.5,-34.3,92.9,48.8,5.7,23.3,0.100,0.900,0.000
71,F,0,0.945,H,23.7,-74.2,-35.5,96.0,47.1,19.2,19.0,0.135,0.865,0.000
72,L,0,0.945,H,8.8,-69.6,-35.6,95.6,54.6,24.3,16.0,0.220,0.778,0.002
73,V,0,0.948,H,72.5,-72.2,-27.9,95.7,56.0,10.6,18.4,0.403,0.580,0.017
74,E,0,0.940,C,117.5,-86.1,-17.7,98.3,45.7,4.1,18.2,0.502,0.474,0.024
75,K,0,0.936,C,73.4,-118.1,134.5,120.6,44.0,12.5,13.6,0.841,0.129,0.030
76,D,0,0.943,C,86.0,-82.1,31.5,102.4,-137.9,8.6,19.7,0.937,0.042,0.020
77,F,0,0.932,C,49.4,-118.9,144.6,128.2,100.7,15.2,22.1,0.518,0.011,0.471
78,C,0,0.925,C,9.4,-74.2,127.3,110.3,-109.6,23.0,18.3,0.963,0.000,0.036
79,P,0,0.901,C,35.1,-70.8,-25.6,94.6,-146.0,16.7,20.0,0.973,0.023,0.005
80,V,0,0.895,C,54.8,-76.0,-34.3,95.9,47.6,12.2,17.3,0.948,0.034,0.018
81,D,0,0.893,C,60.6,-100.2,-3.5,98.9,37.4,8.9,14.2,0.970,0.021,0.008
82,R,0,0.893,C,145.5,60.9,27.3,89.1,-121.6,6.4,16.4,0.989,0.004,0.008
83,K,0,0.897,C,102.0,-104.3,141.2,124.3,122.0,5.8,18.8,0.951,0.001,0.049
84,P,0,0.883,E,60.4,-70.1,140.9,113.1,-108.2,13.0,20.7,0.450,0.001,0.548
85,V,0,0.895,C,12.3,-89.5,129.2,114.7,-127.6,23.8,13.6,0.880,0.006,0.114
86,V,0,0.907,C,54.7,-103.7,140.6,120.8,-152.3,9.4,25.8,0.910,0.020,0.070
87,L,0,0.908,H,45.0,-65.5,-30.6,96.7,-117.0,19.8,16.3,0.194,0.805,0.001
88,Q,0,0.914,H,106.1,-69.9,-30.6,95.7,62.8,6.0,20.8,0.194,0.803,0.003
89,H,0,0.923,H,74.2,-89.8,-8.2,99.9,49.4,10.9,18.8,0.221,0.776,0.004
90,C,0,0.912,C,9.8,-87.1,70.4,107.8,77.3,24.2,13.2,0.718,0.154,0.128
91,K,0,0.893,C,86.8,-95.6,127.0,113.0,136.9,11.5,20.1,0.830,0.033,0.137
92,K,0,0.880,C,101.8,-82.2,129.9,111.9,-83.2,9.6,22.2,0.801,0.026,0.173
93,S,0,0.864,C,19.6,-89.3,137.3,116.4,-137.9,20.9,17.2,0.824,0.115,0.060
94,S,0,0.861,C,40.6,-81.0,-4.8,100.2,-147.1,14.8,21.9,0.817,0.170,0.013
95,I,0,0.868,C,42.6,-78.4,-32.8,103.6,80.8,15.5,21.6,0.676,0.307,0.017
96,L,0,0.893,H,31.7,-67.8,-36.2,95.3,68.1,18.2,21.8,0.221,0.774,0.004
97,V,0,0.910,H,6.9,-65.6,-41.7,94.7,53.4,24.7,20.7,0.050,0.950,0.001
98,N,0,0.905,H,48.5,-64.1,-40.2,93.3,54.3,15.4,22.8,0.023,0.977,0.000
99,K,0,0.898,H,87.3,-67.4,-37.5,93.1,51.0,7.9,24.7,0.025,0.975,0.000
100,L,0,0.898,H,9.3,-67.4,-41.6,94.5,50.8,22.4,20.9,0.039,0.961,0.000
101,L,0,0.906,H,9.2,-67.9,-36.6,94.6,52.4,24.3,19.6,0.105,0.895,0.001
102,N,0,0.911,C,74.7,-80.4,-9.6,96.3,56.5,11.4,21.8,0.499,0.495,0.006
103,K,0,0.898,C,99.9,-91.0,-3.5,98.8,54.5,8.8,21.7,0.741,0.238,0.021
104,L,0,0.890,C,7.5,-90.7,136.6,119.7,102.3,25.5,14.4,0.893,0.010,0.097
105,L,0,0.892,E,55.7,-90.8,124.5,113.3,-137.8,12.8,27.0,0.494,0.004,0.502
106,V,0,0.898,E,4.9,-122.9,138.1,127.8,-170.0,25.6,18.4,0.143,0.000,0.856
107,T,0,0.896,E,40.5,-111.6,130.5,120.5,-157.2,11.7,27.3,0.165,0.001,0.834
108,C,0,0.896,C,14.7,-85.4,125.7,113.2,-132.5,22.3,17.5,0.894,0.002,0.104
109,P,0,0.885,C,43.6,-73.4,105.6,105.7,-134.3,13.1,20.4,0.964,0.024,0.012
110,F,0,0.877,C,102.0,-77.4,9.6,100.0,31.0,10.8,18.0,0.972,0.020,0.007
111,T,0,0.880,C,42.1,-107.0,141.5,123.1,97.9,13.3,12.7,0.935,0.026,0.039
112,E,0,0.893,C,151.0,-71.0,-19.0,97.5,-120.3,2.2,16.6,0.985,0.012,0.003
113,H,0,0.910,C,107.7,-86.5,-3.9,98.6,51.1,6.6,16.2,0.967,0.017,0.016
114,C,0,0.932,C,26.7,-94.5,128.8,116.1,88.6,19.0,10.7,0.915,0.017,0.068
115,T,0,0.939,C,91.4,-88.8,-8.3,99.6,-170.9,4.8,20.7,0.809,0.050,0.141
116,E,0,0.915,E,73.5,-102.0,142.9,122.9,85.7,11.2,17.2,0.347,0.087,0.566
117,V,0,0.897,E,58.2,-102.8,130.0,118.2,-142.1,13.2,20.2,0.135,0.019,0.846
118,L,0,0.881,E,21.3,-116.7,139.7,125.0,-170.0,20.3,18.1,0.116,0.013,0.870
119,Q,0,0.872,E,61.6,-81.4,131.7,112.6,-126.5,11.8,24.9,0.172,0.018,0.810
120,R,0,0.866,H,43.0,-79.5,-5.3,104.1,-143.8,20.7,18.0,0.231,0.655,0.114
121,C,0,0.851,H,38.7,-74.5,-34.4,100.9,77.4,12.4,20.0,0.212,0.723,0.065
122,D,0,0.843,H,59.5,-84.0,-4.1,100.3,50.5,9.4,22.5,0.220,0.711,0.069
123,L,0,0.814,H,8.5,-75.6,-23.2,97.1,100.2,24.3,16.2,0.195,0.774,0.031
124,Q,0,0.806,H,59.8,-62.1,-40.3,93.9,74.1,15.8,18.6,0.139,0.855,0.006
125,H,0,0.817,H,99.2,-66.8,-37.3,93.2,52.0,5.3,23.4,0.139,0.858,0.003
126,H,0,0.832,H,35.8,-70.0,-35.6,94.5,50.3,16.1,19.1,0.198,0.799,0.002
127,F,0,0.836,H,19.6,-71.2,-34.7,96.3,51.4,22.7,17.3,0.310,0.688,0.002
128,Q,0,0.811,H,79.6,-68.0,-34.2,95.0,57.5,12.3,19.3,0.447,0.546,0.007
129,T,0,0.798,C,78.2,-76.0,-26.7,96.8,50.1,6.1,20.1,0.512,0.475,0.014
130,S,0,0.757,C,44.1,-87.3,-20.8,99.6,43.6,11.6,17.2,0.557,0.419,0.024
131,C,0,0.728,C,19.8,-97.3,66.4,108.9,55.6,21.0,12.5,0.753,0.212,0.035
132,K,0,0.689,C,126.7,-74.6,31.9,103.2,-174.1,5.8,19.2,0.773,0.186,0.040
133,G,0,0.671,C,42.9,75.8,-2.2,103.2,21.7,6.8,17.9,0.830,0.144,0.026
134,A,0,0.670,C,33.8,-89.6,120.3,111.8,114.0,16.4,14.1,0.763,0.189,0.048
135,S,0,0.695,C,52.0,-93.4,107.3,110.6,-175.7,10.8,18.8,0.717,0.224,0.058
136,H,0,0.708,C,68.6,-91.1,32.0,106.4,179.8,13.7,18.7,0.667,0.258,0.075
137,Y,0,0.707,C,58.7,-91.2,52.0,107.3,110.8,17.7,17.0,0.629,0.267,0.104
138,G,0,0.705,C,26.1,113.3,177.7,117.6,-112.7,12.0,20.3,0.730,0.137,0.133
139,L,0,0.713,C,41.7,-92.9,129.6,114.5,-139.9,17.7,16.3,0.697,0.121,0.182
140,T,0,0.731,C,54.2,-95.7,147.8,116.7,-156.2,10.1,18.1,0.723,0.117,0.160
141,K,0,0.734,C,123.8,-69.0,-24.3,97.1,-113.7,7.6,14.6,0.767,0.193,0.040
142,D,0,0.750,C,104.5,-77.3,-17.3,97.6,57.1,3.0,16.1,0.733,0.219,0.048
143,R,0,0.734,C,102.0,-95.6,88.3,110.0,69.4,10.4,12.5,0.783,0.144,0.074
144,K,0,0.722,C,115.5,-87.9,112.1,110.2,-161.2,8.1,16.4,0.797,0.077,0.126
145,R,0,0.709,C,87.1,-102.6,138.9,119.9,-149.6,13.2,17.7,0.799,0.045,0.155
146,R,0,0.703,C,74.6,-90.0,131.7,115.3,-127.6,15.6,19.5,0.840,0.041,0.119
147,S,0,0.686,C,30.9,-74.3,135.0,110.7,-114.5,16.3,21.1,0.814,0.077,0.109
148,Q,0,0.668,C,56.0,-89.9,38.4,107.9,-150.6,15.1,17.4,0.776,0.127,0.097
149,D,0,0.666,C,78.0,-90.4,93.3,109.1,143.3,9.2,19.1,0.854,0.078,0.069
150,G,0,0.663,C,36.5,89.9,-1.9,106.9,-13.3,9.5,18.9,0.941,0.023,0.036
151,C,0,0.683,C,24.0,-90.7,134.7,117.7,159.7,19.5,12.5,0.955,0.002,0.043
152,P,0,0.690,C,53.1,-69.7,153.2,112.8,-107.1,9.9,17.4,0.952,0.037,0.011
153,D,0,0.706,C,118.0,-66.7,-22.1,97.0,-97.7,2.6,15.8,0.908,0.081,0.010
154,G,0,0.714,C,46.7,-36.7,-11.4,98.2,38.6,4.0,17.1,0.811,0.170,0.019
155,C,0,0.731,C,34.4,-77.6,-18.7,101.1,79.1,16.3,11.3,0.723,0.231,0.046
156,A,0,0.748,C,61.5,-72.3,-26.4,98.0,68.1,9.0,15.6,0.639,0.298,0.063
157,S,0,0.753,C,67.8,-78.2,-20.3,100.4,62.1,4.7,16.3,0.623,0.282,0.095
158,L,0,0.754,C,72.3,-76.1,-19.3,99.3,68.6,12.0,14.0,0.582,0.358,0.059
159,M,0,0.760,C,87.3,-83.8,-0.7,102.5,68.6,11.1,15.1,0.620,0.320,0.060
160,A,0,0.765,C,59.3,-77.9,-9.5,102.2,77.3,9.0,14.9,0.645,0.314,0.042
161,T,0,0.766,C,73.6,-87.3,37.5,106.4,92.2,9.1,14.6,0.693,0.266,0.041
162,T,0,0.771,C,76.7,-94.2,79.5,108.6,95.2,7.8,16.6,0.760,0.175,0.064
163,L,0,0.759,C,46.8,-94.5,133.2,117.7,165.5,17.5,13.2,0.903,0.031,0.066
164,S,0,0.754,C,42.6,-85.3,147.4,117.9,-128.3,9.8,18.5,0.947,0.026,0.027
165,P,0,0.739,C,86.1,-66.9,-22.0,95.6,-118.5,8.6,16.2,0.688,0.307,0.005
166,E,0,0.744,C,110.3,-86.6,-0.8,100.5,59.3,6.5,18.4,0.582,0.397,0.022
167,V,0,0.754,C,36.8,-96.5,130.7,116.8,104.9,18.1,14.1,0.560,0.386,0.053
168,S,0,0.748,C,33.6,-93.1,144.3,116.4,-147.0,12.2,21.3,0.611,0.343,0.046
169,A,0,0.752,H,36.3,-70.0,-25.8,97.2,-124.0,16.4,18.6,0.433,0.519,0.047
170,A,0,0.759,H,42.3,-70.3,-31.5,96.0,61.5,13.5,18.8,0.372,0.560,0.068
171,A,0,0.774,H,36.1,-69.0,-34.6,95.4,55.4,12.6,19.0,0.334,0.550,0.116
172,T,0,0.790,H,29.9,-71.6,-34.0,96.4,54.8,17.2,18.9,0.300,0.487,0.213
173,I,0,0.797,H,38.8,-68.1,-35.9,95.3,56.3,18.4,18.7,0.288,0.463,0.249
174,S,0,0.787,H,53.0,-68.8,-30.0,94.6,57.6,9.2,21.6,0.334,0.413,0.253
175,L,0,0.768,C,42.2,-80.7,-19.7,96.2,53.1,15.6,18.9,0.490,0.293,0.217
176,M,0,0.758,C,32.0,-88.7,96.3,109.4,79.8,20.9,14.4,0.658,0.135,0.207
177,T,0,0.756,C,55.0,-99.8,127.9,114.4,137.9,10.6,17.7,0.845,0.022,0.133
178,D,0,0.747,C,95.3,-80.2,-4.9,100.9,-146.1,7.0,16.3,0.928,0.012,0.060
179,E,0,0.727,C,89.3,-99.8,134.3,119.0,94.8,8.8,17.1,0.944,0.006,0.049
180,P,0,0.681,C,62.3,-67.3,137.4,108.8,-98.9,14.3,16.7,0.865,0.101,0.034
181,G,0,0.654,C,30.3,86.0,-3.6,101.6,21.8,11.5,20.3,0.849,0.081,0.070
182,L,0,0.667,C,26.1,-91.5,95.3,110.1,98.9,21.1,17.1,0.771,0.078,0.151
183,D,0,0.684,C,61.2,-103.1,109.4,112.7,-175.3,10.7,24.3,0.770,0.040,0.190
184,N,0,0.698,C,22.0,-101.4,117.8,114.5,-163.0,20.9,17.4,0.901,0.008,0.090
185,P,0,0.692,C,54.5,-68.5,-21.2,97.4,-148.6,12.1,21.1,0.836,0.122,0.041
186,A,0,0.712,C,23.2,-71.4,-29.8,95.2,62.8,17.3,18.9,0.677,0.185,0.138
187,Y,0,0.726,C,38.9,-88.0,11.2,104.2,61.8,20.5,16.7,0.644,0.133,0.223
188,V,0,0.727,C,48.0,-93.2,110.9,111.3,114.6,12.0,18.2,0.718,0.079,0.204
189,S,0,0.716,C,57.3,-80.6,97.8,107.4,-142.8,10.4,16.9,0.792,0.093,0.115
190,S,0,0.691,C,47.8,-88.3,62.9,108.0,-173.6,11.9,15.4,0.795,0.100,0.105
191,V,0,0.672,C,73.4,-91.6,104.8,110.4,138.8,10.6,14.9,0.801,0.096,0.104
192,E,0,0.659,C,108.5,-81.1,67.6,106.2,-155.3,8.0,14.8,0.854,0.061,0.085
193,D,0,0.647,C,89.0,-83.7,42.4,104.6,143.9,7.4,15.0,0.880,0.063,0.057
194,G,0,0.620,C,44.5,-65.7,12.2,103.1,-77.4,7.8,14.5,0.903,0.039,0.058
195,E,0,0.619,C,92.0,-94.7,129.1,115.7,119.4,9.0,14.5,0.909,0.026,0.065
196,P,0,0.620,C,66.8,-72.6,128.7,107.2,-123.4,11.4,15.2,0.873,0.093,0.034
197,V,0,0.626,C,76.4,-86.0,88.1,108.1,-148.6,10.6,15.6,0.821,0.115,0.064
198,A,0,0.620,C,59.2,-88.4,94.8,108.9,-171.5,10.0,14.7,0.866,0.063,0.071
199,N,0,0.607,C,93.0,-91.8,80.4,108.4,178.0,7.5,15.6,0.896,0.037,0.067
200,S,0,0.602,C,66.3,-81.1,0.9,102.9,169.7,8.4,12.6,0.847,0.119,0.034
201,S,0,0.586,C,74.0,-85.2,10.0,103.8,87.2,5.2,13.5,0.807,0.149,0.044
202,D,0,0.580,C,85.3,-87.1,38.5,105.9,108.2,7.9,13.4,0.797,0.162,0.040
203,S,0,0.556,C,72.0,-79.0,10.6,103.3,133.5,5.8,13.3,0.735,0.230,0.036
204,G,0,0.551,C,44.1,47.6,-3.7,104.4,15.1,7.3,15.1,0.701,0.259,0.040
205,R,0,0.569,C,120.5,-87.9,39.9,106.5,92.3,8.8,14.5,0.651,0.275,0.074
206,S,0,0.593,C,53.7,-87.3,98.7,109.1,128.3,11.0,13.3,0.555,0.364,0.081
207,N,0,0.615,C,89.6,-93.3,99.5,110.0,173.3,7.6,15.9,0.622,0.319,0.060
208,R,0,0.644,C,116.0,-86.7,90.7,108.6,162.9,9.9,14.2,0.617,0.320,0.063
209,T,0,0.674,C,73.9,-93.4,108.0,110.8,159.0,8.5,15.0,0.640,0.287,0.072
210,R,0,0.684,C,103.3,-93.0,120.0,112.3,174.4,11.3,14.5,0.666,0.239,0.095
211,A,0,0.688,C,53.5,-87.3,119.6,110.4,-160.0,10.5,15.8,0.743,0.181,0.077
212,R,0,0.692,C,85.8,-97.6,133.1,116.7,-152.3,13.0,15.9,0.812,0.116,0.072
213,P,0,0.692,C,54.9,-73.9,100.2,105.5,-126.2,11.7,18.2,0.706,0.216,0.078
214,F,0,0.699,C,62.7,-74.9,-23.6,99.6,160.2,17.1,15.2,0.553,0.303,0.144
215,E,0,0.704,C,91.8,-75.1,-22.0,99.6,67.0,10.6,17.9,0.534,0.267,0.199
216,R,0,0.707,C,101.9,-80.4,-6.9,102.6,68.7,10.0,17.6,0.525,0.269,0.206
217,S,0,0.692,C,29.3,-82.1,68.7,107.5,102.1,16.2,13.9,0.569,0.243,0.188
218,T,0,0.701,C,66.9,-75.9,-20.0,99.7,93.4,10.4,17.7,0.600,0.247,0.153
219,M,0,0.714,C,73.5,-71.5,-32.6,98.0,60.9,12.0,16.4,0.582,0.217,0.201
220,R,0,0.723,C,103.5,-73.4,-24.2,98.9,62.5,11.1,16.5,0.638,0.216,0.147
221,S,0,0.731,C,50.8,-74.6,-20.0,100.3,67.3,11.3,15.9,0.653,0.234,0.113
222,R,0,0.743,C,109.7,-74.7,-23.6,99.7,67.3,9.1,17.6,0.672,0.255,0.073
223,S,0,0.749,C,36.6,-71.3,-33.0,98.4,65.8,12.4,16.8,0.643,0.261,0.095
224,F,0,0.764,C,43.5,-68.9,-36.4,96.0,57.4,17.9,15.2,0.592,0.346,0.062
225,K,0,0.777,C,116.0,-67.6,-33.9,94.6,59.0,6.2,18.9,0.626,0.317,0.057
226,K,0,0.780,C,111.2,-71.8,-30.0,94.8,51.6,5.2,19.1,0.534,0.358,0.108
227,I,0,0.772,C,34.4,-75.8,-29.2,99.3,58.5,18.0,15.5,0.483,0.421,0.096
228,N,0,0.772,C,66.2,-66.0,-35.8,96.0,62.3,12.5,19.2,0.579,0.362,0.059
229,R,0,0.772,H,116.6,-68.9,-32.1,95.1,53.7,6.8,22.0,0.401,0.476,0.124
230,A,0,0.763,H,20.7,-71.8,-32.9,96.3,56.2,17.7,17.9,0.347,0.546,0.107
231,L,0,0.761,H,30.5,-77.5,-21.2,101.1,61.0,20.2,17.3,0.268,0.567,0.164
232,S,0,0.749,H,51.7,-68.5,-34.4,96.8,79.3,9.7,21.7,0.249,0.503,0.248
233,A,0,0.732,H,30.4,-70.0,-34.8,95.9,55.4,13.5,20.1,0.234,0.456,0.310
234,L,0,0.726,H,24.1,-76.8,-25.0,100.2,60.0,21.9,16.5,0.268,0.389,0.343
235,R,0,0.718,E,90.0,-76.7,-13.9,100.8,65.8,12.9,18.5,0.381,0.225,0.394
236,R,0,0.705,C,110.9,-85.9,28.1,104.9,75.0,9.3,18.5,0.558,0.151,0.290
237,T,0,0.691,C,48.8,-88.7,101.4,109.5,128.1,14.6,14.8,0.744,0.073,0.184
238,K,0,0.673,C,110.1,-87.1,52.2,106.9,162.0,8.5,16.9,0.859,0.048,0.093
239,S,0,0.648,C,61.3,-81.1,28.1,104.9,157.2,9.6,16.0,0.843,0.076,0.081
240,G,0,0.624,C,37.5,65.0,-2.4,106.0,-86.1,10.7,17.6,0.831,0.085,0.084
241,S,0,0.632,C,40.5,-88.2,107.3,109.9,133.1,13.4,16.9,0.725,0.079,0.195
242,V,0,0.669,E,46.1,-86.2,40.1,107.5,165.7,13.4,18.2,0.420,0.085,0.495
243,V,0,0.689,E,45.2,-74.9,-24.9,100.4,97.6,14.4,17.6,0.418,0.098,0.484
244,A,0,0.696,C,41.4,-72.9,-27.7,99.0,70.0,13.2,17.3,0.543,0.127,0.331
245,N,0,0.704,C,77.6,-81.0,-10.0,101.1,61.5,9.1,18.8,0.581,0.115,0.303
246,H,0,0.716,C,65.8,-88.9,26.2,105.4,75.9,13.2,16.5,0.589,0.136,0.276
247,V,0,0.720,C,51.0,-78.5,-16.1,102.4,96.9,14.7,15.6,0.626,0.184,0.190
248,D,0,0.718,C,63.4,-91.0,78.1,108.6,96.6,10.7,16.8,0.696,0.170,0.134
249,Q,0,0.674,C,93.4,-77.6,-8.5,101.4,126.1,10.1,15.4,0.675,0.234,0.091
250,G,0,0.637,C,41.9,31.8,1.2,104.5,-61.1,8.5,15.8,0.740,0.179,0.081
251,R,0,0.629,C,111.0,-88.9,67.1,107.8,100.3,10.3,13.9,0.778,0.129,0.092
252,D,0,0.640,C,84.8,-85.0,58.0,105.9,153.1,7.7,15.9,0.822,0.077,0.102
253,N,0,0.635,C,65.1,-87.6,11.8,102.5,121.5,12.5,14.9,0.823,0.105,0.072
254,S,0,0.639,C,54.7,-75.5,-12.4,101.0,108.2,11.7,14.5,0.771,0.165,0.064
255,E,0,0.660,C,111.8,-85.2,4.3,103.5,83.9,6.7,16.7,0.741,0.186,0.073
256,N,0,0.680,C,64.8,-93.3,56.5,106.7,83.2,12.3,15.5,0.795,0.148,0.056
257,T,0,0.716,C,54.6,-94.1,107.2,111.1,159.4,12.8,16.6,0.847,0.096,0.056
258,T,0,0.755,C,49.4,-103.9,126.1,115.7,-175.7,13.4,18.9,0.880,0.034,0.086
259,V,0,0.790,C,37.7,-102.9,134.7,119.5,-156.3,16.1,18.4,0.927,0.011,0.063
260,P,0,0.792,C,40.3,-72.4,143.0,111.6,-109.9,13.9,18.8,0.885,0.094,0.020
261,E,0,0.820,C,104.0,-77.3,-11.3,101.3,-130.9,10.2,17.2,0.852,0.123,0.024
262,V,0,0.839,C,72.4,-108.3,134.0,118.2,81.8,9.7,19.2,0.836,0.116,0.048
263,F,0,0.856,C,50.9,-102.9,133.2,119.5,-148.6,18.0,16.8,0.939,0.024,0.038
264,P,0,0.854,C,32.7,-72.4,143.9,112.5,-106.1,17.6,18.5,0.875,0.105,0.020
265,R,0,0.861,C,100.1,-79.5,116.1,108.0,-127.9,12.4,20.4,0.690,0.262,0.048
266,L,0,0.855,C,45.6,-93.8,128.8,113.8,-145.3,15.7,20.0,0.588,0.296,0.116
267,F,0,0.856,C,41.6,-101.7,130.3,116.2,-153.8,19.0,18.7,0.630,0.245,0.125
268,H,0,0.849,C,64.4,-86.8,103.4,109.0,-145.5,13.4,21.1,0.768,0.123,0.109
269,L,0,0.831,C,45.8,-90.5,121.4,111.5,-154.4,15.1,20.1,0.844,0.025,0.131
270,I,0,0.825,C,22.2,-96.2,130.5,117.8,-141.1,22.3,15.5,0.943,0.001,0.057
271,P,0,0.804,C,49.5,-69.6,151.3,114.6,-108.8,10.2,19.4,0.981,0.003,0.016
272,D,0,0.793,C,96.7,-67.1,132.5,108.4,-90.0,6.4,19.7,0.976,0.011,0.013
273,G,0,0.763,C,35.0,86.7,-3.5,98.7,20.6,9.2,20.0,0.953,0.010,0.037
274,E,0,0.771,C,69.0,-92.7,138.2,119.9,116.0,10.7,20.9,0.813,0.006,0.181
275,I,0,0.793,E,31.5,-90.3,127.7,115.1,-133.9,20.0,19.5,0.219,0.001,0.780
276,T,0,0.816,E,29.4,-113.7,129.5,117.9,-174.1,16.5,22.3,0.050,0.000,0.949
277,S,0,0.828,E,24.0,-120.0,138.8,125.6,-150.0,15.1,26.2,0.018,0.000,0.982
278,I,0,0.829,E,4.3,-120.0,132.0,124.8,-164.4,26.1,19.1,0.005,0.000,0.995
279,K,0,0.820,E,70.6,-102.7,122.7,115.2,-149.8,9.9,28.2,0.006,0.000,0.994
280,I,0,0.809,E,3.7,-116.4,130.8,123.4,-167.4,26.6,17.3,0.040,0.000,0.960
281,N,0,0.789,E,56.6,-111.6,126.6,118.9,-161.5,9.1,27.2,0.250,0.002,0.748
282,R,0,0.768,C,40.0,-88.4,99.8,109.7,-151.3,21.5,15.3,0.906,0.007,0.087
283,A,0,0.760,C,67.8,-82.0,-24.7,99.7,172.3,6.0,19.5,0.975,0.002,0.023
284,D,0,0.760,C,72.0,-120.5,99.7,114.3,27.6,6.7,17.7,0.970,0.001,0.029
285,P,0,0.752,C,62.6,-67.5,-20.6,94.8,-163.9,14.6,13.9,0.967,0.027,0.007
286,S,0,0.743,C,81.6,-84.4,-1.7,95.7,61.1,3.0,19.5,0.952,0.035,0.013
287,E,0,0.742,C,52.4,-89.9,140.4,120.0,99.2,15.3,16.0,0.886,0.048,0.066
288,S,0,0.752,C,28.4,-84.6,140.5,114.9,-132.4,15.2,25.2,0.809,0.033,0.158
289,L,0,0.772,C,5.5,-101.5,129.5,118.1,-127.6,25.4,23.4,0.634,0.021,0.345
290,S,0,0.795,E,10.2,-117.8,142.3,124.6,-170.7,21.0,28.1,0.394,0.004,0.602
291,I,0,0.813,E,1.7,-122.0,136.9,127.1,-155.8,27.5,25.6,0.060,0.000,0.940
292,R,0,0.806,E,40.9,-122.7,137.1,126.5,-167.7,17.1,28.8,0.013,0.000,0.987
293,L,0,0.774,E,4.4,-104.2,128.3,118.8,-147.8,25.6,25.5,0.037,0.000,0.963
294,V,0,0.746,E,18.8,-122.4,140.8,126.5,-172.6,20.3,26.8,0.209,0.001,0.790
295,G,0,0.694,C,14.1,119.8,-171.1,120.3,18.1,18.6,23.7,0.782,0.017,0.201
296,G,0,0.663,C,18.8,125.2,-169.2,123.2,43.8,14.5,21.3,0.888,0.021,0.091
297,S,0,0.672,C,65.2,-80.0,-8.8,101.7,-63.2,9.8,19.8,0.933,0.033,0.034
298,E,0,0.700,C,110.8,-88.6,3.9,101.6,52.6,7.4,19.0,0.960,0.017,0.023
299,T,0,0.737,C,35.7,-109.3,133.8,121.6,80.6,15.1,17.7,0.924,0.007,0.069
300,P,0,0.772,C,45.6,-70.2,-2.9,100.9,-126.7,15.3,21.1,0.920,0.061,0.020
301,L,0,0.811,C,33.5,-97.7,81.5,110.2,104.2,19.4,23.2,0.857,0.076,0.067
302,V,0,0.862,C,18.6,-110.7,135.4,121.2,167.0,21.4,24.0,0.755,0.045,0.200
303,H,0,0.913,C,22.1,-101.8,132.6,118.6,-142.4,21.4,26.9,0.564,0.026,0.410
304,I,0,0.937,E,2.4,-112.8,130.0,122.0,-152.4,26.9,25.4,0.111,0.000,0.888
305,I,0,0.955,E,14.6,-111.8,125.3,119.3,-161.3,19.7,29.0,0.013,0.000,0.986
306,I,0,0.952,E,3.4,-84.3,123.8,112.3,-138.8,26.3,21.1,0.004,0.000,0.996
307,Q,0,0.944,E,53.6,-93.2,-29.3,99.1,-177.9,13.0,25.5,0.009,0.000,0.991
308,H,0,0.935,E,40.9,-153.9,148.5,141.6,5.7,12.6,27.7,0.015,0.000,0.985
309,I,0,0.922,E,6.8,-108.1,128.0,120.0,-152.6,25.5,19.7,0.070,0.000,0.930
310,Y,0,0.927,E,51.9,-115.0,143.9,125.2,-170.5,13.6,24.2,0.478,0.003,0.520
311,R,0,0.921,C,115.8,-66.4,-28.5,97.3,-103.3,11.8,21.0,0.968,0.009,0.024
312,D,0,0.908,C,90.1,-91.4,9.3,98.0,42.3,5.0,21.4,0.976,0.018,0.005
313,G,0,0.885,C,6.9,-92.8,165.6,129.7,108.0,21.2,18.0,0.915,0.068,0.017
314,V,0,0.873,H,31.6,-65.8,-32.4,93.3,-101.1,18.6,22.9,0.210,0.788,0.002
315,I,0,0.868,H,11.2,-66.9,-41.3,94.9,51.9,23.1,19.6,0.110,0.889,0.001
316,A,0,0.874,H,20.1,-65.4,-40.1,94.0,52.6,17.8,18.3,0.094,0.905,0.001
317,R,0,0.869,H,117.4,-68.9,-35.7,93.6,51.0,7.9,20.6,0.131,0.867,0.002
318,D,0,0.862,H,68.8,-94.5,-4.9,97.6,43.6,9.0,17.8,0.478,0.512,0.010
319,G,0,0.838,C,35.0,84.2,8.0,97.0,-105.4,11.7,18.9,0.947,0.048,0.005
320,R,0,0.819,C,96.0,-91.5,38.1,107.7,121.1,9.3,22.1,0.898,0.028,0.074
321,L,0,0.811,C,4.4,-85.1,132.0,116.0,-128.9,26.5,15.6,0.897,0.004,0.100
322,L,0,0.817,C,56.1,-121.9,152.8,131.6,-169.7,8.8,28.0,0.955,0.000,0.044
323,P,0,0.822,C,61.6,-61.6,139.4,110.8,-91.1,14.4,21.0,0.990,0.001,0.009
324,G,0,0.848,C,34.8,89.0,-4.8,93.8,25.6,7.2,21.9,0.995,0.001,0.003
325,D,0,0.872,C,9.1,-77.2,145.7,119.7,131.1,22.9,19.6,0.980,0.002,0.019
326,I,0,0.894,E,34.8,-107.8,127.4,118.5,-143.0,14.9,28.3,0.072,0.001,0.927
327,I,0,0.890,E,3.6,-82.4,124.8,112.1,-131.4,26.3,19.9,0.025,0.000,0.975
328,L,0,0.880,E,40.6,-94.7,-28.3,100.9,179.0,16.2,25.3,0.017,0.000,0.983
329,K,0,0.877,E,48.7,-153.5,147.6,141.6,3.3,10.7,27.4,0.010,0.000,0.990
330,V,0,0.844,E,5.3,-129.4,127.8,125.5,-166.4,25.5,15.6,0.023,0.000,0.976
331,N,0,0.799,C,62.2,57.1,40.0,92.1,-13.0,10.2,19.1,0.997,0.002,0.001
332,G,0,0.774,C,52.4,81.8,3.8,94.5,-50.2,4.4,18.2,0.998,0.001,0.001
333,M,0,0.775,E,69.9,-112.8,141.3,127.3,110.6,10.9,16.3,0.057,0.000,0.942
334,D,0,0.783,E,67.3,-77.2,123.2,110.1,-118.4,10.6,23.0,0.068,0.000,0.932
335,I,0,0.762,C,5.5,-94.0,-5.8,97.8,-169.4,24.4,13.3,0.893,0.043,0.064
336,S,0,0.744,C,51.9,-65.2,-27.5,92.5,89.1,12.3,17.1,0.940,0.050,0.010
337,N,0,0.744,C,98.0,-92.7,1.8,97.0,49.3,4.4,21.3,0.953,0.039,0.007
338,V,0,0.774,C,17.8,-86.9,141.4,119.8,107.2,21.8,13.5,0.992,0.000,0.007
339,P,0,0.807,C,39.1,-73.2,151.3,117.4,-113.2,9.8,26.1,0.991,0.002,0.006
340,H,0,0.835,H,23.4,-59.5,-38.0,91.1,-109.9,23.5,16.8,0.021,0.979,0.000
341,N,0,0.852,H,70.6,-63.4,-39.5,92.0,54.7,9.8,23.8,0.008,0.992,0.000
342,Y,0,0.869,H,68.7,-66.6,-39.9,93.1,50.4,10.3,24.3,0.002,0.998,0.000
343,A,0,0.891,H,1.4,-64.6,-44.0,94.0,51.6,26.7,20.7,0.001,0.999,0.000
344,V,0,0.899,H,18.0,-63.0,-41.9,93.0,52.5,20.8,23.6,0.001,0.999,0.000
345,R,0,0.895,H,109.7,-64.8,-39.7,92.0,51.3,5.8,27.4,0.002,0.998,0.000
346,L,0,0.886,H,10.1,-66.8,-41.5,93.8,50.2,21.1,23.2,0.006,0.994,0.000
347,L,0,0.885,H,1.9,-69.0,-36.9,94.7,52.5,27.3,20.9,0.133,0.867,0.000
348,R,0,0.878,C,104.6,-82.4,-9.5,95.8,56.4,11.4,23.2,0.717,0.280,0.003
349,Q,0,0.879,C,67.8,-110.7,131.9,122.1,77.3,12.0,20.1,0.993,0.000,0.006
350,P,0,0.882,C,55.5,-69.7,138.4,110.7,-109.7,14.3,23.6,0.993,0.000,0.006
351,C,0,0.912,C,14.4,-89.2,140.0,118.2,-129.1,23.1,15.8,0.955,0.002,0.042
352,Q,0,0.914,C,80.9,-86.9,-19.1,100.8,-158.7,11.0,24.2,0.925,0.003,0.072
353,V,0,0.905,E,36.0,-135.7,142.5,131.6,20.7,13.8,25.9,0.247,0.002,0.751
354,L,0,0.894,E,4.0,-116.9,133.0,124.4,-160.8,26.3,19.7,0.021,0.000,0.979
355,R,0,0.900,E,59.6,-108.8,125.8,118.3,-157.2,13.0,28.4,0.008,0.000,0.992
356,L,0,0.899,E,2.6,-117.6,134.0,125.0,-166.7,26.9,21.5,0.005,0.000,0.995
357,T,0,0.893,E,22.3,-110.7,128.0,119.7,-159.2,14.9,28.6,0.003,0.000,0.997
358,V,0,0.895,E,3.5,-115.8,129.5,122.7,-165.2,26.1,22.4,0.008,0.000,0.992
359,L,0,0.880,E,26.2,-110.8,132.4,121.4,-163.3,16.7,27.3,0.060,0.000,0.939
360,R,0,0.871,E,36.4,-96.3,130.2,116.5,-149.5,20.0,20.5,0.431,0.013,0.557
361,E,0,0.851,C,71.5,-81.7,-2.4,102.2,-148.6,13.3,18.3,0.757,0.125,0.118
362,Q,0,0.823,C,94.8,-88.2,83.3,109.1,84.1,8.3,17.2,0.800,0.169,0.031
363,K,0,0.797,C,114.0,-83.3,84.3,106.9,-110.2,7.5,17.3,0.772,0.184,0.044
364,F,0,0.767,C,65.4,-90.9,104.5,110.2,146.1,16.2,13.3,0.767,0.151,0.082
365,R,0,0.737,C,117.4,-95.7,121.0,112.3,179.9,9.1,16.3,0.821,0.070,0.110
366,S,0,0.698,C,60.2,-96.7,130.4,114.2,-146.4,8.5,16.7,0.835,0.077,0.088
367,R,0,0.660,C,112.4,-85.3,32.7,106.0,-155.7,11.0,14.2,0.696,0.255,0.049
368,S,0,0.633,C,66.8,-82.4,6.9,104.7,122.1,6.8,15.2,0.684,0.274,0.042
369,N,0,0.620,C,90.2,-88.0,26.3,104.4,72.4,7.9,15.7,0.716,0.230,0.054
370,A,0,0.621,C,54.7,-82.1,13.6,104.3,116.7,11.4,13.8,0.840,0.097,0.062
371,H,0,0.639,C,97.2,-94.0,102.2,110.6,110.9,9.4,15.9,0.924,0.013,0.064
372,V,0,0.664,C,63.4,-103.1,128.5,118.0,-179.1,11.2,16.5,0.956,0.002,0.042
373,P,0,0.664,C,46.1,-71.1,144.6,111.0,-112.8,14.5,15.5,0.961,0.021,0.018
374,D,0,0.661,C,87.6,-86.0,72.2,106.9,-131.5,8.2,17.0,0.926,0.054,0.020
375,S,0,0.634,C,65.6,-89.1,25.5,106.0,-157.0,9.0,15.6,0.903,0.072,0.025
376,Y,0,0.604,C,110.3,-97.4,84.7,110.2,122.7,10.0,16.4,0.917,0.048,0.035
377,G,0,0.583,C,27.3,171.1,179.3,126.8,-179.3,10.2,18.0,0.951,0.010,0.038
378,P,0,0.601,C,77.5,-72.1,55.4,104.0,-62.2,8.8,17.2,0.943,0.037,0.020
379,R,0,0.645,C,120.2,-86.4,51.5,106.5,121.4,9.3,16.0,0.847,0.108,0.044
380,D,0,0.685,C,80.6,-88.5,42.6,106.5,139.1,9.1,16.9,0.765,0.170,0.064
381,D,0,0.714,C,63.9,-94.6,62.8,108.3,150.3,11.6,17.9,0.703,0.167,0.130
382,S,0,0.730,C,30.6,-107.6,138.2,120.6,149.4,14.0,21.1,0.514,0.057,0.430
383,F,0,0.757,E,23.2,-123.5,142.9,128.5,-171.6,21.3,19.1,0.207,0.003,0.790
384,H,0,0.788,E,71.0,-106.2,127.0,117.9,-147.0,10.8,26.6,0.083,0.001,0.916
385,V,0,0.814,E,6.4,-114.0,131.7,122.9,-164.6,25.1,17.5,0.022,0.000,0.978
386,I,0,0.797,E,50.0,-108.5,122.2,116.5,-156.4,10.2,27.7,0.018,0.000,0.982
387,L,0,0.786,E,9.4,-98.9,129.5,118.0,-155.4,24.9,17.2,0.124,0.001,0.875
388,N,0,0.751,E,59.4,-107.5,122.1,116.3,-160.8,9.8,25.3,0.395,0.005,0.600
389,K,0,0.722,C,59.8,-83.1,113.5,109.7,-144.6,18.4,14.9,0.817,0.007,0.176
390,S,0,0.688,C,68.5,-87.2,-12.7,102.6,169.8,6.5,17.9,0.936,0.002,0.061
391,S,0,0.680,C,50.2,-122.3,129.3,122.6,34.7,7.9,17.0,0.965,0.001,0.034
392,P,0,0.698,C,81.3,-66.9,-22.1,95.6,-139.8,9.7,15.0,0.957,0.038,0.005
393,E,0,0.734,C,139.7,-84.2,-3.8,97.3,54.0,2.5,17.0,0.938,0.054,0.008
394,E,0,0.763,C,74.4,-93.6,139.5,118.4,94.1,11.9,15.8,0.825,0.122,0.053
395,Q,0,0.782,C,59.4,-90.4,138.5,116.3,-134.3,13.7,20.2,0.754,0.126,0.120
396,L,0,0.794,C,17.3,-81.9,0.9,102.7,-125.1,22.9,21.9,0.787,0.099,0.113
397,G,0,0.813,C,9.3,112.9,178.9,120.1,-119.4,20.5,25.1,0.632,0.025,0.342
398,I,0,0.835,E,4.2,-114.5,137.1,124.9,-108.9,25.7,24.2,0.267,0.002,0.730
399,K,0,0.858,E,51.8,-126.6,141.6,129.0,-170.1,14.2,28.4,0.040,0.000,0.960
400,L,0,0.875,E,11.7,-99.1,128.7,117.5,-142.3,24.0,22.0,0.058,0.000,0.941
401,V,0,0.875,E,31.6,-120.7,137.7,124.8,-172.2,15.3,23.6,0.189,0.002,0.809
402,R,0,0.858,C,77.7,-82.8,124.2,111.6,-125.7,15.8,20.9,0.568,0.009,0.423
403,R,0,0.834,C,80.8,-102.3,126.4,115.6,-155.0,13.8,17.6,0.798,0.010,0.192
404,V,0,0.831,C,62.3,-97.3,111.9,111.8,-159.2,11.8,16.3,0.915,0.009,0.077
405,D,0,0.823,C,101.9,-84.4,19.7,101.7,1.1,4.9,17.7,0.961,0.008,0.031
406,E,0,0.807,C,68.3,-100.0,135.9,119.8,114.7,12.6,16.1,0.934,0.006,0.060
407,P,0,0.794,C,46.1,-72.9,109.4,105.8,-118.8,13.4,21.4,0.940,0.009,0.051
408,G,0,0.804,C,10.9,132.1,-178.9,121.5,-109.0,20.0,23.6,0.705,0.014,0.281
409,V,0,0.846,E,3.8,-114.7,134.8,124.4,-89.7,25.6,24.0,0.171,0.000,0.829
410,F,0,0.901,E,21.5,-120.0,135.3,125.4,-165.4,18.6,28.9,0.016,0.000,0.984
411,I,0,0.928,E,4.1,-84.7,125.0,112.6,-130.5,26.0,21.6,0.006,0.000,0.994
412,F,0,0.927,E,59.3,-93.0,-27.9,100.4,-178.8,14.6,25.1,0.014,0.000,0.986
413,N,0,0.906,E,36.3,-155.7,150.9,141.2,3.0,12.0,27.4,0.022,0.000,0.978
414,V,0,0.870,E,6.1,-120.1,131.0,124.4,-160.8,25.5,18.4,0.061,0.000,0.939
415,L,0,0.821,E,38.0,-109.2,138.3,122.4,-163.2,13.4,24.1,0.449,0.002,0.550
416,N,0,0.769,C,85.5,-65.9,134.7,109.6,-93.3,9.2,23.0,0.911,0.006,0.083
417,G,0,0.730,C,36.8,87.3,-3.3,97.3,21.3,7.7,21.7,0.968,0.022,0.010
418,G,0,0.717,C,7.3,-95.0,167.7,130.7,119.0,20.2,20.5,0.933,0.050,0.017
419,V,0,0.735,H,21.7,-66.4,-33.2,93.8,-100.8,21.4,22.0,0.160,0.838,0.002
420,A,0,0.754,H,6.0,-66.0,-40.8,94.5,54.1,24.2,17.6,0.065,0.935,0.000
421,D,0,0.778,H,61.3,-66.2,-37.4,93.5,53.5,12.7,19.1,0.047,0.952,0.000
422,R,0,0.780,H,121.1,-70.6,-33.2,93.1,50.9,6.5,19.7,0.062,0.938,0.000
423,H,0,0.766,H,63.8,-96.8,-6.5,99.6,39.2,14.4,15.1,0.321,0.678,0.001
424,G,0,0.754,C,39.7,83.1,7.9,98.2,-105.2,8.5,20.5,0.978,0.019,0.003
425,Q,0,0.761,C,75.9,-106.9,127.6,116.2,96.1,9.4,22.1,0.934,0.009,0.057
426,L,0,0.774,C,4.2,-83.1,134.1,116.3,-121.9,26.5,14.3,0.924,0.002,0.073
427,E,0,0.788,C,82.6,-124.3,155.1,133.1,-168.5,5.0,28.1,0.927,0.002,0.072
428,E,0,0.799,C,83.6,-63.2,138.4,110.9,-90.9,14.3,20.7,0.986,0.000,0.014
429,N,0,0.816,C,77.2,86.7,-1.2,95.3,22.2,9.0,22.0,0.996,0.001,0.003
430,D,0,0.832,C,12.2,-78.3,145.1,119.2,134.9,22.1,19.4,0.988,0.001,0.012
431,R,0,0.829,E,67.5,-102.9,127.6,117.5,-140.0,14.8,27.5,0.063,0.001,0.936
432,V,0,0.827,E,2.7,-80.2,125.6,111.8,-125.9,26.5,19.7,0.024,0.000,0.975
433,L,0,0.806,E,34.5,-96.1,-28.2,100.5,-179.3,17.0,26.1,0.022,0.001,0.978
434,A,0,0.789,E,11.5,-155.7,150.1,144.6,2.6,16.7,28.1,0.016,0.000,0.984
435,I,0,0.766,E,4.5,-129.4,127.6,125.4,-164.2,25.9,17.7,0.027,0.000,0.973
436,N,0,0.741,C,58.5,57.1,40.2,92.8,-13.5,10.9,20.3,0.994,0.003,0.002
437,G,0,0.743,C,47.8,81.7,3.4,95.2,-50.1,6.4,18.7,0.997,0.002,0.001
438,H,0,0.758,E,84.3,-109.4,137.4,124.9,109.3,9.3,17.8,0.070,0.001,0.929
439,D,0,0.778,E,65.6,-74.5,124.9,110.1,-116.5,12.4,21.7,0.101,0.002,0.898
440,L,0,0.757,C,13.3,-89.6,-5.0,99.5,-166.0,23.2,14.9,0.827,0.078,0.096
441,R,0,0.730,C,104.9,-68.9,-28.5,95.8,89.3,12.6,18.7,0.857,0.112,0.031
442,F,0,0.697,C,113.1,-95.3,6.8,100.1,43.0,6.8,20.6,0.884,0.102,0.013
443,G,0,0.657,C,12.3,-86.5,158.8,124.4,112.7,19.3,14.9,0.976,0.004,0.020
444,S,0,0.652,C,39.6,-85.5,157.8,122.8,-113.6,8.4,25.4,0.995,0.002,0.004
445,P,0,0.650,H,32.0,-59.9,-37.1,91.0,-107.7,20.8,15.9,0.032,0.968,0.000
446,E,0,0.664,H,110.8,-63.5,-39.2,91.8,54.3,4.6,23.1,0.017,0.983,0.000
447,S,0,0.672,H,36.3,-66.6,-39.5,93.3,50.5,8.8,21.9,0.007,0.993,0.000
448,A,0,0.686,H,2.2,-64.6,-43.6,93.9,51.3,26.0,19.3,0.003,0.997,0.000
449,A,0,0.717,H,16.8,-62.6,-42.1,93.0,53.2,18.8,22.5,0.001,0.999,0.000
450,H,0,0.751,H,98.2,-64.7,-40.0,92.1,50.8,4.8,26.6,0.001,0.999,0.000
451,L,0,0.761,H,13.1,-66.0,-42.9,93.8,50.3,19.2,21.8,0.001,0.999,0.000
452,I,0,0.763,H,3.6,-65.4,-41.7,93.8,51.0,26.1,19.7,0.003,0.997,0.000
453,Q,0,0.759,H,93.9,-67.9,-31.2,92.7,54.1,9.1,21.2,0.074,0.926,0.000
454,A,0,0.750,C,58.2,-84.7,-10.5,94.9,53.7,7.3,21.0,0.502,0.498,0.000
455,S,0,0.734,C,13.3,-84.2,141.6,117.8,96.6,23.0,9.9,0.977,0.014,0.010
456,E,0,0.738,C,130.6,-85.8,-7.0,98.9,-154.8,4.4,21.0,0.984,0.006,0.010
457,R,0,0.759,C,104.1,-123.8,152.7,131.2,52.8,8.3,19.7,0.931,0.004,0.066
458,R,0,0.781,C,99.1,-84.5,131.8,114.3,-111.1,12.4,24.1,0.621,0.004,0.375
459,V,0,0.822,E,4.2,-116.4,133.8,124.5,-160.7,26.0,16.7,0.101,0.000,0.899
460,H,0,0.845,E,55.9,-107.2,123.4,116.7,-154.3,11.2,28.5,0.018,0.000,0.982
461,L,0,0.846,E,3.2,-116.1,133.0,124.2,-167.1,26.7,19.6,0.011,0.000,0.989
462,V,0,0.844,E,31.2,-113.2,128.9,120.6,-162.3,12.3,28.6,0.007,0.000,0.993
463,V,0,0.820,E,5.3,-113.1,128.4,121.5,-163.5,25.4,21.6,0.021,0.000,0.979
464,S,0,0.804,E,21.4,-124.6,145.0,128.7,-173.9,14.0,25.8,0.096,0.002,0.902
465,R,0,0.779,E,45.5,-106.1,134.7,120.1,-150.9,18.7,19.5,0.365,0.017,0.618
466,Q,0,0.759,C,78.4,-79.0,66.1,105.8,-137.5,11.8,18.0,0.650,0.059,0.291
467,V,0,0.745,C,66.4,-101.2,127.5,114.8,169.6,11.2,16.5,0.777,0.101,0.122
468,R,0,0.712,C,126.0,-91.5,121.3,111.9,-138.0,8.9,15.2,0.867,0.091,0.042
469,Q,0,0.695,C,104.8,-89.2,99.4,109.0,-148.8,8.2,15.1,0.930,0.051,0.018
470,S,0,0.667,C,51.0,-98.4,145.6,118.8,-165.3,10.1,16.0,0.969,0.015,0.015
471,S,0,0.676,C,41.0,-84.1,145.7,116.2,-117.4,11.0,17.3,0.986,0.011,0.003
472,P,0,0.699,H,74.5,-64.2,-31.3,95.5,-112.6,10.1,15.2,0.316,0.683,0.000
473,D,0,0.732,H,84.6,-67.9,-35.3,94.7,55.7,4.6,18.0,0.245,0.752,0.003
474,I,0,0.744,H,44.1,-67.7,-38.6,94.0,52.5,13.2,16.4,0.131,0.852,0.017
475,F,0,0.762,H,51.1,-66.2,-38.3,93.8,53.2,15.8,15.3,0.141,0.830,0.028
476,Q,0,0.775,H,102.3,-68.3,-35.0,94.2,53.8,5.3,18.2,0.205,0.759,0.035
477,E,0,0.760,H,105.1,-71.5,-32.0,94.8,51.7,5.1,17.8,0.304,0.666,0.030
478,A,0,0.740,C,35.8,-76.1,-24.4,97.9,57.6,14.1,12.5,0.570,0.397,0.033
479,G,0,0.729,C,44.0,75.5,7.3,102.9,-110.9,6.8,18.8,0.900,0.076,0.024
480,W,0,0.716,C,101.4,-83.6,-1.8,103.1,97.1,12.4,13.5,0.855,0.060,0.086
481,I,0,0.707,C,82.9,-90.6,81.0,108.7,95.9,10.7,14.3,0.895,0.025,0.080
482,S,0,0.679,C,66.9,-86.4,43.8,106.7,140.7,7.3,14.7,0.920,0.021,0.059
483,N,0,0.643,C,100.1,-85.7,15.5,103.1,88.2,6.3,14.8,0.915,0.044,0.041
484,G,0,0.613,C,43.9,74.1,6.2,104.4,-93.3,8.0,14.9,0.918,0.050,0.032
485,Q,0,0.591,C,110.2,-91.7,105.4,110.1,112.7,6.0,13.8,0.919,0.037,0.045
486,Q,0,0.578,C,101.8,-92.4,127.4,113.3,-149.1,8.5,14.4,0.949,0.008,0.043
487,S,0,0.563,C,54.2,-98.7,136.4,118.8,-139.3,9.9,15.9,0.968,0.001,0.031
488,P,0,0.528,C,70.1,-71.7,141.9,109.8,-105.5,10.9,17.0,0.981,0.002,0.017
489,G,0,0.514,C,24.5,-105.8,157.9,125.3,-141.0,13.9,17.1,0.975,0.001,0.024
490,P,0,0.516,C,62.3,-70.3,33.0,103.0,-92.3,12.8,16.8,0.953,0.038,0.009
491,G,0,0.532,C,35.8,94.1,166.7,111.5,9.5,11.1,17.1,0.892,0.074,0.033
492,E,0,0.570,C,108.9,-92.5,120.5,112.1,-142.9,7.6,16.9,0.845,0.101,0.054
493,R,0,0.590,C,98.8,-99.3,126.1,114.6,-164.2,12.5,14.5,0.888,0.060,0.052
494,N,0,0.625,C,87.3,-96.3,122.2,112.9,-158.2,8.6,16.1,0.909,0.054,0.037
495,T,0,0.640,C,74.1,-86.9,25.4,105.4,-158.6,9.8,15.3,0.888,0.086,0.027
496,A,0,0.640,C,66.6,-86.1,19.9,105.0,111.4,8.1,13.9,0.909,0.072,0.019
497,S,0,0.643,C,63.5,-88.9,94.5,109.1,129.2,8.8,14.0,0.946,0.031,0.024
498,K,0,0.648,C,106.8,-99.3,127.3,116.5,-143.3,8.2,16.4,0.974,0.005,0.022
499,P,0,0.650,C,65.0,-69.4,144.7,110.2,-106.4,11.7,15.6,0.955,0.033,0.013
500,A,0,0.664,C,55.8,-83.2,131.2,110.6,-126.8,10.9,15.9,0.908,0.063,0.029
501,A,0,0.680,C,50.7,-94.0,124.3,112.4,-149.7,12.3,15.8,0.883,0.067,0.050
502,T,0,0.713,C,68.3,-104.2,125.8,115.6,-158.9,9.3,19.7,0.882,0.037,0.081
503,C,0,0.760,C,37.1,-103.2,132.8,117.8,-160.7,17.6,15.3,0.804,0.018,0.179
504,H,0,0.780,C,85.8,-120.4,142.0,125.2,-169.1,9.2,21.6,0.618,0.015,0.368
505,E,0,0.794,E,80.2,-96.5,131.7,117.7,-128.8,14.0,18.8,0.335,0.009,0.656
506,K,0,0.800,E,44.6,-130.8,145.8,130.9,-175.9,16.1,18.3,0.100,0.001,0.899
507,V,0,0.797,E,56.9,-109.8,130.0,120.1,-143.9,10.9,24.5,0.026,0.000,0.974
508,V,0,0.801,E,7.7,-121.3,134.1,125.8,-171.0,24.4,16.8,0.017,0.000,0.983
509,S,0,0.788,E,45.9,-99.9,124.6,115.2,-145.9,8.5,27.3,0.039,0.000,0.961
510,V,0,0.782,E,6.1,-113.7,131.4,122.7,-166.0,25.4,15.6,0.165,0.001,0.834
511,W,0,0.796,E,99.7,-102.7,122.6,115.3,-152.2,9.4,26.3,0.345,0.003,0.653
512,K,0,0.802,C,43.8,-95.6,130.6,114.9,-152.7,19.9,15.3,0.716,0.005,0.279
513,D,0,0.794,C,56.5,-106.1,142.6,122.1,-150.9,9.0,21.2,0.957,0.000,0.043
514,P,0,0.776,C,74.1,-64.1,-22.8,93.1,-111.4,13.0,15.4,0.985,0.013,0.003
515,S,0,0.756,C,81.0,-89.3,0.9,95.5,54.3,2.9,19.4,0.976,0.017,0.007
516,E,0,0.736,C,59.7,-91.6,140.0,120.1,93.2,14.3,17.1,0.920,0.023,0.057
517,S,0,0.717,C,23.9,-83.2,138.9,115.6,-125.9,17.3,23.7,0.848,0.027,0.125
518,L,0,0.708,C,8.2,-80.9,-14.6,100.0,-132.9,24.3,23.5,0.855,0.040,0.105
519,G,0,0.710,C,4.3,106.9,178.0,119.9,-116.6,21.8,26.8,0.599,0.023,0.379
520,M,0,0.718,E,2.2,-124.6,143.2,129.0,-128.4,26.6,27.5,0.187,0.003,0.810
521,T,0,0.701,E,7.3,-131.2,146.3,132.0,-172.3,21.7,29.3,0.041,0.000,0.959
522,V,0,0.690,E,3.1,-111.6,129.8,121.1,-147.4,26.0,26.7,0.077,0.001,0.922
523,G,0,0.643,E,7.0,-129.5,152.4,130.3,-178.7,21.5,27.0,0.356,0.005,0.639
524,G,0,0.620,C,11.2,144.4,179.4,122.0,-137.6,20.9,25.1,0.727,0.020,0.253
525,G,0,0.628,C,13.6,129.1,-178.3,122.0,-117.2,18.8,23.8,0.810,0.040,0.150
526,A,0,0.659,C,31.7,-94.1,116.9,111.7,-108.9,15.8,21.0,0.836,0.102,0.062
527,S,0,0.697,C,46.6,-91.8,46.5,107.3,-177.0,11.9,18.9,0.873,0.100,0.027
528,H,0,0.748,C,70.2,-110.4,134.9,119.6,132.0,12.0,18.0,0.837,0.116,0.047
529,R,0,0.785,C,127.4,-73.9,-14.7,98.7,-141.0,9.2,17.3,0.776,0.203,0.021
530,E,0,0.832,C,103.3,-84.4,-3.9,101.3,59.5,7.6,18.5,0.737,0.240,0.023
531,W,0,0.863,C,58.9,-98.3,102.6,111.9,82.2,17.8,16.1,0.739,0.227,0.034
532,D,0,0.886,C,55.7,-94.2,41.8,105.7,-170.8,13.0,23.4,0.827,0.121,0.052
533,L,0,0.895,C,20.3,-111.9,134.1,122.9,140.8,21.3,23.4,0.859,0.013,0.127
534,P,0,0.893,C,11.2,-77.3,140.0,114.0,-120.0,22.6,25.9,0.811,0.008,0.181
535,I,0,0.903,E,3.0,-103.6,128.6,118.9,-136.8,26.4,25.2,0.248,0.001,0.751
536,Y,0,0.917,E,24.3,-113.8,129.7,121.5,-163.0,18.9,28.8,0.023,0.000,0.977
537,V,0,0.913,E,3.5,-84.4,123.6,112.2,-134.8,26.1,20.8,0.012,0.000,0.988
538,I,0,0.899,E,54.2,-94.0,-28.6,99.7,-179.1,12.2,25.0,0.027,0.000,0.973
539,S,0,0.877,E,28.4,-154.4,150.4,142.2,4.0,10.6,27.3,0.033,0.000,0.967
540,V,0,0.842,E,5.9,-124.1,133.4,126.3,-163.2,25.7,17.3,0.106,0.000,0.893
541,E,0,0.809,C,63.3,-113.2,132.1,121.3,-165.7,10.5,25.2,0.724,0.002,0.274
542,P,0,0.763,C,60.7,-66.3,138.6,110.3,-102.0,13.9,21.7,0.953,0.012,0.035
543,G,0,0.740,C,38.5,84.7,1.6,98.5,19.2,7.9,21.7,0.954,0.036,0.010
544,G,0,0.746,C,7.6,-96.4,169.0,131.1,127.7,20.0,21.1,0.867,0.094,0.039
545,V,0,0.761,H,28.2,-67.9,-31.1,95.1,-98.0,20.1,23.0,0.326,0.660,0.014
546,I,0,0.787,H,13.6,-68.1,-39.4,95.5,53.5,22.8,21.2,0.197,0.793,0.009
547,S,0,0.801,H,18.9,-66.4,-39.9,94.9,54.0,18.6,18.6,0.170,0.823,0.007
548,R,0,0.793,H,108.5,-67.9,-35.1,93.6,53.2,10.3,19.3,0.178,0.812,0.011
549,D,0,0.800,C,69.3,-90.7,-5.5,96.3,49.7,9.0,17.8,0.496,0.489,0.015
550,G,0,0.785,C,40.3,81.1,8.6,95.8,-106.3,9.7,19.4,0.944,0.050,0.006
551,R,0,0.795,C,105.0,-83.6,-16.2,96.3,115.2,9.4,20.4,0.954,0.018,0.027
552,I,0,0.811,C,1.8,-100.6,135.6,122.5,88.3,28.8,11.0,0.924,0.002,0.074
553,K,0,0.826,C,88.8,-123.6,152.5,131.9,-167.6,5.2,28.1,0.970,0.000,0.030
554,T,0,0.848,C,60.1,-62.0,138.2,110.8,-87.1,14.7,21.0,0.997,0.000,0.003
555,G,0,0.864,C,34.4,89.3,-5.0,93.3,26.2,7.2,21.8,0.999,0.000,0.001
556,D,0,0.887,C,7.6,-76.2,145.2,120.1,131.2,23.4,19.0,0.992,0.000,0.007
557,I,0,0.881,E,39.0,-107.8,126.9,118.3,-142.5,14.4,28.4,0.025,0.000,0.975
558,L,0,0.883,E,3.5,-79.5,125.3,111.7,-129.1,26.3,19.1,0.006,0.000,0.994
559,L,0,0.879,E,41.0,-96.9,-29.5,100.1,179.3,14.8,25.6,0.011,0.000,0.989
560,N,0,0.872,E,25.3,-157.4,151.1,145.0,1.3,13.4,27.9,0.015,0.000,0.984
561,V,0,0.868,E,4.6,-130.3,128.5,126.1,-165.6,25.7,16.4,0.030,0.000,0.970
562,N,0,0.855,C,56.1,57.7,39.4,92.1,-12.6,10.8,19.6,0.995,0.002,0.002
563,G,0,0.848,C,53.2,80.9,5.1,94.3,-48.5,4.2,18.4,0.996,0.002,0.002
564,I,0,0.857,E,62.0,-107.3,135.5,123.2,116.0,11.2,15.9,0.066,0.000,0.934
565,E,0,0.863,E,101.4,-74.9,129.1,111.3,-115.6,7.6,23.9,0.077,0.000,0.923
566,L,0,0.863,C,6.9,-94.6,1.6,100.1,-162.4,24.5,12.3,0.910,0.041,0.049
567,T,0,0.881,C,72.4,-68.3,-27.6,95.7,93.0,10.1,17.7,0.925,0.062,0.012
568,E,0,0.873,C,133.5,-89.5,7.2,97.2,42.7,2.5,20.5,0.929,0.055,0.015
569,V,0,0.862,C,19.6,-95.1,142.8,122.4,110.5,21.0,11.3,0.968,0.001,0.031
570,S,0,0.854,C,41.3,-80.7,156.9,121.9,-120.0,6.6,25.6,0.954,0.001,0.045
571,R,0,0.851,H,51.9,-59.4,-37.9,90.9,-108.4,21.0,15.2,0.023,0.977,0.000
572,T,0,0.857,H,73.7,-63.6,-39.3,92.2,54.6,6.3,22.6,0.007,0.993,0.000
573,E,0,0.856,H,79.6,-67.0,-38.9,93.1,50.4,7.4,22.2,0.002,0.998,0.000
574,A,0,0.861,H,2.2,-64.9,-43.4,93.9,51.4,25.9,18.0,0.001,0.999,0.000
575,V,0,0.859,H,22.9,-62.4,-42.1,92.9,52.5,19.0,22.2,0.001,0.999,0.000
576,A,0,0.852,H,53.0,-64.3,-40.3,91.7,51.1,4.6,25.9,0.001,0.999,0.000
577,I,0,0.844,H,22.2,-66.4,-41.6,93.5,50.0,16.3,21.7,0.002,0.998,0.000
578,L,0,0.818,H,2.6,-67.2,-38.9,94.1,51.5,26.8,18.0,0.017,0.983,0.000
579,K,0,0.801,H,103.6,-67.9,-31.0,93.2,56.3,9.8,20.6,0.318,0.681,0.000
580,S,1,0.771,C,71.5,-90.3,-3.2,96.9,49.6,4.1,21.2,0.675,0.324,0.001
581,A,0,0.753,C,17.0,-82.6,142.3,118.2,105.6,21.6,10.5,0.995,0.000,0.004
582,P,0,0.749,C,70.7,-71.6,133.7,106.3,-118.1,9.1,19.5,0.987,0.002,0.010
583,S,1,0.760,C,60.7,-95.8,11.3,109.1,-70.9,9.1,19.6,0.950,0.005,0.046
584,S,0,0.770,C,41.3,-110.1,138.9,122.4,-5.7,11.1,23.4,0.504,0.008,0.488
585,V,0,0.796,E,5.6,-117.7,135.0,125.3,-159.8,25.4,17.7,0.056,0.000,0.944
586,V,0,0.821,E,36.4,-109.1,123.6,117.3,-154.9,11.4,28.4,0.010,0.000,0.990
587,L,0,0.837,E,3.8,-107.9,129.6,120.6,-160.7,26.3,19.6,0.008,0.000,0.992
588,K,0,0.834,E,57.3,-114.4,130.5,121.4,-164.2,11.7,28.3,0.007,0.000,0.993
589,A,0,0.822,E,6.7,-109.9,131.4,121.7,-158.7,24.2,20.8,0.014,0.000,0.985
590,L,0,0.808,E,30.7,-118.6,137.3,124.8,-169.6,15.4,23.2,0.055,0.001,0.944
591,E,0,0.814,E,52.8,-81.9,129.3,112.4,-130.0,13.5,23.4,0.270,0.006,0.724
592,V,0,0.805,C,36.6,-88.8,94.9,109.6,-152.9,17.9,14.7,0.675,0.070,0.254
593,K,0,0.783,C,111.0,-91.0,131.8,111.9,-139.3,7.2,17.9,0.760,0.192,0.047
594,E,0,0.778,C,108.8,-77.6,33.6,104.7,-121.1,8.4,15.1,0.562,0.431,0.007
595,Q,0,0.744,H,94.3,-85.0,34.3,106.9,131.9,8.9,14.1,0.341,0.653,0.006
596,E,0,0.721,H,102.0,-88.2,92.4,108.9,142.4,7.8,15.4,0.290,0.694,0.016
597,A,0,0.722,H,51.7,-83.1,49.8,106.5,-175.4,11.2,14.5,0.276,0.710,0.015
598,Q,0,0.727,H,90.7,-90.0,79.8,108.7,147.2,9.8,14.5,0.328,0.648,0.024
599,E,0,0.746,H,112.0,-88.2,54.5,107.4,162.3,7.1,14.5,0.442,0.531,0.027
600,D,0,0.763,C,92.0,-88.3,50.3,105.7,122.7,6.4,15.1,0.603,0.374,0.022
601,C,0,0.760,C,57.3,-94.5,107.9,111.3,151.0,12.2,13.8,0.873,0.102,0.025
602,S,0,0.742,C,45.5,-96.5,141.9,119.4,-147.3,9.8,17.8,0.964,0.020,0.016
603,P,0,0.703,C,74.3,-67.9,-19.8,99.3,-118.2,10.7,15.6,0.748,0.247,0.004
604,A,0,0.679,C,55.6,-78.9,8.9,104.4,82.7,9.2,16.3,0.693,0.293,0.014
605,A,0,0.681,C,45.1,-77.8,33.2,104.7,156.9,12.3,15.2,0.695,0.283,0.021
606,L,0,0.681,C,66.4,-86.2,88.3,107.9,124.1,13.3,15.2,0.734,0.240,0.026
607,D,0,0.685,C,73.7,-91.3,107.3,110.3,160.2,9.5,16.8,0.782,0.192,0.026
608,S,0,0.674,C,62.1,-75.4,-12.0,100.0,-153.6,10.1,14.1,0.748,0.229,0.023
609,N,0,0.659,C,102.7,-85.1,3.0,101.5,61.1,5.2,14.9,0.776,0.197,0.026
610,H,0,0.659,C,96.5,-89.8,88.3,108.8,95.9,10.1,12.1,0.804,0.160,0.036
611,N,0,0.668,C,93.9,-89.4,87.7,108.2,-175.3,7.4,15.2,0.905,0.060,0.035
612,V,0,0.666,C,72.5,-94.2,108.7,111.2,174.6,10.8,14.8,0.941,0.008,0.051
613,T,0,0.658,C,63.2,-101.2,134.3,118.8,-158.9,9.7,17.2,0.963,0.001,0.037
614,P,0,0.650,C,57.0,-70.7,149.1,113.5,-106.5,11.7,15.7,0.988,0.001,0.012
615,P,0,0.640,C,78.8,-69.5,141.6,107.9,-100.0,8.6,16.2,0.935,0.054,0.011
616,G,0,0.645,C,42.9,72.9,-14.3,108.2,12.2,7.7,16.2,0.867,0.102,0.031
617,D,0,0.680,C,82.5,-95.0,88.5,109.5,95.4,7.9,18.1,0.882,0.072,0.045
618,W,0,0.705,C,65.5,-101.3,111.7,113.4,177.0,16.7,17.1,0.897,0.030,0.073
619,S,0,0.740,C,26.8,-104.5,141.9,121.8,-170.2,14.2,19.8,0.953,0.007,0.040
620,P,0,0.779,C,47.0,-71.6,67.8,103.8,-116.6,13.7,19.6,0.826,0.171,0.004
621,S,0,0.834,C,32.6,-97.1,133.6,115.1,177.2,13.9,19.8,0.625,0.343,0.031
622,W,0,0.882,H,65.8,-93.5,79.7,109.3,-153.1,16.7,19.4,0.346,0.575,0.080
623,V,0,0.920,H,34.6,-105.7,133.9,118.0,166.7,16.1,20.4,0.259,0.543,0.198
624,M,0,0.953,H,47.1,-97.6,119.9,112.8,-154.5,14.9,20.3,0.261,0.517,0.222
625,W,0,0.973,H,62.5,-89.7,22.7,106.3,-168.0,15.9,19.1,0.340,0.472,0.188
626,L,0,0.980,C,41.4,-95.4,88.2,110.3,136.8,17.7,16.6,0.619,0.296,0.085
627,E,0,0.961,C,105.5,-101.6,134.1,118.6,-135.5,6.7,22.2,0.859,0.071,0.070
628,L,0,0.963,C,45.4,-84.6,138.1,117.1,-127.8,18.9,15.3,0.981,0.002,0.017
629,P,0,0.960,C,37.2,-70.1,147.1,112.4,-103.2,14.2,16.2,0.963,0.033,0.004
630,Q,0,0.962,C,119.5,-74.2,-19.8,98.2,-129.3,5.8,18.2,0.914,0.076,0.010
631,Y,0,0.975,C,111.4,-102.3,63.6,110.6,51.6,8.5,17.5,0.853,0.114,0.034
632,L,0,0.972,C,55.9,-90.3,87.3,109.0,175.2,14.3,16.4,0.835,0.085,0.080
633,C,0,0.978,C,39.0,-94.6,102.2,111.1,-173.5,15.4,18.0,0.764,0.036,0.200
634,N,0,0.977,C,69.5,-109.1,129.4,118.4,-169.2,10.4,22.7,0.648,0.019,0.333
635,C,0,0.987,E,22.7,-95.8,131.8,117.9,-143.5,21.2,17.6,0.424,0.007,0.569
636,K,0,0.999,E,57.4,-109.8,121.1,114.9,-176.3,14.4,21.9,0.168,0.004,0.828
637,D,0,1.008,E,48.7,-116.7,134.4,123.3,-91.1,11.9,25.7,0.030,0.001,0.970
638,V,0,0.987,E,3.8,-122.3,135.1,126.8,-168.4,26.1,18.3,0.006,0.000,0.994
639,I,0,0.965,E,42.5,-111.3,123.8,117.8,-158.2,10.4,28.4,0.004,0.000,0.996
640,L,0,0.952,E,6.8,-106.5,129.5,120.1,-160.5,25.4,18.3,0.014,0.000,0.986
641,R,0,0.933,E,87.5,-120.7,136.7,124.8,-167.8,8.7,26.2,0.045,0.001,0.954
642,R,0,0.902,E,69.4,-96.8,131.7,117.7,-139.4,17.7,17.5,0.205,0.003,0.792
643,N,0,0.872,C,52.9,-113.6,164.2,126.8,-168.5,10.6,16.7,0.827,0.007,0.166
644,T,0,0.851,C,87.1,-75.3,-14.0,98.2,-111.0,7.3,16.6,0.925,0.053,0.022
645,A,0,0.824,C,72.1,-87.6,2.7,100.4,53.5,4.9,15.8,0.923,0.060,0.017
646,G,0,0.812,C,37.6,95.6,-2.7,109.0,-83.4,8.1,17.4,0.897,0.059,0.043
647,S,0,0.801,C,29.9,-98.0,145.6,121.6,147.7,13.2,19.3,0.831,0.033,0.136
648,L,0,0.824,C,16.5,-84.7,121.1,110.3,-116.7,23.3,21.8,0.740,0.028,0.233
649,G,0,0.856,C,6.1,126.7,179.7,123.6,-130.8,21.8,26.1,0.509,0.010,0.480
650,F,0,0.889,E,3.2,-128.0,144.6,130.6,-129.0,26.1,27.4,0.134,0.001,0.865
651,C,0,0.923,E,8.0,-127.6,142.3,129.9,-167.7,21.5,29.0,0.013,0.000,0.987
652,I,0,0.917,E,3.8,-109.9,127.9,120.0,-150.7,25.9,26.3,0.015,0.000,0.985
653,V,0,0.886,E,20.4,-115.4,133.0,122.6,-167.4,19.6,27.1,0.099,0.001,0.900
654,G,0,0.848,C,14.2,-163.3,164.0,118.9,-164.8,19.6,23.8,0.622,0.014,0.365
655,G,0,0.821,C,21.6,119.4,-170.8,118.9,-7.9,14.1,21.1,0.814,0.019,0.167
656,Y,0,0.826,C,79.7,-103.9,126.0,115.3,-105.7,12.8,19.4,0.803,0.078,0.118
657,E,0,0.834,C,99.1,-81.0,3.1,103.0,-149.4,10.8,16.7,0.785,0.173,0.042
658,E,0,0.823,C,105.8,-90.7,47.9,107.8,81.3,7.5,17.0,0.714,0.240,0.047
659,Y,0,0.801,C,102.7,-88.9,38.5,105.1,84.9,12.1,16.2,0.693,0.256,0.051
660,S,0,0.771,C,51.3,-91.5,16.8,103.5,114.8,11.7,16.7,0.777,0.184,0.039
661,G,0,0.750,C,35.4,87.4,-136.1,112.5,-49.1,8.5,17.9,0.881,0.069,0.049
662,N,0,0.771,C,83.6,-86.2,27.3,102.9,-10.7,10.2,19.4,0.890,0.051,0.059
663,K,0,0.821,C,47.3,-105.6,129.7,119.5,142.1,17.1,21.1,0.865,0.015,0.121
664,P,0,0.857,C,15.4,-76.6,141.2,113.3,-124.3,21.6,25.3,0.821,0.009,0.170
665,F,0,0.896,E,4.2,-108.9,132.2,121.8,-139.2,26.1,25.3,0.153,0.000,0.847
666,F,0,0.924,E,19.0,-116.3,132.3,123.2,-164.2,19.8,28.8,0.014,0.000,0.986
667,I,0,0.926,E,4.2,-82.8,123.8,111.9,-132.2,25.9,20.7,0.004,0.000,0.996
668,K,0,0.913,E,67.9,-93.2,-30.5,98.8,-178.9,10.8,24.7,0.008,0.000,0.992
669,S,0,0.893,E,23.6,-158.1,152.6,146.1,1.4,9.9,28.2,0.015,0.000,0.985
670,I,0,0.882,E,9.1,-119.8,131.8,124.7,-156.8,25.1,17.6,0.066,0.000,0.934
671,V,0,0.858,E,39.2,-117.2,139.4,124.7,-169.3,11.3,23.3,0.359,0.001,0.639
672,E,0,0.833,C,110.5,-66.3,134.7,109.7,-93.6,7.8,21.6,0.930,0.002,0.068
673,G,0,0.809,C,44.9,86.3,-1.9,95.9,21.9,4.2,21.4,0.988,0.006,0.006
674,T,0,0.804,C,22.1,-88.0,153.5,124.8,125.7,17.8,16.2,0.973,0.018,0.009
675,P,0,0.793,H,39.8,-65.4,-30.5,93.2,-106.2,15.0,22.6,0.253,0.746,0.001
676,A,0,0.806,H,6.1,-67.8,-38.3,94.8,54.1,24.0,16.9,0.156,0.842,0.001
677,Y,0,0.819,H,63.1,-66.4,-37.9,94.1,54.0,15.7,18.0,0.116,0.883,0.001
678,N,0,0.838,H,93.8,-69.1,-32.8,93.2,51.5,5.2,20.2,0.161,0.838,0.001
679,D,0,0.842,H,60.5,-90.5,-4.4,96.9,50.9,11.0,15.3,0.469,0.525,0.006
680,G,0,0.837,C,42.4,82.3,9.4,95.7,-105.4,7.8,20.7,0.940,0.055,0.006
681,R,0,0.845,C,97.1,-84.3,-14.5,97.1,111.1,10.4,20.3,0.970,0.013,0.017
682,I,0,0.864,C,1.9,-97.2,135.2,121.2,93.0,28.7,11.9,0.934,0.002,0.063
683,R,0,0.888,C,100.6,-125.9,152.5,133.0,-169.5,4.7,28.5,0.964,0.000,0.035
684,C,0,0.910,C,51.9,-61.1,138.1,110.8,-85.1,15.5,20.1,0.993,0.000,0.007
685,G,0,0.910,C,36.6,89.8,-4.7,92.6,26.3,6.3,21.7,0.998,0.001,0.002
686,D,0,0.917,C,12.0,-75.9,146.0,120.0,130.7,21.7,19.1,0.990,0.000,0.009
687,I,0,0.908,E,45.8,-100.0,125.8,116.0,-136.1,13.8,27.9,0.043,0.000,0.956
688,L,0,0.899,E,4.2,-78.4,125.5,111.5,-126.8,26.0,18.3,0.010,0.000,0.990
689,L,0,0.879,E,45.6,-96.1,-29.6,100.3,178.1,13.3,24.9,0.010,0.000,0.990
690,A,0,0.864,E,15.4,-157.0,152.0,145.7,0.7,13.8,27.9,0.009,0.000,0.991
691,V,0,0.829,E,5.9,-130.6,128.2,126.0,-165.2,25.3,16.3,0.020,0.000,0.980
692,N,0,0.781,C,65.0,57.2,39.7,92.1,-13.7,10.1,19.5,0.997,0.002,0.001
693,G,0,0.747,C,49.1,81.7,3.5,94.7,-50.1,6.0,18.0,0.999,0.001,0.000
694,R,0,0.751,E,109.0,-114.0,140.2,127.4,105.5,6.8,18.2,0.057,0.000,0.943
695,S,0,0.750,E,56.5,-71.9,131.5,111.7,-112.2,10.7,21.0,0.082,0.000,0.917
696,T,0,0.746,C,6.7,-100.8,6.5,101.4,-169.8,23.5,12.7,0.916,0.007,0.076
697,S,0,0.738,C,61.1,-68.0,117.8,107.3,123.1,9.4,17.8,0.963,0.008,0.029
698,G,0,0.755,C,54.6,84.5,2.3,96.6,20.5,2.3,19.4,0.984,0.010,0.006
699,M,0,0.800,C,39.1,-89.2,146.0,121.0,118.9,17.3,11.8,0.977,0.001,0.021
700,I,0,0.860,C,65.4,-84.3,155.6,121.5,-124.6,7.0,24.9,0.956,0.003,0.041
701,H,0,0.922,H,35.0,-59.3,-37.5,91.0,-109.6,22.1,15.1,0.019,0.981,0.000
702,A,0,0.949,H,54.4,-63.3,-39.7,92.3,54.8,7.4,21.9,0.006,0.994,0.000
703,C,0,0.970,H,52.3,-67.0,-38.7,93.2,50.7,7.7,21.7,0.003,0.997,0.000
704,L,0,0.960,H,4.6,-65.8,-42.9,94.3,51.5,25.0,18.2,0.002,0.998,0.000
705,A,0,0.950,H,13.8,-62.6,-42.1,93.1,52.9,20.3,21.2,0.001,0.999,0.000
706,R,0,0.928,H,125.6,-64.3,-39.7,91.6,51.2,3.6,25.9,0.001,0.999,0.000
707,M,0,0.917,H,28.2,-66.2,-41.8,93.4,50.0,15.0,21.4,0.001,0.999,0.000
708,L,0,0.906,H,2.6,-65.8,-41.5,94.0,51.0,26.8,17.9,0.006,0.994,0.000
709,K,0,0.898,H,100.2,-67.1,-31.9,92.7,55.1,10.5,20.1,0.166,0.834,0.000
710,E,0,0.880,C,119.2,-87.4,-7.2,95.4,50.4,3.6,21.5,0.534,0.465,0.001
711,L,0,0.854,C,19.0,-79.8,138.2,115.9,99.7,23.4,8.8,0.988,0.007,0.005
712,K,0,0.832,C,133.5,-96.1,124.3,112.9,-146.1,4.3,22.4,0.949,0.007,0.044
713,G,0,0.820,C,37.0,104.4,-161.0,117.3,16.8,7.6,19.1,0.922,0.006,0.072
714,R,0,0.830,E,109.3,-109.0,135.4,121.4,-21.0,8.5,23.3,0.486,0.004,0.510
715,I,0,0.839,E,6.3,-119.0,135.4,125.9,-163.8,25.4,16.6,0.049,0.000,0.951
716,T,0,0.852,E,35.9,-108.6,124.9,117.6,-154.7,10.4,28.4,0.005,0.000,0.995
717,L,0,0.844,E,4.1,-114.3,131.8,123.2,-165.6,26.2,18.8,0.004,0.000,0.996
718,T,0,0.834,E,32.4,-111.3,126.6,119.1,-161.2,11.3,28.3,0.002,0.000,0.998
719,I,0,0.803,E,6.3,-111.3,127.3,120.6,-164.0,25.3,20.5,0.007,0.000,0.993
720,A,0,0.770,E,25.5,-113.6,133.5,121.8,-166.9,12.9,25.8,0.083,0.000,0.916
721,S,0,0.726,E,20.8,-114.2,140.8,123.4,-161.7,18.5,19.4,0.452,0.003,0.545
722,W,0,0.703,C,85.1,-99.5,122.7,114.8,-145.8,12.7,19.1,0.902,0.003,0.096
723,P,0,0.669,C,69.7,-68.1,135.2,108.3,-98.7,11.2,18.1,0.959,0.024,0.017
724,G,0,0.630,C,39.6,89.0,-6.7,107.7,10.3,8.1,16.8,0.945,0.031,0.024
725,T,0,0.582,C,48.6,-101.6,137.8,119.1,154.7,11.8,17.7,0.853,0.020,0.127
726,F,0,0.541,C,86.3,-88.4,38.2,106.0,-145.5,13.1,16.0,0.777,0.014,0.209
727,L,0,0.534,C,92.2,-92.8,109.0,111.2,133.9,11.8,13.8,0.969,0.001,0.030
