"P59759, [207, 214, 245]",SEQ,positive,flexibility,SS,ASA,Phi,Psi,Theta(i-1=>i+1),Tau(i-2=>i+2),HSE_alpha_up,HSE_alpha_down,P(C),P(H),P(E)
0,M,0,0.470,C,138.4,-101.2,134.1,118.3,-162.3,4.1,8.9,0.982,0.002,0.017
1,I,0,0.471,C,102.9,-101.9,133.9,118.9,-151.4,7.4,9.0,0.858,0.007,0.135
2,D,0,0.483,C,93.4,-91.1,129.7,113.6,-134.2,5.5,11.8,0.950,0.003,0.047
3,S,0,0.493,C,83.7,-72.3,-20.0,96.0,-144.9,3.5,10.0,0.917,0.074,0.010
4,S,0,0.496,C,81.9,-78.0,-16.9,97.7,60.0,2.4,9.3,0.879,0.109,0.012
5,K,0,0.500,C,139.6,-86.8,18.5,103.7,59.2,3.3,8.6,0.857,0.128,0.015
6,K,0,0.523,C,158.6,-90.5,82.9,108.0,135.9,2.1,8.3,0.889,0.067,0.044
7,Q,0,0.548,C,127.2,-97.8,134.2,116.8,170.3,3.6,9.3,0.952,0.011,0.037
8,P,0,0.555,C,94.5,-80.2,143.2,114.1,-120.5,5.8,9.8,0.931,0.020,0.049
9,Q,0,0.569,C,119.6,-97.8,135.2,116.5,-149.0,5.9,12.0,0.898,0.018,0.084
10,G,0,0.594,C,42.7,109.2,-173.2,116.9,1.6,5.4,14.5,0.927,0.007,0.066
11,F,0,0.644,C,82.3,-97.2,133.0,118.1,-110.0,13.5,12.6,0.912,0.005,0.083
12,P,0,0.681,C,46.1,-70.6,149.4,113.2,-103.0,14.0,14.5,0.952,0.030,0.018
13,E,0,0.709,C,114.6,-83.8,133.5,112.4,-110.5,6.4,17.3,0.843,0.045,0.111
14,I,0,0.726,C,78.9,-98.5,131.5,117.5,-132.1,11.4,15.2,0.557,0.024,0.419
15,L,0,0.751,C,36.9,-104.7,138.9,121.3,-147.2,17.6,12.5,0.702,0.006,0.293
16,T,0,0.761,C,71.8,-103.1,153.8,124.2,-149.9,4.4,22.9,0.850,0.009,0.141
17,A,0,0.766,C,46.7,-64.0,-28.1,93.8,-112.1,16.5,13.0,0.509,0.483,0.007
18,E,0,0.773,C,135.6,-72.0,-22.3,94.9,60.8,2.8,16.5,0.603,0.392,0.006
19,D,0,0.788,C,89.0,-88.9,-1.7,99.7,54.3,5.0,15.7,0.568,0.425,0.007
20,F,0,0.787,C,58.5,-97.1,135.3,118.2,95.6,16.7,9.8,0.963,0.021,0.016
21,E,0,0.783,C,113.5,-92.6,138.8,118.0,-142.4,4.7,18.3,0.962,0.003,0.034
22,P,0,0.769,C,74.0,-69.4,141.4,110.6,-101.1,11.0,15.7,0.934,0.040,0.025
23,F,0,0.776,C,55.0,-87.8,136.9,115.3,-120.9,17.9,11.4,0.924,0.059,0.017
24,K,0,0.781,C,125.4,-89.3,134.4,112.5,-134.7,4.5,18.7,0.908,0.086,0.006
25,E,0,0.789,C,108.0,-75.7,-0.9,103.4,-124.5,10.1,12.5,0.503,0.494,0.003
26,K,0,0.784,H,129.6,-77.3,-15.1,101.1,65.0,4.5,15.6,0.372,0.626,0.001
27,E,0,0.773,H,103.8,-79.7,-0.9,102.7,66.1,7.3,15.6,0.336,0.662,0.002
28,C,0,0.762,H,34.2,-85.5,8.0,104.9,80.7,17.4,12.5,0.371,0.625,0.004
29,L,0,0.735,H,77.8,-79.2,-14.2,101.6,84.7,11.4,16.3,0.484,0.504,0.011
30,E,0,0.709,C,116.8,-93.0,24.6,106.1,69.6,5.2,16.9,0.601,0.389,0.010
31,G,0,0.676,C,25.6,-96.1,171.1,121.3,141.2,12.2,13.4,0.736,0.260,0.005
32,S,0,0.667,H,69.8,-67.5,-30.3,96.7,-103.9,5.1,17.5,0.449,0.550,0.001
33,N,0,0.690,H,67.8,-70.9,-30.8,95.3,51.6,9.2,17.2,0.473,0.527,0.001
34,Q,0,0.716,H,42.5,-66.7,-36.7,94.2,57.7,17.6,14.6,0.187,0.812,0.001
35,K,0,0.740,H,106.1,-64.0,-39.6,93.4,55.3,7.0,19.5,0.138,0.862,0.001
36,S,0,0.758,H,58.0,-66.4,-39.0,92.9,50.5,4.2,21.8,0.134,0.865,0.000
37,L,0,0.783,H,27.3,-66.9,-40.3,94.0,50.6,16.7,17.4,0.115,0.885,0.000
38,K,0,0.820,H,49.9,-62.5,-41.1,92.9,53.3,17.1,18.8,0.044,0.956,0.000
39,E,0,0.851,H,105.4,-65.1,-38.9,92.5,50.9,4.2,23.1,0.020,0.980,0.000
40,V,0,0.860,H,42.8,-66.3,-41.1,93.4,50.5,9.4,21.9,0.006,0.994,0.000
41,L,0,0.857,H,9.3,-65.6,-42.4,94.1,50.0,23.3,18.4,0.001,0.999,0.000
42,Q,0,0.853,H,48.7,-63.3,-40.9,93.0,52.6,15.3,21.0,0.001,0.999,0.000
43,L,0,0.839,H,82.2,-65.8,-39.9,92.8,50.6,5.0,23.4,0.001,0.999,0.000
44,R,0,0.830,H,57.6,-67.4,-39.8,93.3,49.9,12.3,19.8,0.004,0.996,0.000
45,L,0,0.822,H,14.8,-66.5,-38.7,93.9,51.1,22.5,16.3,0.014,0.986,0.000
46,Q,0,0.794,H,94.5,-68.9,-27.5,92.9,55.3,8.8,18.9,0.140,0.860,0.000
47,Q,0,0.782,C,100.4,-96.5,0.2,98.0,46.3,5.1,19.4,0.518,0.481,0.000
48,R,0,0.767,C,51.4,-80.1,138.5,115.8,108.2,19.1,10.0,0.972,0.021,0.007
49,R,0,0.764,C,77.9,-85.7,150.2,117.1,-128.1,11.8,18.0,0.985,0.007,0.009
50,T,0,0.771,C,65.1,-76.7,155.8,119.0,-103.5,5.8,22.9,0.985,0.004,0.011
51,R,0,0.762,H,88.7,-60.2,-36.1,92.4,-110.0,16.6,12.8,0.020,0.980,0.000
52,E,0,0.754,H,121.7,-64.5,-37.5,92.7,55.5,2.9,18.9,0.009,0.991,0.000
53,Q,0,0.755,H,87.6,-67.1,-38.1,93.1,50.8,5.0,18.7,0.004,0.996,0.000
54,L,0,0.766,H,20.0,-66.8,-39.9,93.7,50.7,17.8,13.2,0.004,0.996,0.000
55,V,0,0.766,H,54.3,-65.0,-38.7,93.1,52.1,12.6,15.4,0.008,0.992,0.000
56,D,0,0.766,H,113.7,-69.1,-29.6,91.6,51.1,1.3,16.9,0.038,0.962,0.000
57,Q,0,0.725,C,93.2,-90.2,-1.5,94.7,51.2,6.4,14.2,0.840,0.159,0.000
58,G,0,0.696,C,47.9,76.4,16.0,94.7,-108.8,4.8,18.6,0.997,0.003,0.000
59,I,0,0.698,C,38.7,-85.1,-18.7,98.5,121.2,15.4,14.8,0.980,0.003,0.017
60,M,0,0.713,C,42.4,-118.2,138.0,125.4,48.9,16.7,14.1,0.989,0.001,0.010
61,P,0,0.707,C,72.1,-71.4,151.7,114.9,-105.7,6.7,19.7,0.996,0.003,0.001
62,P,0,0.698,C,68.8,-69.0,142.7,110.8,-97.7,12.3,16.3,0.958,0.038,0.004
63,L,0,0.683,C,61.4,-87.2,129.2,112.1,-132.3,15.2,13.8,0.941,0.048,0.011
64,K,0,0.673,C,133.5,-89.6,62.2,106.6,-144.6,5.3,17.2,0.970,0.020,0.010
65,S,0,0.672,C,36.8,-94.5,150.7,121.6,164.5,11.9,14.0,0.986,0.007,0.007
66,P,0,0.657,C,72.4,-66.3,152.3,103.7,-103.4,8.5,15.8,0.702,0.297,0.001
67,A,0,0.663,H,67.0,-63.6,-35.1,93.7,19.1,4.8,16.7,0.244,0.756,0.000
68,A,0,0.696,H,52.9,-67.3,-36.5,93.6,52.4,6.0,17.5,0.158,0.842,0.000
69,F,0,0.725,H,48.0,-67.3,-38.2,94.1,51.5,15.1,15.6,0.065,0.935,0.000
70,H,0,0.752,H,87.4,-64.2,-39.9,93.4,53.4,9.4,18.2,0.033,0.967,0.000
71,E,0,0.772,H,112.5,-65.6,-39.0,92.4,50.2,2.4,21.1,0.020,0.980,0.000
72,Q,0,0.769,H,64.9,-67.4,-39.0,93.4,50.0,8.7,18.5,0.019,0.981,0.000
73,I,0,0.770,H,36.6,-65.0,-40.3,93.5,51.7,16.2,15.9,0.017,0.983,0.000
74,K,0,0.762,H,110.2,-65.4,-38.8,93.2,51.6,4.9,20.0,0.016,0.984,0.000
75,S,0,0.742,H,55.3,-66.8,-39.3,93.4,50.4,4.4,20.1,0.028,0.972,0.000
76,L,0,0.734,H,42.5,-66.6,-40.0,93.9,51.0,12.5,17.1,0.025,0.975,0.000
77,E,0,0.729,H,76.8,-66.0,-38.7,94.1,52.1,10.3,18.0,0.032,0.968,0.000
78,R,0,0.732,H,129.9,-67.3,-35.6,93.2,51.3,4.3,18.5,0.045,0.955,0.000
79,A,0,0.733,H,49.3,-69.5,-32.7,94.5,52.0,8.4,17.0,0.103,0.897,0.000
80,R,0,0.735,H,97.2,-72.8,-32.4,98.4,55.5,9.4,17.2,0.196,0.803,0.001
81,T,0,0.736,H,41.9,-77.2,-33.3,102.8,58.5,10.2,18.1,0.187,0.812,0.001
82,E,0,0.738,H,95.4,-66.1,-35.1,95.1,60.4,7.9,17.4,0.119,0.880,0.000
83,N,0,0.748,H,87.6,-67.0,-38.0,94.4,51.9,4.3,18.8,0.101,0.899,0.000
84,F,0,0.756,H,77.8,-67.1,-39.2,94.1,51.7,8.7,18.1,0.028,0.972,0.000
85,L,0,0.763,H,33.0,-65.6,-40.3,93.9,52.0,16.4,16.1,0.010,0.990,0.000
86,K,0,0.778,H,99.0,-64.7,-39.4,93.4,52.2,7.7,19.3,0.007,0.993,0.000
87,H,0,0.780,H,107.8,-66.3,-39.1,92.8,50.3,3.3,20.8,0.009,0.991,0.000
88,K,0,0.776,H,65.6,-67.6,-39.0,93.6,49.9,10.3,17.9,0.015,0.985,0.000
89,I,0,0.740,H,29.8,-66.0,-38.1,93.5,51.1,18.0,14.9,0.035,0.965,0.000
90,R,0,0.719,H,135.0,-68.1,-32.3,93.4,54.3,5.3,17.8,0.168,0.832,0.000
91,S,0,0.701,H,74.9,-88.6,-7.7,97.0,47.6,3.1,18.0,0.399,0.600,0.000
92,R,0,0.683,C,71.3,-101.6,103.5,111.4,73.3,14.7,11.8,0.988,0.008,0.004
93,P,0,0.675,C,54.7,-71.3,95.2,105.3,-149.8,12.2,16.5,0.994,0.004,0.001
94,D,0,0.692,C,71.7,-94.8,148.1,118.4,-100.1,6.6,21.3,0.987,0.009,0.005
95,R,0,0.689,H,86.5,-63.1,-33.0,94.2,-113.3,16.6,14.0,0.058,0.942,0.000
96,S,0,0.698,H,64.7,-64.7,-37.6,93.2,57.8,5.0,18.7,0.019,0.981,0.000
97,E,0,0.715,H,93.0,-67.6,-37.4,93.4,51.0,5.4,19.5,0.008,0.992,0.000
98,L,0,0.740,H,24.2,-67.0,-39.6,94.2,51.6,17.7,14.9,0.009,0.991,0.000
99,V,0,0.762,H,41.7,-65.5,-39.0,93.9,53.3,14.7,17.3,0.020,0.980,0.000
100,R,0,0.778,H,138.3,-67.9,-34.0,93.2,51.9,3.7,19.9,0.070,0.929,0.000
101,M,0,0.800,H,73.0,-75.7,-24.5,95.9,52.1,10.3,17.1,0.330,0.670,0.001
102,H,0,0.801,C,84.4,52.2,28.7,100.7,-110.8,12.6,19.5,0.710,0.286,0.004
103,I,0,0.810,C,34.8,-76.8,-28.6,99.0,112.9,17.2,16.1,0.554,0.423,0.023
104,L,0,0.821,C,40.5,-94.9,67.9,109.0,56.5,17.1,14.0,0.580,0.411,0.009
105,E,0,0.824,C,110.8,-73.9,-22.0,99.8,157.8,7.0,16.3,0.519,0.476,0.005
106,E,0,0.813,C,119.3,-81.4,-4.3,101.2,61.8,5.4,15.3,0.531,0.465,0.004
107,T,0,0.787,C,59.3,-89.5,62.0,107.9,88.2,11.7,12.6,0.584,0.404,0.012
108,F,0,0.779,C,115.6,-88.5,10.3,102.0,149.9,8.5,15.9,0.671,0.316,0.013
109,A,0,0.778,C,43.4,-84.3,140.4,112.8,113.6,12.0,12.8,0.873,0.114,0.013
110,E,0,0.764,C,91.6,-82.5,136.1,113.9,-104.0,8.2,17.4,0.971,0.027,0.002
111,P,0,0.738,H,76.2,-62.2,-31.3,94.9,-117.9,10.4,14.1,0.338,0.662,0.000
112,S,0,0.734,H,63.5,-67.6,-34.3,94.4,56.7,4.7,18.0,0.295,0.705,0.000
113,L,0,0.742,H,57.1,-69.3,-34.3,94.3,51.7,11.4,16.7,0.198,0.801,0.001
114,Q,0,0.754,H,50.3,-65.8,-39.0,94.3,55.2,15.0,16.3,0.134,0.865,0.000
115,A,0,0.766,H,56.7,-64.5,-39.9,93.4,52.8,5.7,19.3,0.061,0.938,0.000
116,T,0,0.769,H,71.4,-66.9,-38.9,93.5,50.3,4.3,19.9,0.067,0.932,0.000
117,Q,0,0.775,H,48.1,-66.9,-39.3,94.1,51.2,12.5,16.7,0.037,0.963,0.000
118,M,0,0.789,H,73.6,-65.9,-39.1,93.9,51.9,11.0,18.0,0.014,0.986,0.000
119,K,0,0.791,H,110.7,-66.1,-38.8,93.2,50.6,4.2,20.2,0.007,0.993,0.000
120,L,0,0.807,H,58.0,-66.2,-40.1,93.6,51.1,9.6,18.2,0.005,0.995,0.000
121,K,0,0.806,H,88.9,-66.2,-39.1,94.0,51.3,8.8,18.9,0.005,0.995,0.000
122,R,0,0.798,H,100.2,-66.5,-38.6,93.8,51.2,9.2,18.8,0.007,0.993,0.000
123,A,0,0.792,H,42.3,-66.7,-38.6,94.2,51.8,9.1,19.1,0.017,0.983,0.000
124,R,0,0.780,H,106.6,-68.0,-37.7,94.8,51.4,7.9,20.4,0.034,0.966,0.000
125,L,0,0.782,H,42.7,-67.7,-39.0,94.7,51.2,13.3,18.8,0.045,0.955,0.000
126,A,0,0.791,H,28.1,-64.9,-39.4,94.1,53.4,14.4,18.2,0.033,0.967,0.000
127,D,0,0.795,H,81.1,-67.1,-37.5,94.0,51.3,5.3,21.1,0.043,0.957,0.000
128,D,0,0.787,H,64.4,-68.6,-37.2,94.3,50.2,7.6,20.8,0.046,0.954,0.000
129,L,0,0.768,H,18.5,-65.7,-41.9,94.0,51.2,19.3,16.3,0.014,0.986,0.000
130,N,0,0.761,H,55.1,-63.7,-40.1,93.3,53.5,13.5,18.7,0.011,0.989,0.000
131,E,0,0.758,H,116.8,-65.9,-38.3,92.1,50.6,2.3,22.7,0.011,0.989,0.000
132,K,0,0.768,H,68.8,-68.1,-38.4,93.2,49.7,10.1,19.6,0.014,0.986,0.000
133,I,0,0.759,H,12.6,-65.8,-39.9,93.8,51.1,23.1,15.9,0.028,0.972,0.000
134,A,0,0.744,H,57.5,-69.7,-26.9,92.8,55.7,9.9,18.7,0.206,0.794,0.000
135,Q,0,0.732,C,104.8,-94.4,1.2,99.5,47.5,5.0,20.1,0.727,0.272,0.002
136,R,0,0.721,C,43.5,-82.2,138.0,117.3,115.8,20.1,11.6,0.994,0.001,0.005
137,P,0,0.693,C,31.2,-71.4,150.8,114.7,-105.6,15.6,18.7,0.997,0.001,0.002
138,G,0,0.686,C,23.8,-82.2,158.1,123.8,-116.5,8.3,25.1,0.996,0.002,0.001
139,P,0,0.691,H,27.9,-60.3,-37.0,91.6,-104.0,21.7,14.9,0.073,0.927,0.000
140,M,0,0.720,H,92.5,-64.6,-38.8,93.2,55.2,7.7,20.3,0.024,0.976,0.000
141,E,0,0.757,H,88.1,-67.1,-38.2,92.7,50.6,5.3,20.9,0.009,0.991,0.000
142,L,0,0.779,H,14.8,-66.8,-40.9,93.9,50.4,19.9,14.8,0.004,0.996,0.000
143,V,0,0.811,H,49.1,-64.7,-39.2,93.0,51.9,14.3,16.4,0.007,0.993,0.000
144,E,0,0.813,H,138.3,-68.3,-32.2,91.5,51.0,1.6,18.7,0.031,0.969,0.000
145,K,0,0.807,C,93.1,-93.3,1.5,94.4,47.0,8.1,14.3,0.819,0.180,0.001
146,N,0,0.797,C,92.3,64.7,32.9,92.9,-113.4,7.4,21.8,0.998,0.001,0.000
147,I,0,0.787,C,20.9,-82.4,-21.7,99.0,135.6,19.8,17.5,0.970,0.001,0.029
148,L,0,0.789,C,14.0,-123.3,141.3,128.6,39.4,22.7,16.6,0.964,0.001,0.035
149,P,0,0.786,C,64.4,-74.5,141.3,113.4,-111.8,9.2,24.2,0.976,0.003,0.021
150,V,0,0.804,C,32.8,-89.7,131.0,115.0,-135.1,21.0,15.5,0.929,0.036,0.035
151,D,0,0.792,C,48.9,-96.9,112.0,111.3,-154.5,12.0,18.7,0.929,0.060,0.011
152,S,0,0.764,C,67.4,-69.9,-21.2,96.0,-155.7,7.9,17.0,0.596,0.401,0.003
153,S,0,0.748,H,57.6,-73.6,-19.9,95.4,62.5,7.6,19.0,0.471,0.526,0.003
154,V,0,0.761,H,14.4,-68.3,-38.3,95.7,63.5,21.6,13.9,0.210,0.786,0.003
155,K,0,0.782,H,97.1,-63.6,-38.9,94.1,66.8,11.3,18.3,0.123,0.875,0.002
156,E,0,0.801,H,109.4,-68.0,-35.8,93.6,52.3,3.9,21.8,0.108,0.889,0.004
157,A,0,0.813,H,26.9,-70.3,-35.1,94.5,52.0,13.9,17.4,0.122,0.875,0.004
158,I,0,0.821,H,30.1,-74.6,-31.6,97.6,51.5,19.5,16.2,0.262,0.724,0.014
159,I,0,0.815,H,75.3,-76.2,-21.3,99.2,55.8,10.5,18.2,0.437,0.536,0.026
160,G,0,0.795,C,39.1,36.8,-17.5,103.6,13.4,8.9,18.1,0.636,0.346,0.019
161,V,0,0.791,C,58.3,-74.0,-30.8,98.3,64.4,11.6,16.1,0.517,0.435,0.048
162,V,0,0.778,C,43.7,-79.5,-20.6,100.0,54.8,14.6,15.4,0.562,0.394,0.045
163,K,0,0.761,C,83.4,-71.1,-29.5,97.1,65.0,12.5,14.8,0.587,0.338,0.075
164,E,0,0.746,C,116.4,-70.8,-28.6,97.0,70.9,5.3,15.7,0.696,0.236,0.068
165,D,0,0.729,C,97.1,-86.3,-2.2,99.5,51.0,4.0,15.8,0.793,0.134,0.073
166,Y,0,0.709,C,54.5,-93.1,125.4,114.6,95.3,17.9,8.6,0.952,0.003,0.045
167,P,0,0.694,C,76.2,-69.9,145.2,108.4,-120.9,6.7,16.7,0.968,0.008,0.025
168,H,0,0.692,C,120.6,-82.3,107.8,108.1,-118.7,7.1,14.7,0.918,0.015,0.067
169,T,0,0.682,C,75.5,-90.4,109.0,110.1,-171.3,8.7,12.6,0.899,0.027,0.074
170,H,0,0.689,C,130.7,-80.5,16.5,104.0,-145.0,5.3,12.9,0.862,0.093,0.045
171,G,0,0.692,C,47.9,-39.6,-6.3,105.3,26.2,5.5,14.1,0.845,0.117,0.037
172,E,0,0.695,C,115.4,-84.3,10.5,103.8,73.9,5.8,14.6,0.817,0.120,0.063
173,F,0,0.701,C,85.5,-91.7,102.1,110.3,96.2,12.8,10.7,0.806,0.104,0.090
174,S,0,0.709,C,65.5,-88.2,83.0,108.3,172.7,6.6,15.4,0.876,0.061,0.063
175,F,0,0.710,C,100.1,-87.7,50.7,106.7,177.0,11.1,12.6,0.860,0.088,0.052
176,D,0,0.714,C,97.6,-86.0,24.6,104.6,113.3,4.9,14.3,0.896,0.067,0.038
177,E,0,0.704,C,103.3,-79.1,8.8,103.5,158.7,9.3,12.2,0.881,0.076,0.043
178,D,0,0.676,C,74.8,-90.7,92.2,109.0,100.5,7.9,15.2,0.915,0.055,0.030
179,S,0,0.647,C,51.2,-72.3,-17.6,96.9,-171.7,11.7,13.3,0.835,0.149,0.016
180,S,0,0.627,C,52.1,-74.8,-20.5,97.6,64.8,10.1,14.9,0.757,0.228,0.015
181,D,0,0.615,C,77.4,-73.4,-20.8,96.6,59.1,7.5,16.5,0.767,0.224,0.009
182,A,0,0.609,C,44.8,-73.9,-19.8,96.4,70.7,11.1,13.3,0.762,0.227,0.011
183,L,0,0.606,C,72.4,-81.3,1.8,103.2,69.2,11.5,13.0,0.866,0.115,0.018
184,S,0,0.597,C,44.5,-88.9,139.9,117.3,163.4,9.7,13.5,0.975,0.002,0.024
185,P,0,0.595,C,86.1,-63.2,-26.3,95.2,-121.3,7.3,12.9,0.979,0.017,0.004
186,D,0,0.600,C,114.4,-80.3,-9.3,97.9,53.8,1.9,13.8,0.967,0.018,0.015
187,Q,0,0.593,C,67.3,-85.2,126.5,112.1,97.3,12.1,8.8,0.960,0.007,0.034
188,P,0,0.566,C,79.0,-66.5,35.9,102.4,-113.3,7.0,15.1,0.967,0.026,0.008
189,A,0,0.556,C,65.4,-71.0,-22.7,97.6,52.0,6.8,14.4,0.923,0.071,0.006
190,S,0,0.552,C,50.2,-78.1,-17.1,102.5,73.0,9.5,11.9,0.865,0.120,0.016
191,Q,0,0.553,C,105.1,-67.2,-29.0,94.8,64.0,5.7,14.1,0.801,0.191,0.009
192,E,0,0.539,C,111.5,-69.4,-32.4,94.7,55.4,4.3,13.9,0.812,0.182,0.006
193,S,0,0.527,C,51.1,-73.5,-28.6,99.4,67.0,8.7,11.9,0.819,0.172,0.009
194,Q,0,0.497,C,98.4,-73.5,-21.1,96.9,62.7,7.2,11.5,0.890,0.101,0.009
195,G,0,0.483,C,45.3,-61.1,-16.0,100.3,46.3,5.4,12.8,0.937,0.054,0.008
196,S,0,0.474,C,62.8,-76.3,-14.2,100.0,81.0,7.3,11.0,0.928,0.060,0.012
197,A,0,0.474,C,78.7,-73.6,-20.8,97.6,69.9,3.1,10.9,0.960,0.034,0.006
198,A,0,0.489,C,74.2,-80.5,-2.8,102.7,71.5,4.1,10.3,0.981,0.013,0.006
199,S,0,0.481,C,64.5,-94.6,128.2,115.8,146.9,6.1,10.1,0.992,0.002,0.007
200,P,0,0.485,C,86.5,-65.9,100.3,102.8,-110.8,6.3,11.5,0.988,0.010,0.001
201,S,0,0.488,C,83.1,-79.9,35.1,104.6,-106.1,3.6,11.5,0.973,0.023,0.004
202,E,0,0.511,C,120.8,-87.8,132.6,113.4,135.7,4.4,9.7,0.958,0.036,0.006
203,P,0,0.519,C,93.6,-68.6,1.6,103.1,-110.8,5.2,10.7,0.956,0.039,0.005
204,K,0,0.533,C,144.9,-81.4,11.8,104.4,-121.9,3.3,11.0,0.936,0.037,0.028
205,V,0,0.546,C,107.2,-84.6,15.9,104.6,91.1,4.3,8.1,0.959,0.024,0.016
206,S,1,0.532,C,84.3,-88.4,79.3,107.6,142.0,3.5,9.0,0.962,0.021,0.016
207,A,0,0.523,C,80.8,-85.9,22.9,105.3,114.2,3.8,8.7,0.975,0.016,0.009
208,S,0,0.519,C,81.8,-93.1,136.8,116.7,-176.6,3.3,9.4,0.991,0.003,0.007
209,P,0,0.516,C,88.3,-70.9,149.3,114.2,-101.0,5.9,11.1,0.996,0.002,0.003
210,P,0,0.524,C,82.4,-70.3,153.8,115.1,-99.7,6.0,11.5,0.996,0.003,0.001
211,P,0,0.535,C,95.5,-69.4,148.7,111.0,-97.2,3.9,13.0,0.983,0.016,0.001
212,V,0,0.574,C,105.0,-78.3,114.1,107.3,-109.0,5.4,9.8,0.958,0.037,0.005
213,T,1,0.592,C,104.5,-90.5,108.6,109.5,-154.8,3.1,9.9,0.929,0.058,0.013
214,A,0,0.600,C,82.8,-86.9,42.0,106.2,-176.7,4.3,8.3,0.945,0.045,0.010
215,S,0,0.608,C,84.1,-87.7,100.4,108.6,123.7,3.3,9.1,0.972,0.022,0.006
216,T,0,0.621,C,67.6,-90.4,139.3,117.1,-154.7,7.1,11.4,0.979,0.015,0.007
217,P,0,0.628,C,90.5,-64.2,-26.2,94.4,-122.7,5.8,11.3,0.819,0.181,0.001
218,A,0,0.642,C,71.1,-72.6,-25.5,96.3,60.5,4.5,11.1,0.750,0.245,0.005
219,Q,0,0.655,C,110.6,-79.8,-13.7,99.1,61.7,4.8,11.0,0.735,0.251,0.014
220,F,0,0.673,C,126.3,-83.9,2.7,102.6,71.6,6.0,9.5,0.812,0.171,0.017
221,T,0,0.682,C,99.1,-85.7,7.9,103.6,75.6,3.2,9.4,0.898,0.087,0.015
222,S,0,0.680,C,76.1,-89.4,116.1,110.5,142.9,5.3,8.9,0.950,0.039,0.011
223,V,0,0.682,C,103.8,-96.4,130.0,115.3,-155.7,4.3,10.5,0.956,0.025,0.019
224,S,0,0.680,C,60.7,-84.5,144.1,117.8,-126.5,7.1,11.4,0.991,0.001,0.008
225,P,0,0.679,C,77.0,-68.0,150.3,108.4,-103.7,7.6,12.1,0.993,0.005,0.002
226,A,0,0.695,C,82.6,-77.6,139.4,110.1,-101.3,3.4,12.8,0.988,0.007,0.005
227,V,0,0.723,C,71.3,-88.0,135.1,114.7,-126.8,10.0,10.1,0.983,0.010,0.007
228,P,0,0.741,C,85.3,-64.0,-29.0,98.9,-109.8,6.2,12.5,0.943,0.054,0.002
229,E,0,0.754,C,137.2,-71.6,-24.1,98.0,-62.8,2.8,13.2,0.902,0.092,0.006
230,F,0,0.756,C,127.7,-78.1,-13.7,99.0,61.1,5.4,9.7,0.865,0.127,0.009
231,L,0,0.756,C,114.0,-79.9,-8.0,99.8,67.2,3.7,10.4,0.914,0.080,0.006
232,K,0,0.764,C,134.9,-90.6,117.7,111.1,97.5,3.9,9.5,0.961,0.028,0.011
233,T,0,0.752,C,86.4,-95.0,136.4,118.1,-151.2,4.8,10.7,0.978,0.011,0.011
234,P,0,0.738,C,85.8,-67.3,150.0,109.3,-104.2,6.0,11.3,0.970,0.026,0.004
235,L,0,0.731,C,114.8,-77.2,117.2,106.3,-101.0,4.6,11.3,0.959,0.034,0.007
236,T,0,0.714,C,95.5,-87.5,119.7,110.3,-129.0,4.3,10.2,0.943,0.042,0.015
237,A,0,0.703,C,80.9,-73.6,-21.9,100.1,-146.8,3.7,9.1,0.959,0.029,0.011
238,D,0,0.691,C,119.8,-88.3,108.6,108.9,125.6,2.1,8.3,0.973,0.016,0.011
239,Q,0,0.663,C,125.2,-91.2,134.6,115.4,-133.9,4.3,9.4,0.989,0.002,0.009
240,P,0,0.650,C,89.0,-71.2,151.7,114.7,-101.5,5.5,10.1,0.997,0.002,0.001
241,P,0,0.639,C,92.7,-67.9,150.3,111.7,-97.3,4.6,11.5,0.990,0.008,0.002
242,T,0,0.651,C,97.6,-76.4,135.8,109.8,-101.3,4.6,10.6,0.969,0.023,0.008
243,R,0,0.661,C,165.2,-88.4,114.3,109.7,-134.5,3.7,9.7,0.959,0.022,0.019
244,S,1,0.667,C,81.9,-86.1,125.4,110.3,-141.6,4.5,7.9,0.977,0.012,0.010
245,T,0,0.678,C,105.1,-90.5,113.0,109.9,-137.0,2.8,11.1,0.972,0.019,0.009
246,A,0,0.688,C,70.7,-84.1,138.7,115.9,-128.2,6.7,9.1,0.986,0.009,0.006
247,P,0,0.682,C,83.0,-68.6,151.1,112.2,-100.9,6.5,11.5,0.980,0.012,0.008
248,V,0,0.681,C,114.7,-85.8,134.8,112.7,-112.3,3.4,12.9,0.955,0.009,0.037
249,L,0,0.684,C,92.5,-86.4,140.4,116.3,-125.3,9.2,9.6,0.983,0.001,0.016
250,P,0,0.677,C,83.9,-69.5,152.8,112.6,-100.9,5.6,11.8,0.989,0.005,0.006
251,T,0,0.676,C,108.5,-77.4,47.9,104.4,-104.2,3.1,11.0,0.979,0.014,0.008
252,N,0,0.670,C,121.3,-88.7,95.2,108.6,92.7,3.0,8.1,0.976,0.013,0.011
253,T,0,0.675,C,100.6,-91.5,116.7,110.9,-168.1,3.9,8.3,0.951,0.026,0.023
254,V,0,0.667,C,108.8,-90.0,108.0,109.5,-167.8,4.4,8.8,0.943,0.030,0.027
255,S,0,0.655,C,80.9,-87.6,123.8,110.5,-150.9,4.7,9.3,0.958,0.028,0.014
256,S,0,0.635,C,77.8,-86.8,75.4,107.2,-149.4,4.9,11.1,0.931,0.050,0.019
257,A,0,0.613,C,68.8,-85.9,130.7,112.9,-159.8,7.4,9.8,0.925,0.043,0.032
258,K,0,0.607,C,132.6,-98.1,134.0,116.6,-152.2,5.4,12.0,0.945,0.014,0.041
259,S,0,0.589,C,68.8,-89.5,128.8,112.3,-129.7,7.6,14.6,0.966,0.009,0.024
260,G,0,0.587,C,27.6,-113.1,168.7,128.0,-162.6,11.5,14.9,0.932,0.040,0.029
261,P,0,0.587,C,61.4,-69.3,147.3,112.1,-74.1,11.5,15.4,0.908,0.078,0.015
262,M,0,0.603,C,105.5,-90.3,131.1,113.4,-130.6,7.5,16.9,0.770,0.128,0.102
263,L,0,0.620,C,70.8,-88.9,126.6,112.1,-139.7,13.2,12.5,0.763,0.118,0.119
264,V,0,0.633,C,80.5,-98.7,134.5,117.7,-147.6,8.2,14.2,0.797,0.079,0.124
265,K,0,0.639,C,122.9,-96.9,132.5,116.2,-143.4,7.4,13.1,0.833,0.067,0.100
266,Q,0,0.626,C,111.0,-99.8,139.4,117.5,-151.0,6.5,10.7,0.891,0.036,0.073
267,S,0,0.603,C,89.8,-84.6,40.5,106.0,-126.2,3.0,11.7,0.927,0.015,0.058
268,H,0,0.590,C,122.2,-103.0,127.1,117.2,106.9,5.1,11.1,0.982,0.002,0.017
269,P,0,0.565,C,84.6,-70.1,148.1,110.8,-106.0,6.5,12.3,0.987,0.006,0.007
270,K,0,0.539,C,131.9,-84.7,97.6,107.5,-125.1,5.6,12.8,0.986,0.004,0.010
271,N,0,0.523,C,89.6,-98.3,120.2,114.3,-123.1,6.1,14.1,0.991,0.002,0.007
272,P,0,0.524,C,81.5,-67.6,-22.5,96.4,-145.8,8.4,11.1,0.933,0.065,0.002
273,N,0,0.551,C,116.0,-79.5,-11.4,98.6,63.7,2.7,13.0,0.888,0.107,0.005
274,D,0,0.578,C,74.5,-90.3,104.4,109.9,83.8,7.2,11.2,0.822,0.165,0.013
275,K,0,0.607,C,127.4,-70.7,-23.1,96.5,170.8,5.5,11.5,0.820,0.162,0.018
276,H,0,0.627,C,127.6,-85.2,-1.5,100.3,62.8,3.5,12.5,0.825,0.142,0.033
277,R,0,0.631,C,99.0,-85.0,129.6,112.2,107.5,10.6,9.5,0.898,0.062,0.040
278,S,0,0.636,C,63.6,-92.3,147.3,116.4,-157.0,5.6,13.9,0.874,0.042,0.084
279,K,0,0.628,C,132.1,-80.1,51.9,105.8,-121.0,5.7,11.6,0.902,0.035,0.063
280,K,0,0.629,C,126.3,-93.8,140.7,117.3,175.3,4.8,11.2,0.943,0.011,0.046
281,C,0,0.649,C,88.4,-74.5,145.5,113.8,-103.1,4.8,11.7,0.958,0.012,0.030
282,K,0,0.640,C,133.3,-87.1,138.5,113.3,-117.6,5.8,10.9,0.968,0.006,0.025
283,D,0,0.641,C,111.6,-79.8,141.4,114.1,-100.9,2.9,12.7,0.986,0.002,0.011
284,P,0,0.628,C,88.0,-67.8,149.5,113.2,-97.5,6.0,11.5,0.988,0.005,0.008
285,K,0,0.642,C,132.8,-81.6,143.4,114.9,-106.8,5.2,12.1,0.989,0.002,0.009
286,P,0,0.645,C,71.6,-68.7,150.8,114.9,-97.0,7.5,13.2,0.984,0.013,0.003
287,R,0,0.663,C,148.6,-81.9,133.8,110.9,-113.9,5.7,12.7,0.914,0.041,0.045
288,V,0,0.684,C,91.8,-98.5,136.6,118.1,-137.5,6.7,12.4,0.724,0.147,0.130
289,K,0,0.699,C,124.1,-93.2,135.4,115.3,-139.2,6.3,12.1,0.758,0.168,0.074
290,K,0,0.702,C,139.5,-97.7,132.4,115.7,-140.7,4.0,13.9,0.654,0.182,0.164
291,L,0,0.715,C,68.0,-91.3,137.2,117.3,-133.4,12.9,10.0,0.652,0.198,0.150
292,K,0,0.726,C,113.6,-99.6,142.3,118.6,-148.6,5.9,16.6,0.626,0.186,0.188
293,Y,0,0.739,C,104.9,-99.3,138.2,119.2,-116.4,11.9,15.7,0.600,0.188,0.212
294,H,0,0.748,C,63.6,-119.8,145.1,126.2,-167.6,12.2,16.2,0.530,0.097,0.373
295,Q,0,0.738,C,74.2,-108.4,138.1,121.2,-148.2,10.6,18.3,0.608,0.064,0.328
296,Y,0,0.730,C,74.1,-107.8,137.3,121.5,-151.4,14.6,12.6,0.714,0.021,0.265
297,I,0,0.706,C,87.2,-104.1,130.9,118.4,-150.7,7.3,16.1,0.917,0.001,0.082
298,P,0,0.668,C,60.5,-70.9,149.3,114.5,-109.5,11.3,13.7,0.993,0.000,0.006
299,P,0,0.638,C,56.1,-69.4,149.7,112.1,-102.0,11.2,12.3,0.980,0.018,0.002
300,N,0,0.616,C,99.8,-68.3,34.2,102.5,-105.8,4.7,15.7,0.922,0.071,0.007
301,Q,0,0.596,C,97.7,-72.8,-18.6,98.3,-155.6,9.2,9.2,0.783,0.185,0.032
302,K,0,0.588,C,131.4,-75.6,-17.4,99.0,72.2,4.4,10.9,0.795,0.176,0.030
303,G,0,0.587,C,52.5,-73.2,-12.5,101.7,47.0,3.0,12.3,0.897,0.095,0.008
304,E,0,0.598,C,123.0,-78.8,11.0,103.6,86.5,4.5,9.3,0.892,0.098,0.010
305,K,0,0.615,C,145.2,-81.1,0.5,101.9,84.0,3.4,10.5,0.927,0.061,0.012
306,S,0,0.640,C,80.9,-88.0,69.4,107.2,86.5,3.2,9.6,0.967,0.026,0.007
307,E,0,0.642,C,125.9,-87.9,131.5,113.8,-162.8,4.4,10.1,0.978,0.020,0.002
308,P,0,0.644,C,71.1,-68.6,152.0,112.6,-106.7,7.5,10.6,0.936,0.063,0.001
309,Q,0,0.668,C,120.2,-70.8,127.0,104.7,-104.5,4.1,13.0,0.855,0.143,0.003
310,M,0,0.691,C,137.8,-73.4,-13.8,99.1,-106.1,3.7,10.8,0.815,0.181,0.003
311,D,0,0.720,C,96.6,-85.5,22.1,104.6,72.8,4.3,12.6,0.827,0.171,0.002
312,S,0,0.732,C,47.1,-81.0,153.8,114.5,142.6,7.9,11.1,0.714,0.284,0.002
313,N,0,0.748,H,93.9,-67.1,-28.4,95.9,-116.2,6.3,14.8,0.284,0.715,0.000
314,Y,0,0.764,H,103.4,-66.8,-37.5,94.0,55.0,7.1,14.7,0.151,0.848,0.001
315,A,0,0.794,H,54.7,-65.8,-38.9,93.5,53.8,5.1,15.6,0.067,0.933,0.000
316,R,0,0.820,H,124.8,-66.3,-38.5,93.3,51.5,3.7,16.9,0.061,0.939,0.000
317,L,0,0.827,H,76.5,-66.4,-39.4,93.6,51.7,5.6,16.0,0.051,0.949,0.000
318,L,0,0.829,H,80.4,-66.4,-38.8,93.9,51.8,6.0,16.4,0.059,0.940,0.000
319,Q,0,0.829,H,97.5,-66.4,-38.7,93.7,51.2,4.2,17.2,0.083,0.917,0.000
320,Q,0,0.834,H,93.0,-66.4,-39.0,93.5,51.2,4.4,16.7,0.091,0.909,0.000
321,Q,0,0.839,H,88.8,-66.1,-39.2,93.5,51.0,5.3,16.8,0.070,0.929,0.000
322,Q,0,0.854,H,94.1,-66.2,-38.9,93.4,50.8,4.5,17.2,0.058,0.941,0.000
323,L,0,0.869,H,86.7,-66.2,-39.4,93.2,50.8,4.0,17.1,0.031,0.969,0.000
324,F,0,0.889,H,90.9,-66.5,-39.5,93.4,51.0,5.3,16.0,0.018,0.982,0.000
325,L,0,0.902,H,81.2,-66.4,-39.0,93.5,51.2,5.1,16.5,0.020,0.980,0.000
326,Q,0,0.883,H,99.1,-66.4,-38.6,93.2,50.7,3.4,16.5,0.023,0.977,0.000
327,L,0,0.873,H,85.5,-66.4,-39.2,93.3,51.4,3.9,15.4,0.022,0.978,0.000
328,Q,0,0.865,H,91.9,-66.7,-38.7,93.5,51.2,4.2,16.1,0.030,0.970,0.000
329,I,0,0.836,H,91.8,-66.2,-39.2,93.2,51.2,3.5,15.4,0.037,0.963,0.000
330,L,0,0.809,H,92.0,-66.7,-38.6,93.4,51.5,3.5,15.1,0.064,0.936,0.000
331,S,0,0.778,H,60.7,-66.7,-38.8,93.6,52.4,3.4,15.2,0.158,0.842,0.000
332,Q,0,0.752,H,107.6,-66.6,-37.7,93.0,51.1,2.6,15.1,0.218,0.781,0.000
333,Q,0,0.738,H,109.4,-66.8,-37.6,92.9,51.5,2.3,14.3,0.253,0.747,0.001
334,Q,0,0.729,H,111.0,-66.6,-37.5,92.7,51.5,2.3,13.7,0.302,0.696,0.002
335,Q,0,0.720,H,117.1,-66.8,-36.7,92.4,51.7,1.8,13.0,0.346,0.652,0.001
336,Q,0,0.715,H,120.8,-67.3,-36.0,92.2,51.3,1.4,12.7,0.407,0.592,0.001
337,Q,0,0.713,H,115.4,-67.6,-35.9,92.6,51.4,1.8,12.3,0.414,0.584,0.002
338,Q,0,0.713,H,118.5,-67.3,-35.4,92.6,52.0,1.9,12.0,0.479,0.518,0.003
339,Q,0,0.722,C,125.3,-68.3,-33.6,92.8,52.3,1.4,11.1,0.572,0.425,0.003
340,Q,0,0.730,C,128.9,-69.4,-32.0,93.2,52.5,1.3,10.8,0.642,0.352,0.006
341,H,0,0.758,C,128.8,-77.6,-22.2,96.5,51.5,2.4,9.9,0.710,0.281,0.009
342,Y,0,0.771,C,163.0,-79.2,-16.2,97.7,54.5,2.0,9.6,0.753,0.241,0.005
343,N,0,0.775,C,121.5,-83.3,-2.4,101.3,63.3,1.7,8.7,0.888,0.107,0.006
344,Y,0,0.784,C,168.4,-89.0,54.4,106.7,87.0,2.7,6.8,0.892,0.100,0.008
345,Q,0,0.787,C,132.1,-91.5,127.5,112.7,155.2,2.9,7.0,0.950,0.038,0.013
346,T,0,0.785,C,107.0,-88.0,129.0,112.1,-131.0,2.6,9.4,0.964,0.021,0.015
347,I,0,0.778,C,118.8,-91.3,129.1,113.3,-143.0,4.7,8.6,0.967,0.016,0.017
348,L,0,0.768,C,109.2,-87.5,137.4,115.7,-126.2,4.3,10.1,0.991,0.002,0.007
349,P,0,0.746,C,92.2,-68.9,147.7,107.1,-106.6,4.8,10.9,0.994,0.003,0.003
350,A,0,0.721,C,75.6,-77.6,143.8,111.3,-104.4,4.8,10.1,0.994,0.004,0.003
351,P,0,0.699,C,102.8,-73.3,144.8,109.2,-97.2,3.7,10.6,0.989,0.009,0.003
352,I,0,0.694,C,129.4,-84.4,113.0,108.4,-111.2,3.4,9.0,0.980,0.011,0.009
353,K,0,0.686,C,145.5,-89.5,126.5,112.0,-140.8,3.9,8.7,0.982,0.008,0.010
354,T,0,0.671,C,100.4,-90.4,128.4,112.3,-140.3,4.3,8.7,0.984,0.009,0.006
355,D,0,0.646,C,113.8,-83.6,64.9,106.2,-124.5,3.4,9.5,0.983,0.013,0.005
356,K,0,0.596,C,154.5,-81.3,-1.7,102.1,118.8,2.6,7.9,0.975,0.020,0.006
357,N,0,0.552,C,127.8,-83.4,4.3,102.4,63.9,1.8,7.6,0.976,0.017,0.008
358,S,0,0.505,C,88.3,-87.0,45.2,106.0,91.0,2.9,6.2,0.989,0.005,0.006
359,S,0,0.468,C,92.8,-85.3,16.7,104.4,77.5,1.9,7.4,0.992,0.003,0.005
360,S,0,0.438,C,88.9,-90.9,70.9,107.4,84.9,2.8,6.5,0.992,0.002,0.006
361,G,0,0.423,C,60.2,-91.5,131.2,110.9,-107.9,2.6,7.9,0.988,0.002,0.010
362,S,0,0.430,C,85.0,-92.7,129.9,113.8,-143.8,4.2,6.9,0.988,0.003,0.009
363,N,0,0.442,C,123.9,-93.2,120.5,111.0,-147.1,3.0,9.3,0.994,0.002,0.004
364,S,0,0.444,C,90.5,-85.1,4.2,102.5,-169.4,2.6,8.5,0.993,0.003,0.004
365,G,0,0.448,C,58.3,-87.1,77.4,107.7,51.9,2.7,8.1,0.990,0.005,0.005
366,S,0,0.473,C,81.1,-91.1,118.0,111.2,167.7,4.0,8.3,0.990,0.008,0.002
367,S,0,0.487,C,88.5,-91.5,84.2,108.3,-171.1,2.9,8.3,0.975,0.018,0.006
368,S,0,0.498,C,86.8,-85.6,17.1,104.9,164.6,3.0,8.0,0.966,0.027,0.007
369,S,0,0.504,C,86.8,-84.3,4.2,102.5,75.8,2.6,9.1,0.963,0.028,0.009
370,M,0,0.518,C,104.8,-94.0,127.5,115.0,115.0,6.6,9.8,0.945,0.037,0.018
371,P,0,0.521,C,83.1,-71.3,146.2,110.6,-110.7,6.7,12.2,0.935,0.052,0.014
372,A,0,0.528,C,74.8,-81.0,100.1,107.0,-119.3,5.9,12.2,0.924,0.049,0.027
373,R,0,0.526,C,138.6,-94.6,128.5,114.5,-156.5,6.3,12.3,0.934,0.017,0.049
374,R,0,0.533,C,131.4,-97.8,134.0,117.9,-139.8,7.7,13.1,0.964,0.001,0.035
375,P,0,0.516,C,68.5,-70.4,148.3,111.0,-101.5,11.1,13.5,0.985,0.003,0.013
376,G,0,0.524,C,37.3,-97.1,171.7,124.6,-111.8,6.4,16.1,0.982,0.001,0.017
377,P,0,0.535,C,81.1,-72.0,136.9,109.6,-58.4,7.6,17.1,0.975,0.003,0.022
378,L,0,0.562,C,53.6,-79.3,143.0,116.6,-113.4,15.6,12.1,0.991,0.000,0.009
379,P,0,0.580,C,55.2,-68.3,153.1,113.6,-102.6,9.4,14.7,0.992,0.007,0.002
380,S,0,0.595,C,86.1,-67.5,-25.1,96.2,-106.9,3.2,15.8,0.983,0.017,0.001
381,S,0,0.619,C,56.5,-94.9,57.9,105.1,47.1,6.8,16.6,0.952,0.042,0.005
382,L,0,0.662,H,40.8,-68.4,-26.3,93.9,154.9,19.1,10.3,0.229,0.771,0.001
383,D,0,0.711,H,103.6,-70.4,-22.5,92.5,64.0,3.7,16.9,0.235,0.765,0.000
384,D,0,0.736,H,98.5,-88.2,-3.9,95.9,52.8,3.1,18.1,0.249,0.751,0.000
385,L,0,0.736,C,34.9,-82.2,140.9,116.4,103.7,18.4,9.5,0.916,0.077,0.007
386,K,0,0.743,C,90.1,-91.8,141.5,117.1,-142.1,7.2,22.2,0.773,0.087,0.141
387,V,0,0.754,H,50.7,-61.5,-34.6,93.6,-117.8,17.7,13.3,0.064,0.936,0.000
388,S,0,0.762,H,73.6,-64.5,-36.8,92.3,56.8,2.6,18.5,0.033,0.967,0.000
389,E,0,0.761,H,100.2,-67.6,-36.6,92.4,50.2,3.8,18.5,0.025,0.975,0.000
390,L,0,0.777,H,24.8,-70.8,-33.9,94.3,49.3,17.0,13.3,0.030,0.970,0.000
391,K,0,0.784,H,93.6,-63.2,-40.2,93.1,55.8,10.6,17.7,0.015,0.985,0.000
392,T,0,0.786,H,82.4,-65.5,-39.1,92.3,50.1,2.3,21.0,0.012,0.988,0.000
393,E,0,0.788,H,67.1,-67.3,-39.2,93.2,50.0,8.4,18.0,0.011,0.989,0.000
394,L,0,0.786,H,27.5,-67.1,-38.4,94.0,51.2,17.1,13.3,0.014,0.986,0.000
395,K,0,0.774,H,122.8,-65.4,-36.6,92.7,53.3,3.9,16.7,0.037,0.963,0.000
396,L,0,0.765,H,112.2,-68.7,-32.5,91.7,50.9,2.1,16.1,0.122,0.878,0.000
397,R,0,0.738,C,89.4,-87.3,-5.7,96.5,51.8,10.6,11.6,0.778,0.219,0.004
398,G,0,0.708,C,55.4,76.4,14.4,96.5,-106.5,2.5,18.5,0.995,0.003,0.001
399,L,0,0.710,C,39.4,-93.0,140.4,119.7,140.1,17.1,9.6,0.994,0.001,0.005
400,P,0,0.704,C,79.0,-69.6,143.9,110.7,-102.6,5.7,18.9,0.987,0.008,0.006
401,V,0,0.713,C,59.7,-102.1,123.1,114.6,-148.3,14.6,13.5,0.933,0.025,0.042
402,S,0,0.683,C,61.2,-110.7,144.3,119.8,161.3,6.4,18.9,0.939,0.016,0.045
403,G,0,0.677,C,32.0,129.3,-171.9,126.3,49.4,7.3,16.6,0.957,0.018,0.025
404,T,0,0.702,C,73.4,-101.2,142.3,120.0,-66.9,5.6,19.7,0.959,0.024,0.017
405,K,0,0.747,H,81.2,-61.4,-34.3,92.8,-121.2,16.4,12.8,0.084,0.916,0.000
406,P,0,0.780,H,82.2,-62.9,-38.5,92.4,57.4,4.9,18.5,0.041,0.959,0.000
407,D,0,0.816,H,79.7,-66.9,-37.8,92.9,50.6,3.8,19.6,0.016,0.984,0.000
408,L,0,0.827,H,24.2,-65.8,-41.3,93.5,50.7,16.2,15.6,0.007,0.993,0.000
409,I,0,0.843,H,36.0,-63.6,-40.7,93.1,52.2,16.3,17.5,0.011,0.989,0.000
410,E,0,0.845,H,111.1,-65.2,-39.3,92.2,51.1,2.8,21.8,0.016,0.984,0.000
411,R,0,0.836,H,97.7,-67.2,-38.9,92.9,50.1,6.8,19.5,0.036,0.964,0.000
412,L,0,0.836,H,27.1,-67.3,-38.7,93.9,50.1,17.3,14.8,0.062,0.938,0.000
413,K,0,0.824,H,94.6,-64.7,-39.6,93.7,53.7,9.1,19.0,0.063,0.937,0.000
414,P,0,0.817,H,75.1,-66.2,-38.8,92.7,50.6,3.4,20.2,0.106,0.893,0.001
415,Y,0,0.819,H,53.2,-68.8,-36.9,93.8,50.0,13.3,14.2,0.109,0.890,0.001
416,Q,0,0.807,H,68.8,-66.2,-37.0,93.5,52.8,12.1,15.0,0.152,0.847,0.001
417,E,0,0.804,H,125.8,-68.0,-34.5,92.9,51.9,2.3,17.1,0.247,0.751,0.002
418,V,0,0.800,H,82.5,-71.3,-33.2,94.5,50.8,4.8,14.8,0.342,0.654,0.004
419,T,0,0.786,C,53.3,-79.5,-24.5,98.4,49.5,10.4,11.5,0.516,0.480,0.004
420,S,0,0.765,C,73.0,-73.1,-23.3,96.8,58.2,4.6,12.3,0.562,0.434,0.004
421,S,0,0.743,C,80.4,-81.1,-12.2,98.4,52.5,2.7,11.7,0.613,0.382,0.005
422,N,0,0.725,C,103.9,-83.0,-3.9,101.1,62.3,4.3,9.8,0.641,0.350,0.009
423,L,0,0.736,C,106.2,-77.2,-17.2,98.9,86.6,5.0,8.6,0.681,0.305,0.014
424,A,0,0.751,C,73.3,-80.9,-12.6,100.4,66.8,4.2,9.5,0.751,0.236,0.012
425,T,0,0.752,C,91.0,-86.3,-0.6,102.2,61.8,4.3,10.1,0.810,0.177,0.013
426,G,0,0.754,C,55.6,-74.5,-3.2,100.8,75.9,3.4,10.0,0.875,0.113,0.012
427,S,0,0.767,C,88.2,-87.9,33.1,105.2,77.9,1.9,7.8,0.882,0.097,0.021
428,I,0,0.790,C,118.0,-91.1,111.2,110.5,141.2,4.5,8.6,0.882,0.092,0.027
429,V,0,0.812,C,104.2,-91.8,125.5,112.5,-159.0,4.4,9.6,0.879,0.094,0.027
430,A,0,0.815,C,82.9,-84.0,132.1,112.1,-123.6,3.6,10.1,0.894,0.089,0.017
431,V,0,0.817,C,101.9,-90.0,124.2,111.8,-143.2,5.5,8.4,0.869,0.111,0.021
432,S,0,0.798,C,86.5,-91.5,116.2,110.2,-149.7,2.9,9.1,0.854,0.116,0.030
433,S,0,0.793,C,88.6,-88.1,30.9,105.8,168.0,2.6,7.3,0.856,0.110,0.033
434,A,0,0.789,C,89.5,-84.5,17.6,104.6,99.2,2.4,6.8,0.858,0.101,0.041
435,T,0,0.793,C,108.6,-90.0,90.1,108.4,101.2,2.2,7.2,0.882,0.056,0.062
436,I,0,0.804,C,123.9,-93.3,126.2,113.6,-161.4,4.1,7.5,0.941,0.010,0.048
437,V,0,0.793,C,113.4,-93.9,128.9,114.1,-150.5,3.5,9.0,0.921,0.011,0.068
438,T,0,0.789,C,91.0,-94.3,127.8,112.9,-152.9,5.4,9.1,0.961,0.004,0.035
439,S,0,0.774,C,90.9,-81.3,-4.4,102.4,-140.1,2.2,9.0,0.974,0.007,0.019
440,N,0,0.775,C,120.9,-95.4,106.0,110.7,43.1,2.2,8.0,0.973,0.011,0.016
441,P,0,0.776,C,108.6,-73.7,9.8,102.9,-150.1,3.2,7.4,0.958,0.027,0.016
442,E,0,0.814,C,140.1,-92.4,130.4,113.8,156.0,2.6,9.4,0.864,0.039,0.097
443,V,0,0.848,C,96.6,-98.4,134.3,118.4,-157.3,5.9,7.5,0.755,0.026,0.219
444,T,0,0.860,C,100.2,-97.9,132.4,116.7,-145.0,3.1,11.7,0.614,0.027,0.358
445,V,0,0.868,C,91.9,-86.2,96.2,108.4,-147.3,6.9,8.8,0.622,0.024,0.354
446,A,0,0.867,C,80.6,-76.0,-19.7,101.2,-166.7,3.1,10.6,0.792,0.022,0.186
447,L,0,0.860,C,102.4,-98.5,125.1,115.5,96.6,5.5,9.9,0.865,0.014,0.121
448,P,0,0.852,C,92.6,-68.6,145.0,109.9,-104.3,4.4,11.6,0.944,0.028,0.029
449,V,0,0.852,C,110.2,-84.6,128.8,110.8,-116.8,4.6,9.4,0.890,0.067,0.043
450,T,0,0.851,C,94.4,-91.7,129.0,112.1,-146.3,4.8,10.2,0.871,0.070,0.058
451,T,0,0.841,C,99.8,-73.7,-19.8,99.7,-130.2,3.4,10.1,0.821,0.089,0.090
452,L,0,0.834,C,107.1,-75.4,-21.6,97.6,66.4,5.2,8.5,0.859,0.093,0.047
453,H,0,0.826,C,133.0,-75.4,-20.9,97.8,62.4,3.0,10.7,0.901,0.062,0.037
454,N,0,0.806,C,115.6,-78.8,-13.9,98.3,55.6,2.2,11.9,0.929,0.042,0.029
455,A,0,0.798,C,81.2,-84.0,29.7,105.0,79.1,3.0,7.7,0.894,0.054,0.052
456,V,0,0.804,C,108.2,-89.1,114.3,110.3,156.4,4.1,8.4,0.874,0.063,0.063
457,T,0,0.800,C,97.0,-95.3,93.0,109.7,-177.7,3.6,10.2,0.864,0.066,0.070
458,S,0,0.792,C,85.1,-75.8,-18.2,98.8,-169.1,3.2,10.0,0.900,0.060,0.040
459,S,0,0.769,C,90.6,-75.9,-19.9,97.3,61.6,1.2,10.7,0.896,0.069,0.035
460,V,0,0.784,C,97.8,-81.4,-12.3,100.5,58.6,3.9,10.2,0.848,0.115,0.037
461,S,0,0.795,C,68.0,-80.1,-8.5,104.0,78.6,5.3,10.3,0.847,0.128,0.025
462,T,0,0.808,C,91.2,-72.7,-25.5,98.6,74.3,3.6,12.3,0.725,0.232,0.044
463,F,0,0.816,C,121.8,-78.0,-19.0,98.3,59.3,5.2,9.4,0.655,0.271,0.074
464,K,0,0.815,C,131.9,-77.2,-18.2,99.9,69.1,3.8,10.5,0.643,0.265,0.092
465,A,0,0.812,C,72.8,-77.1,-19.4,100.1,68.2,4.5,9.7,0.676,0.259,0.065
466,D,0,0.801,C,110.3,-84.6,4.2,102.3,62.8,2.6,9.8,0.701,0.235,0.064
467,L,0,0.777,C,111.5,-87.3,52.5,106.4,98.3,5.2,7.6,0.758,0.192,0.051
468,A,0,0.745,C,81.2,-86.6,80.0,107.4,119.6,3.9,9.4,0.885,0.064,0.050
469,L,0,0.713,C,106.6,-93.6,125.6,114.7,-140.4,5.2,11.0,0.967,0.004,0.029
470,P,0,0.689,C,82.3,-68.4,138.9,106.8,-113.8,8.5,10.3,0.970,0.006,0.025
471,A,0,0.680,C,77.1,-84.2,127.2,109.7,-118.4,5.8,11.0,0.967,0.004,0.029
472,T,0,0.666,C,93.5,-86.4,72.4,106.9,-138.6,5.4,11.9,0.967,0.015,0.018
473,S,0,0.648,C,77.7,-84.6,19.2,103.6,159.3,5.0,11.4,0.960,0.016,0.025
474,S,0,0.648,C,70.4,-85.7,41.4,105.4,137.7,6.3,13.2,0.931,0.012,0.057
475,V,0,0.649,C,61.0,-99.8,130.9,118.1,156.0,11.8,14.0,0.839,0.009,0.152
476,P,0,0.646,C,40.1,-73.3,145.4,113.6,-111.1,15.7,14.5,0.878,0.007,0.115
477,H,0,0.663,C,100.8,-88.9,131.4,112.4,-134.1,8.9,17.1,0.824,0.013,0.163
478,V,0,0.655,C,66.8,-81.5,4.9,102.7,-144.1,13.7,13.2,0.868,0.030,0.101
479,E,0,0.654,C,123.2,-79.5,7.9,101.7,57.6,5.2,15.2,0.922,0.020,0.058
480,N,0,0.643,C,77.8,-102.9,124.0,115.1,75.4,8.6,15.8,0.908,0.020,0.071
481,A,0,0.632,C,52.4,-84.3,-6.0,101.1,176.4,11.8,13.3,0.938,0.017,0.045
482,H,0,0.622,C,120.1,-91.2,87.2,108.8,91.4,5.5,14.1,0.957,0.004,0.039
483,S,0,0.624,C,45.5,-90.9,143.0,119.5,178.8,12.0,13.8,0.969,0.001,0.030
484,P,0,0.607,C,73.3,-73.8,140.3,109.7,-106.4,9.5,17.2,0.977,0.001,0.022
485,L,0,0.603,C,54.8,-87.6,142.9,118.7,-113.7,14.9,14.9,0.975,0.000,0.025
486,P,0,0.589,C,66.5,-69.7,143.4,109.9,-100.8,10.3,17.9,0.983,0.002,0.016
487,I,0,0.577,C,66.2,-89.4,132.5,115.4,-123.8,14.4,17.0,0.891,0.003,0.105
488,S,0,0.557,C,26.1,-91.1,142.1,119.1,-134.9,16.4,16.8,0.943,0.001,0.056
489,P,0,0.535,C,43.5,-69.9,140.8,108.8,-103.3,15.2,17.8,0.985,0.001,0.014
490,S,0,0.531,C,43.4,-84.8,142.6,118.2,-126.0,11.6,19.2,0.976,0.003,0.021
491,P,0,0.533,C,43.1,-67.3,143.9,109.5,-104.8,14.8,16.5,0.856,0.141,0.003
492,S,0,0.537,C,47.2,-75.3,-9.9,104.2,-127.0,12.5,16.5,0.696,0.294,0.010
493,E,0,0.547,C,113.6,-71.1,-23.0,98.3,-116.9,7.0,16.8,0.506,0.487,0.007
494,Q,0,0.551,H,72.7,-75.8,-20.6,98.0,59.9,12.1,16.2,0.490,0.493,0.017
495,S,0,0.560,C,27.7,-80.5,13.3,105.4,84.0,17.0,14.4,0.539,0.426,0.035
496,S,0,0.555,C,54.1,-73.1,-19.2,97.3,95.7,11.0,18.0,0.604,0.365,0.031
497,L,0,0.573,C,66.5,-81.8,-11.5,98.5,59.9,12.6,15.4,0.727,0.230,0.043
498,S,0,0.604,C,52.4,-86.1,76.5,107.9,85.1,11.4,14.1,0.860,0.086,0.053
499,T,0,0.636,C,82.6,-83.4,0.2,102.7,134.2,7.6,15.2,0.865,0.104,0.031
500,D,0,0.666,C,83.6,-92.7,92.8,109.0,84.5,7.1,15.7,0.870,0.109,0.021
501,D,0,0.673,C,78.6,-75.6,-9.8,100.0,-173.5,10.7,12.9,0.761,0.230,0.009
502,T,0,0.654,C,86.9,-80.8,-10.0,100.7,75.2,5.6,14.6,0.681,0.300,0.020
503,N,0,0.659,C,93.2,-85.4,4.1,102.6,58.1,6.1,14.9,0.679,0.300,0.021
504,M,0,0.685,C,78.2,-84.2,7.5,103.4,87.3,12.9,12.0,0.723,0.246,0.031
505,T,0,0.740,C,75.6,-84.6,12.3,104.9,95.6,8.6,14.4,0.716,0.258,0.026
506,D,0,0.788,C,72.2,-87.8,105.2,109.4,110.3,8.9,15.7,0.710,0.279,0.011
507,T,0,0.809,H,62.1,-73.9,-20.3,99.3,-179.7,11.5,15.3,0.490,0.500,0.010
508,F,0,0.835,H,61.7,-74.8,-26.1,98.6,65.7,15.1,13.9,0.372,0.617,0.012
509,T,0,0.854,H,68.4,-72.7,-29.7,99.3,70.8,8.8,16.4,0.336,0.650,0.014
510,E,0,0.864,H,101.5,-70.4,-33.3,97.5,58.9,5.8,16.8,0.282,0.668,0.050
511,I,0,0.860,H,59.9,-72.5,-32.5,97.1,59.5,12.4,14.6,0.248,0.651,0.100
512,M,0,0.853,H,62.8,-75.5,-26.1,98.6,60.2,14.1,13.3,0.353,0.507,0.140
513,T,0,0.828,C,79.2,-82.6,-10.3,101.5,78.3,7.2,15.3,0.524,0.351,0.125
514,M,0,0.800,C,112.8,-87.2,17.3,104.8,76.1,5.7,12.8,0.763,0.158,0.079
515,M,0,0.775,C,113.9,-89.1,115.4,110.6,122.8,6.5,12.6,0.963,0.011,0.026
516,S,0,0.758,C,62.0,-90.8,138.0,117.1,-123.0,8.1,13.8,0.987,0.004,0.009
517,P,0,0.749,C,77.4,-70.6,108.9,104.7,-112.1,10.1,12.9,0.848,0.145,0.006
518,S,0,0.750,C,72.8,-93.2,114.3,110.9,-174.3,5.5,13.7,0.785,0.191,0.024
519,Q,0,0.749,C,110.2,-97.8,131.8,116.4,-167.3,6.5,11.9,0.713,0.212,0.075
520,L,0,0.763,C,90.9,-102.9,134.8,118.4,-154.1,8.2,15.4,0.734,0.149,0.117
521,L,0,0.767,C,76.7,-92.2,134.5,115.8,-134.8,12.1,13.4,0.813,0.063,0.124
522,C,0,0.771,C,64.9,-103.0,141.1,120.5,-149.2,9.1,15.6,0.859,0.008,0.133
523,S,0,0.746,C,68.2,-79.8,139.4,112.9,-109.3,7.6,15.9,0.933,0.002,0.065
524,S,0,0.730,C,43.8,-85.9,145.8,118.3,-119.6,13.6,13.1,0.956,0.001,0.043
525,P,0,0.711,C,66.0,-69.5,143.4,109.7,-97.0,10.5,15.7,0.964,0.020,0.016
526,L,0,0.715,C,76.7,-80.4,138.5,113.6,-117.3,11.7,13.9,0.822,0.042,0.136
527,R,0,0.716,C,131.3,-101.9,135.0,118.2,-146.4,6.9,16.0,0.640,0.036,0.323
528,V,0,0.716,C,76.4,-85.1,136.0,113.2,-127.2,10.4,12.8,0.688,0.039,0.273
529,V,0,0.705,C,76.3,-95.3,134.1,115.1,-142.1,9.7,12.4,0.766,0.034,0.201
530,S,0,0.697,C,70.4,-92.1,126.8,111.8,-143.3,6.4,11.9,0.806,0.064,0.130
531,H,0,0.695,C,127.2,-88.4,90.6,108.1,-140.1,5.3,12.7,0.780,0.140,0.080
532,D,0,0.689,C,83.3,-79.7,3.7,104.3,179.4,7.9,10.7,0.702,0.235,0.064
533,D,0,0.662,C,111.7,-69.7,-18.0,95.7,107.5,2.6,12.5,0.712,0.243,0.044
534,S,0,0.615,C,81.4,-83.9,-6.8,97.0,51.6,2.4,12.2,0.801,0.157,0.041
535,L,0,0.583,C,79.5,-89.5,119.5,111.4,92.5,9.9,8.3,0.943,0.030,0.027
536,S,0,0.575,C,69.0,-92.8,144.7,117.0,-150.9,4.0,12.7,0.962,0.007,0.030
537,P,0,0.570,C,101.9,-65.1,-26.8,97.0,-111.4,4.1,11.3,0.972,0.020,0.008
538,S,0,0.579,C,80.7,-77.7,-15.4,99.0,54.7,2.7,11.9,0.956,0.029,0.015
539,S,0,0.585,C,68.9,-78.4,-7.2,101.1,72.8,6.4,9.5,0.918,0.066,0.016
540,S,0,0.602,C,72.3,-80.6,0.3,102.5,77.1,5.6,9.3,0.909,0.077,0.014
541,T,0,0.627,C,93.1,-83.5,2.7,103.6,76.1,3.6,11.2,0.872,0.118,0.010
542,L,0,0.657,C,101.5,-80.3,-0.3,103.1,87.3,6.2,9.5,0.857,0.138,0.005
543,S,0,0.681,C,66.3,-78.5,78.8,106.6,142.2,5.5,11.6,0.833,0.164,0.003
544,T,0,0.706,C,93.8,-69.3,-27.6,97.4,-119.4,3.3,13.2,0.678,0.320,0.001
545,L,0,0.722,C,89.2,-72.2,-30.2,97.9,62.4,6.7,12.0,0.582,0.417,0.001
546,E,0,0.736,C,118.6,-68.2,-30.5,95.9,61.2,4.2,13.3,0.529,0.470,0.001
547,L,0,0.746,H,101.4,-70.6,-32.0,96.5,59.8,3.8,13.2,0.488,0.510,0.001
548,D,0,0.736,H,83.6,-70.6,-32.1,96.6,54.9,4.4,14.9,0.460,0.538,0.002
549,A,0,0.726,H,56.6,-66.6,-36.1,94.9,54.3,6.0,15.6,0.270,0.729,0.001
550,A,0,0.713,H,55.8,-66.8,-38.4,94.4,54.3,5.5,16.2,0.178,0.821,0.001
551,E,0,0.717,H,97.2,-67.4,-37.2,94.3,52.6,5.0,16.9,0.166,0.833,0.001
552,K,0,0.736,H,95.1,-67.0,-38.1,94.2,52.7,6.8,16.3,0.117,0.882,0.001
553,D,0,0.748,H,69.7,-66.7,-38.5,94.5,52.9,6.9,17.2,0.131,0.869,0.001
554,R,0,0.747,H,124.4,-66.2,-38.6,93.6,51.5,4.0,18.1,0.074,0.926,0.000
555,K,0,0.726,H,94.2,-66.9,-38.7,93.9,51.1,6.1,17.6,0.089,0.911,0.001
556,L,0,0.721,H,68.4,-65.6,-39.7,93.4,51.5,8.8,16.6,0.058,0.942,0.000
557,Q,0,0.733,H,94.8,-65.7,-39.0,93.3,51.2,4.5,19.1,0.046,0.954,0.000
558,E,0,0.744,H,89.7,-66.5,-39.2,93.5,50.4,5.6,19.1,0.025,0.975,0.000
559,K,0,0.751,H,77.5,-65.9,-39.8,93.5,51.7,9.2,16.8,0.014,0.986,0.000
560,E,0,0.755,H,93.9,-65.7,-38.6,93.6,51.4,6.3,18.7,0.013,0.987,0.000
561,K,0,0.766,H,115.3,-66.0,-38.6,92.8,51.0,2.9,19.2,0.024,0.976,0.000
562,Q,0,0.779,H,64.3,-66.3,-39.8,93.0,50.6,7.9,17.3,0.026,0.974,0.000
563,I,0,0.795,H,40.8,-64.7,-40.7,93.3,51.6,14.4,15.9,0.006,0.994,0.000
564,E,0,0.805,H,101.9,-65.4,-38.9,93.0,51.5,4.5,19.2,0.003,0.997,0.000
565,E,0,0.806,H,103.3,-66.5,-39.1,92.5,50.1,2.9,19.5,0.005,0.995,0.000
566,L,0,0.799,H,46.4,-68.1,-37.6,93.7,50.4,12.3,15.4,0.012,0.988,0.000
567,K,0,0.785,H,91.2,-64.2,-39.4,93.4,52.9,9.9,18.0,0.029,0.971,0.000
568,R,0,0.776,H,129.4,-65.6,-38.7,92.6,50.5,3.1,20.0,0.033,0.967,0.000
569,K,0,0.769,H,95.7,-67.1,-38.3,93.0,50.1,5.5,17.8,0.035,0.965,0.000
570,L,0,0.758,H,56.7,-66.2,-39.4,93.5,51.3,10.2,15.5,0.015,0.985,0.000
571,E,0,0.757,H,100.4,-65.3,-39.0,93.3,51.3,4.9,18.7,0.012,0.988,0.000
572,Q,0,0.761,H,94.4,-65.9,-39.3,92.9,50.3,3.8,18.7,0.009,0.991,0.000
573,E,0,0.756,H,68.9,-66.3,-39.6,93.6,50.9,8.9,17.3,0.009,0.991,0.000
574,Q,0,0.759,H,74.7,-65.5,-39.3,93.5,51.8,8.7,17.6,0.009,0.991,0.000
575,K,0,0.776,H,108.6,-65.7,-39.0,93.0,50.8,3.9,19.7,0.009,0.991,0.000
576,L,0,0.798,H,65.3,-66.3,-40.0,93.0,50.4,6.8,18.4,0.008,0.992,0.000
577,V,0,0.820,H,36.7,-65.7,-40.8,93.5,51.1,12.7,16.5,0.005,0.995,0.000
578,E,0,0.828,H,86.5,-66.0,-38.9,93.7,51.6,6.9,18.6,0.004,0.996,0.000
579,V,0,0.832,H,77.8,-66.2,-39.5,92.9,50.4,3.6,19.8,0.004,0.996,0.000
580,L,0,0.813,H,56.1,-67.0,-39.1,93.3,50.3,9.5,16.4,0.006,0.994,0.000
581,K,0,0.808,H,92.1,-65.5,-38.6,93.7,51.9,8.9,17.1,0.012,0.988,0.000
582,M,0,0.781,H,99.3,-66.1,-38.4,93.1,50.7,3.9,18.6,0.031,0.969,0.000
583,Q,0,0.764,H,90.2,-66.6,-38.7,93.0,50.2,4.3,17.5,0.038,0.962,0.000
584,L,0,0.753,H,61.2,-66.7,-39.1,93.5,50.6,8.3,15.3,0.035,0.965,0.000
585,E,0,0.744,H,90.1,-66.4,-38.7,93.7,51.7,6.0,16.4,0.062,0.938,0.000
586,V,0,0.728,H,83.0,-66.4,-38.9,93.1,51.0,3.3,16.9,0.077,0.922,0.000
587,E,0,0.699,H,97.6,-66.9,-38.4,93.3,51.1,4.0,15.4,0.137,0.862,0.000
588,K,0,0.668,H,103.0,-67.6,-36.4,93.4,50.9,5.7,13.5,0.244,0.755,0.000
589,R,0,0.616,H,133.7,-67.7,-33.5,93.2,51.9,4.0,13.2,0.404,0.593,0.003
590,G,0,0.582,C,50.3,-70.5,-26.2,94.5,51.2,2.9,12.4,0.556,0.442,0.002
591,Q,0,0.554,C,124.3,-77.4,-20.8,96.4,53.6,2.3,9.9,0.730,0.265,0.005
592,Q,0,0.533,C,132.0,-80.4,-0.6,101.0,65.4,2.6,8.3,0.929,0.062,0.009
593,R,0,0.531,C,160.1,-91.8,121.7,112.1,111.7,2.7,8.4,0.987,0.002,0.011
594,P,0,0.521,C,94.1,-71.3,146.2,114.2,-110.6,4.0,9.7,0.996,0.001,0.003
595,P,0,0.507,C,90.9,-69.0,152.4,112.7,-101.7,5.0,10.2,0.993,0.004,0.002
596,D,0,0.500,C,115.2,-80.8,135.3,113.1,-105.8,2.7,11.1,0.992,0.004,0.003
597,P,0,0.473,C,94.6,-70.5,147.4,111.5,-104.4,5.3,9.9,0.978,0.015,0.006
598,Q,0,0.456,C,132.1,-82.3,138.4,114.8,-109.6,3.0,10.3,0.991,0.004,0.005
599,P,0,0.453,C,96.9,-66.6,146.9,109.4,-103.1,5.2,9.3,0.992,0.004,0.004
600,S,0,0.458,C,90.2,-80.7,141.1,110.3,-99.0,2.8,9.5,0.991,0.004,0.005
601,D,0,0.478,C,110.0,-86.9,134.6,114.4,-113.0,3.3,9.8,0.993,0.001,0.006
602,P,0,0.487,C,100.9,-70.7,148.9,114.0,-101.9,3.5,10.1,0.998,0.001,0.002
603,P,0,0.492,C,100.4,-71.5,149.0,112.1,-98.3,4.3,10.9,0.995,0.003,0.002
604,H,0,0.521,C,131.0,-89.4,131.4,114.3,-117.6,4.9,10.7,0.994,0.001,0.005
605,P,0,0.523,C,103.7,-68.2,146.6,110.6,-101.6,3.4,10.0,0.991,0.007,0.002
606,F,0,0.535,C,157.8,-85.5,128.8,111.1,-116.3,3.9,7.5,0.989,0.007,0.004
607,N,0,0.529,C,122.3,-89.5,115.8,109.9,-138.0,3.0,9.1,0.975,0.018,0.007
608,T,0,0.523,C,105.1,-87.4,75.6,107.2,-162.0,3.3,8.2,0.963,0.031,0.006
609,S,0,0.512,C,83.1,-86.4,85.7,107.6,-177.3,3.6,8.8,0.952,0.041,0.007
610,D,0,0.511,C,94.8,-94.5,114.6,112.1,-151.6,4.8,10.5,0.938,0.048,0.014
611,P,0,0.501,C,92.9,-65.4,-23.1,96.5,-155.0,5.6,9.1,0.913,0.079,0.007
612,K,0,0.505,C,145.5,-76.8,-18.5,99.2,66.7,2.5,10.7,0.881,0.096,0.022
613,H,0,0.505,C,119.8,-86.6,12.1,103.9,68.9,5.8,9.8,0.899,0.067,0.033
614,G,0,0.505,C,50.3,41.9,52.9,107.9,-68.5,4.6,11.8,0.934,0.032,0.034
615,S,0,0.519,C,83.2,-88.3,117.8,110.0,-106.4,3.6,10.8,0.924,0.045,0.031
616,V,0,0.528,C,99.3,-93.4,112.9,111.0,-162.5,5.8,9.7,0.928,0.046,0.026
617,G,0,0.535,C,45.4,-176.2,171.1,117.9,-136.4,5.1,13.4,0.931,0.038,0.031
618,S,0,0.549,C,71.4,-92.9,139.7,115.6,-103.1,6.3,12.2,0.850,0.061,0.090
619,S,0,0.576,C,71.1,-88.1,138.2,113.6,-125.4,5.5,14.7,0.680,0.049,0.271
620,I,0,0.608,C,71.1,-87.1,133.0,113.9,-123.3,13.7,10.0,0.608,0.125,0.268
621,K,0,0.643,C,116.9,-85.5,130.3,111.2,-135.1,7.1,13.8,0.668,0.158,0.174
622,D,0,0.674,C,99.3,-84.9,91.5,107.1,-126.2,4.9,15.5,0.678,0.165,0.157
623,E,0,0.666,C,74.0,-83.7,45.6,106.0,177.2,13.6,9.1,0.758,0.176,0.066
624,A,0,0.646,C,84.2,-78.2,-5.4,99.3,-174.9,3.1,14.1,0.863,0.110,0.027
625,S,0,0.624,C,68.4,-95.6,120.2,112.8,79.5,5.6,11.7,0.936,0.032,0.032
626,L,0,0.627,C,80.8,-84.8,137.3,115.2,-124.6,8.9,10.6,0.974,0.008,0.018
627,P,0,0.638,C,80.0,-65.3,-26.6,98.0,-117.0,7.7,13.6,0.960,0.026,0.014
628,D,0,0.656,C,94.2,-74.4,-14.2,98.7,51.3,5.2,15.5,0.910,0.054,0.037
629,C,0,0.645,C,45.3,-74.4,-17.6,95.8,82.0,12.7,10.5,0.922,0.055,0.024
630,S,0,0.625,C,67.3,-76.5,-14.4,96.4,63.6,6.2,14.6,0.954,0.034,0.012
631,S,0,0.617,C,53.4,-88.3,133.2,115.0,102.2,7.1,11.9,0.973,0.014,0.012
632,P,0,0.606,C,100.5,-64.9,-25.1,94.9,-149.2,4.2,10.4,0.972,0.024,0.004
633,Q,0,0.617,C,140.6,-83.5,-1.1,100.3,63.2,1.5,11.3,0.963,0.021,0.016
634,Q,0,0.625,C,88.8,-87.6,136.8,117.4,116.6,8.0,7.0,0.974,0.009,0.017
635,P,0,0.635,C,85.2,-66.7,149.1,111.8,-102.7,4.7,13.0,0.966,0.023,0.011
636,I,0,0.662,C,119.4,-85.4,125.9,110.4,-117.8,5.3,10.6,0.956,0.021,0.023
637,T,0,0.667,C,98.3,-89.3,132.6,113.8,-131.9,4.5,10.1,0.966,0.011,0.024
638,V,0,0.666,C,94.2,-95.8,133.9,117.1,-138.0,6.4,10.1,0.971,0.008,0.021
639,P,0,0.645,C,96.4,-68.1,142.7,108.6,-106.3,4.5,12.4,0.970,0.022,0.008
640,G,0,0.632,C,54.9,-76.5,9.8,104.6,-90.1,4.3,10.8,0.944,0.038,0.017
641,H,0,0.642,C,128.1,-80.9,-11.4,101.3,79.0,5.3,8.6,0.910,0.046,0.044
642,S,0,0.634,C,79.9,-77.8,-14.1,101.5,71.5,3.7,9.8,0.943,0.023,0.033
643,V,0,0.634,C,107.5,-83.2,-5.9,101.7,60.1,3.6,10.6,0.957,0.019,0.024
644,G,0,0.637,C,51.7,57.4,14.9,106.9,-10.0,4.1,12.1,0.970,0.009,0.021
645,Q,0,0.641,C,116.4,-95.9,136.3,117.7,140.0,4.0,9.1,0.964,0.008,0.028
646,P,0,0.630,C,94.9,-70.6,148.2,112.0,-101.6,5.1,11.0,0.966,0.014,0.020
647,I,0,0.640,C,117.4,-87.4,134.9,113.6,-118.6,5.9,9.8,0.934,0.021,0.045
648,S,0,0.650,C,75.3,-90.0,134.0,113.5,-131.4,5.8,10.4,0.943,0.019,0.038
649,T,0,0.646,C,99.6,-82.2,39.9,105.3,-131.5,4.4,10.5,0.945,0.038,0.017
650,G,0,0.646,C,54.3,-60.3,-6.9,106.1,22.7,3.5,11.2,0.952,0.035,0.012
651,S,0,0.673,C,72.2,-84.4,18.4,105.3,108.9,5.7,9.1,0.931,0.050,0.020
652,Q,0,0.699,C,130.6,-76.7,-17.7,99.8,88.2,3.0,10.9,0.927,0.056,0.017
653,T,0,0.735,C,92.1,-87.0,15.7,104.8,69.3,3.6,10.9,0.923,0.057,0.020
654,L,0,0.769,C,91.2,-85.4,83.4,107.8,101.8,8.5,8.9,0.929,0.045,0.027
655,V,0,0.792,C,93.4,-92.4,125.4,112.9,154.8,6.1,10.3,0.871,0.072,0.057
656,A,0,0.810,C,71.8,-86.2,135.5,113.0,-132.4,5.9,11.0,0.932,0.049,0.019
657,K,0,0.824,C,138.3,-88.0,130.3,112.1,-126.1,4.9,10.7,0.917,0.059,0.024
658,K,0,0.846,C,142.9,-91.5,133.2,114.5,-139.5,4.1,9.6,0.855,0.043,0.102
659,T,0,0.870,C,84.8,-85.7,135.3,113.6,-124.8,7.4,10.8,0.857,0.015,0.128
660,V,0,0.879,C,82.7,-95.9,134.3,116.6,-142.1,8.6,12.9,0.628,0.028,0.344
661,V,0,0.891,E,80.6,-94.9,135.3,116.3,-144.4,8.5,13.8,0.451,0.042,0.507
662,V,0,0.883,C,71.0,-94.6,135.4,115.6,-150.4,10.1,12.0,0.487,0.096,0.417
663,K,0,0.869,C,121.4,-86.8,131.5,112.7,-128.2,6.2,14.5,0.637,0.186,0.177
664,Q,0,0.858,C,89.6,-83.7,127.0,110.8,-131.8,10.3,11.8,0.571,0.253,0.176
665,E,0,0.850,C,96.9,-90.5,141.3,115.2,-147.6,8.0,13.4,0.532,0.313,0.155
666,V,0,0.834,C,79.9,-85.1,143.4,115.1,-128.4,7.4,13.8,0.664,0.276,0.060
667,P,0,0.821,C,74.1,-67.9,139.5,104.5,-109.6,8.7,13.3,0.701,0.287,0.012
668,M,0,0.813,C,107.6,-67.3,-32.7,97.5,-114.9,7.1,13.1,0.667,0.326,0.006
669,A,0,0.787,C,73.2,-67.9,-33.2,95.5,59.7,3.2,13.1,0.664,0.328,0.007
670,Q,0,0.777,C,98.2,-70.6,-32.3,96.1,56.4,5.7,13.0,0.626,0.357,0.017
671,A,0,0.782,C,63.3,-69.0,-32.8,95.7,59.4,6.2,12.2,0.670,0.317,0.014
672,E,0,0.784,C,124.8,-70.7,-30.6,95.4,57.5,2.7,12.5,0.732,0.255,0.012
673,Q,0,0.783,C,107.0,-79.0,-17.0,100.3,61.1,4.9,11.6,0.781,0.203,0.016
674,Q,0,0.787,C,102.8,-83.9,38.9,105.9,86.3,7.1,11.0,0.850,0.134,0.016
675,N,0,0.800,C,98.7,-88.3,111.1,110.1,138.7,6.0,11.8,0.950,0.041,0.009
676,V,0,0.817,C,83.4,-87.7,121.4,110.7,-164.7,7.9,13.1,0.917,0.054,0.028
677,V,0,0.827,C,69.6,-88.1,129.4,110.6,-162.2,9.6,13.2,0.868,0.101,0.031
678,S,0,0.829,C,51.5,-81.4,141.2,109.4,-146.2,9.3,14.6,0.862,0.102,0.036
679,Q,0,0.825,C,99.4,-69.6,-29.5,97.8,-132.8,8.1,14.2,0.745,0.124,0.131
680,F,0,0.814,C,106.9,-69.3,-34.7,95.5,58.6,6.7,13.9,0.692,0.136,0.172
681,Y,0,0.794,C,107.4,-68.3,-35.4,94.0,54.4,7.3,13.7,0.690,0.108,0.202
682,L,0,0.769,C,89.9,-68.0,-36.3,94.2,53.6,5.6,14.4,0.861,0.049,0.090
683,S,0,0.729,C,65.3,-69.9,-33.8,95.7,55.2,4.9,14.6,0.927,0.020,0.052
684,S,0,0.687,C,73.7,-72.8,-24.8,95.0,52.6,3.6,12.9,0.921,0.044,0.035
685,Q,0,0.650,C,103.5,-85.2,-5.4,99.2,54.3,6.1,10.4,0.937,0.024,0.039
686,G,0,0.640,C,50.4,72.6,1.8,103.3,-73.7,4.5,13.3,0.970,0.007,0.023
687,Q,0,0.646,C,112.2,-102.0,141.3,121.0,103.8,3.8,12.4,0.977,0.002,0.021
688,P,0,0.663,C,85.3,-68.7,148.6,113.6,-100.2,6.8,11.8,0.976,0.016,0.009
689,P,0,0.697,C,84.0,-66.7,148.6,111.9,-101.1,7.7,10.3,0.966,0.021,0.013
690,A,0,0.725,C,75.5,-81.6,134.1,109.9,-116.6,5.6,12.2,0.920,0.054,0.025
691,L,0,0.750,C,116.0,-85.5,120.9,109.8,-119.5,5.2,11.7,0.920,0.051,0.029
692,V,0,0.781,C,96.7,-89.8,119.3,111.0,-152.2,6.6,10.8,0.943,0.031,0.027
693,A,0,0.788,C,75.9,-87.4,122.3,110.2,-144.9,5.0,12.7,0.958,0.015,0.027
694,Q,0,0.793,C,97.7,-92.1,139.4,116.7,-131.9,7.9,13.1,0.981,0.004,0.015
695,P,0,0.792,C,78.2,-68.8,-5.9,102.3,-104.5,8.6,14.2,0.953,0.043,0.003
696,Q,0,0.786,C,110.8,-73.5,-17.9,99.8,66.7,6.1,12.8,0.884,0.101,0.015
697,A,0,0.785,C,71.3,-76.7,-17.9,100.2,65.5,5.0,12.3,0.822,0.120,0.059
698,L,0,0.789,C,95.7,-81.8,8.9,104.0,80.7,7.5,12.1,0.885,0.057,0.058
699,L,0,0.812,C,95.8,-86.2,41.3,106.4,100.0,8.2,11.3,0.930,0.010,0.061
700,T,0,0.843,C,86.3,-91.0,106.8,110.0,134.6,5.7,12.3,0.960,0.001,0.038
701,T,0,0.854,C,94.3,-86.6,26.9,105.2,-161.0,5.3,11.8,0.979,0.004,0.017
702,Q,0,0.855,C,122.4,-90.6,100.1,109.3,123.3,4.9,10.2,0.980,0.003,0.017
703,T,0,0.861,C,80.2,-97.4,124.5,113.3,-177.7,7.0,13.2,0.968,0.005,0.028
704,T,0,0.866,C,81.2,-94.1,104.4,110.4,-164.3,7.6,13.6,0.939,0.009,0.052
705,Q,0,0.865,C,87.8,-98.3,130.2,115.3,-176.9,9.5,15.2,0.567,0.022,0.411
706,L,0,0.858,E,67.2,-100.3,128.1,115.9,-154.3,12.2,16.2,0.360,0.020,0.620
707,L,0,0.843,E,61.5,-96.7,128.2,115.3,-144.6,13.7,16.2,0.490,0.015,0.495
708,L,0,0.849,C,54.5,-95.3,139.0,119.0,-143.0,12.8,16.6,0.762,0.006,0.233
709,P,0,0.834,C,68.8,-70.4,145.2,112.1,-106.3,8.8,17.8,0.806,0.008,0.187
710,V,0,0.826,C,68.0,-88.8,134.7,113.5,-129.1,12.3,13.5,0.747,0.040,0.214
711,S,0,0.793,C,56.0,-93.1,139.3,114.4,-141.8,9.8,14.3,0.804,0.023,0.174
712,I,0,0.759,C,102.4,-83.4,50.9,106.3,-136.7,7.8,13.1,0.887,0.040,0.074
713,Q,0,0.725,C,118.6,-83.7,52.2,105.8,128.9,5.3,12.0,0.912,0.032,0.055
714,G,0,0.701,C,54.8,-61.0,0.1,103.2,17.2,3.8,10.8,0.945,0.024,0.031
715,S,0,0.699,C,80.1,-82.9,-2.5,102.1,70.1,3.5,9.8,0.947,0.028,0.025
716,N,0,0.705,C,114.3,-85.6,28.7,103.8,57.5,3.2,10.5,0.955,0.019,0.026
717,V,0,0.739,C,95.6,-88.9,103.8,109.4,120.3,6.2,8.2,0.943,0.008,0.049
718,T,0,0.760,C,94.3,-91.5,101.9,109.4,170.0,4.5,10.8,0.940,0.009,0.051
719,S,0,0.773,C,66.0,-86.9,134.0,112.1,-158.2,6.9,10.3,0.893,0.017,0.089
720,V,0,0.793,C,97.2,-74.4,-23.2,99.2,-140.1,5.8,11.7,0.850,0.035,0.115
721,Q,0,0.794,C,108.2,-82.4,-4.4,102.5,64.2,5.3,11.7,0.853,0.028,0.119
722,L,0,0.794,C,79.2,-87.0,124.8,111.9,114.5,9.6,10.9,0.953,0.014,0.032
723,P,0,0.779,C,74.6,-70.5,139.0,106.4,-108.9,8.9,14.3,0.943,0.045,0.013
724,V,0,0.769,C,94.5,-82.2,107.8,108.0,-119.4,6.0,13.8,0.906,0.075,0.019
725,G,0,0.747,C,41.9,-83.7,116.3,109.4,-82.3,7.5,13.3,0.895,0.082,0.022
726,S,0,0.748,C,66.7,-74.7,-14.5,102.1,-136.6,7.1,12.0,0.844,0.133,0.023
727,L,0,0.748,C,109.0,-69.8,-28.6,96.5,77.0,4.4,11.3,0.816,0.164,0.020
728,Q,0,0.757,C,109.7,-72.1,-28.6,96.5,57.7,4.0,13.0,0.820,0.153,0.027
729,L,0,0.761,C,91.0,-79.9,-12.9,102.0,69.3,6.9,10.2,0.869,0.110,0.021
730,Q,0,0.744,C,112.8,-86.9,94.9,108.6,102.0,4.7,11.2,0.936,0.045,0.019
731,T,0,0.749,C,79.9,-87.5,135.9,114.8,-153.8,5.7,11.4,0.976,0.014,0.010
732,P,0,0.728,C,85.3,-66.2,-24.8,102.2,-112.3,6.5,12.5,0.935,0.060,0.005
733,A,0,0.708,C,71.6,-73.5,-24.5,100.4,-62.8,5.0,11.9,0.892,0.098,0.010
734,Q,0,0.681,C,118.9,-77.6,-14.5,100.2,64.8,4.4,10.3,0.861,0.123,0.015
735,G,0,0.676,C,53.2,-70.4,-23.9,97.8,59.8,3.1,10.2,0.872,0.112,0.015
736,R,0,0.685,C,149.5,-77.8,-19.9,99.9,67.7,3.1,11.8,0.827,0.139,0.035
737,V,0,0.699,C,87.3,-89.1,96.3,109.2,95.2,7.2,8.9,0.814,0.140,0.046
738,Q,0,0.700,C,113.0,-90.2,118.8,111.2,-174.6,5.7,10.7,0.861,0.101,0.038
739,A,0,0.705,C,72.3,-84.7,106.6,108.4,-154.0,5.4,10.6,0.914,0.064,0.021
740,Q,0,0.716,C,98.5,-89.0,137.0,116.3,-128.0,6.9,12.5,0.935,0.041,0.024
741,P,0,0.722,C,79.8,-65.4,9.8,102.5,-108.4,7.8,13.0,0.924,0.068,0.008
742,H,0,0.736,C,117.6,-73.1,-22.3,100.2,-119.1,6.5,13.0,0.871,0.097,0.032
743,V,0,0.750,C,87.6,-71.7,-30.3,98.0,66.6,6.3,12.5,0.856,0.115,0.029
744,A,0,0.750,C,65.1,-68.8,-33.0,96.1,61.3,5.7,13.7,0.868,0.108,0.024
745,A,0,0.742,C,62.7,-68.8,-34.5,95.6,58.4,5.6,13.5,0.868,0.108,0.025
746,A,0,0.727,C,63.4,-70.5,-30.9,95.9,58.8,6.5,12.4,0.915,0.073,0.012
747,T,0,0.741,C,87.2,-78.9,-15.1,98.1,58.0,4.8,12.2,0.952,0.037,0.012
748,Q,0,0.741,C,117.0,-81.4,-3.6,102.1,72.0,4.1,11.9,0.969,0.016,0.015
749,V,0,0.753,C,87.2,-91.3,131.8,115.5,123.0,6.4,10.8,0.986,0.004,0.010
750,P,0,0.748,C,75.6,-66.9,151.0,111.3,-105.0,6.7,12.9,0.985,0.012,0.003
751,A,0,0.742,C,74.8,-64.9,-29.6,96.8,-108.8,5.6,12.2,0.957,0.037,0.007
752,A,0,0.715,C,80.4,-73.4,-24.1,98.8,59.6,3.3,11.3,0.951,0.041,0.009
753,A,0,0.708,C,72.7,-80.4,14.1,104.6,78.9,4.6,11.0,0.963,0.026,0.011
754,L,0,0.710,C,96.1,-85.3,132.0,112.4,-171.9,6.8,11.1,0.990,0.006,0.004
755,P,0,0.705,C,90.5,-66.5,2.0,102.5,-109.4,5.7,12.3,0.980,0.018,0.002
756,S,0,0.703,C,82.5,-73.2,-19.8,100.1,-101.3,4.0,12.0,0.924,0.072,0.004
757,A,0,0.694,C,73.6,-75.9,-17.9,100.0,72.4,4.9,11.3,0.874,0.119,0.007
758,L,0,0.706,C,105.0,-80.0,-8.0,101.9,73.7,5.6,10.6,0.855,0.135,0.010
759,T,0,0.721,C,88.2,-83.1,8.4,104.2,82.0,5.2,11.0,0.883,0.106,0.011
760,S,0,0.713,C,75.0,-82.7,32.7,105.6,111.6,5.0,10.2,0.908,0.084,0.008
761,A,0,0.698,C,70.2,-82.4,79.1,107.0,177.1,5.8,10.8,0.926,0.066,0.008
762,L,0,0.699,C,84.2,-85.9,137.7,113.8,-145.1,8.2,11.7,0.954,0.039,0.007
763,P,0,0.698,C,82.0,-64.8,-26.3,100.0,-113.4,7.2,13.3,0.896,0.100,0.004
764,Q,0,0.696,C,116.6,-69.5,-29.1,97.4,-108.7,4.9,13.1,0.827,0.164,0.009
765,K,0,0.697,C,121.8,-71.7,-29.5,96.6,60.7,4.4,12.4,0.777,0.209,0.014
766,Q,0,0.699,C,98.7,-71.9,-28.8,96.9,63.6,6.7,11.8,0.793,0.196,0.011
767,E,0,0.701,C,112.0,-72.5,-27.4,97.2,64.0,5.1,12.8,0.804,0.185,0.011
768,A,0,0.697,C,62.0,-73.0,-29.6,98.2,65.4,5.9,12.5,0.847,0.144,0.009
769,F,0,0.708,C,93.5,-80.1,-8.0,103.3,70.6,9.2,10.5,0.889,0.103,0.008
770,P,0,0.724,C,84.7,-68.3,-30.6,97.0,86.3,5.2,12.9,0.911,0.080,0.009
771,Q,0,0.726,C,106.6,-71.0,-31.7,96.7,62.7,4.6,12.2,0.884,0.097,0.020
772,H,0,0.720,C,107.6,-73.0,-29.1,97.3,62.9,6.0,10.9,0.902,0.075,0.023
773,V,0,0.700,C,90.1,-70.8,-31.1,96.4,60.3,4.8,12.3,0.920,0.057,0.023
774,L,0,0.680,C,100.7,-76.0,-20.8,97.1,57.5,5.3,11.1,0.965,0.027,0.008
775,G,0,0.661,C,52.5,-74.9,-17.6,100.5,60.7,3.1,12.0,0.967,0.017,0.016
776,Q,0,0.658,C,110.4,-93.7,130.2,115.8,112.2,4.7,9.6,0.984,0.003,0.013
777,P,0,0.661,C,91.6,-68.1,146.9,110.2,-106.3,4.9,11.7,0.988,0.006,0.006
778,Q,0,0.682,C,112.5,-88.7,139.3,114.5,-123.9,6.2,10.9,0.982,0.005,0.013
779,P,0,0.694,C,88.5,-66.6,-15.2,102.2,-105.7,5.8,12.6,0.974,0.016,0.010
780,V,0,0.719,C,98.5,-74.5,-23.3,101.2,-120.5,5.6,11.7,0.953,0.026,0.021
781,R,0,0.737,C,140.0,-79.0,-15.6,102.6,84.5,5.4,11.3,0.953,0.024,0.024
782,K,0,0.749,C,125.2,-80.9,22.5,105.4,122.3,5.3,11.7,0.950,0.021,0.029
783,V,0,0.752,C,95.4,-81.7,9.5,105.3,-157.3,5.9,11.3,0.945,0.018,0.037
784,F,0,0.745,C,131.6,-82.2,14.5,105.1,-163.7,6.1,10.9,0.967,0.011,0.022
785,T,0,0.726,C,93.8,-86.0,38.1,106.0,166.1,5.0,10.2,0.975,0.010,0.015
786,N,0,0.697,C,115.5,-85.1,25.2,104.4,78.8,3.4,10.4,0.984,0.010,0.007
787,S,0,0.676,C,77.6,-88.4,92.2,108.4,149.0,5.1,8.3,0.984,0.009,0.007
788,A,0,0.672,C,73.6,-85.5,140.4,113.8,-149.8,4.6,9.6,0.986,0.007,0.007
789,P,0,0.681,C,85.1,-70.8,147.5,108.5,-105.1,6.8,11.6,0.977,0.021,0.003
790,N,0,0.715,C,113.1,-72.5,-18.8,99.2,-113.2,4.0,12.5,0.937,0.058,0.005
791,T,0,0.743,C,82.4,-73.0,-26.1,98.4,97.8,6.2,11.0,0.876,0.108,0.016
792,V,0,0.768,C,86.5,-68.8,-33.6,95.2,60.5,5.7,11.9,0.816,0.160,0.024
793,L,0,0.791,C,96.3,-67.9,-35.3,94.1,56.3,4.4,12.7,0.796,0.187,0.018
794,Q,0,0.791,C,104.0,-68.7,-34.3,94.3,54.9,4.1,13.5,0.794,0.188,0.018
795,Y,0,0.769,C,115.9,-72.8,-27.9,95.6,54.5,6.5,11.6,0.823,0.162,0.016
796,Q,0,0.745,C,110.7,-73.3,-24.4,96.9,61.2,4.4,12.1,0.899,0.082,0.019
797,R,0,0.700,C,150.8,-83.7,-1.6,102.5,67.3,3.5,11.5,0.956,0.020,0.023
798,Q,0,0.661,C,110.5,-95.6,123.8,114.7,113.1,5.2,10.1,0.982,0.001,0.017
799,P,0,0.611,C,83.9,-70.2,146.3,110.2,-109.0,7.0,12.1,0.993,0.003,0.004
800,G,0,0.586,C,44.5,-80.5,157.6,117.9,-105.3,5.1,11.3,0.985,0.009,0.006
801,P,0,0.583,C,98.9,-67.7,-24.4,100.2,-98.1,4.8,11.0,0.971,0.026,0.003
802,T,0,0.595,C,96.7,-81.0,-1.6,103.0,61.8,3.5,11.1,0.954,0.038,0.008
803,N,0,0.610,C,109.4,-81.9,-0.3,102.1,70.5,4.0,10.8,0.957,0.033,0.010
804,Q,0,0.642,C,117.9,-84.8,22.3,105.3,88.2,4.3,10.8,0.970,0.019,0.011
805,Q,0,0.666,C,96.2,-90.6,129.2,114.2,171.2,7.8,10.8,0.980,0.011,0.009
806,P,0,0.684,C,80.8,-65.6,-12.0,101.3,-113.5,6.8,13.1,0.956,0.038,0.006
807,F,0,0.702,C,119.8,-73.5,-22.2,99.3,-130.2,8.0,11.9,0.931,0.054,0.015
808,V,0,0.713,C,93.6,-73.9,-24.4,97.8,63.8,5.3,12.1,0.935,0.052,0.013
809,S,0,0.703,C,74.9,-77.4,-17.3,99.2,64.1,3.8,12.1,0.958,0.035,0.007
810,K,0,0.678,C,121.6,-79.8,-11.8,100.4,69.8,5.3,11.2,0.958,0.033,0.010
811,T,0,0.657,C,87.2,-86.4,37.2,106.0,86.6,5.2,9.9,0.968,0.021,0.011
812,S,0,0.642,C,79.1,-80.2,-8.7,101.8,122.7,4.0,10.9,0.974,0.021,0.005
813,N,0,0.638,C,89.4,-97.1,112.2,112.4,93.6,5.9,11.9,0.968,0.024,0.008
814,P,0,0.630,C,86.4,-65.9,-24.7,95.2,-158.8,6.5,11.0,0.853,0.144,0.003
815,A,0,0.645,C,71.1,-71.5,-26.6,96.0,65.5,4.1,11.9,0.785,0.207,0.008
816,L,0,0.648,C,86.6,-74.6,-26.7,98.4,62.8,6.8,11.7,0.755,0.236,0.010
817,Q,0,0.650,C,102.6,-72.9,-25.9,98.1,66.8,5.8,12.2,0.786,0.202,0.012
818,S,0,0.651,C,72.0,-73.3,-24.5,97.2,64.1,4.3,11.9,0.842,0.148,0.009
819,R,0,0.652,C,134.5,-77.2,-18.6,99.1,68.1,5.4,11.0,0.891,0.101,0.008
820,T,0,0.671,C,88.8,-86.3,12.6,103.9,72.1,4.4,11.1,0.936,0.052,0.012
821,A,0,0.665,C,59.4,-85.0,135.4,114.0,121.0,7.0,10.1,0.981,0.012,0.007
822,P,0,0.658,C,86.5,-66.7,139.0,105.3,-107.6,5.8,13.0,0.980,0.016,0.004
823,L,0,0.660,C,113.3,-80.3,76.2,106.0,-116.7,5.2,11.8,0.974,0.018,0.008
824,A,0,0.662,C,67.5,-84.4,137.5,112.9,-156.0,6.0,10.4,0.975,0.019,0.006
825,P,0,0.638,C,87.9,-67.4,146.1,105.5,-104.5,5.6,12.3,0.957,0.038,0.005
826,L,0,0.609,C,114.9,-71.0,-22.7,99.0,-107.6,5.0,11.4,0.926,0.058,0.015
827,Q,0,0.595,C,131.4,-78.8,-12.0,99.8,62.5,2.7,11.4,0.950,0.036,0.015
828,N,0,0.575,C,107.6,-87.3,9.2,102.8,63.2,3.9,11.4,0.968,0.020,0.012
829,G,0,0.562,C,37.1,-96.2,167.2,120.1,155.9,6.4,11.2,0.966,0.021,0.013
830,P,0,0.556,C,95.0,-67.2,-26.6,97.2,-97.4,4.5,12.6,0.940,0.052,0.008
831,S,0,0.566,C,76.4,-79.3,-12.9,100.1,59.5,3.5,12.2,0.936,0.054,0.010
832,L,0,0.562,C,94.1,-74.3,-23.2,99.1,76.8,7.1,9.0,0.910,0.071,0.018
833,A,0,0.557,C,80.4,-72.4,-26.1,97.0,65.3,2.6,10.4,0.940,0.046,0.014
834,S,0,0.542,C,78.3,-85.1,29.8,105.4,74.2,3.6,10.3,0.966,0.018,0.016
835,K,0,0.521,C,117.1,-91.0,134.4,116.0,157.6,6.5,9.8,0.984,0.001,0.015
836,P,0,0.497,C,86.8,-66.4,149.9,111.3,-100.7,5.3,11.5,0.994,0.000,0.006
837,S,0,0.473,C,86.7,-80.0,127.8,108.2,-104.1,3.7,12.0,0.995,0.000,0.005
838,S,0,0.462,C,70.7,-92.5,138.3,115.8,-123.1,6.4,11.4,0.995,0.000,0.005
839,P,0,0.471,C,83.6,-74.8,148.7,114.8,-94.4,6.6,13.6,0.998,0.000,0.002
840,P,0,0.503,C,74.9,-69.7,151.4,114.6,-99.5,8.4,13.1,0.999,0.000,0.001
841,P,0,0.524,C,69.1,-66.0,150.4,111.9,-98.6,8.6,13.0,0.999,0.001,0.000
842,P,0,0.551,C,86.9,-64.5,-28.6,99.2,-104.4,7.0,13.7,0.973,0.027,0.001
843,Q,0,0.600,C,124.2,-71.8,-18.1,99.3,-106.7,4.5,12.9,0.901,0.090,0.009
844,Q,0,0.642,C,104.7,-75.3,-20.7,98.8,61.7,5.9,14.5,0.793,0.115,0.093
845,F,0,0.687,C,79.9,-81.9,7.6,103.6,71.9,13.0,11.9,0.792,0.074,0.134
846,V,0,0.720,C,79.9,-80.6,-14.1,103.3,80.4,7.8,16.2,0.701,0.039,0.260
847,V,0,0.746,C,56.4,-84.8,64.1,107.9,97.2,11.7,14.2,0.812,0.041,0.147
848,Q,0,0.751,C,84.5,-82.7,57.5,107.0,136.3,9.1,16.3,0.905,0.024,0.070
849,H,0,0.747,C,78.0,-78.6,14.9,104.9,-172.5,12.5,14.2,0.888,0.067,0.046
850,S,0,0.734,C,63.3,-70.5,-21.7,98.3,118.0,8.2,15.1,0.898,0.077,0.025
851,L,0,0.727,C,82.6,-75.7,-20.2,97.7,64.9,9.4,14.2,0.878,0.090,0.032
852,F,0,0.716,C,83.4,-89.5,12.9,104.1,59.6,12.3,12.1,0.913,0.058,0.030
853,A,0,0.726,C,72.2,-85.4,28.7,105.3,101.0,5.4,13.1,0.957,0.012,0.031
854,T,0,0.725,C,74.9,-97.3,129.6,116.5,149.4,7.2,14.0,0.973,0.004,0.023
855,P,0,0.711,C,77.8,-70.6,115.1,105.6,-124.3,9.5,12.8,0.987,0.007,0.006
856,I,0,0.712,C,101.4,-80.8,14.0,104.6,-139.0,7.9,13.5,0.969,0.019,0.012
857,T,0,0.712,C,69.1,-90.8,116.7,111.7,98.7,9.1,12.9,0.950,0.025,0.025
858,K,0,0.695,C,117.8,-81.1,64.3,106.1,-145.4,7.8,13.7,0.948,0.025,0.027
859,T,0,0.695,C,64.0,-96.4,144.3,116.2,154.8,8.3,13.5,0.921,0.012,0.067
860,K,0,0.695,C,129.1,-75.3,-16.3,99.1,-131.2,6.1,14.5,0.938,0.003,0.058
861,D,0,0.705,C,78.5,-106.6,125.4,118.2,77.1,6.9,18.0,0.971,0.000,0.029
862,P,0,0.695,C,28.3,-74.9,150.5,118.5,-115.4,18.8,15.4,0.993,0.000,0.007
863,P,0,0.694,C,24.9,-67.3,149.1,114.4,-102.5,17.6,17.6,0.987,0.010,0.003
864,R,0,0.715,C,86.4,-76.9,144.0,113.7,-110.7,10.5,23.8,0.913,0.052,0.035
865,Y,0,0.747,H,43.3,-60.5,-37.0,92.3,-115.2,21.7,15.1,0.263,0.734,0.002
866,E,0,0.766,H,96.0,-64.4,-38.3,92.8,55.5,7.3,20.1,0.120,0.878,0.002
867,E,0,0.769,H,89.7,-67.2,-38.2,93.5,50.9,5.8,20.6,0.084,0.911,0.005
868,A,0,0.759,H,12.3,-65.5,-41.6,93.8,52.1,18.1,15.6,0.070,0.925,0.005
869,I,0,0.755,H,42.9,-65.5,-39.1,93.8,52.5,14.7,17.9,0.129,0.858,0.013
870,K,0,0.753,H,114.5,-66.7,-37.4,93.1,52.1,3.8,20.8,0.236,0.754,0.010
871,Q,0,0.735,H,70.1,-68.4,-35.6,93.9,51.9,9.0,18.3,0.316,0.671,0.013
872,T,0,0.722,H,34.5,-71.6,-32.2,95.3,52.8,14.8,13.7,0.411,0.570,0.019
873,R,0,0.693,C,107.2,-69.2,-29.1,94.9,57.3,10.4,15.8,0.539,0.441,0.020
874,S,0,0.684,C,74.6,-81.5,-12.4,98.1,54.6,3.5,16.2,0.669,0.318,0.014
875,T,0,0.681,C,64.6,-87.4,69.1,107.5,78.6,9.3,11.3,0.799,0.190,0.011
876,Q,0,0.677,C,86.9,-82.2,121.2,110.0,160.9,9.4,10.5,0.923,0.063,0.015
877,P,0,0.667,C,95.0,-68.8,16.3,102.7,-120.7,4.8,13.0,0.930,0.063,0.007
878,A,0,0.657,C,84.0,-79.9,6.8,102.5,-7.6,3.2,13.0,0.928,0.061,0.011
879,L,0,0.672,C,76.7,-84.5,89.9,107.8,115.9,10.7,8.9,0.936,0.053,0.011
880,P,0,0.687,C,99.4,-65.9,-23.2,97.7,-138.3,3.9,12.3,0.872,0.118,0.010
881,E,0,0.696,C,134.8,-81.5,-5.4,99.6,50.4,2.8,13.5,0.866,0.118,0.016
882,V,0,0.693,C,65.6,-87.5,59.4,106.9,84.8,11.2,9.8,0.841,0.128,0.032
883,S,0,0.696,C,70.0,-75.0,-12.8,100.0,92.9,5.9,14.0,0.810,0.167,0.022
884,S,0,0.703,C,68.9,-82.7,-3.6,101.3,63.1,5.9,15.2,0.787,0.198,0.015
885,V,0,0.704,C,71.9,-80.9,-1.3,103.7,98.0,11.0,12.9,0.678,0.300,0.022
886,H,0,0.717,C,112.3,-88.1,10.0,104.0,69.2,6.7,15.9,0.641,0.339,0.020
887,S,0,0.725,C,46.2,-82.7,107.9,108.7,114.5,10.5,14.6,0.576,0.406,0.018
888,Q,0,0.711,C,91.2,-72.3,-22.1,99.2,-151.1,9.6,16.6,0.515,0.467,0.018
889,Q,0,0.727,H,52.8,-70.9,-33.2,97.6,76.5,13.2,17.6,0.471,0.486,0.043
890,M,0,0.766,H,38.4,-65.2,-39.8,94.3,58.0,17.3,16.1,0.172,0.823,0.005
891,D,0,0.793,H,55.7,-65.7,-38.4,93.9,53.6,11.3,19.5,0.110,0.888,0.002
892,D,0,0.824,H,56.3,-66.9,-39.0,94.2,51.8,8.6,21.9,0.082,0.917,0.001
893,L,0,0.852,H,24.1,-64.7,-42.3,93.4,51.0,17.4,19.0,0.031,0.968,0.000
894,F,0,0.874,H,33.2,-64.5,-40.9,93.7,51.5,18.7,19.2,0.019,0.981,0.000
895,D,0,0.884,H,65.6,-65.3,-39.6,93.0,51.7,7.2,22.8,0.013,0.987,0.000
896,I,0,0.874,H,49.6,-66.4,-40.6,93.4,50.2,9.0,21.5,0.007,0.993,0.000
897,L,0,0.862,H,18.5,-66.5,-41.8,93.9,49.3,18.5,17.3,0.005,0.995,0.000
898,I,0,0.835,H,42.8,-65.7,-39.0,93.5,50.8,15.2,17.5,0.013,0.987,0.000
899,K,0,0.802,H,126.7,-69.0,-32.9,92.4,50.9,3.4,18.4,0.064,0.935,0.000
900,S,0,0.764,C,50.9,-85.3,-11.4,95.8,49.7,9.0,15.5,0.612,0.383,0.005
901,G,0,0.743,C,44.1,83.7,8.3,97.1,-104.4,6.6,17.7,0.981,0.015,0.004
902,E,0,0.748,C,85.0,-82.5,-12.9,97.9,113.1,9.4,15.6,0.950,0.024,0.026
903,I,0,0.754,C,37.0,-108.2,131.7,120.8,72.5,17.7,11.5,0.930,0.006,0.064
904,S,0,0.761,C,68.9,-103.2,138.5,120.5,-148.2,5.1,20.1,0.956,0.003,0.041
905,F,0,0.758,C,57.5,-95.6,135.3,118.1,-136.0,17.4,11.9,0.955,0.028,0.018
906,P,0,0.744,C,78.7,-70.4,131.2,106.5,-110.8,6.1,18.3,0.912,0.070,0.018
907,I,0,0.743,C,75.4,-75.7,-4.5,101.7,-138.6,14.0,11.6,0.848,0.101,0.050
908,K,0,0.734,C,134.1,-84.5,3.3,103.1,85.6,4.3,13.9,0.905,0.039,0.055
909,E,0,0.727,C,98.9,-91.7,135.3,115.8,133.9,8.8,11.5,0.954,0.009,0.037
910,E,0,0.719,C,117.3,-90.4,122.2,113.0,-124.3,5.5,15.0,0.976,0.001,0.024
911,P,0,0.686,C,64.1,-69.5,145.7,111.1,-111.4,12.2,12.9,0.990,0.002,0.008
912,S,0,0.679,C,54.2,-74.8,142.5,114.1,-107.0,8.2,14.6,0.981,0.012,0.007
913,P,0,0.668,C,84.2,-65.8,-22.4,95.4,-116.7,7.1,14.7,0.754,0.240,0.006
914,I,0,0.675,C,79.0,-73.9,-20.2,95.8,64.3,10.4,13.1,0.669,0.316,0.014
915,S,0,0.684,C,64.7,-76.5,-13.5,97.9,62.0,7.6,13.9,0.669,0.315,0.016
916,K,0,0.682,C,131.2,-82.9,-4.8,101.4,69.6,4.0,13.9,0.766,0.209,0.025
917,M,0,0.690,C,96.0,-93.9,127.6,115.1,113.2,8.9,12.2,0.914,0.042,0.044
918,K,0,0.717,C,103.3,-98.5,134.3,118.5,-144.6,8.6,15.6,0.964,0.001,0.035
919,P,0,0.712,C,68.7,-69.6,146.2,112.8,-104.1,10.3,15.8,0.974,0.003,0.023
920,V,0,0.722,C,58.8,-78.8,136.6,112.8,-114.0,13.8,15.6,0.906,0.022,0.072
921,T,0,0.736,C,47.8,-106.8,138.8,119.6,-153.7,13.0,17.7,0.872,0.038,0.090
922,A,0,0.732,C,52.3,-77.7,-10.6,102.2,-138.0,12.3,16.3,0.855,0.096,0.049
923,S,0,0.729,C,56.5,-94.7,116.7,112.3,101.4,8.6,19.6,0.840,0.087,0.072
924,I,0,0.719,C,58.9,-79.0,-12.7,100.6,-173.6,15.9,14.3,0.804,0.149,0.046
925,T,0,0.729,C,73.8,-83.3,-10.7,101.4,77.3,9.5,16.5,0.823,0.117,0.060
926,T,0,0.734,C,88.2,-94.7,65.1,108.7,72.3,4.3,16.2,0.872,0.055,0.073
927,M,0,0.728,C,68.9,-88.0,137.5,117.0,175.6,13.1,13.2,0.943,0.006,0.050
928,P,0,0.731,C,66.8,-69.5,144.4,110.3,-102.4,9.9,16.3,0.970,0.019,0.011
929,V,0,0.738,C,77.9,-80.3,127.9,109.6,-117.7,10.4,15.3,0.831,0.101,0.068
930,N,0,0.747,C,94.5,-86.9,79.7,106.4,-135.9,7.5,16.1,0.819,0.096,0.085
931,T,0,0.761,C,64.8,-95.0,89.2,109.6,174.9,10.0,14.4,0.821,0.063,0.116
932,V,0,0.759,C,81.3,-79.8,94.4,107.1,-170.1,8.5,14.1,0.819,0.054,0.127
933,V,0,0.740,C,80.5,-85.3,64.9,107.4,-156.6,9.5,14.2,0.855,0.025,0.120
934,S,0,0.708,C,62.8,-82.3,12.3,104.3,123.6,8.5,14.4,0.913,0.007,0.080
935,R,0,0.690,C,125.4,-99.0,132.9,117.5,120.6,6.8,14.4,0.962,0.001,0.037
936,P,0,0.679,C,84.6,-76.6,146.6,115.8,-102.6,6.2,15.8,0.990,0.000,0.010
937,P,0,0.683,C,51.7,-68.7,147.0,114.0,-101.7,14.2,12.1,0.994,0.004,0.002
938,P,0,0.686,C,75.0,-66.7,132.3,104.5,-104.7,8.6,14.8,0.862,0.136,0.003
939,Q,0,0.703,C,124.0,-86.7,127.1,112.3,-106.8,4.9,15.2,0.731,0.233,0.036
940,V,0,0.723,C,73.0,-101.2,131.6,117.6,-154.6,11.3,11.5,0.624,0.204,0.172
941,Q,0,0.734,C,106.5,-94.8,127.6,114.7,-143.1,6.6,15.5,0.665,0.077,0.258
942,I,0,0.736,C,91.1,-86.4,89.3,108.0,-147.6,9.8,12.9,0.833,0.014,0.153
943,A,0,0.735,C,60.7,-96.5,130.9,116.8,-132.7,8.8,14.2,0.971,0.001,0.028
944,P,0,0.734,C,78.4,-71.0,146.4,112.5,-101.5,7.9,14.6,0.989,0.003,0.007
945,P,0,0.730,C,80.3,-70.7,143.3,109.6,-101.2,8.8,14.0,0.968,0.025,0.007
946,V,0,0.724,C,90.5,-84.2,122.3,109.4,-123.7,8.0,14.1,0.898,0.078,0.025
947,S,0,0.728,C,73.1,-83.6,119.8,109.5,-117.2,6.1,14.9,0.892,0.070,0.038
948,L,0,0.732,C,84.8,-83.5,68.4,106.8,-144.6,10.8,12.8,0.945,0.035,0.020
949,E,0,0.740,C,106.0,-91.6,132.3,115.8,-133.4,6.5,15.8,0.956,0.021,0.023
950,P,0,0.734,C,71.2,-69.0,139.8,107.8,-110.9,10.3,14.9,0.896,0.090,0.013
951,V,0,0.734,C,77.8,-83.5,64.0,106.8,-139.8,10.0,15.1,0.798,0.176,0.026
952,N,0,0.734,C,86.2,-90.1,85.0,108.5,149.9,8.4,15.5,0.803,0.169,0.028
953,S,0,0.732,C,62.9,-79.8,-5.7,101.2,177.4,9.3,14.8,0.793,0.176,0.031
954,L,0,0.733,C,83.7,-82.4,4.7,103.0,87.1,10.2,15.0,0.746,0.227,0.027
955,S,0,0.721,C,47.4,-91.1,114.2,111.2,96.1,11.0,15.6,0.750,0.223,0.027
956,A,0,0.716,C,52.2,-75.9,-10.6,100.0,-174.8,12.4,14.9,0.726,0.252,0.022
957,S,0,0.715,C,66.3,-85.8,5.5,104.0,84.7,6.9,16.3,0.732,0.241,0.027
958,L,0,0.724,C,69.0,-86.2,65.4,107.6,117.1,12.0,13.6,0.699,0.270,0.031
959,E,0,0.726,C,116.5,-71.5,-16.8,99.4,-170.1,6.3,15.9,0.714,0.275,0.011
960,N,0,0.731,C,86.2,-82.7,6.3,99.6,47.9,7.9,17.2,0.723,0.262,0.015
961,Q,0,0.745,C,51.2,-89.3,7.2,104.3,99.5,13.9,18.5,0.622,0.306,0.072
962,L,0,0.760,H,12.1,-66.5,-39.0,96.0,76.4,24.2,17.9,0.315,0.658,0.026
963,E,0,0.777,H,52.9,-65.0,-38.2,94.5,60.6,15.8,20.8,0.233,0.720,0.047
964,A,0,0.774,H,38.2,-67.8,-33.1,93.8,59.3,11.4,22.8,0.195,0.728,0.077
965,F,0,0.775,H,15.3,-78.3,-22.6,96.9,53.7,22.8,21.1,0.245,0.617,0.137
966,L,0,0.761,C,17.3,-75.1,-21.7,98.1,65.8,23.1,19.9,0.482,0.401,0.117
967,D,0,0.751,C,73.9,-93.4,9.4,102.5,53.0,9.0,21.3,0.772,0.110,0.118
968,G,0,0.708,C,20.6,-112.7,164.0,118.5,146.4,16.1,16.8,0.872,0.031,0.097
969,T,0,0.694,C,61.0,-95.5,45.5,107.2,-160.6,11.2,19.7,0.893,0.028,0.079
970,L,0,0.679,C,53.3,-94.2,129.2,115.1,150.1,14.3,15.7,0.928,0.014,0.058
971,P,0,0.668,C,78.9,-69.4,-10.9,101.3,-136.1,9.6,15.3,0.927,0.050,0.023
972,S,0,0.656,C,71.9,-86.9,35.4,105.7,64.7,5.6,16.2,0.881,0.073,0.046
973,A,0,0.657,C,60.1,-82.1,11.1,103.9,146.8,10.5,12.8,0.821,0.132,0.047
974,T,0,0.662,C,77.9,-88.4,38.0,107.2,107.1,7.8,15.1,0.831,0.130,0.039
975,D,0,0.674,C,95.0,-82.9,15.4,103.6,100.8,6.0,15.2,0.819,0.141,0.040
976,T,0,0.666,C,64.9,-93.1,76.8,109.1,106.5,11.0,14.9,0.774,0.154,0.071
977,G,0,0.649,C,26.8,-106.1,163.6,119.9,-178.3,12.4,18.1,0.793,0.142,0.065
978,P,0,0.630,C,60.7,-71.7,-17.8,100.9,-85.2,11.4,16.9,0.735,0.195,0.070
979,L,0,0.633,C,41.1,-82.5,2.1,103.7,64.8,17.8,13.6,0.746,0.167,0.087
980,Q,0,0.637,C,102.7,-83.3,15.8,104.3,90.3,7.5,16.7,0.810,0.092,0.098
981,N,0,0.634,C,88.7,-87.9,67.1,107.8,103.8,8.3,14.5,0.833,0.094,0.073
982,S,0,0.643,C,66.5,-83.0,42.7,106.3,-171.7,7.8,13.5,0.859,0.109,0.033
983,S,0,0.654,C,71.7,-84.7,23.0,105.2,162.2,6.4,13.5,0.821,0.153,0.026
984,E,0,0.672,C,116.5,-83.8,11.4,104.3,133.7,6.7,13.2,0.811,0.166,0.023
985,D,0,0.707,C,85.1,-86.3,59.1,105.0,57.8,7.3,15.5,0.807,0.170,0.023
986,R,0,0.722,C,116.9,-76.6,-5.2,100.6,154.8,10.4,13.8,0.699,0.289,0.012
987,E,0,0.738,C,109.4,-82.0,-2.7,102.7,82.6,7.1,16.1,0.617,0.368,0.016
988,S,0,0.748,C,52.4,-94.8,54.8,108.3,86.4,9.9,16.9,0.602,0.371,0.026
989,F,0,0.759,C,56.2,-103.0,134.2,119.3,160.2,16.8,15.8,0.576,0.383,0.041
990,S,0,0.769,C,36.7,-101.0,146.4,121.1,-153.5,11.5,20.8,0.612,0.327,0.061
991,L,0,0.778,H,43.5,-74.7,-19.1,101.4,-121.4,17.4,17.7,0.432,0.536,0.032
992,I,0,0.788,H,35.4,-72.8,-33.1,99.4,66.0,19.9,16.5,0.294,0.692,0.015
993,E,0,0.806,H,84.2,-66.5,-37.2,95.6,73.6,11.0,18.9,0.263,0.733,0.003
994,D,0,0.781,H,76.2,-68.1,-33.7,94.0,50.5,5.4,21.1,0.310,0.688,0.002
995,L,0,0.755,H,22.2,-71.3,-32.9,95.0,51.8,18.2,15.2,0.267,0.732,0.001
996,Q,0,0.744,H,38.8,-64.3,-37.9,93.6,60.6,18.5,16.3,0.126,0.873,0.000
997,N,0,0.734,H,92.0,-67.7,-33.6,93.4,54.1,5.1,20.1,0.107,0.893,0.001
998,D,0,0.734,H,75.3,-70.0,-32.8,93.6,50.9,6.0,20.6,0.077,0.923,0.000
999,L,0,0.729,H,17.6,-68.7,-38.6,94.9,51.3,20.1,16.8,0.139,0.860,0.001
1000,L,0,0.718,H,32.9,-71.6,-27.4,95.5,53.7,19.2,16.9,0.483,0.509,0.008
1001,S,0,0.718,C,71.1,-85.1,-5.9,97.0,58.7,5.0,19.6,0.805,0.185,0.010
1002,H,0,0.711,C,75.7,-94.2,110.7,111.4,87.5,11.0,13.5,0.969,0.027,0.004
1003,S,0,0.703,H,70.5,-66.6,-26.3,94.6,-161.3,7.2,13.9,0.350,0.649,0.001
1004,S,0,0.691,H,76.1,-70.9,-26.0,93.7,58.4,2.5,17.7,0.338,0.661,0.001
1005,M,0,0.667,H,46.7,-75.2,-25.8,94.9,54.6,14.0,13.6,0.344,0.651,0.005
1006,L,0,0.673,C,43.5,-74.6,-23.3,99.6,65.2,16.9,13.3,0.551,0.427,0.022
1007,Y,0,0.679,C,147.7,-81.5,-7.7,98.1,58.2,4.5,18.0,0.907,0.072,0.021
1008,Q,0,0.667,C,71.1,-97.1,135.4,117.9,91.8,10.8,13.6,0.966,0.008,0.025
1009,S,0,0.656,C,59.5,-70.9,63.0,104.2,-116.4,9.8,16.2,0.983,0.004,0.013
1010,H,0,0.646,C,103.4,-86.9,26.6,103.7,79.0,8.9,17.2,0.977,0.003,0.020
1011,S,0,0.637,C,26.8,-89.0,139.2,118.2,130.3,16.8,14.0,0.973,0.003,0.024
1012,P,0,0.626,C,53.8,-69.5,46.8,102.9,-117.3,11.9,18.6,0.959,0.034,0.007
1013,M,0,0.640,C,51.4,-91.9,117.1,112.0,122.5,17.2,14.2,0.883,0.068,0.050
1014,E,0,0.651,C,87.0,-93.5,110.7,110.8,-176.9,9.0,18.2,0.893,0.061,0.046
1015,T,0,0.659,C,48.0,-75.0,-18.8,98.6,-174.6,15.8,12.0,0.724,0.221,0.055
1016,S,0,0.675,C,74.0,-70.8,-26.1,96.0,63.4,3.9,16.4,0.691,0.257,0.052
1017,E,0,0.694,C,94.6,-74.3,-23.4,96.2,56.4,7.5,14.5,0.731,0.236,0.033
1018,A,0,0.695,C,42.9,-76.8,-16.7,100.9,73.2,13.3,10.6,0.814,0.160,0.026
1019,Q,0,0.710,C,120.6,-71.8,-15.2,98.3,71.3,4.0,14.3,0.859,0.117,0.025
1020,L,0,0.717,C,93.7,-80.8,-9.5,99.9,63.6,7.2,12.4,0.848,0.107,0.045
1021,V,0,0.710,C,69.1,-94.0,113.8,111.8,87.3,10.3,10.1,0.900,0.054,0.045
1022,S,0,0.701,C,84.2,-79.6,13.2,103.5,-160.6,3.5,12.6,0.951,0.021,0.027
1023,G,0,0.697,C,59.3,-18.6,10.2,103.8,12.7,2.2,13.1,0.964,0.012,0.023
1024,T,0,0.732,C,65.3,-97.5,133.0,117.0,111.5,8.9,10.0,0.968,0.011,0.021
1025,P,0,0.763,C,83.3,-70.9,52.7,103.5,-118.9,6.5,15.1,0.931,0.060,0.009
1026,C,0,0.788,C,77.5,-74.9,-6.0,100.7,-127.9,7.6,13.8,0.885,0.082,0.032
1027,L,0,0.788,C,75.7,-87.3,40.4,106.0,89.2,11.6,12.4,0.815,0.119,0.065
1028,S,0,0.791,C,64.5,-92.8,98.0,109.7,174.3,6.9,17.4,0.844,0.061,0.096
1029,L,0,0.790,C,44.6,-100.6,133.7,118.6,-170.4,17.9,12.5,0.876,0.013,0.111
1030,D,0,0.783,C,82.8,-101.6,115.7,113.0,-156.8,5.3,21.6,0.921,0.004,0.075
1031,L,0,0.779,C,45.4,-76.4,-13.3,96.8,-159.2,19.1,11.0,0.945,0.023,0.032
1032,S,0,0.765,C,83.8,-73.6,-19.9,94.8,67.9,2.7,16.1,0.955,0.031,0.014
1033,D,0,0.750,C,86.7,-92.8,32.4,105.3,59.3,5.3,14.3,0.951,0.030,0.019
1034,S,0,0.731,C,58.2,-76.9,-3.6,101.9,146.0,9.9,12.0,0.893,0.091,0.016
1035,N,0,0.740,C,98.0,-80.2,3.7,100.4,128.7,6.0,16.5,0.876,0.107,0.017
1036,L,0,0.747,C,55.4,-90.6,100.6,110.1,101.1,14.1,14.3,0.725,0.220,0.055
1037,D,0,0.781,C,48.4,-93.7,127.7,112.6,145.4,11.8,17.4,0.788,0.176,0.036
1038,N,0,0.795,C,52.0,-89.3,139.8,111.7,-156.1,11.7,17.8,0.723,0.188,0.089
1039,M,0,0.810,C,61.1,-69.0,-27.1,97.1,-134.0,16.1,14.8,0.448,0.430,0.122
1040,E,0,0.830,H,95.5,-68.6,-30.4,95.4,61.9,8.0,18.7,0.386,0.500,0.113
1041,W,0,0.858,H,68.3,-69.5,-31.6,95.0,57.2,13.4,16.9,0.293,0.482,0.225
1042,L,0,0.873,H,36.8,-77.8,-14.5,98.6,58.6,18.6,15.0,0.302,0.471,0.227
1043,D,0,0.881,H,74.7,-85.6,21.6,102.4,93.2,8.8,19.9,0.385,0.459,0.157
1044,I,0,0.861,C,40.9,-92.3,127.6,114.5,147.7,18.7,11.5,0.610,0.253,0.137
1045,T,0,0.823,C,74.2,-99.0,131.1,116.2,-152.6,7.6,17.9,0.790,0.042,0.168
1046,M,0,0.790,C,93.6,-86.4,133.4,114.3,-122.6,10.6,13.0,0.926,0.003,0.071
1047,P,0,0.757,C,81.1,-70.7,140.2,108.4,-104.5,8.4,13.7,0.976,0.001,0.023
1048,T,0,0.739,C,89.8,-87.6,109.4,109.1,-122.6,5.7,13.5,0.966,0.006,0.028
1049,T,0,0.713,C,87.4,-76.8,-10.1,102.2,-147.6,6.3,11.7,0.946,0.032,0.022
1050,S,0,0.677,C,80.2,-75.4,-15.8,99.0,62.6,3.7,11.8,0.905,0.069,0.026
1051,S,0,0.650,C,77.2,-84.0,-1.6,100.5,54.7,3.9,12.2,0.897,0.064,0.039
1052,G,0,0.635,C,51.6,80.6,3.1,102.5,-87.1,4.1,14.8,0.928,0.036,0.035
1053,L,0,0.652,C,79.8,-92.9,126.1,113.6,115.4,9.9,10.0,0.917,0.017,0.066
1054,T,0,0.676,C,83.9,-99.2,138.8,118.4,-151.3,4.8,15.2,0.966,0.001,0.033
1055,P,0,0.680,C,83.3,-71.4,126.7,106.4,-100.8,7.5,14.5,0.969,0.012,0.018
1056,L,0,0.691,C,85.6,-84.6,104.4,108.4,-134.9,10.2,12.0,0.957,0.012,0.031
1057,S,0,0.699,C,70.5,-90.7,134.2,114.0,-126.2,5.7,14.9,0.970,0.001,0.028
1058,T,0,0.719,C,91.6,-83.9,6.5,103.5,-146.3,6.2,12.2,0.976,0.003,0.021
1059,T,0,0.736,C,89.1,-93.4,102.8,110.2,106.2,4.9,13.9,0.969,0.002,0.029
1060,A,0,0.738,C,61.4,-88.1,140.4,117.3,-106.6,8.1,15.1,0.969,0.003,0.028
1061,P,0,0.723,C,57.8,-71.8,147.4,113.0,-94.7,13.1,14.8,0.939,0.043,0.018
1062,S,0,0.724,C,47.4,-86.1,137.8,114.5,-129.9,11.9,17.0,0.790,0.073,0.138
1063,M,0,0.726,C,74.8,-92.5,68.4,108.3,-148.8,13.0,15.8,0.702,0.103,0.195
1064,F,0,0.738,C,68.2,-104.9,130.4,117.3,179.8,14.7,15.4,0.725,0.075,0.200
1065,S,0,0.748,C,49.0,-89.9,136.8,114.3,-135.9,10.0,19.5,0.805,0.074,0.122
1066,A,0,0.748,C,50.9,-76.7,-15.0,98.9,-154.3,12.8,13.8,0.635,0.284,0.081
1067,D,0,0.753,C,88.6,-79.6,-11.4,100.2,70.9,5.9,17.7,0.570,0.340,0.090
1068,F,0,0.749,C,82.9,-86.1,4.0,103.5,71.3,10.8,14.9,0.577,0.234,0.189
1069,L,0,0.743,C,56.1,-89.2,108.7,110.5,100.8,15.2,13.8,0.685,0.058,0.257
1070,D,0,0.730,C,72.2,-103.0,118.0,114.5,-177.8,7.7,19.2,0.906,0.002,0.092
1071,P,0,0.701,C,65.0,-68.7,-21.5,96.6,-141.5,13.8,12.7,0.893,0.084,0.023
1072,Q,0,0.681,C,128.7,-76.6,-16.9,96.7,64.2,2.8,16.7,0.930,0.064,0.006
1073,D,0,0.653,C,90.7,-89.6,3.4,100.5,55.6,4.7,15.7,0.953,0.039,0.009
1074,L,0,0.630,C,47.3,-87.4,128.9,113.6,106.2,17.2,9.9,0.968,0.008,0.024
1075,P,0,0.599,C,82.0,-76.4,120.2,108.5,-131.3,6.1,20.0,0.963,0.002,0.035
1076,L,0,0.569,C,48.8,-92.8,135.9,116.8,-157.6,17.3,11.0,0.981,0.000,0.019
1077,P,0,0.522,C,67.4,-73.9,125.5,108.1,-113.3,9.4,16.1,0.982,0.003,0.015
1078,W,0,0.500,C,140.2,-78.8,1.9,101.5,-158.4,10.4,11.3,0.986,0.005,0.009
1079,D,0,0.489,C,124.2,-87.9,52.9,106.1,75.7,2.4,10.5,0.999,0.001,0.000
