"Q3USJ8, [314, 316, 318, 319]",SEQ,positive,flexibility,SS,ASA,Phi,Psi,Theta(i-1=>i+1),Tau(i-2=>i+2),HSE_alpha_up,HSE_alpha_down,P(C),P(H),P(E)
0,M,0,0.373,C,133.1,-101.9,137.8,118.2,-176.6,5.4,8.3,0.993,0.002,0.006
1,Q,0,0.380,C,115.9,-91.2,142.0,119.2,-131.5,6.8,7.6,0.991,0.000,0.009
2,P,0,0.404,C,71.0,-67.3,153.1,114.9,-99.8,8.4,11.7,0.998,0.000,0.002
3,P,0,0.450,C,68.4,-65.1,150.7,113.9,-100.5,7.2,12.7,0.991,0.009,0.000
4,P,0,0.495,C,91.9,-62.1,-28.6,96.0,-107.8,5.5,13.1,0.518,0.481,0.000
5,R,0,0.543,H,140.8,-70.6,-26.7,96.6,57.2,4.9,13.0,0.413,0.586,0.001
6,K,0,0.584,H,120.6,-72.4,-25.5,97.3,61.6,5.1,14.8,0.343,0.653,0.004
7,V,0,0.643,H,62.9,-76.2,-22.1,101.9,71.2,11.1,12.9,0.345,0.648,0.007
8,K,0,0.680,H,120.1,-70.9,-31.8,97.5,65.0,4.3,17.2,0.262,0.735,0.002
9,V,0,0.712,H,53.1,-69.0,-38.2,96.9,53.2,9.8,17.7,0.111,0.887,0.001
10,T,0,0.737,H,33.1,-65.4,-40.4,94.4,53.6,14.7,16.2,0.039,0.961,0.000
11,Q,0,0.732,H,101.0,-65.1,-38.5,93.5,52.2,4.8,19.9,0.014,0.986,0.000
12,E,0,0.734,H,92.5,-66.8,-39.1,93.5,50.9,5.0,19.9,0.013,0.987,0.000
13,L,0,0.729,H,26.4,-65.6,-41.4,93.7,50.8,16.9,16.3,0.015,0.985,0.000
14,R,0,0.723,H,95.5,-65.2,-38.9,93.7,52.5,11.8,18.2,0.036,0.964,0.000
15,N,0,0.718,H,88.1,-67.2,-37.1,93.5,50.5,4.4,20.1,0.101,0.899,0.000
16,I,0,0.717,H,59.8,-68.0,-38.7,94.3,50.7,10.0,19.1,0.164,0.836,0.000
17,Q,0,0.720,H,39.9,-66.6,-39.4,94.4,51.2,16.0,17.4,0.179,0.821,0.000
18,G,0,0.715,H,31.1,-64.7,-39.9,94.0,53.3,9.0,19.4,0.154,0.846,0.000
19,E,0,0.723,H,104.6,-66.9,-38.3,93.2,50.2,3.5,21.2,0.107,0.893,0.000
20,Q,0,0.729,H,44.8,-68.0,-37.9,93.9,50.3,13.4,17.1,0.044,0.956,0.000
21,M,0,0.744,H,38.8,-64.4,-40.4,93.5,52.1,16.6,17.0,0.009,0.991,0.000
22,T,0,0.754,H,79.5,-65.2,-39.0,92.6,51.8,3.4,21.0,0.007,0.993,0.000
23,K,0,0.756,H,95.9,-67.2,-38.8,93.1,50.0,5.3,20.5,0.007,0.993,0.000
24,L,0,0.756,H,27.3,-65.9,-41.2,93.8,50.4,17.0,16.2,0.007,0.993,0.000
25,Q,0,0.754,H,81.5,-65.2,-38.8,93.7,52.0,10.0,18.8,0.009,0.991,0.000
26,A,0,0.750,H,62.2,-66.1,-39.2,92.7,50.5,3.2,20.9,0.013,0.987,0.000
27,K,0,0.772,H,73.4,-68.4,-37.8,93.8,50.0,9.6,18.0,0.033,0.967,0.000
28,H,0,0.785,H,49.6,-66.6,-39.2,94.3,51.5,15.2,16.6,0.053,0.947,0.000
29,Q,0,0.788,H,103.4,-65.4,-38.7,93.2,51.1,4.2,20.4,0.050,0.950,0.000
30,A,0,0.801,H,52.7,-66.8,-39.2,93.3,50.2,5.1,20.3,0.054,0.946,0.000
31,E,0,0.819,H,49.9,-68.0,-38.3,94.5,50.7,13.0,17.6,0.079,0.921,0.000
32,C,0,0.846,H,33.9,-64.2,-40.8,93.7,53.0,14.5,17.7,0.057,0.943,0.000
33,D,0,0.838,H,87.5,-65.4,-38.9,92.4,51.1,2.9,22.1,0.037,0.963,0.000
34,L,0,0.822,H,48.3,-66.6,-40.1,93.6,50.8,9.5,19.2,0.018,0.982,0.000
35,L,0,0.825,H,29.3,-64.9,-41.0,93.7,51.6,17.4,16.4,0.010,0.990,0.000
36,E,0,0.824,H,100.8,-64.8,-39.4,93.1,52.1,5.4,20.9,0.015,0.985,0.000
37,D,0,0.822,H,76.3,-66.8,-38.4,92.9,49.7,4.3,21.4,0.043,0.957,0.000
38,M,0,0.821,H,31.0,-66.2,-40.9,93.9,50.7,16.6,17.0,0.054,0.946,0.000
39,R,0,0.816,H,97.0,-63.6,-40.5,93.4,53.4,12.1,19.4,0.024,0.976,0.000
40,T,0,0.816,H,77.5,-65.7,-39.3,92.6,50.2,3.2,22.6,0.017,0.983,0.000
41,F,0,0.810,H,49.3,-66.4,-40.9,93.7,50.5,11.7,19.2,0.007,0.993,0.000
42,S,0,0.793,H,19.9,-63.9,-41.6,93.5,51.8,17.5,17.3,0.007,0.993,0.000
43,Q,0,0.790,H,97.5,-64.7,-39.5,92.8,51.3,5.4,21.7,0.009,0.991,0.000
44,K,0,0.785,H,105.7,-66.2,-39.1,92.3,49.5,4.1,22.7,0.018,0.982,0.000
45,K,0,0.800,H,32.1,-66.1,-41.4,93.7,50.1,17.1,18.2,0.020,0.980,0.000
46,A,0,0.807,H,23.7,-63.4,-41.3,93.5,52.5,16.1,19.5,0.009,0.991,0.000
47,A,0,0.813,H,59.1,-64.5,-40.3,92.0,50.7,3.7,24.0,0.006,0.994,0.000
48,I,0,0.816,H,38.3,-66.0,-41.5,93.5,50.1,11.6,20.4,0.004,0.996,0.000
49,E,0,0.828,H,19.3,-64.6,-41.9,93.8,50.9,21.3,18.2,0.002,0.998,0.000
50,R,0,0.833,H,107.2,-64.0,-40.1,93.0,52.1,9.7,22.4,0.002,0.998,0.000
51,E,0,0.835,H,101.5,-65.9,-39.3,92.2,49.7,3.8,24.2,0.005,0.995,0.000
52,Y,0,0.821,H,35.3,-67.9,-40.2,94.2,48.9,16.6,19.1,0.011,0.989,0.000
53,A,0,0.804,H,13.5,-64.1,-40.9,93.7,52.6,20.9,18.6,0.008,0.992,0.000
54,Q,0,0.794,H,99.9,-64.2,-39.9,92.4,51.9,4.4,24.8,0.006,0.994,0.000
55,G,0,0.789,H,22.1,-66.3,-39.6,93.1,50.3,8.3,22.8,0.004,0.996,0.000
56,I,0,0.796,H,6.3,-65.6,-42.9,94.3,51.3,24.4,18.6,0.002,0.998,0.000
57,Q,0,0.814,H,59.6,-62.7,-40.9,92.6,53.3,14.8,21.7,0.003,0.997,0.000
58,K,0,0.821,H,112.9,-64.9,-39.6,91.7,50.4,3.1,25.4,0.006,0.994,0.000
59,L,0,0.819,H,20.8,-65.8,-42.5,93.4,50.0,15.8,20.0,0.012,0.988,0.000
60,A,0,0.813,H,6.4,-64.3,-41.9,93.3,51.4,23.6,16.1,0.035,0.965,0.000
61,S,0,0.808,H,57.3,-64.8,-38.8,92.8,53.0,7.5,20.7,0.081,0.919,0.000
62,Q,0,0.810,H,97.4,-68.2,-36.3,92.7,50.5,4.4,21.0,0.107,0.892,0.000
63,Y,0,0.815,H,39.1,-84.5,-23.4,98.1,44.1,17.3,14.9,0.165,0.834,0.000
64,L,0,0.815,H,46.8,-80.2,-11.8,102.4,59.4,16.5,13.9,0.420,0.574,0.006
65,K,0,0.820,C,137.1,-77.4,-8.4,98.8,62.1,3.4,16.8,0.602,0.382,0.017
66,R,0,0.814,C,104.8,-81.6,56.1,106.4,90.1,11.0,11.6,0.768,0.207,0.026
67,D,0,0.810,C,103.2,-84.6,27.5,103.9,-147.8,4.2,16.6,0.862,0.107,0.031
68,W,0,0.794,C,83.7,-95.1,117.7,113.0,123.4,14.6,10.9,0.954,0.033,0.013
69,P,0,0.770,C,90.5,-68.9,120.9,105.6,-117.8,5.6,15.5,0.931,0.060,0.009
70,G,0,0.745,C,52.2,75.6,0.5,102.1,16.6,3.7,16.2,0.932,0.058,0.010
71,I,0,0.753,C,64.9,-91.0,126.2,113.6,123.3,13.0,10.7,0.897,0.061,0.042
72,K,0,0.783,C,121.1,-93.4,129.2,113.0,-147.5,6.1,15.9,0.883,0.063,0.054
73,T,0,0.807,C,77.8,-85.6,70.3,107.5,-150.2,9.2,12.8,0.845,0.128,0.027
74,D,0,0.802,C,102.7,-84.5,1.1,102.9,135.2,4.6,13.9,0.802,0.187,0.011
75,D,0,0.793,C,93.6,-87.2,34.0,105.1,69.9,5.3,13.6,0.775,0.215,0.010
76,R,0,0.774,C,127.3,-79.0,-8.8,101.3,123.5,8.7,12.4,0.802,0.188,0.010
77,N,0,0.777,C,106.0,-80.1,-6.3,100.9,61.8,4.5,14.4,0.763,0.227,0.009
78,D,0,0.793,C,83.4,-83.6,12.1,103.1,72.9,7.9,15.8,0.726,0.262,0.011
79,Y,0,0.806,C,86.6,-86.8,8.4,103.3,83.4,13.8,16.1,0.735,0.243,0.023
80,R,0,0.817,C,81.7,-87.2,17.0,106.1,90.0,12.0,17.8,0.803,0.176,0.022
81,S,0,0.815,C,27.2,-92.4,138.6,111.9,107.5,12.0,20.0,0.786,0.156,0.058
82,M,0,0.830,H,21.0,-66.7,-33.2,95.2,-93.8,23.1,18.8,0.234,0.765,0.001
83,Y,0,0.853,H,56.6,-63.1,-40.7,93.5,58.6,17.0,21.6,0.082,0.917,0.000
84,P,0,0.871,H,52.7,-65.7,-39.5,92.8,51.7,7.6,25.1,0.041,0.959,0.000
85,V,0,0.897,H,11.1,-65.7,-43.2,94.2,51.2,20.8,21.4,0.009,0.991,0.000
86,W,0,0.905,H,14.4,-63.3,-42.8,93.4,51.4,23.7,21.8,0.003,0.997,0.000
87,K,0,0.905,H,89.8,-64.6,-40.4,93.0,51.5,9.6,24.9,0.002,0.998,0.000
88,S,0,0.895,H,33.0,-66.4,-40.6,93.0,49.9,9.9,24.3,0.004,0.996,0.000
89,F,0,0.867,H,8.2,-66.5,-43.0,94.4,49.6,23.2,20.6,0.004,0.996,0.000
90,L,0,0.845,H,26.6,-63.7,-41.2,93.3,51.5,19.3,21.1,0.002,0.998,0.000
91,E,0,0.823,H,100.6,-65.4,-39.6,92.6,50.5,4.6,24.6,0.005,0.995,0.000
92,G,0,0.804,H,17.9,-67.1,-40.5,93.6,50.2,11.6,21.4,0.014,0.986,0.000
93,T,0,0.812,H,11.2,-65.8,-41.9,94.3,50.9,22.3,18.2,0.009,0.991,0.000
94,M,0,0.825,H,74.2,-63.3,-40.7,92.8,52.5,12.1,21.7,0.005,0.995,0.000
95,Q,0,0.838,H,99.0,-65.6,-39.3,92.0,49.7,3.4,24.4,0.007,0.993,0.000
96,V,0,0.846,H,22.9,-66.6,-41.6,93.7,49.5,15.7,19.4,0.014,0.986,0.000
97,A,0,0.846,H,16.5,-63.6,-41.3,93.3,52.4,19.3,17.8,0.022,0.978,0.000
98,Q,0,0.844,H,100.2,-65.1,-38.8,92.6,51.4,4.7,23.4,0.030,0.970,0.000
99,S,0,0.835,H,40.9,-67.7,-38.6,93.2,50.6,8.7,21.8,0.027,0.973,0.000
100,R,0,0.833,H,32.8,-66.4,-40.7,94.2,51.0,19.3,17.5,0.017,0.983,0.000
101,I,0,0.850,H,60.0,-63.3,-40.8,92.9,52.9,12.9,20.6,0.008,0.992,0.000
102,N,0,0.869,H,88.9,-65.6,-39.3,92.3,50.1,3.4,23.7,0.006,0.994,0.000
103,I,0,0.876,H,28.2,-66.1,-41.9,93.5,49.8,14.4,19.3,0.003,0.997,0.000
104,C,0,0.893,H,14.9,-63.7,-41.6,93.4,51.9,20.5,17.2,0.002,0.998,0.000
105,E,0,0.880,H,100.7,-65.0,-39.4,92.7,51.5,5.1,22.6,0.003,0.997,0.000
106,N,0,0.864,H,73.6,-66.9,-39.0,92.9,49.7,5.9,22.1,0.008,0.992,0.000
107,Y,0,0.850,H,24.5,-67.2,-41.0,94.3,49.7,19.2,16.6,0.033,0.967,0.000
108,K,0,0.840,H,82.3,-64.8,-38.9,93.4,53.3,13.1,18.0,0.145,0.855,0.000
109,N,0,0.839,H,98.5,-68.6,-34.5,93.6,50.8,3.5,20.7,0.334,0.665,0.000
110,F,0,0.837,H,93.4,-74.3,-34.0,95.9,47.1,8.2,19.4,0.452,0.547,0.001
111,I,0,0.833,H,30.6,-72.0,-37.3,96.0,48.3,16.9,16.5,0.481,0.517,0.003
112,S,0,0.824,H,32.9,-65.4,-39.5,94.5,53.7,14.5,17.9,0.204,0.796,0.000
113,E,0,0.815,H,107.9,-66.4,-38.6,93.6,51.4,3.8,21.9,0.040,0.960,0.000
114,P,0,0.793,H,48.3,-67.2,-38.8,93.6,50.6,8.8,19.6,0.032,0.968,0.000
115,A,0,0.789,H,17.4,-65.5,-40.4,93.8,51.6,18.6,15.9,0.013,0.987,0.000
116,R,0,0.782,H,116.9,-64.6,-39.6,93.2,52.8,7.0,20.6,0.013,0.987,0.000
117,A,0,0.792,H,55.7,-66.0,-39.7,92.6,50.1,4.0,21.9,0.021,0.979,0.000
118,V,0,0.802,H,25.6,-66.3,-41.3,93.8,50.3,15.6,17.2,0.025,0.975,0.000
119,R,0,0.793,H,87.0,-63.7,-40.4,93.2,52.9,13.5,18.2,0.017,0.983,0.000
120,S,0,0.783,H,64.4,-65.5,-39.3,92.5,50.3,3.2,22.1,0.022,0.978,0.000
121,L,0,0.780,H,58.8,-67.3,-39.3,93.5,50.3,8.9,19.3,0.021,0.979,0.000
122,K,0,0.780,H,47.1,-65.6,-40.1,93.8,51.8,16.1,16.6,0.014,0.986,0.000
123,E,0,0.798,H,96.0,-64.5,-39.8,93.3,51.3,6.9,20.6,0.013,0.987,0.000
124,Q,0,0.793,H,97.4,-65.9,-39.4,92.5,49.9,3.4,21.6,0.016,0.984,0.000
125,Q,0,0.808,H,46.1,-67.1,-40.0,93.5,50.1,12.1,18.3,0.019,0.981,0.000
126,L,0,0.828,H,40.9,-65.2,-40.0,93.7,51.8,15.4,17.1,0.024,0.976,0.000
127,K,0,0.838,H,117.7,-65.5,-38.7,92.7,51.3,3.5,20.6,0.034,0.966,0.000
128,R,0,0.850,H,118.4,-67.0,-38.4,92.6,49.6,4.2,20.6,0.052,0.948,0.000
129,C,0,0.880,H,20.9,-66.7,-40.5,94.0,50.3,16.5,16.3,0.055,0.945,0.000
130,V,0,0.890,H,54.7,-63.7,-40.5,93.2,52.5,12.5,18.6,0.036,0.964,0.000
131,D,0,0.883,H,89.0,-65.4,-39.0,92.2,50.2,2.4,22.3,0.040,0.960,0.000
132,Q,0,0.852,H,50.9,-67.3,-39.6,93.6,50.4,11.1,18.9,0.028,0.972,0.000
133,L,0,0.831,H,28.8,-64.7,-41.0,93.8,51.6,17.5,16.7,0.016,0.984,0.000
134,T,0,0.828,H,71.0,-64.5,-39.5,92.8,51.7,5.6,21.1,0.021,0.979,0.000
135,K,0,0.832,H,106.8,-66.3,-39.2,92.5,49.8,3.7,21.6,0.025,0.975,0.000
136,I,0,0.838,H,25.1,-66.2,-41.6,93.8,49.8,16.3,16.9,0.019,0.981,0.000
137,Q,0,0.839,H,58.4,-63.7,-40.4,93.2,52.4,14.5,18.6,0.015,0.985,0.000
138,T,0,0.838,H,83.0,-65.0,-39.5,91.9,50.4,2.3,22.8,0.018,0.982,0.000
139,E,0,0.842,H,69.6,-67.4,-39.3,93.3,49.8,8.4,19.9,0.023,0.977,0.000
140,L,0,0.835,H,23.2,-64.5,-41.8,93.6,51.0,18.8,16.3,0.014,0.986,0.000
141,Q,0,0.830,H,89.5,-64.2,-39.8,93.0,51.6,7.3,20.8,0.015,0.985,0.000
142,E,0,0.838,H,105.7,-65.8,-39.3,92.4,49.9,3.1,22.5,0.017,0.983,0.000
143,T,0,0.846,H,22.4,-66.1,-41.7,93.8,50.2,15.0,17.7,0.025,0.975,0.000
144,V,0,0.855,H,34.7,-63.5,-41.1,93.2,52.0,16.0,18.0,0.021,0.979,0.000
145,K,0,0.859,H,122.0,-65.0,-39.1,91.9,50.8,2.5,22.7,0.022,0.978,0.000
146,D,0,0.860,H,54.8,-67.1,-39.6,93.2,49.9,8.0,20.5,0.016,0.984,0.000
147,L,0,0.844,H,24.9,-65.2,-41.4,93.7,50.8,18.4,16.8,0.007,0.993,0.000
148,V,0,0.824,H,71.1,-64.5,-39.6,93.0,52.0,8.3,20.8,0.005,0.995,0.000
149,K,0,0.796,H,114.8,-65.5,-39.6,91.8,49.7,2.5,23.1,0.009,0.991,0.000
150,G,0,0.775,H,9.5,-65.7,-42.1,93.5,50.3,15.9,17.0,0.020,0.980,0.000
151,K,0,0.779,H,64.5,-63.3,-40.7,93.1,52.6,15.5,18.2,0.011,0.989,0.000
152,K,0,0.785,H,121.5,-64.9,-38.9,92.2,50.5,2.7,22.3,0.012,0.988,0.000
153,K,0,0.801,H,90.4,-67.1,-39.5,93.0,49.8,6.4,20.8,0.014,0.986,0.000
154,Y,0,0.825,H,29.7,-65.7,-41.6,93.9,50.0,18.7,16.7,0.012,0.988,0.000
155,F,0,0.828,H,91.4,-64.2,-39.9,93.1,51.6,9.7,20.7,0.013,0.987,0.000
156,E,0,0.827,H,105.5,-65.4,-39.7,92.0,50.0,2.8,23.5,0.012,0.988,0.000
157,T,0,0.819,H,23.6,-65.7,-42.1,93.4,50.3,14.3,18.4,0.008,0.992,0.000
158,E,0,0.801,H,45.2,-63.8,-40.7,93.2,52.1,16.0,18.0,0.009,0.991,0.000
159,Q,0,0.796,H,104.5,-65.0,-39.4,92.1,50.7,2.9,22.9,0.013,0.987,0.000
160,M,0,0.798,H,69.0,-66.7,-39.8,93.0,50.1,7.7,20.3,0.010,0.990,0.000
161,A,0,0.804,H,16.2,-64.6,-41.9,93.5,51.3,17.9,16.3,0.006,0.994,0.000
162,H,0,0.810,H,96.2,-64.7,-39.4,93.1,51.6,7.0,21.1,0.008,0.992,0.000
163,A,0,0.830,H,55.4,-65.6,-40.2,92.2,50.2,3.4,22.2,0.007,0.993,0.000
164,V,0,0.835,H,28.6,-66.2,-41.3,93.6,50.6,13.7,17.6,0.011,0.989,0.000
165,R,0,0.835,H,94.7,-64.7,-39.6,93.6,52.3,11.6,18.3,0.011,0.989,0.000
166,E,0,0.822,H,110.7,-65.7,-38.5,92.5,50.3,3.1,21.0,0.016,0.984,0.000
167,K,0,0.817,H,92.6,-67.4,-38.6,93.4,50.3,6.7,19.2,0.019,0.981,0.000
168,A,0,0.818,H,28.3,-65.6,-40.8,93.8,51.7,11.6,16.6,0.025,0.975,0.000
169,D,0,0.832,H,77.1,-66.1,-38.7,93.6,51.5,5.1,19.5,0.051,0.949,0.000
170,I,0,0.819,H,76.4,-67.4,-38.9,93.5,50.8,5.8,18.1,0.061,0.939,0.000
171,E,0,0.816,H,69.3,-67.8,-38.0,94.3,51.5,9.6,15.4,0.083,0.917,0.000
172,A,0,0.805,H,57.8,-67.3,-36.0,94.3,52.8,6.9,15.9,0.151,0.849,0.000
173,K,0,0.793,H,128.0,-70.9,-30.7,94.7,51.8,2.9,15.7,0.244,0.756,0.000
174,S,0,0.792,H,60.0,-74.9,-26.3,99.0,59.7,6.0,12.5,0.379,0.620,0.000
175,K,0,0.793,H,127.6,-71.7,-18.7,98.0,63.7,4.5,14.5,0.370,0.629,0.001
176,L,0,0.795,H,88.1,-74.7,-23.1,98.2,57.6,7.1,12.8,0.390,0.609,0.001
177,S,0,0.803,C,70.0,-73.7,-16.7,99.8,60.1,4.8,13.5,0.533,0.466,0.001
178,L,0,0.818,H,95.0,-76.7,-18.3,99.9,68.9,6.5,12.8,0.485,0.513,0.002
179,F,0,0.825,C,103.5,-86.7,2.8,102.9,59.7,8.7,13.0,0.593,0.405,0.002
180,Q,0,0.825,C,106.0,-83.6,-4.2,103.7,82.0,5.7,14.4,0.704,0.295,0.002
181,S,0,0.807,C,61.6,-85.8,100.1,109.0,76.5,4.9,14.4,0.752,0.243,0.005
182,R,0,0.789,H,128.0,-69.5,-27.7,97.1,173.2,7.2,13.6,0.414,0.584,0.001
183,I,0,0.780,H,91.9,-69.1,-35.9,96.0,56.7,5.6,15.9,0.328,0.670,0.001
184,S,0,0.768,H,53.0,-69.5,-36.4,97.3,54.9,6.5,17.1,0.288,0.712,0.001
185,L,0,0.767,H,65.1,-66.5,-39.0,94.2,51.8,10.0,16.1,0.180,0.820,0.000
186,Q,0,0.771,H,99.4,-65.8,-38.3,93.9,52.9,5.0,17.6,0.174,0.826,0.001
187,K,0,0.771,H,116.7,-66.6,-38.2,93.1,50.8,3.0,18.6,0.135,0.864,0.000
188,A,0,0.770,H,33.6,-66.1,-40.1,93.7,51.4,9.8,17.3,0.084,0.916,0.000
189,S,0,0.772,H,41.2,-65.0,-40.2,93.8,52.3,11.0,17.5,0.082,0.918,0.000
190,V,0,0.776,H,82.5,-65.8,-39.4,93.1,51.0,3.9,20.2,0.071,0.929,0.000
191,K,0,0.782,H,98.3,-67.1,-38.7,93.2,49.8,5.6,19.5,0.064,0.936,0.000
192,L,0,0.786,H,37.5,-66.1,-39.9,93.8,51.3,15.4,16.1,0.049,0.951,0.000
193,K,0,0.772,H,106.1,-64.6,-39.2,93.2,51.8,6.4,19.6,0.047,0.953,0.000
194,A,0,0.765,H,63.4,-65.7,-39.3,92.1,49.8,2.6,21.2,0.052,0.948,0.000
195,R,0,0.757,H,73.5,-68.4,-37.4,93.4,49.6,11.3,17.2,0.058,0.942,0.000
196,R,0,0.740,H,74.4,-63.4,-40.8,93.1,52.4,15.2,17.3,0.038,0.962,0.000
197,S,0,0.733,H,66.9,-64.5,-39.4,92.2,50.6,3.0,22.0,0.049,0.951,0.000
198,E,0,0.718,H,97.4,-66.7,-39.0,92.5,49.4,4.1,21.0,0.044,0.956,0.000
199,C,0,0.721,H,19.5,-66.7,-40.5,94.0,50.0,17.1,15.7,0.037,0.963,0.000
200,N,0,0.720,H,71.8,-63.4,-40.6,93.3,53.2,10.7,19.8,0.027,0.973,0.000
201,T,0,0.713,H,82.2,-65.2,-39.4,91.9,49.7,2.3,23.0,0.027,0.973,0.000
202,K,0,0.719,H,77.2,-67.8,-39.1,93.1,49.3,9.1,20.1,0.015,0.985,0.000
203,A,0,0.735,H,15.5,-64.7,-41.0,93.5,51.4,19.2,16.2,0.007,0.993,0.000
204,T,0,0.754,H,69.5,-64.5,-39.6,93.0,51.8,6.9,21.7,0.009,0.991,0.000
205,H,0,0.774,H,106.7,-66.5,-38.6,92.3,49.3,3.6,23.1,0.014,0.986,0.000
206,A,0,0.797,H,13.7,-66.0,-41.9,93.8,50.2,17.1,17.4,0.019,0.981,0.000
207,R,0,0.816,H,80.8,-63.0,-41.1,93.3,52.9,14.7,20.3,0.012,0.988,0.000
208,N,0,0.840,H,85.4,-65.3,-39.5,92.6,50.5,4.0,23.9,0.007,0.993,0.000
209,D,0,0.866,H,41.4,-66.8,-40.6,93.4,50.3,10.6,21.7,0.005,0.995,0.000
210,Y,0,0.877,H,23.0,-65.1,-42.0,93.9,50.3,21.1,18.3,0.004,0.996,0.000
211,L,0,0.882,H,58.2,-63.8,-40.5,93.0,52.1,13.4,21.9,0.003,0.997,0.000
212,L,0,0.880,H,83.3,-65.8,-39.7,92.6,50.0,5.0,23.9,0.004,0.996,0.000
213,T,0,0.885,H,24.3,-67.1,-40.9,93.8,49.8,15.1,20.3,0.005,0.995,0.000
214,L,0,0.863,H,24.6,-63.5,-41.6,93.3,51.6,20.1,19.9,0.002,0.998,0.000
215,A,0,0.837,H,55.7,-64.4,-40.2,92.2,51.2,5.4,23.9,0.002,0.998,0.000
216,A,0,0.803,H,37.9,-66.3,-40.1,92.8,50.1,7.9,22.8,0.002,0.998,0.000
217,A,0,0.780,H,8.7,-65.6,-42.6,94.0,50.9,21.1,18.1,0.002,0.998,0.000
218,N,0,0.768,H,42.8,-63.8,-40.4,93.1,52.6,15.2,20.4,0.004,0.996,0.000
219,A,0,0.774,H,56.1,-65.3,-40.0,92.2,50.8,4.2,23.9,0.002,0.998,0.000
220,H,0,0.796,H,45.5,-67.7,-39.6,93.7,50.1,13.5,19.9,0.003,0.997,0.000
221,Q,0,0.818,H,35.2,-64.7,-41.0,93.6,52.1,18.5,18.6,0.002,0.998,0.000
222,D,0,0.848,H,67.0,-65.7,-38.9,93.5,51.2,9.1,21.6,0.003,0.997,0.000
223,R,0,0.853,H,112.2,-66.9,-39.1,93.1,49.8,5.7,22.6,0.006,0.994,0.000
224,Y,0,0.867,H,46.0,-70.7,-39.5,95.3,47.2,15.2,19.1,0.017,0.983,0.000
225,Y,0,0.874,H,37.4,-66.4,-40.1,94.3,50.4,18.1,18.6,0.039,0.961,0.000
226,Q,0,0.903,H,76.1,-66.3,-38.5,93.7,51.5,10.2,20.5,0.106,0.894,0.000
227,T,0,0.922,H,66.8,-71.4,-36.9,94.8,47.5,6.5,22.2,0.268,0.732,0.000
228,D,0,0.932,H,35.2,-74.3,-37.1,96.6,46.5,14.4,19.7,0.418,0.582,0.001
229,L,0,0.929,H,15.4,-65.4,-41.4,94.4,51.8,22.3,18.9,0.030,0.970,0.000
230,V,0,0.917,H,47.5,-64.2,-40.3,93.3,52.5,12.3,21.5,0.014,0.986,0.000
231,N,0,0.904,H,76.6,-66.5,-39.1,92.9,50.0,5.5,23.6,0.007,0.993,0.000
232,I,0,0.891,H,23.8,-66.5,-41.8,93.9,49.9,16.6,19.3,0.006,0.994,0.000
233,M,0,0.892,H,30.9,-64.7,-40.5,93.5,51.5,18.7,18.4,0.011,0.989,0.000
234,K,0,0.875,H,109.0,-65.9,-38.3,92.9,51.3,5.2,22.0,0.040,0.960,0.000
235,A,0,0.857,H,40.8,-67.7,-38.4,93.6,50.6,8.4,21.2,0.087,0.913,0.000
236,L,0,0.848,H,28.6,-70.0,-36.8,95.5,51.1,17.8,16.4,0.168,0.832,0.000
237,D,0,0.828,H,63.0,-69.8,-31.9,96.5,53.4,10.8,18.2,0.336,0.663,0.000
238,G,0,0.792,H,35.9,-65.7,-38.6,97.1,53.1,7.5,18.5,0.438,0.562,0.000
239,N,0,0.787,H,78.1,-67.3,-36.3,94.4,51.0,6.4,20.0,0.386,0.614,0.000
240,V,0,0.821,H,28.2,-65.3,-40.7,93.7,55.1,16.4,17.2,0.055,0.945,0.000
241,Y,0,0.879,H,48.1,-63.5,-41.1,93.5,52.8,16.8,18.6,0.023,0.977,0.000
242,D,0,0.912,H,82.1,-65.1,-39.3,92.5,50.8,4.0,22.9,0.017,0.983,0.000
243,H,0,0.926,H,70.2,-67.0,-39.6,93.3,50.2,8.4,21.3,0.014,0.986,0.000
244,L,0,0.932,H,14.3,-65.4,-42.4,94.0,50.5,21.2,17.6,0.006,0.994,0.000
245,K,0,0.937,H,75.3,-62.7,-41.1,92.9,53.0,13.8,20.5,0.005,0.995,0.000
246,D,0,0.953,H,79.8,-65.7,-39.3,92.7,50.1,4.3,23.5,0.006,0.994,0.000
247,Y,0,0.952,H,52.7,-66.8,-40.7,93.8,50.1,12.8,20.1,0.003,0.997,0.000
248,L,0,0.944,H,18.8,-64.9,-41.6,93.9,51.0,20.8,19.4,0.002,0.998,0.000
249,I,0,0.931,H,65.6,-64.0,-40.5,92.9,51.6,10.3,22.5,0.004,0.996,0.000
250,A,0,0.919,H,46.1,-65.8,-40.3,92.8,50.4,6.5,23.3,0.005,0.995,0.000
251,F,0,0.908,H,30.4,-66.4,-41.7,93.9,49.8,16.6,19.4,0.011,0.989,0.000
252,S,0,0.904,H,22.4,-63.7,-41.2,93.4,52.3,17.4,19.2,0.020,0.980,0.000
253,R,0,0.890,H,123.2,-65.6,-39.1,92.7,50.8,4.5,23.5,0.036,0.964,0.000
254,T,0,0.880,H,39.1,-66.9,-40.5,93.5,50.5,10.2,21.1,0.039,0.961,0.000
255,E,0,0.885,H,31.1,-65.6,-41.2,94.1,51.0,18.3,18.4,0.045,0.955,0.000
256,L,0,0.886,H,64.9,-64.3,-40.2,93.2,51.9,11.9,21.1,0.053,0.947,0.000
257,E,0,0.903,H,102.0,-66.1,-39.0,92.5,49.6,3.9,23.7,0.087,0.913,0.000
258,T,0,0.908,H,26.1,-67.4,-40.6,93.9,49.8,14.5,19.3,0.102,0.898,0.000
259,C,0,0.924,H,23.1,-64.4,-40.9,93.8,52.1,18.5,18.1,0.061,0.939,0.000
260,Q,0,0.926,H,100.1,-64.4,-39.5,92.3,51.2,4.2,23.8,0.032,0.968,0.000
261,A,0,0.909,H,38.3,-66.6,-40.0,93.1,50.4,7.8,21.8,0.020,0.980,0.000
262,I,0,0.891,H,26.0,-65.8,-41.5,94.0,50.6,18.0,18.3,0.025,0.975,0.000
263,Q,0,0.896,H,67.3,-63.6,-40.6,93.1,52.5,12.9,20.9,0.031,0.969,0.000
264,N,0,0.899,H,88.1,-65.7,-39.2,92.5,49.9,3.6,24.0,0.048,0.952,0.000
265,T,0,0.919,H,24.2,-66.4,-41.7,93.8,50.5,14.4,19.8,0.028,0.972,0.000
266,F,0,0.936,H,20.7,-64.0,-41.6,93.6,51.5,21.9,18.4,0.010,0.990,0.000
267,Q,0,0.942,H,92.9,-64.3,-39.7,92.5,51.7,6.0,23.3,0.013,0.987,0.000
268,F,0,0.936,H,83.4,-66.5,-39.8,92.9,50.2,7.0,22.8,0.017,0.983,0.000
269,L,0,0.920,H,8.2,-65.5,-43.2,94.1,50.8,22.8,18.4,0.010,0.990,0.000
270,L,0,0.900,H,40.6,-63.1,-41.0,93.0,52.3,16.5,20.1,0.012,0.988,0.000
271,E,0,0.865,H,109.0,-65.8,-38.5,92.3,50.0,3.4,23.9,0.028,0.972,0.000
272,N,0,0.834,H,40.0,-68.6,-38.3,93.8,49.6,12.6,19.8,0.073,0.927,0.000
273,S,0,0.822,H,8.3,-66.7,-37.1,94.0,53.3,23.5,15.9,0.136,0.864,0.000
274,S,0,0.812,H,63.9,-71.4,-23.2,93.2,58.7,8.2,19.9,0.352,0.647,0.001
275,K,0,0.824,C,115.6,-90.9,-5.1,97.2,49.7,5.0,20.9,0.581,0.417,0.002
276,V,0,0.847,C,9.3,-86.0,134.5,117.4,100.3,24.9,9.2,0.968,0.023,0.010
277,V,0,0.867,C,67.6,-97.9,137.1,117.6,-149.6,7.3,23.5,0.987,0.010,0.003
278,R,0,0.896,H,90.8,-61.8,-34.4,93.8,-118.5,16.8,14.6,0.231,0.769,0.001
279,D,0,0.910,H,94.6,-65.4,-35.9,92.8,57.0,4.0,20.0,0.089,0.911,0.000
280,Y,0,0.898,H,96.9,-68.3,-36.3,93.9,50.5,7.8,19.6,0.025,0.975,0.000
281,N,0,0.886,H,23.9,-66.4,-40.8,94.8,52.7,18.3,18.1,0.009,0.991,0.000
282,L,0,0.881,H,20.4,-62.9,-42.1,93.2,52.5,20.4,19.9,0.002,0.998,0.000
283,Q,0,0.889,H,76.8,-64.3,-40.1,92.6,52.3,8.6,23.6,0.001,0.999,0.000
284,L,0,0.892,H,46.4,-66.0,-41.2,93.2,50.2,9.4,23.0,0.001,0.999,0.000
285,F,0,0.878,H,9.0,-65.6,-43.2,94.0,49.7,22.6,18.7,0.002,0.998,0.000
286,L,0,0.876,H,24.6,-65.1,-39.6,93.5,50.9,19.4,18.1,0.004,0.996,0.000
287,Q,0,0.845,H,105.3,-69.6,-33.8,93.3,51.1,4.9,20.5,0.030,0.970,0.000
288,E,0,0.819,H,85.7,-91.8,-20.3,99.5,41.1,8.8,18.1,0.195,0.805,0.000
289,N,0,0.799,C,28.2,-116.3,90.6,113.2,40.0,19.3,11.8,0.942,0.055,0.004
290,A,0,0.799,C,65.5,-75.7,-16.7,96.0,-169.9,7.3,20.0,0.932,0.057,0.012
291,V,0,0.798,C,50.7,-90.0,-15.2,101.3,53.9,12.2,18.5,0.949,0.032,0.020
292,F,0,0.799,C,24.8,-102.6,134.2,120.7,81.6,22.8,13.7,0.940,0.008,0.052
293,H,0,0.794,C,87.2,-122.3,143.4,127.1,-171.4,8.4,22.6,0.867,0.003,0.130
294,K,0,0.771,C,94.4,-73.8,138.0,113.9,-105.1,13.0,21.1,0.974,0.000,0.026
295,P,0,0.739,C,16.3,-68.1,148.5,116.0,-107.8,22.2,12.7,0.994,0.000,0.006
296,Q,0,0.729,C,101.0,-77.5,145.0,114.9,-103.8,5.6,22.2,0.991,0.001,0.009
297,P,0,0.730,C,75.5,-68.5,139.2,111.4,-100.6,10.2,20.5,0.979,0.006,0.014
298,F,0,0.731,C,17.4,-104.4,139.5,123.0,-147.6,23.6,12.5,0.931,0.010,0.059
299,Q,0,0.736,C,104.0,-100.5,129.3,116.6,-140.3,5.1,25.6,0.843,0.012,0.146
300,F,0,0.730,C,30.4,-98.3,132.0,118.7,-148.5,23.1,13.8,0.765,0.013,0.222
301,Q,0,0.728,C,71.4,-118.6,132.8,122.8,-168.6,9.4,21.6,0.841,0.002,0.157
302,P,0,0.731,C,59.6,-69.6,139.4,111.2,-109.1,13.1,19.8,0.915,0.003,0.082
303,C,0,0.716,C,36.5,-88.2,98.9,109.3,-143.6,18.5,12.4,0.947,0.008,0.045
304,D,0,0.707,C,103.3,-86.2,21.7,104.1,-147.1,4.8,15.9,0.966,0.016,0.018
305,S,0,0.694,C,63.9,-90.8,64.9,108.7,94.4,8.2,13.6,0.943,0.042,0.015
306,D,0,0.686,C,90.8,-83.9,26.4,104.5,144.2,7.2,14.4,0.921,0.073,0.006
307,T,0,0.671,C,72.5,-92.7,82.0,109.2,119.8,9.0,15.5,0.742,0.219,0.039
308,S,0,0.663,C,42.9,-90.6,108.1,110.5,143.5,13.4,14.5,0.559,0.285,0.156
309,R,0,0.668,C,101.8,-93.9,111.3,111.3,149.2,10.9,16.4,0.481,0.258,0.261
310,Q,0,0.679,E,87.5,-97.3,126.2,114.0,-178.3,9.2,19.0,0.392,0.178,0.430
311,L,0,0.674,C,38.3,-88.6,108.2,110.0,-155.2,19.6,13.6,0.615,0.163,0.222
312,E,0,0.668,C,103.7,-94.1,97.8,110.2,167.2,8.0,17.5,0.757,0.132,0.110
313,S,1,0.648,C,60.7,-90.2,110.0,110.3,-158.1,10.1,14.8,0.758,0.210,0.031
314,E,0,0.631,C,105.3,-90.2,104.6,109.8,-176.1,9.0,13.8,0.764,0.219,0.017
315,T,1,0.614,C,82.2,-94.9,118.3,111.9,-159.5,7.2,14.7,0.776,0.207,0.017
316,G,0,0.616,C,47.4,69.0,0.9,106.8,-48.6,6.3,15.0,0.848,0.142,0.010
317,T,1,0.633,C,75.0,-91.6,110.3,110.5,149.2,8.8,13.3,0.755,0.233,0.012
318,T,1,0.650,C,73.5,-90.7,123.2,111.2,-164.7,8.1,15.0,0.603,0.388,0.009
319,E,0,0.683,H,108.2,-81.8,18.5,104.9,-145.7,8.1,15.4,0.487,0.507,0.006
320,E,0,0.696,H,97.4,-86.7,34.5,106.2,115.4,9.7,15.3,0.369,0.625,0.006
321,H,0,0.701,H,78.2,-95.1,126.4,113.4,133.8,12.0,14.7,0.368,0.626,0.006
322,S,0,0.707,H,50.9,-92.2,132.7,112.9,-153.3,9.0,19.4,0.405,0.590,0.005
323,L,0,0.700,H,39.2,-76.6,-17.8,102.8,-137.3,18.5,15.3,0.318,0.681,0.001
324,N,0,0.708,H,70.2,-74.6,-90.8,106.4,125.7,10.1,18.1,0.203,0.797,0.000
325,K,0,0.721,H,129.3,-64.9,-33.7,94.9,-92.8,4.1,17.8,0.052,0.948,0.000
326,E,0,0.720,H,89.5,-67.0,-38.6,93.9,52.0,6.4,18.8,0.025,0.975,0.000
327,A,0,0.735,H,17.9,-64.9,-40.9,93.6,51.8,17.7,15.3,0.013,0.987,0.000
328,R,0,0.757,H,113.3,-64.6,-39.3,93.3,52.9,7.8,19.9,0.015,0.985,0.000
329,K,0,0.777,H,113.4,-65.7,-39.1,92.4,50.2,3.2,22.1,0.024,0.976,0.000
330,W,0,0.793,H,45.9,-66.7,-40.6,93.9,50.2,15.4,17.6,0.021,0.979,0.000
331,A,0,0.800,H,27.8,-64.3,-40.3,93.4,52.5,15.6,18.2,0.011,0.989,0.000
332,T,0,0.801,H,80.5,-65.3,-39.4,92.3,50.8,2.9,22.7,0.013,0.987,0.000
333,R,0,0.790,H,91.9,-67.1,-39.4,92.9,49.7,7.7,20.5,0.011,0.989,0.000
334,V,0,0.782,H,22.2,-64.9,-41.8,93.6,50.7,18.2,16.5,0.008,0.992,0.000
335,A,0,0.774,H,50.4,-64.6,-39.7,93.1,51.8,7.8,20.1,0.008,0.992,0.000
336,R,0,0.768,H,127.4,-66.4,-38.6,92.3,49.8,3.1,21.5,0.016,0.984,0.000
337,E,0,0.760,H,41.3,-67.6,-39.5,94.0,50.2,14.6,17.5,0.023,0.977,0.000
338,H,0,0.758,H,68.6,-64.5,-39.7,93.5,52.6,13.2,18.1,0.028,0.972,0.000
339,K,0,0.762,H,123.7,-65.4,-38.7,92.3,50.9,2.3,21.7,0.026,0.974,0.000
340,N,0,0.769,H,55.8,-67.5,-39.1,93.7,50.3,8.8,19.4,0.033,0.967,0.000
341,I,0,0.778,H,29.1,-65.2,-41.1,93.7,51.0,17.5,16.8,0.017,0.982,0.000
342,V,0,0.794,H,68.3,-64.9,-39.7,93.3,52.0,8.0,20.3,0.012,0.988,0.000
343,H,0,0.814,H,99.1,-66.5,-39.1,93.0,49.9,4.3,21.5,0.014,0.986,0.000
344,Q,0,0.816,H,37.5,-66.2,-40.8,93.7,51.1,14.5,18.0,0.013,0.987,0.000
345,Q,0,0.814,H,69.3,-64.9,-39.3,93.5,52.1,12.4,18.7,0.017,0.983,0.000
346,R,0,0.809,H,127.7,-65.8,-38.8,92.8,50.7,3.5,22.2,0.025,0.975,0.000
347,V,0,0.800,H,36.6,-66.5,-40.9,93.6,50.7,11.4,19.4,0.020,0.980,0.000
348,L,0,0.792,H,24.2,-64.3,-41.5,93.5,51.3,19.0,17.1,0.006,0.994,0.000
349,N,0,0.775,H,85.1,-64.8,-39.4,92.7,51.5,5.1,21.8,0.005,0.995,0.000
350,E,0,0.766,H,87.5,-67.1,-39.0,93.1,50.1,5.6,20.9,0.006,0.994,0.000
351,L,0,0.784,H,22.8,-66.6,-41.0,93.8,50.3,17.1,15.4,0.015,0.985,0.000
352,E,0,0.791,H,75.3,-66.7,-36.2,93.5,52.5,12.7,16.5,0.071,0.929,0.000
353,C,0,0.795,H,87.1,-70.8,-29.3,93.6,52.8,3.1,18.0,0.216,0.784,0.000
354,H,0,0.784,C,92.8,-86.3,-4.5,99.4,54.6,9.1,13.5,0.583,0.416,0.001
355,G,0,0.773,C,47.2,76.4,7.5,102.3,-103.2,6.1,16.3,0.822,0.175,0.003
356,V,0,0.764,C,82.5,-93.7,117.0,111.7,110.6,8.0,13.1,0.769,0.219,0.012
357,A,0,0.751,C,70.0,-91.1,115.2,110.9,-179.1,5.9,15.7,0.872,0.120,0.007
358,L,0,0.750,C,61.4,-91.7,129.4,113.8,-171.1,14.5,11.5,0.959,0.038,0.003
359,S,0,0.748,C,60.3,-90.4,146.9,115.3,-133.9,6.5,17.0,0.919,0.078,0.003
360,E,0,0.737,H,126.3,-70.9,-21.2,98.1,-119.4,5.9,13.8,0.444,0.555,0.000
361,Q,0,0.733,H,120.9,-78.4,-15.8,99.9,61.0,3.2,14.7,0.418,0.582,0.000
362,S,0,0.735,H,48.1,-77.6,-14.6,101.8,63.2,9.5,13.9,0.411,0.588,0.000
363,R,0,0.736,H,91.2,-65.6,-36.9,95.3,69.9,13.8,14.5,0.151,0.849,0.000
364,A,0,0.751,H,60.1,-65.2,-38.6,93.7,54.2,5.2,18.8,0.074,0.926,0.000
365,E,0,0.761,H,94.7,-67.0,-38.5,93.5,50.9,5.0,19.6,0.044,0.956,0.000
366,L,0,0.766,H,29.4,-65.9,-40.6,93.8,51.3,16.9,16.0,0.016,0.984,0.000
367,E,0,0.760,H,75.6,-64.1,-39.9,93.3,52.7,11.8,18.9,0.010,0.990,0.000
368,Q,0,0.757,H,106.6,-65.4,-39.3,92.1,50.0,2.5,22.6,0.013,0.987,0.000
369,K,0,0.775,H,73.2,-67.6,-39.4,93.4,49.9,9.4,19.7,0.017,0.983,0.000
370,I,0,0.795,H,21.5,-63.9,-42.1,93.3,51.1,19.9,16.9,0.004,0.996,0.000
371,D,0,0.805,H,75.5,-64.6,-39.5,92.9,51.5,6.6,21.7,0.003,0.997,0.000
372,E,0,0.797,H,99.4,-65.7,-40.0,92.4,49.8,3.5,23.1,0.004,0.996,0.000
373,A,0,0.786,H,15.6,-65.6,-42.3,93.6,50.1,16.1,17.5,0.004,0.996,0.000
374,R,0,0.782,H,79.8,-64.1,-40.2,93.2,52.1,14.5,18.8,0.004,0.996,0.000
375,E,0,0.792,H,102.9,-65.9,-39.3,93.0,50.5,4.3,22.5,0.005,0.995,0.000
376,S,0,0.802,H,35.7,-66.9,-39.8,93.8,50.5,9.0,20.2,0.009,0.991,0.000
377,I,0,0.810,H,37.2,-66.7,-40.6,94.4,50.6,14.6,18.3,0.019,0.981,0.000
378,R,0,0.830,H,103.0,-66.5,-38.9,94.0,51.1,8.7,20.3,0.023,0.976,0.000
379,K,0,0.849,H,94.8,-66.5,-39.4,93.8,50.4,7.2,20.9,0.018,0.982,0.000
380,A,0,0.868,H,32.9,-66.0,-40.5,94.1,51.5,10.9,19.0,0.009,0.991,0.000
381,E,0,0.882,H,90.0,-66.9,-38.7,94.2,50.9,7.5,21.3,0.008,0.992,0.000
382,I,0,0.893,H,47.2,-67.2,-39.7,94.3,50.7,11.1,19.8,0.007,0.993,0.000
383,I,0,0.897,H,41.8,-66.1,-40.6,94.2,51.9,14.5,18.9,0.004,0.996,0.000
384,K,0,0.894,H,95.4,-65.5,-39.4,93.6,51.2,8.3,22.1,0.003,0.997,0.000
385,L,0,0.885,H,60.2,-66.6,-40.1,93.8,50.6,8.9,21.4,0.004,0.996,0.000
386,K,0,0.879,H,49.1,-66.5,-40.3,94.1,51.1,14.4,19.9,0.003,0.997,0.000
387,A,0,0.873,H,23.1,-64.7,-41.4,93.8,51.5,15.6,20.3,0.002,0.998,0.000
388,E,0,0.869,H,84.6,-65.7,-39.8,93.1,50.9,7.3,23.5,0.003,0.997,0.000
389,A,0,0.867,H,24.5,-66.1,-41.3,93.7,51.0,12.4,21.5,0.002,0.998,0.000
390,R,0,0.869,H,50.6,-66.5,-40.3,94.2,51.4,16.2,19.9,0.002,0.998,0.000
391,L,0,0.878,H,39.9,-64.7,-40.9,93.4,51.4,14.2,21.1,0.001,0.999,0.000
392,D,0,0.872,H,59.5,-66.5,-39.6,93.4,50.6,7.6,22.7,0.002,0.998,0.000
393,L,0,0.865,H,27.1,-66.6,-41.3,93.9,50.1,15.5,19.1,0.003,0.997,0.000
394,L,0,0.852,H,31.0,-65.6,-40.2,93.9,51.3,17.2,17.6,0.005,0.995,0.000
395,K,0,0.829,H,112.1,-67.1,-35.9,93.2,51.6,5.3,19.4,0.016,0.984,0.000
396,Q,0,0.814,H,91.7,-72.6,-29.1,94.0,49.9,6.9,17.5,0.076,0.924,0.000
397,I,0,0.813,H,52.7,-86.5,-6.2,99.5,52.7,14.7,12.6,0.450,0.550,0.000
398,G,0,0.809,C,56.3,79.9,9.1,97.8,-102.7,2.6,18.4,0.995,0.004,0.001
399,V,0,0.811,C,40.7,-102.4,139.4,121.6,127.3,15.2,10.8,0.994,0.001,0.005
400,S,0,0.826,C,65.7,-75.9,127.3,109.2,-113.5,5.0,21.9,0.989,0.007,0.004
401,V,0,0.859,H,22.0,-72.5,-25.2,95.4,-157.7,22.0,13.5,0.157,0.843,0.000
402,D,0,0.884,H,75.9,-64.3,-37.1,94.0,64.4,9.7,17.7,0.055,0.945,0.000
403,T,0,0.885,H,78.3,-66.0,-38.5,92.8,50.6,3.1,21.9,0.028,0.972,0.000
404,W,0,0.880,H,58.3,-66.9,-40.3,94.0,50.9,12.1,18.1,0.018,0.982,0.000
405,L,0,0.874,H,18.5,-65.6,-40.4,94.0,51.0,21.2,16.8,0.022,0.978,0.000
406,K,0,0.868,H,97.9,-63.6,-40.7,92.9,52.8,8.8,21.7,0.023,0.977,0.000
407,S,0,0.852,H,56.1,-65.9,-39.8,92.6,49.8,4.2,23.5,0.053,0.947,0.000
408,A,0,0.824,H,15.5,-66.3,-41.9,93.7,49.9,15.6,18.5,0.049,0.951,0.000
409,M,0,0.802,H,38.7,-65.3,-40.1,93.9,51.6,17.0,18.2,0.064,0.936,0.000
410,N,0,0.802,H,84.5,-65.7,-38.7,93.4,50.7,5.8,21.7,0.118,0.881,0.000
411,Q,0,0.796,H,86.1,-67.5,-38.7,93.4,50.1,5.3,21.2,0.176,0.824,0.001
412,V,0,0.816,H,26.8,-68.1,-40.1,94.4,50.1,15.3,16.8,0.198,0.800,0.001
413,M,0,0.835,H,55.5,-65.8,-39.2,94.2,52.6,13.8,17.5,0.194,0.804,0.002
414,E,0,0.829,H,110.5,-66.8,-37.7,93.7,51.4,3.4,19.7,0.215,0.783,0.002
415,E,0,0.824,H,85.3,-68.8,-36.7,94.0,50.7,6.8,18.2,0.255,0.742,0.002
416,L,0,0.810,H,43.2,-68.9,-36.9,94.9,52.2,14.9,14.1,0.313,0.684,0.003
417,E,0,0.800,H,99.1,-67.8,-33.9,94.9,54.4,7.3,16.5,0.425,0.570,0.005
418,N,0,0.787,C,101.2,-77.3,-18.3,97.0,50.7,3.5,16.3,0.542,0.455,0.003
419,E,0,0.776,C,97.7,-76.2,-16.5,99.7,66.2,8.4,13.0,0.538,0.455,0.008
420,R,0,0.769,C,126.6,-75.3,-15.0,100.1,75.6,7.4,15.1,0.583,0.397,0.020
421,W,0,0.764,C,107.9,-85.0,15.2,104.4,70.2,10.7,14.1,0.608,0.357,0.035
422,A,0,0.754,C,46.4,-84.2,76.3,107.4,110.6,12.2,13.8,0.796,0.168,0.036
423,R,0,0.740,C,122.6,-101.8,126.0,116.7,-172.4,7.6,17.9,0.951,0.007,0.042
424,P,0,0.718,C,48.2,-73.5,145.4,114.1,-114.2,14.3,15.0,0.984,0.003,0.014
425,P,0,0.684,C,67.8,-70.0,141.8,109.1,-104.9,10.1,17.1,0.932,0.046,0.023
426,A,0,0.667,C,43.9,-94.7,133.9,115.1,-140.2,13.4,16.6,0.798,0.055,0.147
427,V,0,0.656,C,58.1,-104.2,125.5,115.2,-161.2,13.2,17.0,0.797,0.021,0.182
428,T,0,0.637,C,62.2,-103.9,135.9,117.2,-159.7,10.8,17.6,0.858,0.014,0.128
429,S,0,0.617,C,57.2,-85.0,17.4,104.7,-140.3,11.3,16.3,0.905,0.022,0.073
430,N,0,0.610,C,93.4,-88.5,26.5,104.0,126.0,7.7,16.8,0.931,0.026,0.043
431,G,0,0.607,C,39.0,84.5,-1.9,104.9,-82.9,8.5,17.3,0.930,0.037,0.033
432,T,0,0.646,C,57.3,-94.0,117.1,112.3,119.2,11.9,16.8,0.842,0.074,0.084
433,L,0,0.682,C,58.5,-95.4,118.6,112.2,-170.3,13.8,16.9,0.797,0.064,0.139
434,H,0,0.704,C,70.9,-100.3,124.9,114.3,-175.6,12.6,18.9,0.803,0.074,0.122
435,S,0,0.706,C,32.9,-90.8,102.4,110.1,-157.1,14.0,18.2,0.834,0.113,0.053
436,L,0,0.698,C,57.5,-87.9,15.0,106.6,-178.0,13.9,17.1,0.765,0.196,0.039
437,N,0,0.695,C,79.3,-82.4,19.0,103.5,102.2,9.5,18.0,0.722,0.235,0.043
438,A,0,0.697,C,36.7,-79.8,5.6,104.1,129.2,14.2,14.9,0.649,0.318,0.033
439,D,0,0.703,C,70.0,-80.6,10.4,104.3,99.9,9.5,16.6,0.606,0.365,0.028
440,A,0,0.695,H,55.1,-70.6,-25.1,98.0,145.3,10.6,15.4,0.453,0.526,0.020
441,E,0,0.687,H,97.5,-74.3,-24.2,98.5,63.8,8.5,15.7,0.480,0.487,0.033
442,R,0,0.672,C,106.8,-83.3,5.4,103.4,72.1,10.4,14.7,0.546,0.410,0.045
443,E,0,0.670,C,94.6,-83.9,28.5,105.5,90.1,9.5,14.8,0.621,0.316,0.063
444,E,0,0.664,C,106.5,-84.2,39.6,105.4,104.3,8.3,15.0,0.753,0.200,0.048
445,G,0,0.651,C,42.7,71.3,-12.2,104.7,-3.5,7.6,16.1,0.864,0.120,0.016
446,E,0,0.666,C,108.9,-84.7,16.2,105.3,92.6,7.3,13.8,0.772,0.192,0.036
447,E,0,0.688,C,109.1,-82.0,20.8,104.6,118.0,7.3,15.3,0.740,0.202,0.058
448,F,0,0.721,C,79.5,-81.5,0.9,103.5,118.5,14.0,13.2,0.750,0.189,0.061
449,E,0,0.740,C,111.7,-80.2,-5.2,102.2,97.3,7.3,15.0,0.755,0.191,0.054
450,D,0,0.756,C,92.4,-81.9,7.1,102.8,67.2,6.2,14.9,0.785,0.187,0.028
451,N,0,0.744,C,90.8,-83.4,11.0,102.8,74.1,8.5,14.5,0.760,0.216,0.024
452,M,0,0.754,C,92.4,-82.3,6.4,103.6,93.4,10.7,14.1,0.686,0.272,0.041
453,D,0,0.754,C,80.6,-81.5,15.0,104.2,92.8,8.9,15.1,0.702,0.246,0.051
454,V,0,0.763,C,67.1,-81.2,-8.9,102.7,108.0,11.7,16.0,0.665,0.208,0.127
455,F,0,0.767,C,60.9,-87.4,29.9,105.8,73.7,16.5,14.2,0.692,0.148,0.160
456,D,0,0.759,C,85.4,-89.7,30.5,105.4,95.9,7.6,17.1,0.768,0.076,0.156
457,D,0,0.732,C,66.3,-91.9,79.8,107.8,146.1,11.1,15.4,0.849,0.057,0.094
458,S,0,0.665,C,68.7,-76.6,-5.7,100.2,-177.3,7.6,14.4,0.877,0.085,0.037
459,S,0,0.613,C,67.7,-91.5,36.8,106.3,80.7,6.5,15.1,0.907,0.054,0.039
460,S,0,0.586,C,52.9,-89.0,112.2,110.4,129.4,10.9,14.3,0.953,0.009,0.037
461,S,0,0.577,C,53.4,-95.4,136.0,117.6,-135.3,8.8,17.1,0.968,0.001,0.031
462,P,0,0.574,C,71.2,-68.7,-5.4,101.6,-117.0,11.4,14.6,0.976,0.015,0.009
463,S,0,0.584,C,70.6,-87.2,29.5,105.6,75.9,6.2,15.2,0.933,0.052,0.015
464,G,0,0.607,C,45.0,69.8,-4.0,105.2,-56.2,7.3,15.5,0.854,0.131,0.015
465,T,0,0.640,C,79.0,-93.2,90.9,109.6,97.4,7.2,15.1,0.811,0.167,0.022
466,L,0,0.664,C,66.1,-89.9,114.8,111.0,159.0,13.9,13.0,0.782,0.190,0.029
467,R,0,0.706,C,117.1,-96.0,132.0,114.2,-167.1,9.0,17.0,0.845,0.124,0.031
468,N,0,0.726,C,91.1,-93.6,112.5,111.0,-132.0,8.3,17.6,0.916,0.048,0.036
469,Y,0,0.757,C,65.1,-105.8,132.4,119.8,-165.1,15.6,16.3,0.944,0.007,0.049
470,P,0,0.778,C,47.1,-73.5,125.4,107.2,-121.5,12.8,20.2,0.944,0.010,0.046
471,L,0,0.809,C,24.0,-108.9,137.2,121.7,-156.1,21.1,19.2,0.756,0.012,0.232
472,T,0,0.847,E,35.3,-110.8,137.8,122.4,-153.7,12.8,26.7,0.397,0.005,0.598
473,C,0,0.865,E,4.8,-129.4,145.3,131.8,-172.0,25.1,19.6,0.072,0.000,0.927
474,K,0,0.862,E,59.0,-114.9,131.2,121.6,-154.7,11.7,28.3,0.013,0.000,0.987
475,V,0,0.870,E,4.8,-123.8,136.8,127.6,-169.0,25.6,19.4,0.012,0.000,0.988
476,V,0,0.880,E,40.3,-107.4,127.8,118.4,-157.1,12.2,27.3,0.042,0.000,0.958
477,Y,0,0.874,E,15.2,-135.4,148.4,134.1,-179.8,23.4,19.0,0.176,0.003,0.821
478,S,0,0.846,E,39.6,-95.7,122.3,113.3,-139.7,11.4,26.0,0.474,0.016,0.510
479,Y,0,0.824,C,25.4,-122.0,142.6,126.6,-175.6,23.0,16.8,0.532,0.027,0.441
480,K,0,0.785,C,107.2,-110.4,126.5,118.2,-159.8,6.5,25.6,0.704,0.021,0.275
481,A,0,0.745,C,22.0,-77.4,131.2,112.2,-129.7,21.2,14.1,0.911,0.005,0.084
482,S,0,0.733,C,68.5,-95.5,-9.4,101.4,-177.7,6.1,20.3,0.961,0.002,0.037
483,Q,0,0.731,C,85.6,-123.5,144.1,127.8,45.5,6.8,17.9,0.968,0.000,0.032
484,P,0,0.745,C,86.6,-66.7,-22.6,98.2,-108.9,7.7,16.0,0.977,0.020,0.004
485,D,0,0.763,C,88.1,-90.1,10.0,100.5,49.3,6.1,17.8,0.969,0.024,0.007
486,E,0,0.768,C,62.4,-97.1,138.9,119.8,107.9,11.0,19.5,0.719,0.075,0.206
487,L,0,0.778,C,18.0,-100.2,130.6,118.2,-141.9,23.0,16.6,0.760,0.021,0.219
488,T,0,0.800,C,57.4,-104.3,124.9,116.1,-154.7,9.2,26.4,0.762,0.010,0.228
489,I,0,0.835,C,6.1,-115.4,137.3,125.6,-170.5,25.7,14.2,0.746,0.006,0.248
490,E,0,0.858,C,94.1,-102.9,153.4,125.9,-149.9,4.5,26.5,0.920,0.003,0.076
491,E,0,0.876,C,91.3,-63.5,138.3,110.6,-92.3,12.6,20.3,0.977,0.008,0.015
492,H,0,0.896,C,94.8,81.4,7.1,95.3,20.1,8.9,21.9,0.977,0.009,0.015
493,E,0,0.909,C,28.6,-78.4,145.2,119.4,134.7,18.6,18.5,0.931,0.002,0.066
494,V,0,0.903,E,32.9,-109.9,129.6,120.0,-145.6,13.8,27.2,0.069,0.001,0.930
495,L,0,0.893,E,3.3,-110.5,129.9,121.4,-158.1,26.6,18.9,0.016,0.000,0.983
496,E,0,0.883,E,58.2,-117.0,133.8,123.3,-164.7,10.0,28.3,0.010,0.000,0.990
497,V,0,0.865,E,20.5,-86.0,123.8,112.7,-134.6,21.4,20.3,0.029,0.000,0.970
498,I,0,0.861,E,45.0,-94.0,-21.1,105.2,-178.6,16.5,18.4,0.183,0.006,0.811
499,E,0,0.848,E,75.4,-130.7,143.6,126.9,2.1,11.4,18.5,0.465,0.019,0.516
500,D,0,0.820,C,77.6,-96.0,114.0,111.8,-142.5,10.4,16.7,0.763,0.018,0.219
501,G,0,0.791,C,41.7,51.2,-17.2,105.9,-90.8,8.7,15.7,0.894,0.030,0.075
502,D,0,0.783,C,94.1,-88.5,21.0,104.0,39.5,5.6,16.2,0.871,0.083,0.046
503,M,0,0.790,C,82.3,-77.2,12.2,101.5,178.6,13.3,13.7,0.818,0.154,0.028
504,E,0,0.826,C,117.9,-73.7,-19.6,99.8,101.5,5.2,16.2,0.834,0.148,0.019
505,D,0,0.850,C,73.5,-85.9,4.3,100.4,45.3,8.7,18.2,0.813,0.149,0.039
506,W,0,0.870,C,46.9,-103.2,139.8,120.1,100.1,16.8,17.3,0.595,0.064,0.341
507,V,0,0.877,E,17.7,-116.8,139.0,125.3,-166.5,21.0,20.5,0.201,0.005,0.794
508,K,0,0.866,E,48.2,-101.1,133.0,118.7,-145.6,15.2,26.3,0.044,0.001,0.956
509,A,0,0.850,E,4.7,-136.6,151.1,135.7,-178.6,24.5,20.0,0.027,0.000,0.973
510,R,0,0.832,E,85.2,-109.4,131.4,120.1,-141.2,10.4,25.8,0.031,0.000,0.969
511,N,0,0.806,C,21.2,-86.5,167.3,122.8,-137.0,18.1,15.7,0.895,0.006,0.100
512,K,0,0.784,C,131.3,-68.2,-21.1,93.7,-93.4,5.8,17.5,0.960,0.031,0.009
513,V,0,0.777,C,90.4,-91.2,-1.5,96.3,47.8,4.6,15.2,0.968,0.026,0.007
514,G,0,0.763,C,43.5,88.2,7.0,96.0,-103.6,6.2,15.8,0.988,0.006,0.007
515,Q,0,0.764,C,69.0,-82.0,144.6,119.5,139.4,8.6,17.6,0.931,0.002,0.067
516,V,0,0.774,E,50.5,-105.1,133.4,120.2,-142.2,13.8,22.8,0.118,0.001,0.881
517,G,0,0.792,E,4.1,-164.9,172.7,142.7,156.1,22.3,24.6,0.095,0.000,0.905
518,Y,0,0.813,E,17.3,-115.4,138.8,124.0,-106.7,23.0,26.9,0.123,0.001,0.876
519,V,0,0.842,E,2.9,-110.3,130.1,121.1,-150.8,26.2,25.6,0.350,0.002,0.649
520,P,0,0.847,C,10.3,-69.2,145.1,115.1,-110.3,21.2,25.2,0.538,0.005,0.457
521,E,0,0.859,H,62.4,-64.1,-32.4,93.4,-125.1,16.5,20.8,0.178,0.821,0.001
522,K,0,0.866,H,119.1,-71.1,-23.2,91.8,59.8,5.1,24.0,0.206,0.789,0.005
523,Y,0,0.857,H,25.2,-99.4,-6.9,99.4,43.2,20.1,18.4,0.193,0.800,0.007
524,L,0,0.851,E,5.2,-102.8,134.7,122.1,85.7,26.3,15.4,0.390,0.017,0.593
525,Q,0,0.844,E,82.4,-121.3,138.8,125.7,-167.1,7.8,25.6,0.297,0.006,0.697
526,F,0,0.839,C,53.9,-88.0,129.0,115.1,-131.0,19.2,18.1,0.587,0.007,0.407
527,P,0,0.821,C,30.5,-71.4,151.2,114.3,-111.5,17.5,15.7,0.949,0.003,0.049
528,T,0,0.814,C,75.8,-78.9,145.6,112.4,-109.8,6.2,22.2,0.941,0.040,0.019
529,S,0,0.784,C,48.9,-68.0,-24.3,98.3,-119.0,15.1,13.6,0.612,0.385,0.003
530,N,0,0.778,H,99.4,-72.1,-26.9,97.6,62.1,5.1,17.8,0.370,0.627,0.003
531,S,0,0.781,H,51.5,-70.8,-31.9,98.0,57.7,8.1,17.3,0.299,0.696,0.004
532,L,0,0.792,H,41.1,-68.7,-36.4,95.4,57.5,15.4,15.7,0.214,0.781,0.005
533,L,0,0.804,H,54.6,-67.7,-36.9,95.7,55.1,13.6,17.4,0.187,0.808,0.005
534,S,0,0.814,H,56.3,-68.5,-36.8,96.3,53.8,7.1,20.0,0.208,0.786,0.006
535,M,0,0.819,H,58.0,-69.0,-36.9,95.3,52.5,11.6,19.0,0.187,0.807,0.005
536,L,0,0.826,H,41.2,-70.6,-35.7,96.8,53.3,15.7,17.0,0.192,0.803,0.005
537,Q,0,0.821,H,84.6,-71.3,-32.9,98.0,55.2,9.2,19.2,0.219,0.774,0.007
538,S,0,0.801,H,54.2,-71.6,-32.6,98.0,53.3,7.6,19.1,0.269,0.722,0.009
539,L,0,0.783,H,49.3,-71.3,-34.1,96.6,54.8,13.6,16.5,0.273,0.712,0.015
540,A,0,0.756,H,37.2,-72.1,-27.8,99.1,58.2,12.8,16.6,0.326,0.642,0.031
541,A,0,0.748,H,59.1,-73.0,-25.0,98.0,56.0,7.2,18.4,0.378,0.577,0.045
542,L,0,0.723,C,73.1,-84.2,28.1,105.7,78.4,11.8,13.1,0.513,0.425,0.062
543,D,0,0.708,C,80.8,-86.0,49.8,106.4,108.3,9.1,15.2,0.736,0.213,0.051
544,S,0,0.679,C,68.5,-83.6,26.8,104.7,138.1,7.6,14.4,0.780,0.183,0.037
545,R,0,0.651,C,131.6,-89.3,55.2,106.8,104.7,7.4,14.6,0.799,0.154,0.047
546,S,0,0.637,C,47.9,-90.9,123.4,112.5,155.4,12.5,14.1,0.871,0.079,0.051
547,H,0,0.637,C,91.8,-91.9,80.1,108.9,-157.8,11.1,16.9,0.907,0.053,0.040
548,T,0,0.638,C,73.9,-98.1,110.3,112.0,149.2,8.8,16.4,0.921,0.035,0.044
549,S,0,0.615,C,60.8,-86.2,49.2,107.0,-161.4,10.3,14.6,0.938,0.037,0.026
550,S,0,0.606,C,68.7,-87.4,39.2,106.3,164.9,7.7,14.8,0.937,0.042,0.021
551,N,0,0.610,C,85.7,-92.1,67.0,107.8,111.1,9.0,15.3,0.940,0.044,0.016
552,S,0,0.635,C,58.0,-84.5,50.1,106.9,162.6,10.5,13.3,0.863,0.128,0.009
553,T,0,0.664,C,81.5,-91.9,52.1,108.1,171.5,6.9,15.9,0.765,0.219,0.016
554,E,0,0.699,C,100.3,-84.5,63.9,107.2,142.9,9.2,14.4,0.628,0.354,0.019
555,A,0,0.727,C,63.2,-78.6,-10.7,103.0,131.5,8.8,14.0,0.586,0.387,0.027
556,E,0,0.748,C,113.1,-84.6,16.6,105.5,91.5,6.3,15.4,0.611,0.319,0.070
557,L,0,0.751,C,74.3,-86.6,72.7,107.6,113.2,11.7,15.0,0.648,0.237,0.115
558,V,0,0.737,C,55.6,-95.1,120.6,113.1,152.8,14.3,14.5,0.810,0.081,0.110
559,S,0,0.701,C,63.0,-96.0,120.5,112.5,-163.6,8.7,17.2,0.871,0.060,0.070
560,G,0,0.674,C,37.9,-83.7,62.0,109.8,-136.8,11.3,16.1,0.883,0.064,0.053
561,S,0,0.650,C,61.9,-97.9,123.9,113.6,-143.9,8.3,17.9,0.864,0.065,0.071
562,L,0,0.648,C,60.5,-89.9,89.7,109.0,-157.6,15.6,14.1,0.880,0.061,0.059
563,N,0,0.663,C,99.1,-90.8,60.1,107.0,161.6,6.2,16.0,0.914,0.040,0.045
564,G,0,0.681,C,47.0,74.7,-0.8,106.8,-71.0,6.5,15.1,0.929,0.048,0.023
565,D,0,0.729,C,96.0,-89.7,68.8,107.4,68.2,5.6,15.8,0.905,0.065,0.030
566,A,0,0.763,C,44.2,-93.2,128.0,113.8,-169.6,13.3,15.1,0.882,0.072,0.046
567,S,0,0.810,C,44.4,-100.7,135.8,116.7,-152.1,11.7,20.0,0.843,0.044,0.113
568,V,0,0.857,C,27.3,-106.9,133.9,120.5,-147.7,19.7,19.5,0.619,0.017,0.364
569,C,0,0.904,E,21.0,-109.9,136.6,118.9,-167.0,19.2,22.0,0.389,0.009,0.602
570,F,0,0.929,E,39.2,-115.8,138.2,124.8,-138.5,17.3,26.6,0.082,0.001,0.918
571,V,0,0.933,E,3.5,-131.6,145.2,132.9,-172.2,25.8,22.3,0.008,0.000,0.992
572,K,0,0.915,E,46.4,-110.3,130.4,120.4,-150.0,15.1,28.4,0.006,0.000,0.994
573,A,0,0.899,E,3.8,-94.9,129.1,116.9,-141.0,25.6,21.2,0.019,0.000,0.981
574,L,0,0.890,E,41.8,-89.1,-21.9,100.6,-167.9,17.8,24.2,0.182,0.004,0.815
575,Y,0,0.888,E,22.9,-144.1,149.0,137.1,13.3,21.1,22.8,0.370,0.007,0.623
576,D,0,0.872,C,56.4,-90.2,120.5,112.2,-128.0,13.2,25.9,0.676,0.008,0.316
577,Y,0,0.829,C,23.5,-108.0,130.0,118.8,-168.2,23.6,15.6,0.691,0.015,0.294
578,E,0,0.789,C,106.3,-102.2,104.8,111.5,-165.4,6.3,25.2,0.840,0.006,0.154
579,G,0,0.747,C,12.5,-79.6,142.0,116.3,-139.9,22.1,13.3,0.927,0.005,0.068
580,Q,0,0.765,C,103.6,-95.2,-11.1,102.2,-174.2,6.8,20.8,0.972,0.002,0.026
581,T,0,0.804,C,60.4,-137.1,160.2,135.2,29.2,5.9,20.0,0.945,0.002,0.052
582,D,0,0.844,C,103.2,-69.1,-21.2,96.2,-95.4,5.8,17.0,0.981,0.016,0.003
583,D,0,0.851,C,92.3,-90.8,6.5,100.2,54.3,5.1,19.5,0.966,0.024,0.010
584,E,0,0.837,C,43.0,-86.0,136.2,115.1,104.8,17.0,17.4,0.840,0.056,0.104
585,L,0,0.817,C,15.0,-78.4,44.7,104.7,-119.3,23.7,19.9,0.846,0.024,0.130
586,S,0,0.821,C,30.4,-105.4,123.0,115.8,168.4,14.1,25.8,0.808,0.012,0.180
587,F,0,0.835,C,8.5,-116.1,142.9,127.6,-173.7,25.1,16.6,0.931,0.000,0.068
588,P,0,0.841,C,57.4,-73.0,152.8,118.7,-113.0,6.9,25.6,0.988,0.000,0.012
589,E,0,0.843,C,102.4,-61.9,137.2,110.6,-90.9,10.8,19.9,0.995,0.001,0.005
590,G,0,0.837,C,36.8,88.7,-5.5,93.9,25.6,6.0,21.2,0.996,0.001,0.003
591,A,0,0.865,C,18.4,-77.6,145.3,119.4,130.8,17.6,19.2,0.979,0.000,0.021
592,I,0,0.894,E,38.4,-102.5,125.8,116.8,-139.5,14.7,27.0,0.045,0.000,0.955
593,I,0,0.926,E,4.1,-110.0,128.0,120.4,-159.5,26.2,18.8,0.005,0.000,0.995
594,R,0,0.918,E,80.6,-111.9,128.9,120.0,-161.9,9.9,28.1,0.004,0.000,0.996
595,I,0,0.893,E,19.3,-87.1,123.3,112.7,-138.6,22.4,19.2,0.021,0.000,0.979
596,L,0,0.865,E,50.8,-93.8,-19.4,106.3,-176.9,14.7,18.7,0.275,0.004,0.721
597,N,0,0.829,C,75.8,-125.6,141.8,124.3,-3.0,8.8,19.2,0.611,0.024,0.365
598,K,0,0.803,C,95.5,-93.4,103.5,110.6,-146.5,11.7,14.8,0.798,0.044,0.158
599,E,0,0.770,C,119.2,-85.1,12.3,104.9,164.5,5.9,14.8,0.812,0.085,0.103
600,N,0,0.747,C,103.7,-86.1,28.2,104.9,41.1,5.3,14.0,0.846,0.093,0.062
601,Q,0,0.745,C,108.7,-84.6,27.4,103.9,75.1,7.2,14.1,0.893,0.082,0.025
602,D,0,0.773,C,76.7,-91.4,96.6,109.6,125.5,9.0,13.9,0.845,0.110,0.045
603,D,0,0.787,C,98.1,-80.4,8.4,100.7,-141.6,5.9,15.0,0.846,0.127,0.027
604,D,0,0.790,C,81.5,-88.4,13.6,102.2,86.6,8.0,16.2,0.847,0.121,0.032
605,G,0,0.771,C,26.5,81.4,-1.2,104.0,-84.7,13.6,18.5,0.825,0.076,0.100
606,F,0,0.785,C,47.2,-105.3,139.2,120.1,109.3,14.4,20.5,0.581,0.034,0.385
607,W,0,0.801,E,24.9,-126.4,145.2,130.8,-173.8,21.5,20.2,0.173,0.004,0.823
608,E,0,0.814,E,52.7,-128.3,144.9,130.8,-167.4,11.7,27.4,0.039,0.001,0.961
609,G,0,0.811,E,4.7,-156.8,166.3,142.7,165.5,22.0,20.4,0.023,0.000,0.977
610,E,0,0.808,E,66.9,-123.7,139.5,126.8,-129.5,9.9,25.5,0.011,0.000,0.989
611,F,0,0.787,E,19.0,-126.7,122.2,122.0,-172.3,21.7,14.1,0.037,0.000,0.962
612,S,0,0.767,C,80.7,55.5,39.9,92.5,-12.8,3.9,16.5,0.998,0.001,0.000
613,G,0,0.745,C,62.6,81.6,2.8,93.3,-51.7,1.5,15.0,0.999,0.001,0.000
614,R,0,0.740,E,98.0,-108.8,141.9,126.4,111.1,9.0,14.9,0.044,0.000,0.956
615,I,0,0.756,E,68.9,-92.1,131.0,116.1,-134.2,11.9,21.4,0.027,0.000,0.973
616,G,0,0.770,E,4.2,-167.1,173.6,144.1,146.1,21.6,23.9,0.051,0.000,0.949
617,V,0,0.803,E,8.5,-106.4,135.4,120.8,-91.1,23.7,26.8,0.093,0.000,0.907
618,F,0,0.830,E,4.9,-119.4,137.9,126.3,-164.4,25.5,26.9,0.440,0.002,0.558
619,P,0,0.830,C,9.3,-69.3,145.2,114.7,-104.8,21.8,25.3,0.657,0.062,0.281
620,S,0,0.832,H,29.9,-65.0,-30.4,94.1,-125.0,18.1,21.5,0.264,0.731,0.005
621,V,0,0.823,H,68.7,-70.4,-23.5,92.5,60.1,8.9,23.8,0.254,0.731,0.015
622,L,0,0.831,H,9.6,-89.0,-15.9,97.8,47.7,22.3,18.7,0.240,0.705,0.055
623,V,0,0.842,E,6.1,-109.5,134.6,123.4,71.1,25.5,16.1,0.248,0.021,0.730
624,E,0,0.833,E,83.7,-113.4,138.5,123.2,-170.3,9.4,22.7,0.196,0.015,0.790
625,E,0,0.804,E,88.0,-74.2,127.6,110.4,-113.0,12.7,18.9,0.325,0.035,0.640
626,L,0,0.771,C,53.8,-87.3,-8.2,105.0,-159.1,15.8,12.7,0.733,0.042,0.225
627,S,0,0.727,C,66.0,-96.6,133.2,113.3,-132.1,6.6,15.3,0.871,0.020,0.109
628,A,0,0.694,C,70.1,-73.6,-21.7,100.9,-139.2,7.0,12.1,0.896,0.062,0.042
629,S,0,0.662,C,74.8,-77.9,-17.9,101.1,62.2,4.1,12.3,0.891,0.080,0.029
630,E,0,0.638,C,118.2,-76.3,-16.9,99.2,61.3,5.0,12.0,0.874,0.110,0.016
631,N,0,0.608,C,101.1,-86.0,5.3,101.2,55.3,5.1,11.5,0.901,0.088,0.011
632,G,0,0.613,C,51.4,76.4,-1.0,102.9,-91.1,4.2,13.3,0.947,0.041,0.012
633,D,0,0.657,C,103.7,-87.2,82.9,107.6,98.9,3.8,11.7,0.973,0.016,0.011
634,T,0,0.689,C,70.2,-92.5,134.9,116.7,-161.1,8.5,11.6,0.979,0.010,0.011
635,P,0,0.706,C,77.6,-69.1,132.1,105.4,-109.4,7.5,15.7,0.956,0.039,0.004
636,W,0,0.730,C,105.2,-82.0,31.9,105.3,-142.1,13.7,12.4,0.846,0.143,0.011
637,T,0,0.755,C,74.1,-88.1,69.0,108.1,104.2,7.8,13.9,0.787,0.188,0.025
638,R,0,0.771,C,140.7,-74.6,-21.4,100.2,143.6,6.1,12.1,0.790,0.185,0.026
639,E,0,0.771,C,122.7,-79.1,-10.0,101.6,71.3,4.2,12.5,0.832,0.142,0.026
640,I,0,0.748,C,84.0,-85.8,41.1,106.1,86.1,10.9,9.6,0.892,0.072,0.036
641,Q,0,0.725,C,118.4,-89.3,106.8,109.6,127.4,4.8,12.5,0.962,0.010,0.028
642,I,0,0.680,C,93.2,-94.6,132.3,115.6,-171.3,8.8,10.9,0.981,0.001,0.019
643,S,0,0.632,C,71.2,-86.9,145.3,118.2,-121.1,4.6,13.5,0.993,0.000,0.007
644,P,0,0.573,C,82.8,-68.3,150.6,112.3,-96.0,7.2,13.0,0.997,0.000,0.003
645,S,0,0.540,C,71.3,-77.2,149.4,116.0,-102.7,5.3,12.9,0.997,0.000,0.003
646,P,0,0.518,C,82.9,-69.7,150.4,110.8,-96.2,7.6,12.6,0.998,0.000,0.002
647,K,0,0.521,C,139.4,-82.9,139.5,114.9,-107.3,3.8,13.6,0.998,0.000,0.002
648,P,0,0.545,C,78.9,-67.4,150.3,111.2,-98.9,8.7,11.4,0.997,0.002,0.001
649,H,0,0.561,C,137.4,-80.5,140.6,112.1,-101.5,4.4,12.2,0.994,0.003,0.003
650,T,0,0.578,C,101.3,-83.2,125.1,109.3,-113.0,4.5,10.1,0.990,0.005,0.005
651,S,0,0.592,C,82.6,-87.3,129.9,111.0,-126.9,4.1,10.8,0.992,0.002,0.005
652,L,0,0.605,C,104.1,-91.4,135.0,116.8,-120.7,6.0,11.8,0.996,0.000,0.003
653,P,0,0.611,C,73.7,-67.9,154.4,115.0,-100.5,7.2,12.4,0.999,0.000,0.000
654,P,0,0.611,C,91.9,-68.6,150.6,113.0,-93.6,4.4,13.9,0.998,0.001,0.001
655,L,0,0.614,C,92.8,-77.5,145.3,114.5,-107.2,8.2,12.6,0.995,0.002,0.003
656,P,0,0.610,C,78.7,-67.0,153.6,107.0,-99.4,7.4,13.4,0.984,0.014,0.002
657,L,0,0.618,C,113.6,-70.7,-22.6,98.6,-101.0,4.8,13.1,0.973,0.020,0.007
658,Y,0,0.617,C,135.4,-84.8,1.4,101.3,59.5,6.7,9.5,0.972,0.017,0.011
659,D,0,0.611,C,107.7,-82.9,6.3,102.2,70.9,3.0,11.7,0.988,0.008,0.004
660,Q,0,0.576,C,111.0,-95.5,137.1,118.2,124.5,4.9,11.5,0.996,0.000,0.003
661,P,0,0.542,C,77.8,-69.8,152.6,115.1,-101.0,7.1,12.1,0.999,0.000,0.001
662,P,0,0.509,C,83.6,-67.3,148.3,110.4,-97.2,7.1,13.1,0.998,0.001,0.001
663,S,0,0.491,C,86.4,-82.1,10.8,103.9,-120.3,3.8,12.6,0.993,0.002,0.004
664,S,0,0.495,C,62.7,-100.9,139.8,120.7,127.1,6.1,11.7,0.993,0.001,0.006
665,P,0,0.507,C,85.6,-68.2,20.5,102.1,-104.3,7.0,14.3,0.996,0.002,0.003
666,Y,0,0.521,C,121.8,-99.3,132.5,118.0,178.2,8.3,13.4,0.996,0.000,0.004
667,P,0,0.527,C,71.3,-73.4,149.9,113.4,-116.2,8.1,15.9,0.998,0.001,0.002
668,S,0,0.527,C,47.7,-76.8,146.7,115.9,-111.9,9.8,14.6,0.995,0.002,0.003
669,P,0,0.539,C,70.9,-65.5,-23.2,95.4,-110.8,11.2,13.2,0.947,0.052,0.001
670,D,0,0.571,C,103.2,-78.8,-6.8,97.9,58.1,3.8,14.1,0.930,0.066,0.004
671,K,0,0.582,C,128.5,-82.7,4.3,103.4,76.9,4.4,11.7,0.916,0.076,0.008
672,R,0,0.578,C,143.1,-86.2,50.3,106.3,106.6,5.6,11.8,0.956,0.036,0.008
673,S,0,0.587,C,61.3,-89.7,130.8,111.4,143.0,6.9,11.3,0.930,0.062,0.008
674,S,0,0.590,C,72.9,-73.1,-17.0,98.3,-146.6,6.0,12.3,0.861,0.132,0.007
675,Q,0,0.603,C,113.2,-76.5,-19.3,99.1,68.0,4.4,13.0,0.880,0.112,0.007
676,F,0,0.620,C,104.5,-87.9,14.8,104.4,66.4,8.4,12.0,0.912,0.072,0.016
677,F,0,0.625,C,97.0,-99.5,128.8,117.2,113.5,9.1,11.6,0.984,0.004,0.012
678,P,0,0.608,C,75.8,-70.9,146.7,110.0,-111.5,8.6,13.6,0.993,0.003,0.004
679,R,0,0.588,C,147.9,-91.3,137.5,115.4,-121.9,5.3,14.4,0.989,0.002,0.009
680,S,0,0.565,C,51.2,-76.9,145.9,115.4,-111.5,10.1,12.2,0.989,0.005,0.006
681,P,0,0.547,C,82.2,-66.1,-23.2,95.7,-113.4,7.8,13.4,0.937,0.061,0.002
682,S,0,0.537,C,59.0,-77.6,-13.3,102.0,71.2,7.3,11.3,0.879,0.113,0.007
683,A,0,0.525,C,69.5,-70.6,-25.4,95.9,63.6,4.4,12.6,0.868,0.126,0.006
684,N,0,0.527,C,86.6,-84.7,2.7,102.3,59.9,6.2,11.1,0.892,0.099,0.009
685,E,0,0.539,C,115.9,-70.4,-25.0,97.5,84.2,5.2,11.4,0.836,0.157,0.006
686,N,0,0.556,C,103.0,-79.9,-9.6,98.5,56.7,4.2,12.7,0.851,0.142,0.007
687,S,0,0.571,C,65.1,-72.2,-23.0,98.3,72.8,6.0,11.5,0.807,0.178,0.014
688,L,0,0.592,C,93.3,-74.2,-24.5,97.3,63.4,6.5,11.7,0.809,0.174,0.017
689,H,0,0.607,C,90.8,-83.2,-7.2,101.0,62.0,9.3,11.2,0.827,0.152,0.021
690,A,0,0.625,C,70.6,-69.9,-25.8,96.9,76.5,5.2,11.5,0.889,0.101,0.010
691,E,0,0.616,C,134.9,-81.6,-8.5,100.0,60.7,2.6,12.7,0.944,0.043,0.013
692,S,0,0.590,C,48.7,-93.7,122.1,114.1,101.9,10.3,9.7,0.979,0.005,0.015
693,P,0,0.573,C,77.5,-68.7,-18.7,98.9,-145.3,8.2,13.7,0.963,0.033,0.004
694,G,0,0.564,C,42.2,75.2,-64.3,108.0,-67.6,6.1,14.2,0.935,0.053,0.012
695,F,0,0.570,C,102.7,-86.4,16.0,104.8,52.2,10.2,11.2,0.892,0.092,0.016
696,S,0,0.575,C,75.9,-74.8,-18.2,99.0,82.8,4.1,13.3,0.917,0.077,0.007
697,Q,0,0.576,C,118.4,-82.9,-3.4,102.4,67.9,3.8,12.4,0.931,0.063,0.006
698,A,0,0.567,C,66.8,-83.9,118.3,109.4,119.1,6.2,11.0,0.936,0.057,0.007
699,S,0,0.563,C,62.9,-79.9,136.1,110.7,-114.6,7.9,12.4,0.941,0.049,0.010
700,R,0,0.556,C,145.5,-78.6,-9.0,100.6,-142.1,5.9,11.9,0.962,0.027,0.011
701,Q,0,0.555,C,120.2,-93.4,132.7,113.8,95.0,3.8,11.8,0.982,0.004,0.015
702,T,0,0.575,C,70.6,-92.7,130.5,115.4,-125.0,7.6,11.9,0.995,0.001,0.005
703,P,0,0.583,C,82.3,-64.2,-25.2,95.9,-121.4,7.9,10.9,0.982,0.015,0.002
704,D,0,0.604,C,116.6,-79.3,-6.7,99.0,59.3,1.9,10.9,0.968,0.026,0.006
705,T,0,0.613,C,94.9,-80.5,-10.7,100.9,70.6,3.5,10.0,0.952,0.036,0.011
706,S,0,0.610,C,75.2,-80.7,-6.5,101.8,71.0,4.4,10.4,0.950,0.040,0.010
707,Y,0,0.609,C,139.1,-81.6,-3.7,101.3,72.6,6.4,10.3,0.941,0.049,0.011
708,G,0,0.608,C,47.1,-45.8,-15.8,102.3,37.9,5.4,12.8,0.948,0.036,0.016
709,K,0,0.630,C,135.1,-88.2,67.3,107.6,90.6,3.4,11.3,0.942,0.025,0.033
710,L,0,0.652,C,99.6,-87.7,130.7,113.5,-163.4,6.9,10.3,0.942,0.008,0.050
711,R,0,0.668,C,131.8,-99.0,139.2,120.0,-142.0,6.2,11.8,0.981,0.001,0.019
712,P,0,0.668,C,83.0,-67.4,150.1,112.3,-97.5,5.8,13.0,0.989,0.003,0.008
713,V,0,0.663,C,96.8,-86.2,135.2,113.2,-121.1,6.8,11.8,0.969,0.003,0.028
714,R,0,0.637,C,139.1,-95.3,143.0,119.3,-142.2,5.5,10.9,0.987,0.000,0.013
715,A,0,0.615,C,78.3,-71.9,151.6,115.0,-99.3,3.5,12.1,0.996,0.000,0.004
716,A,0,0.594,C,70.2,-73.1,150.7,115.0,-98.5,6.2,11.2,0.999,0.000,0.001
717,P,0,0.572,C,94.6,-71.4,155.9,115.9,-91.2,3.8,11.9,0.999,0.000,0.001
718,P,0,0.560,C,99.8,-70.6,153.0,115.0,-89.8,3.5,12.0,0.999,0.000,0.000
719,P,0,0.549,C,87.9,-69.6,153.6,114.8,-95.5,5.7,11.3,0.999,0.000,0.000
720,P,0,0.544,C,89.6,-69.0,150.1,110.8,-93.0,5.7,11.9,0.997,0.002,0.001
721,T,0,0.558,C,108.9,-77.8,111.5,106.4,-99.3,2.9,11.8,0.976,0.020,0.004
722,Q,0,0.575,C,132.8,-85.4,77.0,107.1,-128.9,3.6,9.5,0.960,0.030,0.010
723,N,0,0.596,C,109.5,-89.7,115.9,110.3,166.0,4.0,9.4,0.978,0.015,0.006
724,H,0,0.627,C,136.8,-78.0,-8.8,102.1,-148.2,3.9,10.1,0.957,0.033,0.010
725,R,0,0.657,C,147.3,-83.5,23.5,105.1,88.1,4.7,10.0,0.972,0.017,0.011
726,R,0,0.680,C,144.6,-94.7,133.3,115.2,172.1,4.8,10.8,0.965,0.019,0.016
727,T,0,0.694,C,93.5,-83.0,136.3,113.0,-119.4,5.3,10.6,0.961,0.027,0.011
728,T,0,0.689,C,94.7,-88.4,124.6,110.9,-131.4,5.7,9.6,0.902,0.078,0.019
729,E,0,0.681,C,148.8,-88.0,65.8,106.8,-144.3,2.7,9.8,0.899,0.085,0.017
730,K,0,0.671,C,141.6,-92.5,129.4,113.8,168.9,4.0,9.0,0.866,0.097,0.037
731,M,0,0.675,C,124.8,-96.9,128.3,114.4,-152.3,5.6,9.0,0.848,0.110,0.042
732,E,0,0.687,C,129.6,-100.2,133.2,116.5,-162.8,5.0,10.1,0.767,0.161,0.072
733,D,0,0.700,C,104.1,-96.4,131.2,115.6,-148.7,4.7,10.8,0.755,0.141,0.104
734,V,0,0.704,C,86.2,-111.2,138.8,121.8,-168.4,7.4,10.3,0.748,0.065,0.187
735,E,0,0.699,C,132.6,-106.6,134.5,120.0,-148.5,3.6,14.2,0.629,0.083,0.288
736,I,0,0.662,C,67.9,-109.0,131.9,120.0,-156.0,12.1,8.4,0.734,0.019,0.246
737,T,0,0.612,C,94.2,-113.8,135.1,120.8,-161.8,3.3,15.2,0.724,0.027,0.249
738,L,0,0.561,C,88.4,-93.0,116.2,111.3,-145.8,12.0,10.1,0.823,0.005,0.172
739,V,0,0.528,C,112.9,-110.5,131.1,117.9,-176.3,5.2,10.1,0.962,0.000,0.038
