"Q571K4, [411, 412, 413]",SEQ,positive,flexibility,SS,ASA,Phi,Psi,Theta(i-1=>i+1),Tau(i-2=>i+2),HSE_alpha_up,HSE_alpha_down,P(C),P(H),P(E)
0,M,0,0.440,C,155.0,-93.4,132.0,114.0,156.2,3.4,4.9,0.992,0.005,0.003
1,A,0,0.427,C,91.6,-90.8,132.2,113.6,-153.4,3.2,6.1,0.951,0.012,0.037
2,Q,0,0.445,C,134.8,-92.9,128.5,113.2,-154.8,4.0,6.8,0.934,0.002,0.064
3,N,0,0.483,C,119.9,-86.4,109.9,108.6,-127.8,3.9,10.2,0.974,0.002,0.024
4,S,0,0.522,C,79.2,-93.3,127.0,113.5,-140.8,4.7,9.9,0.978,0.010,0.012
5,P,0,0.560,C,90.4,-72.6,118.0,105.9,-114.9,6.1,12.9,0.939,0.055,0.006
6,Q,0,0.610,C,100.4,-88.2,95.6,108.7,-156.5,8.2,15.3,0.889,0.065,0.046
7,L,0,0.669,C,44.0,-95.5,133.5,117.8,-174.5,18.1,12.7,0.862,0.051,0.087
8,D,0,0.720,C,66.9,-92.5,113.9,110.5,-140.2,8.5,19.7,0.900,0.087,0.013
9,I,0,0.749,H,68.7,-66.0,-31.7,95.3,-154.8,14.4,15.5,0.186,0.813,0.001
10,Q,0,0.765,H,107.5,-65.6,-37.3,92.8,56.2,3.8,20.4,0.084,0.915,0.000
11,V,0,0.774,H,27.8,-66.1,-41.3,93.9,51.4,14.5,17.8,0.016,0.984,0.000
12,L,0,0.797,H,16.5,-62.9,-42.1,92.9,52.3,21.0,16.6,0.004,0.996,0.000
13,H,0,0.815,H,95.8,-64.1,-39.7,92.6,52.7,6.5,21.5,0.004,0.996,0.000
14,D,0,0.810,H,69.4,-66.4,-39.5,92.7,49.9,4.8,21.8,0.006,0.994,0.000
15,L,0,0.791,H,13.1,-66.1,-42.1,93.6,50.0,19.5,15.5,0.011,0.989,0.000
16,R,0,0.773,H,86.6,-64.8,-37.6,92.7,52.7,14.1,16.3,0.060,0.940,0.000
17,Q,0,0.772,H,125.3,-67.8,-32.9,92.0,52.1,2.1,19.0,0.217,0.783,0.000
18,R,0,0.761,H,116.6,-74.6,-29.1,94.0,49.5,6.5,17.4,0.492,0.507,0.001
19,F,0,0.766,C,26.9,-126.6,69.4,111.3,29.7,18.3,10.4,0.995,0.002,0.003
20,P,0,0.757,C,89.6,-66.9,-25.0,93.2,172.9,5.7,15.2,0.996,0.004,0.001
21,E,0,0.753,C,113.6,-83.7,-8.4,95.0,59.4,4.8,19.7,0.994,0.003,0.003
22,I,0,0.750,C,10.4,-89.9,129.6,116.8,97.6,24.8,9.9,0.995,0.000,0.005
23,P,0,0.737,C,47.3,-67.8,148.2,115.4,-110.2,7.6,22.3,0.996,0.004,0.000
24,E,0,0.740,H,84.4,-59.8,-37.2,92.5,-120.5,15.3,15.7,0.087,0.913,0.000
25,G,0,0.746,H,43.0,-65.0,-35.9,92.2,54.7,4.2,21.8,0.089,0.911,0.000
26,V,0,0.769,H,29.0,-67.0,-40.4,94.1,51.3,13.9,19.1,0.023,0.977,0.000
27,V,0,0.806,H,5.0,-64.3,-42.8,93.7,51.0,25.2,18.6,0.007,0.993,0.000
28,S,0,0.832,H,24.9,-62.6,-41.7,93.0,53.0,16.1,22.4,0.006,0.993,0.000
29,Q,0,0.849,H,92.4,-65.2,-39.9,92.2,50.0,4.4,25.7,0.004,0.996,0.000
30,C,0,0.851,H,15.8,-66.4,-42.1,93.7,49.5,16.4,20.5,0.005,0.995,0.000
31,M,0,0.831,H,9.7,-65.5,-41.4,93.9,50.5,24.0,17.9,0.010,0.990,0.000
32,L,0,0.816,H,78.7,-66.6,-36.8,93.4,51.3,10.6,19.8,0.050,0.950,0.000
33,Q,0,0.790,H,102.8,-72.4,-33.0,94.1,49.3,5.0,20.6,0.254,0.746,0.000
34,N,0,0.781,C,48.1,-102.4,6.7,101.5,36.5,14.3,14.4,0.755,0.244,0.001
35,N,0,0.765,C,95.6,58.9,32.8,96.9,-117.7,7.1,21.0,0.961,0.038,0.001
36,N,0,0.773,C,40.3,-71.6,43.5,103.1,-154.8,17.8,17.6,0.984,0.015,0.001
37,N,0,0.784,C,57.2,-100.2,97.9,109.7,161.8,10.8,22.0,0.976,0.023,0.001
38,L,0,0.804,H,37.8,-62.7,-37.1,93.6,-162.9,21.3,17.4,0.043,0.957,0.000
39,E,0,0.838,H,111.5,-63.4,-39.4,91.4,54.7,4.2,23.6,0.013,0.987,0.000
40,A,0,0.866,H,27.8,-66.0,-41.1,93.2,50.5,10.2,22.4,0.004,0.996,0.000
41,C,0,0.879,H,4.0,-63.7,-43.7,93.4,51.2,24.9,18.7,0.005,0.995,0.000
42,C,0,0.882,H,21.0,-61.7,-42.5,92.4,52.4,18.0,22.1,0.005,0.995,0.000
43,R,0,0.845,H,126.7,-64.3,-39.8,91.5,50.4,3.4,26.7,0.005,0.995,0.000
44,A,0,0.808,H,17.5,-66.3,-41.7,93.4,49.8,14.4,21.1,0.010,0.990,0.000
45,L,0,0.776,H,6.1,-66.2,-41.3,94.2,51.1,24.9,17.6,0.044,0.956,0.000
46,S,0,0.759,H,53.9,-68.1,-32.8,93.7,54.5,10.9,20.3,0.272,0.726,0.002
47,Q,0,0.756,H,101.1,-72.1,-28.8,94.3,52.2,5.6,21.5,0.405,0.587,0.008
48,E,0,0.742,C,59.2,-81.6,-25.4,98.2,49.0,13.3,17.6,0.507,0.469,0.024
49,S,0,0.736,C,20.7,-97.7,125.2,115.8,78.8,19.6,13.2,0.921,0.059,0.020
50,S,0,0.733,C,66.3,-69.8,-24.4,95.6,-162.9,7.1,17.6,0.771,0.224,0.005
51,K,0,0.746,C,111.4,-68.4,-33.5,94.5,56.7,5.5,17.7,0.687,0.302,0.011
52,Y,0,0.769,C,76.4,-74.3,-27.9,95.5,52.7,13.3,14.4,0.610,0.374,0.016
53,L,0,0.777,C,53.5,-74.4,-27.1,96.3,53.6,13.6,15.8,0.632,0.327,0.041
54,Y,0,0.782,C,92.5,-82.0,-10.3,100.9,58.7,12.4,14.6,0.695,0.282,0.023
55,M,0,0.784,C,92.9,-81.0,14.8,105.0,79.6,9.2,14.0,0.780,0.191,0.030
56,E,0,0.774,C,117.6,-80.4,9.1,103.5,76.3,5.4,14.7,0.828,0.141,0.031
57,Y,0,0.770,C,105.1,-90.3,92.9,109.3,113.2,11.2,12.7,0.910,0.068,0.022
58,H,0,0.759,C,106.5,-92.3,107.8,110.6,148.7,8.7,13.7,0.962,0.015,0.023
59,S,0,0.747,C,53.5,-90.5,133.1,115.3,-136.5,8.2,14.7,0.982,0.005,0.013
60,P,0,0.731,C,80.6,-62.8,-27.0,93.9,-127.7,8.1,12.6,0.820,0.178,0.002
61,E,0,0.727,C,119.0,-71.3,-27.6,96.0,59.5,4.0,14.5,0.742,0.251,0.006
62,D,0,0.728,C,69.8,-73.7,-25.6,97.8,59.3,8.9,13.8,0.686,0.304,0.010
63,N,0,0.720,C,88.5,-69.0,-28.5,95.1,59.2,6.8,15.5,0.704,0.284,0.011
64,R,0,0.714,C,127.1,-71.5,-28.1,95.6,56.3,5.8,16.0,0.693,0.289,0.019
65,M,0,0.715,C,76.4,-81.5,-6.8,101.6,63.5,12.1,14.0,0.684,0.288,0.028
66,N,0,0.727,C,88.1,-79.1,10.0,101.5,73.1,8.7,16.0,0.746,0.226,0.028
67,R,0,0.742,C,110.0,-84.7,6.0,102.5,71.4,10.5,16.5,0.776,0.196,0.029
68,N,0,0.759,C,53.7,-90.8,65.8,107.0,85.8,14.1,16.4,0.844,0.128,0.028
69,R,0,0.772,C,90.1,-95.9,68.2,107.9,160.3,11.3,20.1,0.781,0.140,0.079
70,L,0,0.775,C,41.7,-87.5,43.5,106.5,149.2,15.9,17.9,0.688,0.171,0.141
71,L,0,0.779,C,55.0,-88.2,-4.1,104.1,97.4,14.0,18.6,0.551,0.198,0.251
72,H,0,0.778,E,73.3,-94.9,98.8,111.1,83.8,10.6,19.7,0.427,0.136,0.437
73,I,0,0.768,E,41.6,-89.7,92.4,109.7,-170.6,17.0,17.0,0.444,0.072,0.484
74,N,0,0.736,C,53.1,-92.2,62.6,108.9,132.9,11.0,19.5,0.557,0.042,0.400
75,L,0,0.705,C,42.1,-88.0,-2.9,101.5,172.4,18.0,15.7,0.842,0.036,0.121
76,G,0,0.676,C,38.1,82.1,15.4,105.9,-106.7,9.1,18.7,0.875,0.014,0.111
77,I,0,0.664,C,69.6,-93.6,89.4,109.5,137.5,13.0,13.0,0.813,0.016,0.171
78,H,0,0.644,C,111.7,-96.9,128.2,114.3,-162.0,7.6,14.3,0.837,0.004,0.159
79,S,0,0.635,C,54.0,-97.9,128.4,115.8,-146.6,9.4,14.1,0.943,0.001,0.056
80,P,0,0.602,C,91.4,-67.7,-17.9,99.7,-131.8,6.2,11.9,0.961,0.025,0.014
81,S,0,0.580,C,79.2,-85.0,7.3,103.3,67.8,3.9,12.6,0.955,0.018,0.027
82,S,0,0.566,C,69.5,-88.7,107.1,109.6,98.5,5.9,12.3,0.905,0.006,0.089
83,Y,0,0.558,C,133.7,-97.0,131.8,116.0,-158.5,6.9,13.3,0.874,0.007,0.119
84,H,0,0.568,C,83.9,-89.2,139.3,116.6,-128.4,10.1,11.3,0.872,0.009,0.118
85,P,0,0.569,C,94.2,-70.4,130.5,106.6,-112.6,4.8,14.3,0.899,0.065,0.036
86,G,0,0.560,C,50.2,67.0,-26.8,107.4,24.3,3.8,13.1,0.849,0.094,0.057
87,D,0,0.566,C,91.2,-89.3,62.9,107.0,74.0,5.1,13.7,0.798,0.134,0.068
88,G,0,0.574,C,42.5,-59.2,-22.8,96.0,-124.2,8.5,9.9,0.780,0.167,0.054
89,A,0,0.587,C,72.2,-69.9,-31.4,95.4,60.8,3.3,13.4,0.736,0.200,0.064
90,H,0,0.590,C,103.9,-75.2,-29.2,101.4,62.5,5.9,14.1,0.677,0.195,0.128
91,L,0,0.589,C,88.1,-74.3,-21.8,98.2,56.5,8.0,14.2,0.739,0.169,0.092
92,N,0,0.571,C,92.5,-63.6,14.7,98.9,20.0,7.5,14.8,0.863,0.090,0.047
93,G,0,0.572,C,44.1,84.3,1.9,105.8,-95.6,5.9,15.7,0.900,0.037,0.063
94,G,0,0.590,C,31.2,-154.7,170.7,125.1,178.5,11.0,17.0,0.847,0.037,0.117
95,R,0,0.621,C,90.3,-112.9,139.0,122.4,-149.9,12.6,17.6,0.836,0.029,0.135
96,T,0,0.649,C,69.4,-92.9,138.2,116.5,-136.5,9.0,21.0,0.763,0.026,0.211
97,L,0,0.662,C,39.1,-93.8,133.5,116.9,-137.1,18.9,14.6,0.732,0.025,0.242
98,V,0,0.666,C,68.3,-109.9,141.7,121.7,-163.6,9.1,21.1,0.648,0.021,0.331
99,H,0,0.659,C,67.1,-86.4,132.3,111.8,-135.3,14.1,15.5,0.693,0.021,0.286
100,S,0,0.633,C,55.2,-75.5,-11.9,101.3,-136.3,11.9,15.4,0.771,0.028,0.200
101,S,0,0.609,C,73.0,-85.3,-5.9,99.2,70.8,5.0,17.0,0.854,0.043,0.103
102,S,0,0.583,C,40.0,-89.4,141.3,116.8,99.3,13.4,9.9,0.857,0.041,0.102
103,D,0,0.575,C,107.3,-83.8,2.0,101.7,-144.5,4.0,15.6,0.936,0.036,0.028
104,G,0,0.568,C,37.5,136.1,177.6,117.1,-21.4,8.1,15.6,0.915,0.031,0.055
105,H,0,0.608,C,108.9,-91.8,114.7,111.1,-103.4,7.5,15.5,0.854,0.039,0.107
106,I,0,0.641,C,76.2,-90.0,117.5,111.2,-169.2,12.5,11.6,0.808,0.026,0.165
107,D,0,0.687,C,83.9,-96.3,113.6,112.0,-151.2,6.1,15.5,0.889,0.012,0.099
108,P,0,0.695,C,78.7,-67.9,-2.9,102.4,-145.2,9.6,11.6,0.873,0.084,0.043
109,Q,0,0.697,C,115.1,-84.7,31.1,105.2,98.7,5.4,12.7,0.862,0.067,0.071
110,H,0,0.698,C,103.9,-90.8,124.8,112.6,141.6,8.5,10.7,0.863,0.047,0.090
111,T,0,0.712,C,80.6,-82.4,100.1,107.7,-146.3,7.0,12.7,0.893,0.054,0.053
112,A,0,0.715,C,69.2,-75.7,-6.4,101.2,-142.4,7.2,12.2,0.910,0.060,0.030
113,G,0,0.723,C,52.9,29.1,-0.3,103.9,13.1,3.8,12.5,0.912,0.060,0.028
114,K,0,0.753,C,141.1,-86.8,22.4,104.9,78.0,3.4,10.6,0.874,0.095,0.031
115,Q,0,0.790,C,123.9,-87.5,78.2,107.3,94.4,4.0,9.6,0.860,0.097,0.043
116,L,0,0.826,C,95.6,-91.8,120.6,112.0,177.7,7.9,12.1,0.858,0.095,0.047
117,I,0,0.842,C,94.6,-97.8,129.0,115.1,-168.6,7.8,12.7,0.767,0.143,0.090
118,C,0,0.844,C,71.9,-102.8,133.1,117.5,-157.4,7.4,15.2,0.785,0.090,0.125
119,L,0,0.805,C,59.5,-95.8,133.2,117.7,-143.9,14.6,10.5,0.791,0.047,0.162
120,V,0,0.782,C,87.1,-109.0,133.9,120.4,-159.0,5.9,17.0,0.777,0.014,0.209
121,Q,0,0.764,C,98.2,-81.8,137.1,114.6,-120.1,10.4,14.9,0.923,0.001,0.076
122,E,0,0.749,C,59.8,-86.3,135.9,116.8,-123.8,14.7,11.2,0.954,0.000,0.045
123,P,0,0.721,C,67.8,-68.1,143.9,109.2,-105.1,8.7,15.8,0.981,0.002,0.018
124,H,0,0.719,C,116.9,-73.2,-16.8,98.0,-134.2,8.5,14.0,0.963,0.003,0.034
125,S,0,0.714,C,67.5,-83.0,-4.2,101.8,75.9,6.6,15.9,0.941,0.004,0.055
126,A,0,0.719,C,40.4,-91.0,137.2,117.7,127.8,13.2,13.7,0.957,0.009,0.034
127,P,0,0.721,C,51.3,-70.6,144.8,112.0,-97.8,13.5,16.0,0.951,0.032,0.017
128,A,0,0.744,C,51.6,-80.5,137.4,113.4,-118.5,11.4,17.0,0.826,0.062,0.112
129,V,0,0.751,C,73.8,-106.3,132.6,118.8,-152.8,10.9,17.4,0.658,0.039,0.303
130,V,0,0.745,C,51.5,-111.7,137.4,122.5,-165.2,13.5,15.6,0.856,0.010,0.134
131,A,0,0.743,C,66.4,-76.1,140.6,113.5,-110.4,6.5,19.3,0.945,0.004,0.052
132,A,0,0.721,C,40.0,-81.7,144.2,115.3,-121.4,16.2,12.8,0.967,0.002,0.031
133,T,0,0.713,C,70.3,-82.2,143.4,115.0,-115.5,8.0,17.2,0.967,0.002,0.031
134,P,0,0.698,C,84.5,-66.3,-25.0,98.2,-110.5,8.6,14.4,0.943,0.050,0.008
135,N,0,0.701,C,99.4,-81.3,4.8,100.5,53.3,5.5,16.9,0.937,0.046,0.017
136,Y,0,0.715,C,63.3,-88.6,35.5,106.3,85.5,14.6,15.3,0.878,0.050,0.072
137,N,0,0.738,C,40.1,-96.0,120.5,113.4,167.8,13.6,17.8,0.923,0.024,0.053
138,P,0,0.742,C,54.9,-68.3,-26.8,96.4,-142.5,12.3,16.5,0.763,0.208,0.029
139,F,0,0.753,C,69.5,-71.6,-28.8,94.6,56.9,13.2,14.4,0.679,0.256,0.065
140,F,0,0.759,C,92.1,-69.0,-32.3,94.8,55.2,9.6,15.8,0.685,0.247,0.067
141,M,0,0.750,C,90.9,-70.0,-31.3,95.6,57.4,7.7,14.9,0.763,0.182,0.055
142,N,0,0.727,C,78.3,-80.3,-14.7,99.8,59.5,8.1,12.9,0.815,0.140,0.045
143,E,0,0.696,C,109.6,-74.7,-18.6,98.6,74.0,6.3,12.7,0.820,0.155,0.025
144,Q,0,0.671,C,111.3,-83.1,-4.2,102.8,71.3,4.8,11.5,0.816,0.153,0.031
145,N,0,0.653,C,88.5,-95.6,109.1,111.5,85.4,6.2,12.9,0.835,0.124,0.041
146,R,0,0.635,C,127.0,-73.1,-18.9,98.2,173.1,7.7,10.8,0.829,0.141,0.030
147,S,0,0.609,C,78.1,-80.7,-10.5,100.6,69.8,3.4,12.3,0.862,0.110,0.029
148,A,0,0.590,C,67.6,-79.1,-13.3,101.0,72.7,6.0,10.7,0.924,0.054,0.023
149,A,0,0.570,C,72.4,-85.2,119.7,110.1,120.1,5.3,10.1,0.962,0.008,0.030
150,T,0,0.559,C,84.6,-96.5,132.2,117.2,-140.0,5.3,13.2,0.963,0.001,0.036
151,P,0,0.535,C,72.3,-68.6,150.3,113.2,-103.3,9.4,11.4,0.988,0.000,0.012
152,P,0,0.509,C,89.7,-66.9,150.3,111.8,-97.6,4.4,13.3,0.990,0.002,0.008
153,S,0,0.497,C,75.0,-74.6,140.5,109.8,-98.8,5.8,12.5,0.980,0.002,0.018
154,Q,0,0.489,C,117.9,-88.3,131.9,113.5,-120.2,5.7,11.0,0.978,0.000,0.022
155,P,0,0.484,C,70.7,-70.2,152.6,115.0,-102.5,7.4,12.2,0.993,0.001,0.006
156,P,0,0.487,C,84.5,-67.9,146.7,108.4,-99.8,6.7,13.4,0.987,0.010,0.003
157,Q,0,0.502,C,113.7,-79.4,130.4,109.5,-108.9,6.4,12.3,0.957,0.020,0.022
158,Q,0,0.513,C,87.4,-86.3,131.1,113.1,-124.1,8.9,12.5,0.964,0.010,0.027
159,P,0,0.511,C,93.5,-64.1,-27.1,96.5,-122.4,5.5,11.9,0.936,0.057,0.007
160,S,0,0.514,C,81.4,-74.0,-20.9,97.2,54.2,2.6,13.6,0.893,0.091,0.016
161,S,0,0.508,C,65.3,-81.3,-9.1,100.5,61.6,6.2,11.8,0.868,0.112,0.020
162,M,0,0.503,C,105.7,-82.2,-2.9,102.6,81.5,7.2,10.0,0.896,0.080,0.023
163,Q,0,0.504,C,115.6,-85.1,43.8,105.9,92.6,4.7,11.5,0.925,0.042,0.033
164,T,0,0.508,C,88.9,-83.2,33.5,104.9,158.0,5.7,11.0,0.943,0.028,0.029
165,G,0,0.492,C,50.0,77.4,0.3,106.0,-41.5,4.3,13.9,0.952,0.018,0.029
166,M,0,0.487,C,112.8,-91.4,126.8,112.7,132.6,5.7,9.9,0.949,0.014,0.037
167,N,0,0.498,C,104.8,-92.2,114.7,111.3,-129.8,4.1,13.1,0.967,0.003,0.029
168,P,0,0.493,C,81.5,-68.4,-16.7,100.3,-148.2,8.3,10.0,0.974,0.017,0.009
169,S,0,0.497,C,77.8,-79.9,6.6,104.1,84.1,3.2,11.8,0.944,0.038,0.018
170,A,0,0.485,C,72.9,-73.7,-22.7,99.9,73.3,4.4,10.7,0.900,0.086,0.014
171,M,0,0.469,C,119.9,-86.2,55.5,106.7,88.3,4.9,9.8,0.922,0.062,0.016
172,Q,0,0.447,C,121.5,-91.7,119.9,111.7,154.3,4.6,9.2,0.917,0.037,0.046
173,G,0,0.438,C,41.6,-112.9,172.4,123.3,-157.9,4.9,12.4,0.963,0.003,0.035
174,P,0,0.424,C,102.9,-72.5,135.0,107.0,-71.9,4.0,12.5,0.980,0.002,0.019
175,S,0,0.419,C,67.2,-85.8,143.7,116.9,-116.8,7.3,9.6,0.980,0.000,0.019
176,P,0,0.416,C,97.3,-67.5,151.0,113.5,-95.7,3.3,10.9,0.992,0.000,0.008
177,P,0,0.419,C,103.0,-70.3,149.2,112.8,-94.4,3.2,12.6,0.989,0.000,0.011
178,P,0,0.433,C,90.1,-72.6,146.5,114.7,-98.6,6.0,11.2,0.987,0.000,0.012
179,P,0,0.456,C,86.1,-72.6,152.9,115.7,-99.0,5.5,11.2,0.996,0.000,0.004
180,P,0,0.487,C,91.9,-69.5,151.7,114.6,-95.5,4.0,12.8,0.998,0.001,0.002
181,P,0,0.511,C,83.2,-66.6,149.2,110.5,-98.1,7.1,11.0,0.989,0.009,0.002
182,S,0,0.541,C,81.0,-79.9,31.7,104.7,-110.9,4.1,13.9,0.955,0.034,0.011
183,Y,0,0.588,C,140.0,-92.4,85.8,108.8,106.6,6.6,10.8,0.937,0.046,0.017
184,M,0,0.631,C,115.7,-91.8,106.0,110.1,164.0,5.5,11.5,0.937,0.025,0.038
185,H,0,0.662,C,115.8,-91.4,122.6,112.1,-156.5,7.0,12.8,0.939,0.008,0.052
186,I,0,0.686,C,89.1,-97.9,132.8,117.5,-152.6,8.9,13.0,0.927,0.003,0.070
187,P,0,0.682,C,66.8,-68.4,148.5,113.2,-105.0,9.2,13.2,0.965,0.012,0.023
188,R,0,0.673,C,130.3,-84.0,128.9,110.7,-123.6,7.8,15.0,0.925,0.018,0.057
189,Y,0,0.675,C,109.7,-96.7,122.8,113.1,-147.7,10.9,12.7,0.911,0.021,0.068
190,S,0,0.665,C,75.4,-89.6,52.0,107.4,-161.4,5.3,14.0,0.932,0.011,0.057
191,T,0,0.656,C,90.9,-87.7,21.8,105.1,-171.7,5.5,13.5,0.941,0.008,0.051
192,N,0,0.658,C,64.5,-99.4,116.0,113.8,102.4,10.4,13.3,0.977,0.001,0.022
193,P,0,0.680,C,63.9,-70.1,107.9,105.1,-135.9,10.5,15.8,0.982,0.012,0.006
194,I,0,0.709,C,69.1,-85.6,114.0,109.5,-139.8,12.7,14.7,0.840,0.070,0.090
195,T,0,0.743,C,64.6,-100.2,125.7,114.5,-174.1,9.7,17.5,0.711,0.064,0.225
196,V,0,0.769,C,55.6,-104.1,132.2,118.4,-160.8,13.7,14.3,0.654,0.060,0.286
197,T,0,0.774,C,59.1,-99.1,135.0,116.2,-153.8,9.6,17.4,0.707,0.057,0.235
198,V,0,0.774,C,69.5,-84.5,95.8,108.0,-143.0,11.3,13.5,0.755,0.105,0.140
199,S,0,0.746,C,53.6,-86.8,147.0,113.1,-141.8,8.9,14.9,0.865,0.080,0.056
200,Q,0,0.718,C,121.5,-70.7,-22.8,98.3,-112.9,4.8,13.9,0.893,0.080,0.027
201,N,0,0.694,C,94.0,-86.9,14.5,102.3,52.2,5.5,14.8,0.896,0.042,0.062
202,L,0,0.694,C,64.5,-83.1,87.2,107.6,106.0,12.8,9.9,0.933,0.012,0.055
203,P,0,0.690,C,84.9,-70.9,1.8,102.0,-117.7,6.9,14.3,0.963,0.023,0.015
204,S,0,0.682,C,77.6,-88.9,1.6,103.6,51.3,4.2,14.3,0.936,0.024,0.040
205,G,0,0.686,C,47.8,82.1,-8.4,105.2,-76.4,4.7,13.9,0.943,0.014,0.043
206,Q,0,0.719,C,116.6,-88.4,48.5,107.3,95.8,4.4,13.8,0.928,0.006,0.065
207,T,0,0.763,C,69.4,-94.8,121.9,113.4,155.6,9.5,13.9,0.912,0.004,0.084
208,V,0,0.803,C,64.3,-106.3,134.9,121.2,-175.4,10.0,15.6,0.938,0.001,0.061
209,P,0,0.812,C,50.8,-67.2,145.2,113.1,-105.8,12.6,14.4,0.966,0.021,0.014
210,R,0,0.824,C,120.4,-98.2,124.7,113.2,-146.8,8.8,16.8,0.739,0.073,0.188
211,A,0,0.825,C,59.6,-95.4,135.0,115.6,-125.9,8.7,17.1,0.563,0.146,0.291
212,L,0,0.832,C,67.6,-94.5,129.6,114.3,-141.2,13.5,13.0,0.590,0.107,0.302
213,Q,0,0.845,C,84.8,-100.5,129.8,115.8,-155.4,9.4,17.5,0.500,0.036,0.464
214,I,0,0.840,C,63.3,-102.7,129.9,117.8,-150.2,13.6,14.8,0.739,0.009,0.252
215,L,0,0.832,C,72.7,-82.6,138.7,114.7,-124.1,9.7,15.2,0.964,0.000,0.036
216,P,0,0.813,C,82.8,-69.0,61.6,103.6,-109.7,7.9,14.6,0.981,0.002,0.017
217,Q,0,0.795,C,123.2,-89.0,126.5,112.0,-95.0,4.7,14.0,0.975,0.001,0.024
218,I,0,0.783,C,83.8,-93.0,134.0,116.6,-141.0,10.0,10.8,0.972,0.001,0.027
219,P,0,0.752,C,83.1,-70.6,147.5,110.2,-104.5,6.7,13.4,0.977,0.011,0.012
220,S,0,0.722,C,78.7,-83.9,97.9,107.3,-119.7,5.3,12.8,0.925,0.041,0.033
221,N,0,0.696,C,98.9,-87.6,79.5,107.5,-148.8,6.7,11.7,0.905,0.056,0.038
222,L,0,0.683,C,104.1,-76.7,-8.7,100.8,-174.5,6.6,11.7,0.914,0.049,0.037
223,Y,0,0.670,C,147.2,-88.2,21.0,104.4,58.6,5.1,12.3,0.923,0.027,0.049
224,G,0,0.655,C,51.1,47.1,12.0,105.4,-62.6,4.6,13.3,0.954,0.006,0.040
225,S,0,0.649,C,66.6,-94.3,134.2,115.8,133.2,5.7,12.3,0.956,0.002,0.043
226,P,0,0.652,C,85.6,-73.8,126.5,107.3,-110.3,6.7,14.7,0.952,0.014,0.033
227,G,0,0.662,C,39.2,-97.3,121.2,112.2,167.2,8.9,14.5,0.917,0.019,0.064
228,S,0,0.688,C,48.2,-98.8,141.0,117.7,-164.7,10.4,15.9,0.803,0.015,0.182
229,I,0,0.718,C,68.0,-98.4,123.9,114.1,-142.6,12.7,15.7,0.610,0.019,0.372
230,F,0,0.753,E,73.1,-106.2,132.2,118.9,-175.3,12.4,17.5,0.438,0.012,0.550
231,I,0,0.759,C,62.3,-106.5,132.1,119.9,-160.2,11.8,15.8,0.513,0.010,0.476
232,R,0,0.760,C,101.6,-117.7,140.9,125.0,-166.4,8.0,16.7,0.591,0.008,0.402
233,Q,0,0.728,C,102.9,-85.4,134.5,115.1,-123.8,8.1,12.7,0.790,0.004,0.207
234,T,0,0.692,C,80.7,-104.1,128.4,114.8,-161.3,6.5,10.8,0.865,0.007,0.128
235,S,0,0.652,C,87.6,-92.5,134.4,112.8,-138.7,2.7,10.5,0.901,0.007,0.092
236,Q,0,0.614,C,125.1,-81.9,2.6,103.8,-152.2,4.7,7.9,0.942,0.005,0.053
237,S,0,0.560,C,88.6,-79.7,-11.8,102.2,94.3,2.2,8.6,0.962,0.003,0.035
238,S,0,0.529,C,86.7,-82.1,-4.6,101.2,53.8,2.1,9.6,0.968,0.006,0.025
239,S,0,0.502,C,82.3,-84.9,1.1,101.9,66.5,2.9,9.4,0.955,0.011,0.034
240,G,0,0.494,C,55.2,-76.7,30.0,106.3,-0.6,2.9,9.3,0.933,0.017,0.050
241,R,0,0.521,C,167.6,-91.3,109.8,110.0,129.6,2.6,8.2,0.933,0.008,0.059
242,Q,0,0.556,C,132.4,-96.9,136.0,117.6,-163.7,3.3,5.7,0.931,0.002,0.067
243,T,0,0.594,C,106.0,-97.6,137.9,118.2,-141.6,2.4,9.7,0.949,0.001,0.050
244,P,0,0.579,C,101.4,-73.9,143.4,111.4,-108.1,4.3,8.9,0.969,0.008,0.023
245,Q,0,0.588,C,133.8,-84.8,136.0,111.8,-119.9,3.5,7.4,0.947,0.004,0.049
246,N,0,0.585,C,122.2,-88.0,127.1,111.4,-125.8,3.1,8.5,0.951,0.003,0.046
247,A,0,0.587,C,77.4,-82.2,143.1,111.9,-129.3,4.1,8.6,0.976,0.001,0.023
248,P,0,0.593,C,96.8,-71.8,131.6,105.9,-100.4,3.9,11.6,0.975,0.007,0.018
249,W,0,0.599,C,162.6,-77.1,-10.6,101.7,156.9,6.0,8.6,0.924,0.021,0.056
250,Q,0,0.579,C,137.3,-83.0,3.0,102.4,68.1,2.3,8.6,0.946,0.009,0.045
251,S,0,0.555,C,87.9,-82.6,5.8,103.3,82.2,2.2,8.3,0.951,0.004,0.045
252,S,0,0.537,C,82.9,-91.4,116.5,111.2,139.8,3.2,6.6,0.952,0.006,0.042
253,P,0,0.499,C,105.0,-75.8,114.6,106.6,-127.7,3.5,9.3,0.967,0.014,0.019
254,Q,0,0.497,C,139.0,-88.8,82.9,107.6,179.0,2.6,9.0,0.964,0.011,0.024
255,G,0,0.500,C,50.9,-99.8,160.1,119.9,-173.0,3.0,7.7,0.957,0.003,0.040
256,P,0,0.507,C,105.4,-74.1,146.1,112.1,-85.1,3.4,10.2,0.977,0.002,0.021
257,V,0,0.548,C,111.4,-91.8,132.8,115.8,-126.2,3.5,8.3,0.973,0.002,0.025
258,P,0,0.578,C,100.6,-70.3,147.3,112.3,-105.0,4.1,8.8,0.978,0.008,0.015
259,H,0,0.609,C,150.7,-92.5,127.3,112.0,-132.8,2.9,8.7,0.945,0.009,0.046
260,Y,0,0.614,C,174.4,-94.2,129.1,114.3,-153.1,3.0,6.0,0.916,0.019,0.065
261,S,0,0.615,C,89.2,-90.1,135.1,114.3,-132.8,2.4,7.4,0.950,0.019,0.031
262,Q,0,0.608,C,141.8,-85.7,90.1,107.5,-134.0,2.8,7.6,0.939,0.019,0.042
263,R,0,0.608,C,161.7,-98.8,134.1,117.9,169.1,2.8,7.2,0.936,0.007,0.057
264,P,0,0.605,C,103.4,-70.7,143.4,112.6,-106.3,3.1,10.4,0.961,0.012,0.027
265,L,0,0.618,C,102.2,-80.1,143.7,115.4,-114.7,6.8,7.7,0.973,0.011,0.015
266,P,0,0.626,C,92.5,-68.5,139.6,106.0,-103.8,4.8,11.1,0.965,0.020,0.015
267,V,0,0.652,C,109.0,-85.0,45.2,105.9,-140.3,3.9,10.7,0.943,0.013,0.043
268,Y,0,0.674,C,139.6,-99.7,120.0,114.5,106.0,5.1,9.0,0.959,0.005,0.037
269,P,0,0.670,C,94.2,-73.7,27.6,103.7,-144.8,4.9,10.5,0.975,0.017,0.009
270,H,0,0.660,C,127.0,-89.4,80.5,108.2,143.2,4.9,9.1,0.926,0.039,0.035
271,Q,0,0.644,C,125.1,-77.3,-10.0,101.7,140.0,3.9,10.2,0.898,0.067,0.035
272,Q,0,0.626,C,128.8,-87.4,36.6,105.9,84.1,3.2,8.7,0.899,0.060,0.041
273,N,0,0.623,C,110.3,-90.8,99.3,109.3,135.0,4.0,9.9,0.916,0.025,0.059
274,Y,0,0.630,C,156.1,-100.7,132.5,116.7,-175.0,3.8,9.0,0.916,0.008,0.075
275,Q,0,0.629,C,110.5,-92.6,137.3,117.5,-137.1,5.2,9.9,0.970,0.000,0.029
276,P,0,0.618,C,79.5,-68.0,147.6,107.8,-106.5,7.5,11.1,0.984,0.004,0.012
277,S,0,0.615,C,81.1,-77.7,20.9,104.0,-116.0,4.1,11.7,0.957,0.031,0.013
278,Q,0,0.621,C,123.3,-81.9,-5.1,102.2,83.0,3.9,11.1,0.933,0.041,0.026
279,Y,0,0.621,C,132.5,-94.2,124.2,113.6,110.5,6.6,9.2,0.948,0.009,0.043
280,S,0,0.627,C,58.1,-90.4,145.0,118.5,-141.7,7.2,12.0,0.976,0.001,0.024
281,P,0,0.617,C,83.9,-68.4,142.3,107.5,-105.0,6.6,11.7,0.973,0.021,0.006
282,K,0,0.614,C,133.6,-80.2,48.8,105.2,-123.1,4.6,12.8,0.935,0.040,0.024
283,Q,0,0.611,C,117.2,-80.5,-2.5,103.4,108.6,4.8,9.5,0.928,0.026,0.046
284,Q,0,0.602,C,125.4,-83.0,15.6,104.6,77.7,3.2,11.0,0.956,0.012,0.032
285,Q,0,0.608,C,120.4,-87.6,116.5,110.2,154.2,4.4,10.7,0.969,0.004,0.027
286,I,0,0.609,C,92.3,-90.8,137.2,116.6,-143.7,7.4,9.9,0.985,0.001,0.014
287,P,0,0.600,C,88.6,-67.8,145.8,110.1,-103.5,4.9,13.2,0.986,0.008,0.005
288,Q,0,0.596,C,115.0,-83.1,105.9,108.0,-127.9,6.9,10.0,0.960,0.013,0.027
289,S,0,0.582,C,75.9,-84.7,121.0,109.1,-140.8,4.3,11.1,0.957,0.008,0.036
290,V,0,0.586,C,98.7,-74.3,-21.7,100.2,-123.5,5.0,12.0,0.976,0.004,0.020
291,Y,0,0.589,C,134.2,-88.2,31.6,105.6,74.4,6.6,9.7,0.970,0.002,0.028
292,H,0,0.576,C,127.2,-86.7,28.0,105.6,105.5,5.1,10.0,0.974,0.001,0.026
293,S,0,0.547,C,73.9,-94.5,136.3,116.7,145.4,3.7,10.2,0.982,0.000,0.018
294,P,0,0.517,C,86.3,-71.2,152.2,114.5,-99.0,5.4,12.3,0.994,0.000,0.006
295,P,0,0.490,C,74.9,-68.8,150.2,113.8,-98.0,8.0,11.0,0.996,0.000,0.004
296,P,0,0.476,C,88.1,-70.4,150.8,110.3,-101.2,5.9,12.0,0.992,0.003,0.005
297,S,0,0.486,C,86.1,-78.0,105.1,106.0,-97.0,3.4,12.1,0.985,0.006,0.010
298,Q,0,0.507,C,123.3,-83.4,-0.8,102.4,113.7,4.2,11.5,0.967,0.002,0.031
299,C,0,0.529,C,60.5,-97.2,122.8,114.9,100.2,9.8,8.4,0.982,0.000,0.018
300,P,0,0.517,C,92.2,-74.5,-16.3,100.8,-146.1,4.8,12.6,0.991,0.000,0.009
301,S,0,0.522,C,58.1,-101.8,130.1,117.4,1.5,6.1,11.9,0.989,0.000,0.011
302,P,0,0.505,C,91.6,-67.0,-22.7,95.7,-130.8,5.5,11.6,0.992,0.006,0.002
303,F,0,0.504,C,141.4,-83.2,-4.1,99.2,58.9,3.5,10.0,0.979,0.011,0.010
304,S,0,0.505,C,79.6,-84.9,6.7,103.3,75.5,3.1,11.3,0.974,0.005,0.021
305,S,0,0.494,C,58.2,-88.3,139.4,117.3,145.1,6.1,9.3,0.986,0.002,0.012
306,P,0,0.501,C,94.5,-66.3,-23.6,97.3,-124.4,4.6,10.9,0.985,0.013,0.002
307,Q,0,0.522,C,113.2,-81.3,-0.8,102.5,77.4,5.2,8.9,0.971,0.019,0.010
308,H,0,0.540,C,121.8,-91.0,78.1,108.2,85.0,4.7,10.0,0.940,0.030,0.029
309,Q,0,0.555,C,124.1,-79.1,2.2,103.2,146.2,4.2,9.2,0.957,0.017,0.026
310,V,0,0.571,C,114.4,-94.2,115.3,111.3,130.7,2.7,9.3,0.954,0.005,0.041
311,Q,0,0.575,C,115.0,-92.2,137.4,117.2,-146.1,5.1,8.2,0.986,0.000,0.014
312,P,0,0.543,C,86.9,-66.1,151.3,112.7,-103.9,4.6,10.0,0.994,0.002,0.004
313,P,0,0.510,C,100.5,-68.7,143.4,107.4,-103.1,4.1,10.2,0.989,0.008,0.003
314,Q,0,0.494,C,137.8,-77.3,-11.1,101.4,-118.8,3.0,10.1,0.979,0.011,0.010
315,L,0,0.478,C,132.4,-86.1,11.5,103.8,66.2,2.0,7.5,0.977,0.009,0.014
316,G,0,0.465,C,53.2,-70.9,158.1,111.5,-49.1,3.3,10.4,0.975,0.007,0.018
317,H,0,0.486,C,146.7,-97.7,134.1,116.5,-140.6,2.6,7.5,0.974,0.006,0.020
318,P,0,0.511,C,115.4,-83.0,140.8,114.0,-117.0,2.7,7.2,0.972,0.007,0.021
319,S,0,0.527,C,88.1,-90.0,135.9,113.2,-131.4,3.5,6.7,0.966,0.008,0.026
320,S,0,0.544,C,93.3,-88.5,126.2,110.2,-127.3,2.3,7.5,0.966,0.011,0.022
321,H,0,0.564,C,141.4,-94.4,122.9,112.3,-168.4,3.5,7.0,0.943,0.010,0.047
322,V,0,0.576,C,111.3,-91.7,127.4,112.2,-161.3,3.3,8.7,0.927,0.006,0.067
323,F,0,0.578,C,145.7,-93.4,121.1,112.4,-153.8,4.3,8.4,0.940,0.005,0.054
324,M,0,0.567,C,108.8,-94.0,140.8,118.4,-178.5,5.6,8.6,0.975,0.000,0.024
325,P,0,0.537,C,95.7,-70.9,150.5,113.5,-99.8,3.8,11.0,0.993,0.000,0.007
326,P,0,0.513,C,96.4,-69.8,144.2,111.3,-100.6,5.4,10.8,0.985,0.000,0.015
327,S,0,0.498,C,65.9,-89.4,147.1,117.1,-128.5,6.2,11.2,0.988,0.000,0.012
328,P,0,0.487,C,98.5,-65.0,-23.8,96.6,-112.6,4.6,9.8,0.995,0.002,0.003
329,S,0,0.494,C,87.7,-76.9,-13.9,98.4,61.4,1.9,10.1,0.990,0.005,0.004
330,T,0,0.510,C,98.7,-85.9,2.7,102.2,62.2,2.9,9.9,0.965,0.003,0.031
331,T,0,0.543,C,94.0,-95.8,122.9,114.6,108.1,3.1,9.2,0.979,0.000,0.020
332,P,0,0.568,C,76.7,-68.7,151.2,113.6,-107.7,7.0,9.7,0.996,0.002,0.003
333,P,0,0.606,C,90.4,-67.9,146.9,108.2,-103.8,4.4,12.0,0.985,0.011,0.004
334,H,0,0.630,C,137.6,-69.2,-22.2,98.2,-114.2,4.2,10.0,0.961,0.029,0.010
335,L,0,0.650,C,122.2,-71.5,-26.4,96.3,59.8,2.1,10.0,0.949,0.039,0.012
336,Y,0,0.641,C,153.0,-79.6,-14.8,99.1,57.8,3.0,9.7,0.940,0.039,0.022
337,Q,0,0.624,C,119.6,-80.9,-10.1,101.0,67.3,3.9,9.1,0.939,0.024,0.037
338,Q,0,0.599,C,129.9,-85.0,4.0,103.3,72.2,2.7,8.7,0.953,0.008,0.039
339,G,0,0.582,C,54.9,-89.9,141.2,114.6,-176.8,2.9,8.2,0.975,0.001,0.023
340,P,0,0.575,C,99.4,-74.1,147.7,113.2,-102.1,4.1,9.7,0.991,0.002,0.008
341,P,0,0.566,C,102.8,-71.2,137.5,107.1,-106.4,4.1,9.7,0.975,0.012,0.012
342,S,0,0.569,C,86.9,-80.8,0.7,103.5,-123.3,3.2,9.3,0.971,0.013,0.016
343,Y,0,0.580,C,172.5,-85.7,13.3,104.1,75.0,2.6,7.9,0.968,0.016,0.016
344,Q,0,0.581,C,129.0,-89.6,92.2,108.6,120.0,3.4,7.4,0.969,0.010,0.021
345,K,0,0.580,C,138.7,-89.9,133.8,114.3,-144.7,3.4,9.2,0.988,0.002,0.011
346,P,0,0.569,C,107.4,-71.3,136.6,107.7,-104.9,3.5,9.5,0.982,0.011,0.007
347,G,0,0.579,C,61.3,-81.6,84.6,107.2,-0.3,2.2,7.9,0.971,0.016,0.012
348,S,0,0.603,C,91.2,-84.4,5.3,103.6,79.9,2.0,8.1,0.956,0.025,0.019
349,H,0,0.637,C,146.6,-91.2,79.2,108.1,90.8,2.6,6.5,0.973,0.014,0.014
350,S,0,0.680,C,87.2,-91.7,128.6,112.9,-170.3,2.9,7.7,0.967,0.017,0.016
351,V,0,0.711,C,115.0,-91.1,114.2,109.9,-151.6,3.4,8.2,0.958,0.020,0.022
352,A,0,0.732,C,87.3,-93.1,127.4,113.0,-169.2,2.9,7.6,0.974,0.005,0.021
353,Y,0,0.746,C,152.9,-97.3,130.0,115.3,-154.8,5.3,8.0,0.952,0.004,0.044
354,L,0,0.749,C,106.8,-100.0,135.7,117.8,-158.3,5.1,10.3,0.957,0.002,0.041
355,P,0,0.749,C,89.7,-72.4,135.1,108.4,-114.7,4.9,12.4,0.972,0.015,0.013
356,Y,0,0.758,C,117.7,-91.0,117.8,111.0,-140.7,9.4,7.8,0.921,0.036,0.043
357,T,0,0.752,C,92.4,-94.7,99.6,109.7,-165.6,3.6,12.7,0.900,0.043,0.057
358,A,0,0.729,C,73.2,-75.2,-21.2,99.8,-178.8,5.5,8.4,0.887,0.067,0.046
359,S,0,0.701,C,92.6,-78.1,-13.8,98.6,62.1,1.4,10.3,0.916,0.055,0.029
360,S,0,0.670,C,86.1,-85.7,7.2,100.7,51.7,2.2,10.2,0.946,0.030,0.024
361,L,0,0.660,C,100.6,-92.1,133.0,116.2,122.4,5.7,7.4,0.957,0.011,0.032
362,P,0,0.646,C,89.0,-70.4,147.7,112.4,-104.4,4.8,11.0,0.964,0.016,0.020
363,K,0,0.647,C,149.6,-80.0,-9.9,100.5,-137.3,3.4,10.8,0.933,0.030,0.037
364,G,0,0.641,C,49.4,92.9,-165.1,114.0,3.3,3.5,12.7,0.946,0.022,0.032
365,S,0,0.655,C,84.6,-85.6,93.6,107.4,-41.1,3.3,10.2,0.948,0.031,0.021
366,M,0,0.688,C,131.0,-85.7,48.0,105.8,85.9,3.5,9.2,0.946,0.032,0.022
367,K,0,0.723,C,136.5,-92.4,123.4,112.4,151.1,4.0,9.3,0.958,0.009,0.033
368,K,0,0.749,C,129.6,-97.1,131.9,115.8,-149.8,5.5,12.8,0.775,0.019,0.206
369,I,0,0.758,C,73.0,-106.8,136.6,120.7,-163.8,11.1,8.5,0.662,0.026,0.312
370,E,0,0.782,C,127.1,-109.5,133.9,120.7,-151.4,2.9,17.1,0.515,0.024,0.461
371,I,0,0.777,C,51.0,-109.5,134.6,121.7,-163.1,14.8,6.8,0.662,0.004,0.333
372,T,0,0.775,C,95.6,-107.7,133.2,118.4,-156.7,2.4,17.4,0.639,0.007,0.354
373,V,0,0.757,C,69.2,-102.1,132.7,119.1,-152.3,12.5,7.4,0.823,0.002,0.175
374,E,0,0.728,C,121.4,-103.2,138.1,120.0,-154.7,3.6,13.0,0.950,0.000,0.049
375,P,0,0.680,C,92.4,-74.1,144.9,112.2,-108.5,6.0,11.3,0.973,0.004,0.023
376,S,0,0.654,C,79.6,-86.0,95.7,107.6,-132.8,4.7,10.3,0.966,0.008,0.026
377,Q,0,0.624,C,139.9,-86.1,94.5,107.3,-111.4,2.6,9.4,0.969,0.004,0.027
378,R,0,0.624,C,152.9,-92.6,137.4,116.0,-133.7,3.7,9.5,0.972,0.000,0.028
379,P,0,0.612,C,98.9,-71.4,133.9,106.1,-100.1,4.8,8.8,0.986,0.006,0.008
380,G,0,0.617,C,60.8,-79.4,141.8,109.5,-49.1,2.2,8.6,0.969,0.008,0.023
381,T,0,0.623,C,109.2,-89.6,110.3,109.6,-132.2,2.4,6.7,0.932,0.026,0.041
382,A,0,0.634,C,87.8,-86.3,91.1,107.6,-162.4,2.7,7.4,0.966,0.011,0.023
383,I,0,0.641,C,128.8,-89.5,120.2,110.8,-155.1,3.1,7.4,0.956,0.006,0.038
384,T,0,0.647,C,102.8,-90.0,110.5,109.5,-144.7,3.2,8.6,0.949,0.007,0.044
385,R,0,0.636,C,167.5,-91.3,98.6,109.0,-179.4,2.9,7.8,0.955,0.003,0.042
386,S,0,0.623,C,82.2,-83.9,140.8,115.6,-125.1,3.0,8.7,0.981,0.000,0.018
387,P,0,0.592,C,89.6,-68.5,148.5,111.6,-100.2,6.2,9.2,0.992,0.002,0.006
388,S,0,0.578,C,73.5,-78.3,148.5,114.3,-105.8,4.5,9.9,0.987,0.003,0.010
389,P,0,0.572,C,110.1,-65.2,-25.6,95.8,-109.4,2.5,9.1,0.962,0.030,0.008
390,I,0,0.550,C,131.0,-79.1,-16.4,98.4,54.8,1.7,7.7,0.911,0.057,0.032
391,S,0,0.544,C,88.7,-81.4,-1.7,100.7,45.2,1.9,9.4,0.942,0.033,0.025
392,N,0,0.532,C,129.5,-81.9,6.1,101.1,43.7,1.6,8.9,0.963,0.016,0.021
393,Q,0,0.538,C,124.6,-93.2,133.0,116.5,123.0,2.8,7.1,0.971,0.002,0.027
394,P,0,0.532,C,96.1,-69.6,150.9,113.2,-103.1,4.2,9.4,0.981,0.004,0.015
395,S,0,0.529,C,83.1,-79.4,146.4,115.3,-103.0,3.5,8.4,0.968,0.009,0.023
396,P,0,0.528,C,107.3,-71.8,142.1,106.4,-98.8,3.5,9.0,0.947,0.039,0.014
397,R,0,0.533,C,167.2,-89.7,118.5,110.4,-154.6,3.2,8.0,0.930,0.039,0.031
398,N,0,0.554,C,118.4,-87.9,126.4,111.8,-124.7,3.2,9.5,0.926,0.029,0.046
399,Q,0,0.567,C,122.2,-86.0,8.7,104.2,-168.9,4.6,8.9,0.936,0.020,0.043
400,H,0,0.603,C,123.4,-88.6,92.8,108.6,95.2,5.0,8.8,0.923,0.017,0.059
401,S,0,0.616,C,76.8,-85.9,110.4,108.9,-174.8,3.7,10.6,0.884,0.013,0.103
402,L,0,0.620,C,111.1,-81.8,-3.1,102.9,130.7,5.0,8.7,0.797,0.026,0.178
403,Y,0,0.626,C,153.1,-91.4,91.7,108.9,94.6,4.3,7.8,0.770,0.020,0.210
404,T,0,0.627,C,94.2,-91.7,108.1,110.1,148.1,4.2,9.4,0.819,0.012,0.168
405,A,0,0.608,C,72.8,-89.1,131.8,113.4,-148.3,6.4,8.4,0.940,0.001,0.059
406,T,0,0.597,C,104.0,-91.1,66.7,107.6,-157.5,3.0,9.7,0.976,0.000,0.024
407,T,0,0.580,C,95.1,-99.3,127.5,116.3,-160.5,3.6,10.7,0.979,0.000,0.021
408,P,0,0.565,C,90.6,-72.2,147.4,114.4,-104.6,6.1,9.3,0.994,0.000,0.006
409,P,0,0.542,C,89.4,-68.4,149.8,111.5,-99.7,5.5,10.7,0.993,0.001,0.007
410,S,1,0.514,C,93.0,-82.4,128.7,109.2,-105.9,2.5,9.7,0.984,0.003,0.013
411,S,1,0.501,C,91.3,-88.6,70.8,107.1,-167.6,2.6,7.7,0.977,0.003,0.020
412,S,1,0.503,C,78.4,-91.9,131.4,115.0,172.7,3.2,8.6,0.979,0.005,0.016
413,P,0,0.502,C,99.1,-66.1,19.4,101.8,-111.4,4.6,9.9,0.969,0.025,0.007
414,S,0,0.514,C,85.9,-82.9,16.5,103.6,52.8,2.6,9.9,0.932,0.047,0.021
415,R,0,0.517,C,154.4,-82.7,1.2,102.5,80.3,3.9,9.5,0.922,0.047,0.031
416,G,0,0.520,C,54.0,-85.1,90.5,108.3,11.1,3.4,10.7,0.934,0.020,0.046
417,I,0,0.547,C,114.9,-89.1,94.9,108.6,174.2,5.0,9.7,0.934,0.013,0.053
418,S,0,0.555,C,83.8,-92.3,128.3,112.7,-164.0,3.1,9.7,0.930,0.010,0.060
419,S,0,0.552,C,78.1,-91.2,126.9,112.1,-134.4,5.0,10.8,0.941,0.006,0.053
420,Q,0,0.558,C,111.5,-93.8,136.7,118.4,-133.7,5.5,9.6,0.964,0.001,0.035
421,P,0,0.555,C,69.6,-65.3,151.3,114.1,-102.6,8.0,11.3,0.977,0.001,0.022
422,K,0,0.571,C,143.3,-82.5,139.2,113.6,-106.3,4.0,12.8,0.966,0.001,0.034
423,P,0,0.593,C,90.2,-74.6,149.0,114.5,-98.8,6.0,11.8,0.973,0.001,0.025
424,P,0,0.605,C,99.1,-72.8,144.1,112.6,-99.0,4.6,12.9,0.966,0.008,0.026
425,F,0,0.635,C,124.6,-93.2,132.3,115.0,-132.8,7.8,10.5,0.924,0.006,0.070
426,S,0,0.653,C,63.4,-95.4,142.7,118.6,-138.1,6.2,14.2,0.945,0.002,0.053
427,V,0,0.671,C,107.8,-76.8,-10.6,100.5,-125.2,4.8,12.1,0.986,0.003,0.011
428,N,0,0.696,C,102.3,-95.3,101.5,110.2,58.0,4.3,13.1,0.983,0.002,0.015
429,P,0,0.717,C,70.2,-70.0,145.2,111.9,-121.7,10.2,12.0,0.965,0.007,0.029
430,V,0,0.744,C,80.2,-99.1,134.3,117.4,-144.2,8.7,13.4,0.849,0.011,0.140
431,Y,0,0.764,C,112.5,-106.3,133.1,119.5,-150.5,9.1,14.8,0.740,0.015,0.245
432,I,0,0.783,C,62.9,-102.2,129.9,117.0,-154.8,12.7,11.8,0.737,0.012,0.251
433,T,0,0.790,C,79.5,-111.3,141.1,121.0,-165.6,5.4,17.6,0.762,0.008,0.230
434,Y,0,0.771,C,90.6,-97.7,119.8,112.9,-149.7,13.6,10.8,0.919,0.001,0.080
435,T,0,0.740,C,93.8,-97.6,123.0,113.2,-159.2,3.6,14.1,0.952,0.001,0.047
436,Q,0,0.702,C,112.9,-93.1,132.2,116.6,-131.2,6.0,12.0,0.982,0.000,0.018
437,P,0,0.667,C,70.8,-67.7,147.2,112.9,-103.8,8.6,11.7,0.992,0.000,0.008
438,T,0,0.644,C,102.6,-86.1,26.2,105.5,-136.3,3.6,12.8,0.973,0.002,0.025
439,G,0,0.626,C,45.2,-122.6,165.9,123.5,23.5,4.1,11.7,0.963,0.001,0.036
440,P,0,0.627,C,99.5,-72.8,144.3,106.8,-84.7,4.7,11.4,0.988,0.001,0.011
441,S,0,0.636,C,91.6,-77.9,4.8,102.6,-84.0,2.3,11.0,0.984,0.002,0.015
442,C,0,0.647,C,95.1,-89.0,87.3,108.2,68.7,3.5,9.2,0.979,0.001,0.020
443,A,0,0.637,C,78.2,-83.2,141.8,115.1,-115.2,3.6,10.0,0.984,0.000,0.016
444,P,0,0.625,C,96.7,-71.3,148.2,111.3,-97.0,5.2,10.9,0.985,0.000,0.015
445,S,0,0.624,C,78.3,-82.8,138.8,114.8,-106.4,4.6,11.1,0.983,0.000,0.017
446,P,0,0.620,C,95.7,-71.0,146.2,110.4,-100.1,4.9,12.8,0.983,0.001,0.017
447,S,0,0.638,C,55.1,-83.1,141.6,116.9,-110.1,10.1,11.5,0.970,0.001,0.030
448,P,0,0.655,C,69.5,-68.5,148.9,112.7,-100.6,9.2,13.0,0.980,0.002,0.018
449,R,0,0.680,C,134.7,-89.1,135.2,115.8,-123.6,6.8,14.7,0.900,0.003,0.097
450,V,0,0.696,C,77.2,-93.5,131.8,116.3,-132.2,10.3,13.5,0.762,0.004,0.234
451,I,0,0.703,C,78.8,-103.4,128.3,117.5,-152.1,9.6,14.3,0.886,0.000,0.114
452,P,0,0.701,C,63.3,-70.8,146.8,111.7,-109.2,11.1,13.1,0.974,0.004,0.023
453,N,0,0.712,C,102.2,-88.7,114.8,110.2,-124.0,5.6,15.4,0.963,0.004,0.032
454,P,0,0.728,C,75.7,-84.0,114.9,108.8,-148.6,8.6,12.8,0.936,0.006,0.058
455,T,0,0.773,C,89.3,-94.0,107.6,110.4,-141.2,5.0,16.9,0.856,0.011,0.133
456,T,0,0.807,C,39.9,-104.5,137.0,121.9,-167.7,15.9,12.9,0.648,0.015,0.337
457,V,0,0.840,E,62.3,-113.0,131.3,120.6,-160.7,9.0,21.5,0.289,0.005,0.706
458,F,0,0.855,E,27.0,-105.4,133.2,120.6,-154.6,21.0,15.4,0.277,0.005,0.718
459,K,0,0.860,E,92.2,-110.6,130.9,120.2,-158.2,8.1,23.7,0.359,0.006,0.635
460,I,0,0.845,E,17.4,-111.2,132.3,121.9,-160.9,22.1,16.0,0.408,0.006,0.586
461,T,0,0.834,E,55.3,-113.2,135.6,122.3,-162.5,8.5,24.8,0.410,0.007,0.583
462,V,0,0.810,C,28.8,-103.3,131.9,119.1,-150.9,20.6,17.1,0.588,0.014,0.398
463,G,0,0.786,C,22.1,-119.4,159.7,127.2,-174.7,11.9,19.3,0.801,0.013,0.186
464,R,0,0.771,C,119.6,-83.1,17.7,105.2,-124.3,10.2,16.1,0.893,0.035,0.073
465,A,0,0.773,C,60.0,-94.2,130.1,114.4,125.9,8.3,15.4,0.941,0.022,0.037
466,T,0,0.797,C,79.0,-87.5,133.2,112.4,-125.7,7.9,15.5,0.899,0.063,0.038
467,T,0,0.819,C,74.5,-81.3,45.7,106.0,-132.1,10.4,13.6,0.771,0.210,0.020
468,E,0,0.823,C,114.7,-86.3,27.5,105.7,162.8,6.7,15.7,0.684,0.287,0.029
469,N,0,0.832,C,74.0,-91.4,99.5,109.5,157.2,10.1,17.1,0.686,0.258,0.056
470,L,0,0.836,C,63.0,-77.4,-17.6,99.8,-160.7,14.5,14.9,0.641,0.287,0.072
471,L,0,0.846,C,59.7,-87.1,20.1,105.0,62.5,14.4,14.7,0.690,0.241,0.069
472,N,0,0.849,C,78.0,-82.6,50.9,104.3,78.5,9.0,17.7,0.798,0.132,0.071
473,L,0,0.855,C,64.9,-75.7,-20.1,100.1,109.2,12.9,13.9,0.842,0.079,0.079
474,V,0,0.860,C,71.5,-80.5,-9.2,103.2,79.1,10.9,14.1,0.892,0.037,0.070
475,D,0,0.866,C,79.4,-84.0,40.0,104.8,66.4,7.8,15.2,0.896,0.056,0.048
476,Q,0,0.835,C,104.6,-73.6,-14.5,99.5,129.4,7.4,14.3,0.800,0.185,0.015
477,E,0,0.802,C,114.6,-76.9,-12.9,100.7,72.7,5.8,13.6,0.745,0.245,0.010
478,E,0,0.766,C,97.7,-79.1,-9.4,102.3,79.4,8.8,13.1,0.728,0.243,0.029
479,R,0,0.741,C,136.4,-79.2,-4.9,101.5,78.0,6.4,13.5,0.748,0.212,0.040
480,S,0,0.712,C,72.6,-83.8,9.4,102.0,70.7,5.7,13.3,0.801,0.129,0.070
481,A,0,0.683,C,53.9,-90.7,134.2,115.6,116.6,9.5,13.6,0.895,0.021,0.083
482,A,0,0.677,C,54.5,-76.5,143.7,115.7,-112.9,9.8,15.7,0.958,0.001,0.041
483,P,0,0.676,C,44.7,-68.6,151.0,113.8,-102.9,15.3,13.1,0.974,0.003,0.022
484,E,0,0.678,C,121.1,-79.8,137.8,113.6,-105.2,5.1,19.5,0.963,0.005,0.032
485,P,0,0.684,C,71.1,-70.3,142.4,110.8,-98.4,12.1,15.2,0.951,0.018,0.031
486,I,0,0.702,C,69.0,-86.7,132.5,113.3,-124.3,14.1,13.2,0.904,0.009,0.087
487,Q,0,0.723,C,91.4,-101.0,131.5,118.1,-143.9,8.5,17.0,0.938,0.001,0.061
488,P,0,0.715,C,74.6,-68.9,142.6,110.8,-104.6,9.5,15.9,0.962,0.008,0.031
489,I,0,0.720,C,84.0,-81.2,90.4,107.1,-131.6,11.4,12.9,0.902,0.033,0.066
490,S,0,0.720,C,61.3,-92.1,131.7,112.9,-160.4,8.4,15.2,0.885,0.022,0.094
491,V,0,0.705,C,85.5,-82.3,84.3,106.9,-133.4,8.7,15.1,0.936,0.011,0.054
492,I,0,0.689,C,76.8,-92.0,133.0,116.2,-161.1,11.0,12.2,0.968,0.002,0.030
493,P,0,0.632,C,84.5,-70.3,140.7,108.9,-108.9,7.2,14.5,0.974,0.011,0.014
494,G,0,0.579,C,46.2,-86.3,142.8,111.2,-107.3,7.2,13.0,0.944,0.022,0.034
495,S,0,0.529,C,78.4,-82.1,57.6,105.6,-91.9,5.3,13.5,0.937,0.035,0.028
496,G,0,0.497,C,48.7,-19.9,13.4,106.0,5.9,5.8,13.0,0.924,0.051,0.025
497,G,0,0.503,C,45.4,-72.8,136.7,108.7,117.2,6.5,13.0,0.871,0.086,0.043
498,E,0,0.518,C,130.4,-86.4,53.7,106.4,-21.5,4.3,12.7,0.838,0.106,0.056
499,K,0,0.534,C,127.4,-85.7,35.1,105.7,123.9,5.8,11.5,0.849,0.101,0.049
500,G,0,0.542,C,42.7,54.4,-154.1,110.7,1.6,7.0,14.1,0.888,0.077,0.035
501,N,0,0.572,C,101.0,-86.3,62.6,106.9,-21.7,5.3,14.5,0.841,0.126,0.033
502,H,0,0.623,C,99.5,-78.7,-8.2,101.3,105.2,10.5,12.0,0.764,0.210,0.026
503,K,0,0.646,C,126.2,-79.0,-11.3,101.1,75.5,5.1,13.7,0.733,0.233,0.033
504,Y,0,0.657,C,119.0,-86.7,48.9,106.5,85.8,9.2,11.6,0.739,0.215,0.045
505,Q,0,0.652,C,118.0,-87.3,53.1,106.2,98.6,5.2,12.5,0.792,0.138,0.070
506,R,0,0.621,C,121.1,-91.1,125.3,113.0,156.6,9.1,12.1,0.877,0.047,0.076
507,S,0,0.593,C,67.0,-90.0,126.7,112.1,-139.2,7.6,14.6,0.874,0.026,0.099
508,S,0,0.561,C,60.2,-88.2,39.5,107.1,-153.3,10.1,13.8,0.923,0.020,0.058
509,S,0,0.539,C,63.8,-87.8,47.4,107.3,163.2,8.3,14.5,0.931,0.039,0.029
510,S,0,0.532,C,63.2,-82.6,3.5,102.9,159.6,8.8,15.1,0.921,0.068,0.011
511,G,0,0.540,C,40.8,60.7,-9.0,105.1,-92.9,8.7,15.2,0.885,0.108,0.008
512,S,0,0.584,C,58.4,-81.1,53.1,106.8,140.6,8.7,14.3,0.756,0.241,0.002
513,D,0,0.658,C,91.2,-70.6,-23.6,98.0,-135.1,5.5,15.3,0.575,0.425,0.001
514,D,0,0.716,H,65.7,-71.4,-31.2,97.7,65.2,10.4,14.9,0.479,0.521,0.001
515,Y,0,0.744,H,111.2,-67.7,-34.6,95.9,61.7,9.0,15.2,0.278,0.721,0.000
516,A,0,0.771,H,62.2,-67.4,-36.7,94.3,54.8,4.4,17.5,0.222,0.778,0.000
517,Y,0,0.791,H,87.9,-68.8,-36.1,94.6,52.1,9.6,17.1,0.174,0.825,0.001
518,T,0,0.819,H,40.5,-66.2,-39.8,94.4,53.3,13.8,16.7,0.153,0.846,0.002
519,Q,0,0.824,H,91.4,-65.4,-39.1,93.8,51.9,6.3,19.4,0.080,0.920,0.000
520,A,0,0.822,H,51.4,-65.9,-40.0,93.1,50.7,4.7,20.3,0.045,0.955,0.000
521,L,0,0.820,H,43.9,-66.6,-40.1,93.7,50.5,12.4,17.6,0.016,0.984,0.000
522,L,0,0.824,H,55.5,-65.0,-39.8,93.4,51.9,12.9,18.1,0.005,0.995,0.000
523,L,0,0.833,H,88.9,-65.8,-39.4,93.2,50.5,4.4,20.3,0.003,0.997,0.000
524,H,0,0.845,H,87.4,-67.4,-38.8,93.5,50.1,6.1,20.0,0.005,0.995,0.000
525,Q,0,0.850,H,43.2,-66.2,-39.6,93.5,51.2,14.6,15.6,0.004,0.996,0.000
526,R,0,0.830,H,108.7,-64.9,-39.0,93.4,51.5,8.5,18.6,0.002,0.998,0.000
527,A,0,0.814,H,61.4,-65.6,-39.8,92.5,50.3,2.8,20.8,0.004,0.996,0.000
528,R,0,0.809,H,82.3,-67.1,-39.3,93.2,50.1,8.2,17.9,0.007,0.993,0.000
529,M,0,0.804,H,58.5,-64.8,-39.9,93.1,51.7,13.5,16.0,0.005,0.995,0.000
530,E,0,0.797,H,106.4,-65.2,-38.6,92.9,51.3,4.1,19.1,0.011,0.989,0.000
531,R,0,0.795,H,130.1,-66.2,-38.5,92.2,49.8,2.6,19.6,0.023,0.977,0.000
532,L,0,0.803,H,45.0,-66.5,-40.0,93.4,50.6,11.9,15.9,0.025,0.975,0.000
533,A,0,0.810,H,42.4,-64.3,-40.0,93.3,52.0,10.8,17.3,0.012,0.988,0.000
534,K,0,0.805,H,120.8,-65.3,-39.1,92.6,50.8,2.5,19.9,0.013,0.987,0.000
535,Q,0,0.801,H,85.1,-66.9,-39.0,93.0,49.8,5.3,19.0,0.014,0.986,0.000
536,L,0,0.794,H,41.3,-66.0,-39.9,93.4,51.0,14.1,15.2,0.016,0.984,0.000
537,K,0,0.779,H,106.1,-65.0,-38.7,93.2,51.6,6.0,18.5,0.015,0.985,0.000
538,L,0,0.778,H,95.2,-66.0,-39.0,92.5,50.1,2.7,19.8,0.016,0.984,0.000
539,E,0,0.780,H,62.0,-67.7,-38.4,93.6,50.5,10.1,16.9,0.011,0.989,0.000
540,K,0,0.792,H,84.3,-64.3,-40.1,93.4,52.2,11.0,17.4,0.005,0.995,0.000
541,E,0,0.790,H,110.1,-65.4,-38.9,92.7,50.9,3.0,20.0,0.003,0.997,0.000
542,E,0,0.797,H,86.8,-66.9,-39.2,93.1,50.4,5.5,18.9,0.003,0.997,0.000
543,L,0,0.792,H,37.5,-65.8,-40.4,93.6,51.6,14.4,15.8,0.002,0.998,0.000
544,E,0,0.793,H,94.4,-65.2,-38.9,93.4,52.3,6.4,18.8,0.003,0.997,0.000
545,R,0,0.799,H,132.7,-66.0,-38.4,92.1,50.1,2.5,20.3,0.010,0.990,0.000
546,L,0,0.786,H,36.9,-66.4,-40.3,93.6,50.9,13.5,17.0,0.010,0.990,0.000
547,K,0,0.780,H,82.0,-63.6,-40.3,93.1,52.2,11.9,17.9,0.008,0.992,0.000
548,A,0,0.766,H,63.3,-64.9,-40.0,92.2,50.5,2.8,21.2,0.010,0.990,0.000
549,E,0,0.740,H,74.1,-66.9,-39.5,93.1,50.2,7.3,19.5,0.018,0.982,0.000
550,V,0,0.722,H,24.1,-65.3,-41.3,93.8,51.0,17.4,16.2,0.008,0.992,0.000
551,N,0,0.704,H,73.9,-64.7,-39.5,93.3,51.8,8.4,19.7,0.008,0.992,0.000
552,S,0,0.695,H,60.3,-65.9,-39.3,92.5,50.2,3.3,21.7,0.020,0.980,0.000
553,M,0,0.706,H,47.0,-67.2,-39.6,93.8,50.5,11.7,18.7,0.054,0.946,0.000
554,E,0,0.739,H,43.7,-65.6,-39.8,93.9,52.0,15.9,17.0,0.048,0.952,0.000
555,H,0,0.769,H,101.7,-65.7,-39.1,93.5,51.6,5.3,20.3,0.017,0.983,0.000
556,D,0,0.786,H,71.5,-67.3,-38.0,93.4,50.0,5.4,20.6,0.014,0.986,0.000
557,L,0,0.796,H,34.6,-66.6,-40.4,93.9,50.9,13.9,16.6,0.008,0.992,0.000
558,M,0,0.789,H,69.1,-65.7,-39.0,93.8,51.9,11.0,17.4,0.011,0.989,0.000
559,Q,0,0.780,H,104.6,-66.6,-38.2,93.1,51.1,3.0,19.1,0.017,0.983,0.000
560,R,0,0.779,H,101.9,-67.7,-38.1,93.5,50.9,6.8,17.2,0.038,0.962,0.000
561,R,0,0.772,H,78.0,-68.3,-35.7,94.1,52.0,11.9,14.3,0.085,0.915,0.000
562,L,0,0.775,H,90.5,-68.5,-33.7,94.1,52.2,6.3,15.6,0.148,0.852,0.001
563,R,0,0.769,H,140.4,-72.6,-28.1,95.2,52.3,3.5,14.6,0.276,0.722,0.002
564,R,0,0.758,H,116.2,-83.8,-5.3,100.9,56.6,7.8,11.4,0.420,0.576,0.004
565,V,0,0.758,C,82.3,-88.2,8.9,105.2,74.2,8.0,11.1,0.581,0.409,0.010
566,S,0,0.757,C,74.8,-90.4,44.2,104.6,62.6,4.2,14.3,0.852,0.145,0.003
567,C,0,0.752,C,57.2,-84.7,30.3,105.2,137.1,11.8,9.5,0.920,0.077,0.003
568,T,0,0.748,C,103.4,-83.4,-8.0,99.9,120.9,3.1,13.9,0.895,0.095,0.009
569,T,0,0.730,C,88.4,-85.6,4.2,103.4,68.4,4.9,13.1,0.911,0.080,0.009
570,A,0,0.718,C,66.0,-86.8,98.0,108.5,100.8,6.8,13.8,0.965,0.023,0.013
571,I,0,0.729,C,60.3,-96.3,129.0,117.2,-154.0,14.6,13.7,0.988,0.000,0.012
572,P,0,0.728,C,26.6,-69.3,151.0,116.0,-107.1,16.9,14.0,0.999,0.000,0.001
573,T,0,0.754,C,67.9,-73.1,155.7,117.1,-107.8,4.9,21.2,0.999,0.001,0.000
574,P,0,0.750,H,74.9,-60.1,-35.2,92.3,-109.5,11.6,13.3,0.050,0.950,0.000
575,E,0,0.754,H,125.4,-65.2,-36.9,92.3,55.0,2.2,19.2,0.030,0.970,0.000
576,E,0,0.769,H,54.2,-67.6,-37.5,93.3,50.5,11.1,16.5,0.014,0.986,0.000
577,M,0,0.772,H,30.3,-63.8,-40.7,93.1,52.9,18.0,15.9,0.009,0.991,0.000
578,T,0,0.792,H,75.5,-64.4,-39.4,92.6,52.4,4.8,21.4,0.020,0.980,0.000
579,R,0,0.784,H,116.0,-66.4,-39.2,92.6,50.0,4.2,22.5,0.029,0.971,0.000
580,L,0,0.787,H,11.2,-65.1,-43.2,93.8,50.5,21.5,18.0,0.017,0.983,0.000
581,R,0,0.787,H,71.1,-62.3,-41.4,92.8,53.0,15.8,21.0,0.010,0.990,0.000
582,S,0,0.785,H,57.9,-65.1,-40.0,92.1,50.7,4.2,24.6,0.015,0.985,0.000
583,T,0,0.775,H,28.8,-66.4,-41.3,93.3,50.2,13.4,21.7,0.010,0.990,0.000
584,N,0,0.771,H,12.3,-65.2,-41.4,94.0,51.1,22.9,19.6,0.005,0.995,0.000
585,R,0,0.778,H,99.4,-64.7,-40.1,93.2,52.4,10.3,24.5,0.002,0.998,0.000
586,Q,0,0.792,H,69.7,-66.9,-38.4,92.8,50.2,8.1,25.1,0.003,0.997,0.000
587,L,0,0.805,H,7.7,-67.0,-42.2,95.0,51.6,23.5,21.6,0.003,0.997,0.000
588,Q,0,0.816,H,45.9,-65.2,-40.0,94.7,54.3,17.0,23.4,0.005,0.995,0.000
589,I,0,0.830,H,57.8,-66.4,-39.9,93.6,51.0,9.7,25.4,0.005,0.995,0.000
590,N,0,0.851,H,29.0,-67.1,-40.7,94.3,50.6,16.2,23.4,0.009,0.991,0.000
591,V,0,0.882,H,8.0,-64.0,-43.2,94.0,52.0,24.2,21.6,0.003,0.997,0.000
592,D,0,0.903,H,61.6,-64.8,-39.9,92.8,52.1,9.3,25.6,0.004,0.996,0.000
593,C,0,0.906,H,31.3,-66.0,-40.6,93.0,50.8,11.8,25.1,0.013,0.987,0.000
594,T,0,0.889,H,5.4,-65.9,-43.2,94.5,51.2,23.8,22.0,0.018,0.982,0.000
595,L,0,0.878,H,33.5,-63.6,-41.1,93.0,51.8,17.7,22.7,0.007,0.993,0.000
596,K,0,0.881,H,100.4,-65.7,-39.2,92.4,50.7,5.1,25.7,0.005,0.995,0.000
597,E,0,0.895,H,28.9,-66.5,-41.4,93.6,50.6,15.9,21.8,0.005,0.995,0.000
598,V,0,0.902,H,11.7,-64.5,-42.2,93.9,51.4,22.8,19.1,0.003,0.997,0.000
599,D,0,0.898,H,66.5,-66.1,-38.8,93.3,51.2,7.5,22.5,0.004,0.996,0.000
600,L,0,0.873,H,55.2,-67.7,-37.8,93.3,50.6,9.9,20.4,0.012,0.988,0.000
601,L,0,0.834,H,21.1,-69.6,-36.2,94.9,52.1,19.5,14.9,0.078,0.922,0.000
602,Q,0,0.793,H,88.9,-70.8,-31.2,95.3,55.2,10.1,16.2,0.340,0.657,0.003
603,S,0,0.752,C,70.4,-87.6,-6.7,100.3,52.4,4.2,16.2,0.642,0.343,0.015
604,R,0,0.713,C,132.3,-66.0,11.3,100.0,-89.4,8.5,13.8,0.872,0.112,0.016
605,G,0,0.694,C,42.7,82.0,1.5,104.4,-114.9,6.1,16.3,0.940,0.041,0.018
606,N,0,0.708,C,87.4,-100.2,95.1,111.2,78.0,6.9,17.7,0.949,0.025,0.026
607,F,0,0.730,C,37.0,-96.0,136.0,119.0,-160.3,20.7,13.3,0.954,0.005,0.041
608,D,0,0.749,C,53.6,-94.6,100.5,107.6,-142.3,8.8,20.6,0.996,0.002,0.003
609,P,0,0.738,H,53.1,-64.8,-30.0,92.8,-162.1,15.3,14.7,0.210,0.790,0.000
610,K,0,0.727,H,130.4,-65.9,-36.3,92.5,56.0,2.7,20.5,0.141,0.859,0.000
611,A,0,0.720,H,23.9,-67.1,-39.1,93.7,50.9,13.2,17.5,0.096,0.904,0.000
612,I,0,0.725,H,23.4,-64.3,-40.6,93.5,52.8,19.7,17.1,0.072,0.927,0.000
613,N,0,0.732,H,79.0,-64.9,-39.1,93.0,52.7,6.7,22.0,0.107,0.892,0.000
614,N,0,0.754,H,68.3,-67.7,-36.9,93.2,50.4,7.3,21.7,0.183,0.816,0.001
615,F,0,0.779,H,14.8,-66.4,-42.0,94.4,51.2,21.6,17.6,0.166,0.829,0.005
616,Y,0,0.797,H,47.7,-65.5,-37.6,93.5,52.1,17.4,18.0,0.213,0.780,0.007
617,D,0,0.789,H,95.2,-68.5,-31.8,92.6,52.6,3.2,22.0,0.300,0.696,0.004
618,H,0,0.768,C,68.5,-95.5,-4.6,98.4,44.5,11.6,17.4,0.546,0.448,0.006
619,I,0,0.736,C,16.5,-89.8,131.0,115.3,92.0,24.0,12.2,0.891,0.049,0.059
620,E,0,0.694,C,96.9,-92.9,116.2,111.7,-141.5,8.8,22.6,0.943,0.004,0.053
621,P,0,0.644,C,59.3,-76.6,103.9,106.7,-140.3,14.6,15.6,0.939,0.009,0.052
622,G,0,0.619,C,26.7,138.0,-179.1,124.8,-159.6,11.9,17.6,0.931,0.008,0.061
623,P,0,0.610,C,71.0,-78.4,148.7,115.9,-71.6,8.0,20.0,0.943,0.007,0.050
624,V,0,0.628,C,69.4,-72.3,140.0,112.8,-103.4,13.1,17.7,0.899,0.004,0.097
625,V,0,0.650,C,45.1,-103.6,132.2,119.0,-149.8,15.4,16.6,0.930,0.001,0.069
626,P,0,0.650,C,39.6,-71.9,149.8,115.4,-108.9,14.2,17.3,0.987,0.000,0.013
627,P,0,0.638,C,39.4,-70.9,148.0,113.2,-101.7,15.6,16.2,0.982,0.001,0.017
628,K,0,0.632,C,122.1,-82.5,137.2,114.6,-110.0,5.9,19.4,0.973,0.001,0.026
629,P,0,0.609,C,59.8,-69.3,145.6,110.5,-104.6,14.3,12.4,0.977,0.016,0.007
630,S,0,0.605,C,75.3,-80.1,65.8,105.7,-117.3,5.7,15.4,0.945,0.037,0.018
631,K,0,0.601,C,125.5,-86.3,109.6,109.2,-122.4,6.7,12.7,0.914,0.056,0.030
632,K,0,0.611,C,126.5,-87.5,97.5,108.4,-145.8,6.5,13.0,0.930,0.045,0.025
633,D,0,0.628,C,100.1,-84.5,82.8,106.9,-120.6,5.2,13.6,0.945,0.039,0.016
634,S,0,0.641,C,59.7,-82.5,37.3,105.7,-163.9,10.4,11.9,0.932,0.055,0.013
635,S,0,0.661,C,69.6,-84.5,24.6,105.3,141.4,6.9,13.5,0.902,0.081,0.017
636,D,0,0.691,C,93.7,-85.9,28.6,104.5,84.0,6.0,14.3,0.891,0.096,0.013
637,S,0,0.721,C,55.0,-83.5,112.6,109.0,148.6,9.6,13.3,0.849,0.143,0.008
638,C,0,0.751,C,59.6,-79.5,96.6,107.3,-148.6,10.7,14.3,0.726,0.266,0.008
639,A,0,0.767,C,58.3,-71.8,-27.2,100.6,176.9,8.0,15.9,0.511,0.480,0.009
640,I,0,0.784,H,73.4,-70.7,-32.5,97.6,65.3,11.5,14.4,0.374,0.600,0.026
641,E,0,0.781,H,96.9,-69.3,-34.5,96.3,58.3,7.7,15.4,0.341,0.610,0.049
642,R,0,0.770,H,122.0,-69.1,-35.2,96.0,56.7,5.9,16.4,0.331,0.601,0.068
643,K,0,0.759,H,95.6,-69.6,-33.5,95.6,54.7,7.8,16.7,0.382,0.504,0.114
644,A,0,0.749,C,37.2,-70.1,-33.7,95.7,56.0,13.1,14.5,0.517,0.339,0.144
645,R,0,0.738,C,95.1,-76.4,-19.2,101.0,59.5,10.4,15.7,0.660,0.145,0.195
646,R,0,0.733,C,109.7,-78.2,-10.1,102.4,62.6,8.3,17.1,0.667,0.078,0.255
647,I,0,0.737,C,46.7,-87.5,98.4,109.4,100.2,14.9,14.0,0.656,0.060,0.284
648,S,0,0.732,C,52.8,-89.7,87.0,109.0,135.0,9.3,17.8,0.692,0.046,0.262
649,V,0,0.724,C,51.6,-86.3,38.8,106.9,146.6,12.7,15.7,0.770,0.047,0.184
650,T,0,0.714,C,59.8,-90.8,66.9,108.5,125.1,10.9,14.2,0.836,0.058,0.106
651,S,0,0.698,C,70.3,-77.7,-9.8,100.8,114.3,6.8,13.4,0.835,0.091,0.073
652,K,0,0.678,C,136.9,-86.1,8.9,103.1,65.6,3.7,14.0,0.858,0.058,0.084
653,A,0,0.685,C,43.2,-90.6,132.3,116.2,122.9,12.0,10.9,0.919,0.026,0.056
654,P,0,0.700,C,76.1,-68.5,117.8,104.7,-114.7,7.9,15.6,0.847,0.136,0.018
655,V,0,0.723,C,83.0,-75.4,-12.6,101.4,-153.9,10.0,13.6,0.725,0.258,0.017
656,D,0,0.746,C,86.8,-82.9,12.3,103.3,70.6,6.6,16.2,0.698,0.281,0.020
657,I,0,0.767,C,72.9,-77.6,-15.5,100.6,102.3,12.2,14.4,0.600,0.384,0.017
658,H,0,0.777,C,83.5,-82.2,0.2,103.8,77.7,11.8,13.8,0.513,0.477,0.009
659,D,0,0.771,H,93.5,-77.6,-10.5,100.0,66.5,5.3,15.9,0.461,0.533,0.006
660,A,0,0.753,H,60.3,-77.3,-11.2,102.3,80.9,7.9,14.5,0.433,0.561,0.007
661,Q,0,0.723,H,82.6,-86.1,45.4,106.5,88.2,10.4,14.7,0.368,0.625,0.007
662,A,0,0.712,H,49.0,-78.7,23.0,105.9,109.0,10.5,15.8,0.364,0.631,0.005
663,A,0,0.701,H,47.5,-86.6,120.8,110.3,-176.6,10.7,16.6,0.399,0.595,0.007
664,A,0,0.701,H,41.0,-86.2,128.2,111.2,-144.9,13.1,15.8,0.416,0.577,0.007
665,A,0,0.723,H,46.7,-79.5,110.7,107.7,-138.6,12.3,15.6,0.383,0.608,0.009
666,D,0,0.745,H,89.5,-85.0,8.7,104.4,-156.1,7.4,16.6,0.399,0.584,0.017
667,E,0,0.767,H,102.6,-86.9,30.2,106.3,113.8,8.3,16.1,0.389,0.576,0.035
668,H,0,0.769,H,82.1,-86.2,34.9,106.1,105.8,11.9,14.6,0.391,0.541,0.068
669,L,0,0.776,C,64.2,-90.9,110.4,110.6,125.1,13.1,14.8,0.467,0.441,0.092
670,S,0,0.790,C,64.5,-90.1,90.5,108.9,160.1,7.0,16.8,0.582,0.302,0.116
671,I,0,0.794,C,74.0,-85.7,28.7,106.1,-175.9,12.0,15.0,0.620,0.288,0.091
672,C,0,0.807,C,49.6,-84.7,83.3,107.9,108.4,13.5,13.3,0.678,0.242,0.080
673,K,0,0.784,C,117.1,-83.0,21.7,105.1,161.2,7.0,15.9,0.719,0.200,0.081
674,Q,0,0.745,C,104.4,-88.8,74.2,108.0,97.1,7.0,14.7,0.771,0.145,0.084
675,S,0,0.708,C,49.0,-89.5,130.3,113.3,-171.0,11.7,13.6,0.856,0.076,0.068
676,A,0,0.676,C,52.3,-79.9,92.5,107.0,-136.4,11.5,15.4,0.865,0.055,0.080
677,R,0,0.672,C,127.0,-88.4,117.8,110.7,-138.9,8.3,16.0,0.903,0.022,0.075
678,T,0,0.664,C,58.2,-95.9,133.6,116.5,-154.1,12.9,13.8,0.912,0.009,0.080
679,Q,0,0.664,C,95.3,-98.1,131.0,116.6,-141.3,8.3,16.7,0.944,0.002,0.054
680,P,0,0.658,C,75.0,-69.0,135.4,106.1,-110.9,9.8,14.2,0.966,0.012,0.021
681,R,0,0.677,C,140.6,-85.2,80.5,107.2,-133.3,6.8,14.2,0.944,0.027,0.029
682,D,0,0.695,C,99.7,-85.0,24.0,104.4,159.8,5.4,13.4,0.908,0.061,0.031
683,E,0,0.697,C,110.3,-80.6,13.4,104.1,114.8,8.0,11.8,0.875,0.095,0.030
684,D,0,0.719,C,96.6,-83.2,15.1,103.0,82.1,4.9,14.7,0.859,0.109,0.032
685,Y,0,0.701,C,85.1,-85.5,5.5,102.6,93.2,13.9,11.6,0.875,0.093,0.031
686,E,0,0.694,C,118.9,-81.9,43.0,104.7,92.7,6.1,14.4,0.886,0.075,0.038
687,G,0,0.678,C,53.6,80.6,-2.5,101.7,10.7,3.1,16.2,0.913,0.055,0.032
688,A,0,0.691,C,45.4,-93.0,135.1,117.9,108.3,11.0,13.3,0.942,0.035,0.023
689,P,0,0.714,C,64.0,-73.1,139.6,110.6,-118.3,9.8,20.2,0.906,0.039,0.055
690,W,0,0.736,C,42.1,-90.7,123.7,113.3,-129.1,21.6,14.9,0.762,0.057,0.181
691,N,0,0.772,C,79.4,-102.2,89.9,110.7,-174.0,8.2,23.6,0.759,0.043,0.199
692,C,0,0.800,C,19.8,-97.2,134.1,118.5,173.9,21.4,13.9,0.838,0.061,0.101
693,D,0,0.819,C,92.8,-84.4,-9.2,98.4,-162.6,6.2,21.9,0.716,0.174,0.110
694,S,0,0.822,C,38.5,-95.1,0.1,106.8,63.5,12.4,21.6,0.600,0.204,0.196
695,C,0,0.826,C,18.7,-100.7,126.1,115.6,89.6,21.4,19.3,0.600,0.165,0.235
696,T,0,0.819,C,21.9,-97.4,117.2,112.6,155.8,19.6,22.1,0.610,0.150,0.240
697,F,0,0.812,C,37.0,-102.0,127.9,116.1,-165.3,19.3,21.8,0.557,0.180,0.264
698,L,0,0.799,C,48.7,-86.8,90.2,108.6,177.5,12.5,21.5,0.705,0.139,0.157
699,N,0,0.789,C,56.5,-89.2,44.0,104.7,81.7,11.7,19.8,0.853,0.089,0.058
700,H,0,0.794,C,39.3,-97.7,124.4,115.9,129.4,18.7,12.8,0.918,0.070,0.012
701,P,0,0.777,H,78.9,-62.8,-32.2,92.6,-138.2,6.2,20.0,0.171,0.828,0.001
702,A,0,0.760,H,28.2,-68.1,-36.2,93.3,52.6,12.6,17.8,0.094,0.906,0.001
703,L,0,0.746,H,20.7,-65.8,-39.4,94.2,54.1,21.2,16.6,0.044,0.955,0.001
704,N,0,0.753,H,80.6,-66.4,-36.5,93.5,54.5,7.7,21.5,0.126,0.873,0.001
705,R,0,0.761,H,109.3,-71.6,-33.7,94.6,50.9,6.9,21.8,0.250,0.747,0.004
706,C,0,0.767,H,22.3,-69.6,-40.9,98.5,56.5,17.7,16.7,0.300,0.685,0.016
707,E,0,0.763,H,74.9,-66.8,-37.0,94.7,53.9,10.4,19.1,0.302,0.664,0.034
708,Q,0,0.741,H,73.5,-70.4,-36.0,95.1,49.8,9.7,18.9,0.434,0.509,0.057
709,C,0,0.717,C,42.5,-90.6,-13.1,100.2,43.2,13.1,14.1,0.727,0.233,0.040
710,E,0,0.680,C,128.6,61.2,29.4,97.7,-113.2,4.7,19.3,0.914,0.035,0.051
711,M,0,0.643,C,56.4,-98.1,132.2,118.2,139.6,14.3,10.9,0.954,0.003,0.042
712,P,0,0.586,C,79.9,-69.8,142.7,111.0,-106.7,6.5,16.4,0.943,0.012,0.045
713,R,0,0.536,C,126.3,-81.9,97.6,107.5,-131.6,9.4,13.8,0.884,0.016,0.100
714,Y,0,0.499,C,95.0,-94.0,109.7,111.2,175.7,13.0,11.5,0.915,0.006,0.078
715,T,0,0.483,C,109.4,-105.1,127.7,114.7,178.2,3.5,12.0,0.987,0.001,0.013
