"Q8TCZ2, [99]",SEQ,positive,flexibility,SS,ASA,Phi,Psi,Theta(i-1=>i+1),Tau(i-2=>i+2),HSE_alpha_up,HSE_alpha_down,P(C),P(H),P(E)
0,M,0,0.622,C,126.3,-79.0,-21.5,102.3,60.8,3.9,12.6,0.641,0.358,0.001
1,V,0,0.653,H,80.1,-79.6,-20.1,104.4,72.7,6.6,14.1,0.320,0.675,0.004
2,A,0,0.693,H,55.4,-68.7,-35.7,97.6,57.6,8.4,16.5,0.246,0.747,0.007
3,W,0,0.742,H,101.7,-68.0,-37.7,95.6,54.6,10.7,17.1,0.148,0.846,0.007
4,R,0,0.801,H,90.7,-65.7,-39.4,94.4,53.3,11.2,17.4,0.057,0.941,0.002
5,S,0,0.825,H,46.5,-65.8,-39.4,94.0,52.0,8.7,19.4,0.015,0.984,0.000
6,A,0,0.847,H,40.8,-66.3,-39.7,94.0,51.2,9.1,19.4,0.006,0.994,0.000
7,F,0,0.876,H,59.5,-66.3,-39.9,94.3,51.1,11.0,19.1,0.004,0.996,0.000
8,L,0,0.913,H,56.3,-65.7,-40.1,94.0,51.7,11.0,19.5,0.005,0.995,0.000
9,V,0,0.942,H,62.4,-66.1,-39.6,93.8,50.6,8.3,20.3,0.006,0.994,0.000
10,C,0,0.961,H,39.2,-66.6,-39.9,94.3,50.8,10.0,19.6,0.009,0.991,0.000
11,L,0,0.954,H,47.2,-66.4,-39.9,94.3,51.1,11.0,19.7,0.013,0.987,0.000
12,A,0,0.943,H,38.1,-66.2,-39.8,94.1,51.3,10.3,19.3,0.014,0.986,0.000
13,F,0,0.927,H,86.0,-67.3,-38.0,94.1,50.3,7.9,19.3,0.014,0.986,0.000
14,S,0,0.907,H,32.4,-66.9,-39.3,94.4,52.1,10.2,19.3,0.021,0.979,0.000
15,L,0,0.899,H,55.3,-67.2,-38.3,94.3,52.1,11.6,17.4,0.028,0.971,0.001
16,A,0,0.892,H,49.6,-67.5,-37.6,94.8,53.7,8.7,17.1,0.047,0.950,0.002
17,T,0,0.889,H,63.9,-69.3,-36.2,94.7,52.0,6.5,17.4,0.088,0.904,0.007
18,L,0,0.869,H,66.1,-70.5,-33.8,95.0,52.2,10.0,14.3,0.137,0.852,0.012
19,V,0,0.847,H,80.8,-70.9,-31.8,96.2,55.9,7.5,13.9,0.241,0.740,0.019
20,Q,0,0.817,H,120.2,-76.5,-20.9,97.5,51.8,3.2,14.3,0.388,0.597,0.015
21,R,0,0.767,C,135.1,-86.4,-0.4,101.1,53.4,5.7,11.7,0.579,0.397,0.024
22,G,0,0.724,C,56.5,78.5,1.2,102.2,-73.5,2.7,13.5,0.848,0.133,0.019
23,S,0,0.703,C,71.1,-88.0,9.7,103.6,99.7,6.1,11.8,0.845,0.121,0.035
24,G,0,0.717,C,49.3,78.1,4.0,105.7,-93.1,5.1,14.1,0.917,0.062,0.021
25,D,0,0.760,C,94.7,-88.6,47.5,105.5,100.7,5.4,14.1,0.892,0.080,0.028
26,F,0,0.803,C,112.9,-79.7,-5.5,101.1,173.4,9.8,12.1,0.772,0.205,0.023
27,D,0,0.835,C,99.4,-84.0,2.1,102.0,72.3,4.6,14.5,0.766,0.219,0.015
28,D,0,0.838,C,76.0,-89.7,30.2,105.7,73.6,8.8,15.6,0.747,0.232,0.021
29,F,0,0.825,C,55.6,-94.6,112.2,112.3,170.4,17.0,14.4,0.761,0.197,0.042
30,N,0,0.815,C,68.2,-99.1,104.2,110.4,-172.3,9.0,21.8,0.831,0.133,0.036
31,L,0,0.820,H,28.6,-66.2,-30.0,94.6,-152.6,21.8,14.7,0.214,0.784,0.002
32,E,0,0.833,H,109.2,-66.6,-31.8,93.3,61.5,6.4,19.1,0.173,0.825,0.002
33,D,0,0.825,H,64.2,-72.4,-24.5,94.2,54.6,8.4,19.2,0.152,0.847,0.001
34,A,0,0.794,H,13.4,-72.0,-29.4,95.4,64.3,20.0,15.3,0.282,0.715,0.003
35,V,0,0.768,C,31.9,-90.6,1.6,102.1,53.5,17.9,15.5,0.514,0.452,0.034
36,K,0,0.759,C,116.4,-81.7,32.0,105.8,91.6,5.9,16.0,0.809,0.134,0.057
37,E,0,0.743,C,112.7,-79.4,54.3,105.1,-139.0,7.5,14.0,0.893,0.059,0.048
38,T,0,0.734,C,75.4,-89.0,51.8,107.0,116.5,8.6,13.0,0.867,0.088,0.045
39,S,0,0.704,C,71.4,-84.4,21.2,104.9,136.9,6.1,12.7,0.862,0.109,0.029
40,S,0,0.677,C,77.7,-88.2,44.9,106.2,95.3,4.4,12.7,0.861,0.101,0.038
41,V,0,0.663,C,81.2,-94.2,128.8,115.0,142.7,8.4,11.5,0.869,0.065,0.066
42,K,0,0.668,C,121.5,-88.6,130.8,113.0,-136.7,6.8,14.4,0.909,0.027,0.064
43,Q,0,0.668,C,88.8,-97.4,131.8,117.4,-137.0,9.7,13.7,0.925,0.017,0.058
44,P,0,0.670,C,70.8,-71.0,137.7,107.9,-112.5,9.3,16.1,0.900,0.049,0.052
45,W,0,0.679,C,93.2,-82.1,114.0,108.6,-127.4,14.9,12.8,0.853,0.109,0.038
46,D,0,0.704,C,97.1,-84.9,62.3,105.3,-140.5,5.1,15.7,0.844,0.113,0.043
47,H,0,0.715,C,99.9,-89.3,63.7,107.0,159.0,10.4,12.5,0.828,0.126,0.046
48,T,0,0.724,C,81.4,-91.0,66.4,107.7,132.9,7.3,13.8,0.837,0.102,0.061
49,T,0,0.714,C,82.7,-96.1,108.4,111.3,119.8,6.3,14.0,0.798,0.099,0.103
50,T,0,0.716,C,62.9,-96.7,128.1,115.1,-169.9,11.1,13.4,0.764,0.108,0.128
51,T,0,0.711,C,70.6,-92.3,10.5,105.1,-174.0,10.1,16.2,0.755,0.122,0.123
52,T,0,0.685,C,70.7,-96.6,122.8,112.8,114.2,8.5,15.4,0.763,0.102,0.135
53,T,0,0.676,C,67.6,-94.8,56.9,108.8,-174.4,10.8,15.9,0.799,0.068,0.133
54,N,0,0.654,C,87.0,-98.0,127.9,115.2,169.6,7.7,16.9,0.804,0.035,0.160
55,R,0,0.631,C,93.5,-97.8,134.7,119.0,-139.7,12.3,16.5,0.923,0.003,0.074
56,P,0,0.611,C,51.5,-67.6,146.1,111.8,-101.5,14.6,15.1,0.956,0.009,0.035
57,G,0,0.614,C,38.7,-101.2,161.5,118.7,-124.0,9.5,17.3,0.915,0.016,0.069
58,T,0,0.631,C,71.5,-105.8,142.2,121.2,-113.6,9.0,17.1,0.847,0.024,0.129
59,T,0,0.650,C,63.7,-90.0,132.2,113.1,-128.5,12.6,15.0,0.861,0.014,0.125
60,R,0,0.653,C,126.3,-109.7,139.9,122.6,-158.6,6.5,18.8,0.826,0.010,0.164
61,A,0,0.636,C,48.0,-72.0,144.4,115.5,-107.2,13.3,15.9,0.952,0.001,0.048
62,P,0,0.624,C,36.0,-69.3,150.9,114.7,-103.0,16.0,13.5,0.975,0.002,0.022
63,A,0,0.625,C,66.1,-73.5,144.3,111.8,-100.0,6.3,18.6,0.949,0.003,0.049
64,K,0,0.615,C,120.3,-86.5,133.0,114.9,-112.3,8.5,15.3,0.965,0.001,0.034
65,P,0,0.608,C,53.3,-71.3,152.1,114.8,-105.0,12.1,11.5,0.988,0.001,0.011
66,P,0,0.582,C,104.5,-69.6,141.6,109.3,-93.6,3.5,15.6,0.979,0.014,0.007
67,G,0,0.553,C,57.5,74.5,-14.9,106.6,-11.7,2.8,13.1,0.941,0.032,0.027
68,S,0,0.554,C,72.7,-89.1,106.1,109.5,-125.3,6.8,12.4,0.912,0.055,0.033
69,G,0,0.585,C,40.8,-171.2,117.8,110.9,-89.8,8.5,16.7,0.893,0.067,0.040
70,L,0,0.639,C,43.6,-94.1,130.4,116.6,-114.7,18.2,13.6,0.828,0.082,0.090
71,D,0,0.693,C,64.2,-93.4,105.6,109.1,-147.6,8.9,22.3,0.828,0.089,0.083
72,L,0,0.727,H,20.5,-69.3,-26.7,94.9,-155.3,23.0,15.3,0.343,0.643,0.014
73,A,0,0.745,H,48.4,-65.0,-33.5,93.1,64.2,12.0,17.8,0.285,0.701,0.014
74,D,0,0.756,H,66.5,-70.6,-28.3,94.0,54.3,8.3,19.9,0.297,0.687,0.016
75,A,0,0.749,H,18.1,-69.7,-34.1,94.6,58.2,17.9,17.1,0.343,0.636,0.021
76,L,0,0.745,C,28.9,-91.8,-3.8,101.5,47.2,19.5,16.0,0.508,0.405,0.088
77,D,0,0.741,C,73.9,-76.3,65.3,105.3,107.4,10.1,16.3,0.819,0.103,0.078
78,D,0,0.729,C,85.0,-82.5,19.8,103.5,-179.9,8.6,14.6,0.816,0.123,0.061
79,Q,0,0.709,C,106.8,-84.2,9.3,103.4,112.0,7.2,13.7,0.787,0.158,0.054
80,D,0,0.698,C,89.3,-83.6,23.1,103.8,84.7,7.1,13.6,0.821,0.136,0.043
81,D,0,0.677,C,92.8,-85.6,11.1,102.0,93.8,6.1,14.2,0.861,0.099,0.040
82,G,0,0.650,C,41.3,79.3,1.4,102.6,-97.6,8.5,15.4,0.919,0.052,0.029
83,R,0,0.639,C,129.3,-92.7,131.8,114.4,121.1,6.1,15.1,0.885,0.034,0.081
84,R,0,0.633,C,100.8,-90.5,134.1,116.0,-129.1,11.9,14.5,0.845,0.018,0.137
85,K,0,0.636,C,84.1,-83.8,140.3,115.7,-123.6,10.9,14.5,0.923,0.010,0.067
86,P,0,0.622,C,81.5,-68.0,141.5,108.1,-101.8,8.2,14.7,0.906,0.066,0.028
87,G,0,0.605,C,51.1,32.3,139.5,109.7,-20.8,4.8,14.1,0.880,0.072,0.049
88,I,0,0.585,C,102.4,-94.2,107.4,110.7,-138.5,7.4,12.6,0.858,0.086,0.057
89,G,0,0.568,C,45.4,77.3,-19.7,107.2,-41.9,6.3,15.1,0.883,0.072,0.045
90,G,0,0.591,C,42.3,91.1,-159.4,112.5,-21.4,6.3,14.9,0.837,0.111,0.052
91,R,0,0.628,C,126.3,-82.0,2.1,102.8,-75.3,9.8,14.5,0.762,0.189,0.049
92,E,0,0.656,C,111.3,-80.9,5.3,103.6,86.5,6.7,15.0,0.733,0.196,0.071
93,R,0,0.679,C,99.6,-89.2,41.8,106.9,83.0,10.5,16.4,0.720,0.171,0.109
94,W,0,0.693,C,65.9,-93.8,125.0,114.0,117.5,17.7,13.1,0.793,0.128,0.079
95,N,0,0.715,C,84.3,-94.9,106.1,110.4,-154.0,8.6,18.5,0.854,0.087,0.058
96,H,0,0.738,C,86.1,-101.1,123.1,115.4,-168.9,11.9,16.9,0.871,0.044,0.086
97,V,0,0.759,C,46.1,-103.8,131.4,118.8,-161.8,14.8,16.5,0.906,0.016,0.078
98,T,1,0.766,C,65.9,-109.4,134.4,119.9,-157.6,9.3,20.9,0.872,0.021,0.108
99,T,0,0.757,C,35.4,-104.5,133.8,118.1,-156.9,18.0,15.0,0.864,0.028,0.108
100,T,0,0.746,C,67.8,-101.5,121.3,113.5,-162.1,10.0,19.5,0.877,0.020,0.103
101,T,0,0.737,C,50.1,-103.2,134.0,117.3,-158.5,14.4,16.1,0.845,0.028,0.127
102,K,0,0.728,C,102.4,-98.9,134.0,116.9,-145.0,8.8,19.1,0.834,0.017,0.150
103,R,0,0.738,C,118.1,-98.7,130.9,118.0,-129.8,9.9,19.6,0.933,0.001,0.066
104,P,0,0.740,C,25.0,-68.7,148.4,115.3,-107.4,19.7,14.0,0.978,0.001,0.021
105,V,0,0.752,C,78.7,-80.9,140.6,113.6,-112.7,8.4,21.6,0.940,0.003,0.057
106,T,0,0.756,C,64.8,-92.3,135.9,117.5,-123.7,12.6,18.2,0.878,0.006,0.116
107,T,0,0.754,C,40.7,-90.1,135.2,113.1,-138.6,16.8,14.7,0.899,0.005,0.096
108,R,0,0.742,C,132.1,-103.9,139.1,121.2,-139.3,5.3,22.2,0.879,0.003,0.117
109,A,0,0.737,C,44.2,-69.3,143.3,115.0,-107.2,15.0,16.8,0.969,0.000,0.031
110,P,0,0.721,C,29.8,-68.5,150.3,114.3,-103.4,17.6,12.6,0.989,0.001,0.010
111,A,0,0.724,C,64.5,-73.7,141.9,110.5,-103.1,6.6,17.4,0.972,0.009,0.019
112,N,0,0.714,C,102.2,-81.4,116.2,108.5,-112.5,7.4,13.9,0.954,0.018,0.027
113,T,0,0.709,C,87.8,-89.3,58.3,107.2,-171.1,6.0,15.1,0.909,0.046,0.045
114,L,0,0.703,C,104.8,-80.6,54.4,104.6,-120.8,6.9,14.0,0.944,0.041,0.015
115,G,0,0.711,C,50.3,76.3,-10.7,105.2,-36.8,4.5,15.0,0.927,0.048,0.024
116,N,0,0.740,C,82.9,-90.7,93.1,109.3,104.1,9.6,15.3,0.908,0.066,0.026
117,D,0,0.798,C,61.5,-90.4,57.8,107.5,-167.7,11.9,17.7,0.881,0.077,0.042
118,F,0,0.830,C,32.1,-98.8,129.0,117.1,-173.2,21.6,16.4,0.782,0.085,0.133
119,D,0,0.850,C,45.7,-95.7,101.9,109.4,-152.6,11.4,24.3,0.816,0.066,0.118
120,L,0,0.842,H,7.4,-68.5,-29.5,95.1,-156.2,25.6,18.3,0.371,0.607,0.022
121,A,0,0.826,H,41.8,-64.7,-35.0,93.0,63.1,13.4,20.3,0.319,0.665,0.017
122,D,0,0.814,H,62.2,-69.5,-30.2,93.3,53.5,8.4,22.0,0.317,0.670,0.013
123,A,0,0.791,H,10.1,-70.2,-34.6,94.9,53.7,20.8,18.0,0.409,0.561,0.030
124,L,0,0.779,C,22.5,-86.9,-9.1,100.2,50.9,21.5,16.6,0.587,0.307,0.106
125,D,0,0.771,C,68.7,-80.7,85.5,106.1,106.8,10.8,17.1,0.895,0.039,0.066
126,D,0,0.750,C,91.0,-73.4,-7.6,99.9,-150.3,7.5,14.4,0.830,0.141,0.029
127,R,0,0.715,C,139.9,-79.8,-6.2,100.2,67.5,5.3,15.3,0.784,0.179,0.037
128,N,0,0.704,C,66.7,-89.4,41.6,104.7,64.1,12.0,14.0,0.790,0.154,0.056
129,D,0,0.719,C,67.9,-89.6,61.8,106.0,144.4,9.9,15.2,0.837,0.104,0.059
130,R,0,0.731,C,120.2,-75.5,-13.6,100.4,156.9,9.6,12.9,0.738,0.189,0.073
131,D,0,0.738,C,97.3,-84.8,9.7,102.8,69.8,4.7,13.8,0.765,0.183,0.052
132,D,0,0.708,C,94.7,-85.7,11.9,101.2,52.3,5.5,13.4,0.847,0.118,0.035
133,G,0,0.683,C,43.3,81.5,-4.1,104.8,-95.9,6.5,14.7,0.913,0.054,0.032
134,R,0,0.677,C,127.7,-93.6,134.2,115.5,127.1,6.6,14.5,0.883,0.032,0.086
135,R,0,0.685,C,119.3,-87.7,135.1,114.8,-122.0,10.2,14.2,0.904,0.010,0.087
136,K,0,0.691,C,104.3,-84.0,139.9,114.7,-116.7,9.2,14.5,0.942,0.010,0.048
137,P,0,0.672,C,82.9,-70.8,139.7,108.7,-101.3,7.1,15.8,0.914,0.057,0.029
138,I,0,0.654,C,84.3,-84.9,114.1,109.3,-132.3,11.8,13.1,0.847,0.086,0.067
139,A,0,0.613,C,69.6,-87.2,106.4,109.1,-140.5,7.1,14.8,0.856,0.087,0.058
140,G,0,0.567,C,52.3,72.8,-2.2,105.9,-4.3,4.2,14.8,0.872,0.069,0.058
141,G,0,0.531,C,43.7,88.6,-49.4,109.7,-27.2,6.6,14.9,0.880,0.055,0.066
142,G,0,0.529,C,38.4,101.5,-178.1,113.2,-65.1,8.7,16.9,0.869,0.057,0.074
143,G,0,0.559,C,32.5,117.8,179.7,117.0,-61.2,10.5,19.0,0.868,0.052,0.080
144,F,0,0.612,C,39.7,-96.5,127.4,115.4,-90.7,20.6,16.0,0.810,0.056,0.134
145,S,0,0.664,C,43.8,-102.5,133.7,115.7,-177.3,10.6,22.1,0.789,0.089,0.122
146,D,0,0.712,C,43.3,-74.3,-14.1,99.2,-142.5,18.3,16.2,0.569,0.404,0.027
147,K,0,0.728,H,115.3,-75.5,-20.5,97.9,77.2,7.0,19.8,0.476,0.501,0.023
148,D,0,0.755,H,43.4,-79.9,-19.1,99.6,56.4,12.3,18.6,0.468,0.515,0.016
149,L,0,0.753,H,19.2,-74.1,-21.9,98.1,70.8,22.9,16.0,0.390,0.576,0.034
150,E,0,0.755,H,85.8,-71.9,-25.1,97.0,70.2,12.1,19.1,0.389,0.545,0.066
151,D,0,0.761,C,51.3,-81.1,-11.0,100.0,54.7,10.3,20.3,0.477,0.438,0.085
152,I,0,0.738,C,27.3,-74.9,-28.1,97.7,73.4,19.5,16.2,0.487,0.417,0.096
153,V,0,0.710,C,45.0,-90.3,-2.7,102.7,50.3,15.5,16.3,0.607,0.300,0.093
154,G,0,0.656,C,43.1,53.6,15.0,103.9,-15.9,8.0,17.8,0.796,0.145,0.059
155,G,0,0.631,C,46.2,79.1,1.8,103.2,-68.0,6.5,17.2,0.862,0.084,0.054
156,G,0,0.629,C,35.9,104.3,-174.8,114.9,-62.7,9.8,17.2,0.878,0.056,0.066
157,E,0,0.655,C,108.6,-88.7,87.2,108.4,-59.1,7.5,18.3,0.831,0.048,0.122
158,Y,0,0.679,C,57.8,-97.5,131.3,116.7,-179.0,18.1,14.8,0.763,0.045,0.191
159,K,0,0.700,C,84.0,-98.7,134.0,117.1,-149.3,10.6,19.3,0.887,0.010,0.104
160,P,0,0.690,C,62.4,-70.1,1.1,102.7,-116.4,12.4,16.1,0.884,0.079,0.037
161,D,0,0.681,C,70.2,-83.8,44.1,104.5,62.9,10.2,15.5,0.836,0.109,0.055
162,K,0,0.649,C,124.3,-77.4,32.4,102.9,80.3,6.6,14.6,0.796,0.147,0.056
163,G,0,0.618,C,47.7,80.8,-6.3,103.3,-56.4,4.8,14.8,0.846,0.097,0.057
164,K,0,0.602,C,114.0,-94.2,89.1,109.6,87.6,6.8,14.6,0.827,0.076,0.097
165,G,0,0.604,C,32.2,110.5,-173.9,118.6,-24.5,9.4,16.8,0.868,0.046,0.085
166,D,0,0.615,C,80.7,-93.0,103.7,110.3,-76.0,9.5,18.5,0.858,0.044,0.097
167,G,0,0.610,C,26.1,136.0,-179.8,119.3,-21.5,13.4,18.7,0.865,0.041,0.095
168,R,0,0.614,C,107.0,-97.9,130.6,115.4,-106.7,10.5,20.7,0.824,0.049,0.127
169,Y,0,0.613,C,72.4,-98.2,121.5,113.8,-150.3,15.3,17.4,0.833,0.046,0.121
170,G,0,0.599,C,30.1,131.1,-177.1,115.2,-114.8,11.5,19.1,0.902,0.034,0.064
171,S,0,0.602,C,50.2,-97.1,100.5,111.1,-156.7,11.3,17.3,0.886,0.049,0.065
172,N,0,0.616,C,93.1,-86.7,17.3,104.0,-155.6,8.2,17.0,0.887,0.073,0.041
173,D,0,0.633,C,80.8,-87.8,60.5,106.9,104.1,8.7,15.3,0.883,0.078,0.039
174,D,0,0.650,C,63.3,-95.5,100.5,109.5,171.0,10.7,15.7,0.905,0.062,0.033
175,P,0,0.627,C,73.7,-70.0,-14.0,98.6,-164.8,10.4,13.7,0.826,0.158,0.015
176,G,0,0.612,C,46.3,-27.9,-8.4,101.7,37.4,6.1,16.2,0.830,0.159,0.011
177,S,0,0.614,C,70.1,-85.9,15.8,103.8,72.2,6.1,13.2,0.775,0.207,0.018
178,G,0,0.633,C,45.9,79.6,2.0,104.1,-83.1,6.3,15.4,0.784,0.203,0.013
179,M,0,0.673,C,97.2,-89.4,70.1,108.1,110.6,8.7,14.3,0.733,0.242,0.025
180,V,0,0.718,C,74.8,-93.5,108.9,111.0,126.8,9.8,15.6,0.739,0.230,0.031
181,A,0,0.745,C,45.8,-87.7,125.9,111.4,-177.3,12.9,13.9,0.786,0.192,0.022
182,E,0,0.751,C,96.6,-96.5,132.0,115.6,-138.2,8.2,19.0,0.811,0.172,0.016
183,P,0,0.742,C,66.3,-68.5,-23.0,99.6,-118.1,13.3,15.7,0.522,0.475,0.003
184,G,0,0.740,H,39.5,-42.6,-26.7,99.8,42.5,8.5,18.5,0.448,0.550,0.002
185,T,0,0.761,H,61.3,-73.7,-31.7,99.8,56.8,8.8,19.1,0.337,0.651,0.013
186,I,0,0.775,H,40.6,-66.3,-38.2,94.2,55.8,16.7,17.5,0.217,0.768,0.015
187,A,0,0.802,H,31.8,-63.6,-40.5,93.8,55.6,14.9,20.2,0.105,0.889,0.005
188,G,0,0.819,H,32.6,-65.7,-39.4,93.3,51.0,6.8,23.1,0.088,0.908,0.004
189,V,0,0.843,H,34.6,-67.0,-40.3,94.0,50.7,14.4,20.3,0.068,0.922,0.010
190,A,0,0.866,H,18.2,-64.3,-41.4,93.8,51.7,19.3,20.3,0.035,0.959,0.006
191,S,0,0.871,H,47.2,-65.1,-39.9,93.3,51.5,9.0,23.7,0.028,0.965,0.007
192,A,0,0.876,H,36.6,-66.4,-40.0,93.3,50.3,9.2,23.4,0.013,0.984,0.003
193,L,0,0.879,H,26.6,-66.5,-41.0,94.2,50.3,18.5,20.4,0.010,0.986,0.004
194,A,0,0.894,H,26.3,-63.6,-41.3,93.3,51.8,16.3,21.9,0.007,0.991,0.002
195,M,0,0.890,H,87.5,-65.6,-39.8,92.8,50.4,6.1,24.5,0.007,0.991,0.002
196,A,0,0.884,H,24.2,-67.3,-40.2,93.8,50.0,13.7,21.2,0.007,0.992,0.001
197,L,0,0.883,H,30.7,-65.5,-40.5,93.9,50.9,18.8,20.1,0.009,0.990,0.001
198,I,0,0.863,H,69.0,-64.9,-39.9,93.2,51.1,10.4,23.7,0.018,0.981,0.001
199,G,0,0.866,H,27.8,-66.0,-39.8,93.4,50.1,8.1,23.5,0.040,0.960,0.000
200,A,0,0.871,H,20.3,-67.0,-40.8,94.2,50.5,16.1,21.5,0.053,0.947,0.000
201,V,0,0.874,H,34.6,-64.6,-40.8,93.7,51.7,16.9,21.7,0.033,0.967,0.000
202,S,0,0.876,H,47.3,-66.0,-39.4,93.2,50.8,7.9,23.9,0.030,0.970,0.000
203,S,0,0.874,H,30.3,-67.3,-39.3,93.7,50.6,11.5,22.6,0.028,0.972,0.000
204,Y,0,0.872,H,39.0,-66.1,-41.3,94.2,50.7,17.0,19.8,0.025,0.975,0.000
205,I,0,0.884,H,46.2,-65.6,-40.1,93.9,51.1,12.7,20.0,0.022,0.978,0.000
206,S,0,0.880,H,43.3,-66.1,-39.9,93.3,51.0,7.1,21.0,0.030,0.970,0.000
207,Y,0,0.891,H,66.2,-67.7,-39.1,93.8,50.1,11.7,18.8,0.062,0.937,0.001
208,Q,0,0.900,H,56.3,-68.1,-35.5,93.9,50.6,14.1,16.2,0.130,0.869,0.001
209,Q,0,0.907,H,95.7,-67.7,-32.5,93.4,52.3,7.6,17.5,0.270,0.725,0.005
210,K,0,0.912,H,116.8,-73.8,-24.5,95.2,50.5,5.2,17.9,0.412,0.570,0.018
211,K,0,0.918,H,101.3,-73.3,-19.2,97.9,62.4,8.5,16.2,0.468,0.494,0.037
212,F,0,0.934,C,69.5,-86.9,7.1,100.8,45.3,13.4,15.7,0.542,0.417,0.041
213,C,0,0.944,C,33.2,-82.5,-17.9,101.1,78.3,14.4,16.9,0.605,0.266,0.129
214,F,0,0.925,C,45.3,-104.7,135.8,120.0,143.0,18.2,13.7,0.531,0.227,0.242
215,S,0,0.899,C,61.3,-102.2,135.7,118.0,-149.7,6.6,19.0,0.553,0.183,0.264
216,I,0,0.874,C,86.2,-90.6,98.0,109.3,-151.2,10.7,12.2,0.565,0.274,0.161
217,Q,0,0.850,C,116.1,-92.1,96.6,109.2,-178.2,5.0,12.4,0.731,0.196,0.074
218,Q,0,0.824,C,133.8,-69.6,33.1,102.6,-1.6,3.2,13.9,0.836,0.137,0.026
219,G,0,0.784,C,51.1,82.1,-2.6,104.1,-20.4,3.4,14.7,0.910,0.071,0.019
220,L,0,0.780,C,54.7,-89.3,136.1,116.6,127.0,15.1,10.4,0.942,0.033,0.025
221,N,0,0.800,C,79.3,-92.8,113.4,110.5,-143.5,6.2,17.6,0.949,0.036,0.015
222,A,0,0.835,H,63.9,-64.3,-29.1,93.4,-155.0,9.5,12.5,0.216,0.784,0.001
223,D,0,0.850,H,107.4,-68.0,-32.3,93.4,57.0,1.6,16.1,0.188,0.811,0.002
224,Y,0,0.854,H,97.0,-71.7,-32.3,95.3,51.8,7.5,14.5,0.156,0.840,0.003
225,V,0,0.845,H,48.8,-73.1,-31.2,99.2,59.3,12.1,11.6,0.226,0.764,0.010
226,K,0,0.822,H,127.6,-78.2,-10.4,99.6,57.1,4.1,14.7,0.421,0.570,0.009
227,G,0,0.799,C,47.4,62.3,-5.8,103.1,24.8,5.0,15.6,0.609,0.387,0.004
228,E,0,0.788,C,101.4,-85.8,81.8,108.0,98.3,7.3,12.4,0.536,0.453,0.010
229,N,0,0.795,C,76.1,-96.0,111.6,111.7,-177.2,8.7,15.7,0.613,0.380,0.007
230,L,0,0.803,H,89.3,-71.6,-21.9,97.6,-168.1,9.2,14.0,0.366,0.623,0.011
231,E,0,0.810,H,122.3,-74.8,-23.7,97.7,58.7,3.5,15.8,0.322,0.652,0.026
232,A,0,0.825,H,49.2,-76.3,-10.1,102.1,77.4,9.9,11.6,0.388,0.569,0.043
233,V,0,0.823,H,74.8,-92.5,77.9,109.3,119.2,8.7,14.6,0.399,0.433,0.168
234,V,0,0.837,C,73.6,-98.0,109.6,112.0,136.3,9.2,15.1,0.535,0.261,0.204
235,C,0,0.838,C,58.6,-97.0,119.0,112.6,171.1,11.1,13.7,0.762,0.111,0.128
236,E,0,0.821,C,133.3,-92.0,57.5,107.4,-171.0,4.2,16.8,0.862,0.037,0.101
237,E,0,0.798,C,88.9,-92.2,133.6,117.0,-171.8,10.6,15.6,0.955,0.027,0.018
238,P,0,0.760,C,45.6,-70.9,148.0,113.4,-105.9,14.2,16.1,0.812,0.182,0.006
239,Q,0,0.743,H,82.5,-78.1,120.0,107.9,-126.4,10.8,19.2,0.423,0.460,0.118
240,V,0,0.744,H,42.1,-107.1,133.0,119.8,-158.9,17.1,15.9,0.271,0.437,0.292
241,K,0,0.743,H,81.3,-108.1,126.7,117.0,-166.8,11.0,21.9,0.215,0.452,0.334
242,Y,0,0.735,H,55.6,-118.4,138.6,124.7,-162.2,16.4,20.0,0.203,0.456,0.341
243,S,0,0.720,H,25.8,-114.1,139.4,123.2,-161.2,14.5,22.1,0.233,0.435,0.332
244,T,0,0.710,H,34.4,-93.1,55.1,107.7,-149.4,17.2,20.1,0.279,0.389,0.332
245,L,0,0.698,C,42.7,-99.6,132.4,117.6,-159.9,16.8,17.9,0.522,0.235,0.243
246,H,0,0.690,C,91.2,-102.1,133.2,118.3,-152.5,9.4,18.4,0.764,0.059,0.177
247,T,0,0.664,C,58.6,-88.4,161.1,117.2,-141.5,9.3,14.4,0.843,0.036,0.122
248,Q,0,0.627,C,134.5,-65.5,-27.0,95.1,-104.0,3.5,13.1,0.918,0.044,0.037
249,S,0,0.589,C,81.1,-79.8,-13.3,96.3,53.5,2.3,13.7,0.951,0.027,0.021
250,A,0,0.547,C,45.5,-82.4,20.3,104.8,79.3,12.2,8.8,0.968,0.007,0.026
251,E,0,0.517,C,111.3,-89.8,139.7,117.8,147.6,4.7,13.2,0.971,0.000,0.028
252,P,0,0.490,C,88.7,-68.6,148.2,114.3,-98.4,6.1,13.0,0.985,0.000,0.014
253,P,0,0.463,C,64.3,-69.1,151.3,114.6,-101.0,11.2,10.4,0.994,0.000,0.006
254,P,0,0.448,C,98.1,-70.5,151.0,114.0,-95.2,3.2,14.2,0.996,0.000,0.004
255,P,0,0.447,C,102.5,-70.7,145.7,113.5,-95.2,4.1,13.1,0.995,0.000,0.004
256,P,0,0.450,C,92.1,-70.3,149.2,111.1,-96.9,6.0,11.9,0.993,0.001,0.006
257,E,0,0.463,C,134.1,-80.8,137.4,113.8,-104.3,4.1,11.9,0.995,0.001,0.004
258,P,0,0.443,C,94.2,-67.8,147.4,111.2,-96.0,4.4,13.1,0.990,0.009,0.001
259,A,0,0.405,C,71.0,-71.4,137.7,108.0,-102.6,6.5,11.6,0.971,0.025,0.004
260,R,0,0.382,C,166.6,-84.9,123.2,110.0,-112.8,3.9,12.1,0.962,0.011,0.027
261,I,0,0.375,C,112.5,-95.8,125.5,114.7,-159.5,8.8,8.3,0.991,0.001,0.008
