"Q8WXI9, [584, 586]",SEQ,positive,flexibility,SS,ASA,Phi,Psi,Theta(i-1=>i+1),Tau(i-2=>i+2),HSE_alpha_up,HSE_alpha_down,P(C),P(H),P(E)
0,M,0,0.490,C,133.2,-92.3,131.3,113.7,132.6,6.1,7.7,0.986,0.012,0.002
1,D,0,0.504,C,111.2,-87.8,130.4,112.7,-132.5,5.0,11.2,0.956,0.032,0.011
2,R,0,0.526,C,125.9,-90.9,118.4,111.0,-143.9,8.9,14.0,0.884,0.042,0.074
3,M,0,0.581,C,59.8,-95.5,137.1,118.7,-151.4,16.0,10.9,0.962,0.012,0.025
4,T,0,0.640,C,61.1,-79.1,164.4,118.8,-122.2,7.4,16.7,0.934,0.040,0.026
5,E,0,0.689,H,120.8,-61.9,-36.0,93.3,-106.7,5.3,14.2,0.138,0.862,0.000
6,D,0,0.721,H,76.5,-65.8,-38.7,93.5,52.9,5.2,17.6,0.101,0.898,0.000
7,A,0,0.730,H,28.0,-64.9,-40.4,93.3,52.4,12.4,15.5,0.053,0.946,0.000
8,L,0,0.745,H,69.4,-65.6,-38.9,93.4,53.0,8.4,17.1,0.059,0.940,0.000
9,R,0,0.754,H,115.3,-66.6,-38.3,93.4,51.2,5.2,19.1,0.116,0.884,0.001
10,L,0,0.765,H,50.0,-66.7,-39.5,93.8,51.8,11.5,17.5,0.150,0.847,0.003
11,N,0,0.763,H,61.6,-66.1,-37.9,94.0,52.8,10.6,17.9,0.206,0.793,0.001
12,L,0,0.763,H,86.9,-66.8,-38.1,93.5,51.9,4.6,20.1,0.204,0.794,0.002
13,L,0,0.770,H,56.9,-68.0,-37.4,93.3,50.7,10.5,17.1,0.168,0.830,0.001
14,K,0,0.759,H,70.1,-65.9,-38.0,93.6,53.0,13.6,15.1,0.225,0.772,0.003
15,R,0,0.736,H,135.2,-67.1,-32.9,93.3,52.6,4.6,18.0,0.313,0.681,0.006
16,S,0,0.713,H,69.7,-74.8,-22.4,94.9,53.5,4.1,16.3,0.392,0.600,0.008
17,L,0,0.695,C,61.5,-84.8,101.3,108.9,85.0,14.0,10.1,0.577,0.401,0.022
18,D,0,0.691,C,79.0,-91.0,130.6,114.8,147.2,7.5,13.9,0.883,0.084,0.032
19,P,0,0.682,C,77.9,-68.4,143.6,106.2,-111.5,7.1,14.4,0.798,0.184,0.018
20,A,0,0.684,C,73.4,-68.6,-25.4,98.3,-111.1,6.0,13.2,0.694,0.299,0.006
21,D,0,0.691,C,99.3,-76.1,-18.5,99.5,58.8,3.8,13.6,0.677,0.318,0.006
22,E,0,0.714,C,109.2,-73.8,-22.9,99.5,71.8,6.3,12.8,0.607,0.387,0.006
23,R,0,0.757,C,130.3,-70.8,-28.0,97.7,70.2,6.1,14.5,0.507,0.488,0.006
24,D,0,0.794,C,82.6,-72.1,-26.2,97.0,57.0,6.1,16.3,0.505,0.492,0.003
25,D,0,0.815,H,67.0,-70.5,-29.8,97.3,65.0,9.4,15.5,0.452,0.546,0.002
26,V,0,0.812,H,67.4,-67.7,-36.0,95.1,60.0,9.0,16.1,0.344,0.648,0.008
27,L,0,0.799,H,79.0,-68.7,-35.2,94.9,54.1,7.6,16.7,0.299,0.696,0.005
28,A,0,0.792,H,46.7,-68.7,-34.2,95.6,56.9,9.6,15.6,0.282,0.714,0.004
29,K,0,0.791,H,97.7,-67.8,-34.7,95.2,56.3,8.2,17.0,0.265,0.727,0.008
30,R,0,0.772,H,117.4,-68.9,-32.6,97.2,60.8,7.1,17.1,0.317,0.649,0.033
31,L,0,0.766,H,53.4,-72.5,-31.3,100.7,69.6,11.8,15.9,0.317,0.639,0.044
32,K,0,0.744,H,91.7,-72.9,-24.4,101.0,76.2,10.2,16.3,0.325,0.640,0.035
33,M,0,0.732,H,77.0,-77.9,-16.8,102.9,76.6,11.2,15.4,0.378,0.599,0.023
34,E,0,0.717,H,101.2,-84.6,15.2,105.1,86.6,7.5,16.6,0.478,0.511,0.011
35,G,0,0.724,C,36.1,58.2,-8.5,105.7,-2.8,9.5,16.2,0.534,0.464,0.002
36,H,0,0.741,H,102.2,-66.7,-35.9,97.9,146.3,8.9,14.9,0.365,0.634,0.001
37,E,0,0.757,H,121.4,-65.1,-34.6,93.6,45.8,2.8,17.1,0.153,0.846,0.001
38,A,0,0.774,H,26.4,-66.0,-40.0,93.3,51.8,12.7,16.0,0.062,0.938,0.000
39,M,0,0.790,H,50.5,-64.2,-39.6,92.8,53.1,14.3,15.8,0.024,0.976,0.000
40,E,0,0.817,H,105.6,-65.3,-38.9,92.8,51.7,3.8,20.8,0.014,0.986,0.000
41,R,0,0.823,H,107.5,-67.4,-38.3,93.3,50.1,5.8,20.2,0.009,0.991,0.000
42,L,0,0.828,H,29.9,-66.5,-40.3,94.0,51.2,16.8,16.3,0.009,0.991,0.000
43,K,0,0.844,H,94.4,-65.3,-38.6,93.7,52.7,9.6,19.4,0.011,0.989,0.000
44,M,0,0.862,H,91.2,-66.6,-38.6,93.1,50.6,4.5,21.3,0.013,0.987,0.000
45,L,0,0.863,H,44.2,-67.5,-39.2,93.8,50.9,11.9,18.2,0.018,0.982,0.000
46,A,0,0.867,H,26.7,-66.3,-39.3,94.2,52.2,14.3,16.5,0.027,0.973,0.000
47,L,0,0.853,H,86.2,-67.2,-37.3,94.1,51.8,6.3,18.7,0.051,0.948,0.001
48,L,0,0.844,H,84.3,-68.6,-36.5,94.2,51.7,5.9,17.7,0.114,0.885,0.001
49,K,0,0.841,H,78.4,-71.5,-32.4,95.3,51.5,10.4,14.6,0.254,0.742,0.004
50,R,0,0.826,H,115.8,-68.1,-33.8,94.8,54.7,8.4,14.9,0.370,0.622,0.008
51,K,0,0.814,H,134.3,-70.1,-31.3,95.0,53.9,2.4,15.4,0.473,0.513,0.015
52,D,0,0.789,C,83.2,-78.8,-8.8,99.0,51.2,5.7,14.3,0.625,0.362,0.013
53,L,0,0.758,C,90.9,-72.5,-22.9,97.1,67.8,8.0,10.5,0.570,0.410,0.019
54,A,0,0.733,C,73.1,-71.9,-25.8,96.7,61.2,4.2,12.5,0.634,0.346,0.021
55,N,0,0.715,C,107.0,-82.5,12.7,101.1,50.5,3.9,13.2,0.749,0.231,0.020
56,L,0,0.716,C,83.6,-82.3,90.7,107.7,119.4,10.0,10.0,0.784,0.168,0.048
57,E,0,0.725,C,134.6,-88.7,77.4,107.1,165.1,3.2,14.5,0.810,0.071,0.119
58,V,0,0.741,C,51.0,-93.4,132.2,116.8,-167.7,14.6,11.1,0.931,0.006,0.063
59,P,0,0.735,C,71.5,-68.0,145.2,108.7,-108.1,7.6,15.4,0.945,0.043,0.012
60,H,0,0.744,C,119.9,-71.7,-20.9,99.4,-123.2,7.1,14.2,0.843,0.136,0.021
61,E,0,0.726,C,123.4,-77.1,-15.7,100.2,62.3,4.3,14.5,0.777,0.170,0.053
62,L,0,0.710,C,64.2,-83.2,94.2,108.1,88.5,12.9,11.5,0.893,0.073,0.033
63,P,0,0.692,C,76.3,-70.6,82.0,104.3,-113.2,8.1,16.0,0.862,0.097,0.041
64,T,0,0.679,C,61.7,-84.0,103.4,108.5,-166.1,11.4,14.4,0.747,0.152,0.101
65,K,0,0.659,C,110.1,-86.2,89.6,108.1,-171.1,8.5,15.1,0.751,0.146,0.103
66,Q,0,0.659,C,104.9,-83.5,52.5,106.3,170.7,7.7,14.0,0.796,0.135,0.069
67,D,0,0.649,C,100.4,-81.7,46.7,104.5,62.6,4.9,14.5,0.833,0.106,0.061
68,G,0,0.608,C,50.2,77.2,1.3,103.8,-59.0,5.0,14.2,0.903,0.060,0.037
69,S,0,0.590,C,72.9,-85.8,21.4,104.6,84.3,5.5,13.6,0.906,0.057,0.037
70,G,0,0.590,C,44.9,77.4,1.1,105.0,-72.0,6.9,15.4,0.891,0.072,0.037
71,V,0,0.619,C,63.6,-96.2,131.4,116.1,115.4,10.9,13.4,0.839,0.082,0.079
72,K,0,0.650,C,117.2,-91.3,130.6,112.5,-146.8,6.7,17.1,0.810,0.089,0.101
73,G,0,0.671,C,31.3,-99.1,-176.9,114.0,-152.4,11.5,16.7,0.765,0.149,0.086
74,Y,0,0.693,C,95.3,-89.6,107.4,109.9,-151.4,11.1,16.2,0.646,0.251,0.102
75,E,0,0.718,C,98.4,-82.8,12.7,106.2,-169.1,9.3,16.1,0.565,0.318,0.117
76,E,0,0.721,C,102.7,-80.6,1.7,105.5,100.2,7.6,15.4,0.570,0.301,0.129
77,K,0,0.694,C,108.4,-80.5,29.6,105.0,93.3,7.7,16.5,0.594,0.252,0.154
78,L,0,0.676,C,62.0,-81.7,19.3,104.5,103.4,13.8,13.5,0.665,0.247,0.088
79,N,0,0.643,C,96.2,-72.3,22.9,101.3,4.7,7.2,16.6,0.760,0.190,0.050
80,G,0,0.611,C,40.0,82.1,0.1,103.1,-72.5,8.3,16.6,0.843,0.105,0.052
81,N,0,0.605,C,78.1,-93.6,104.4,110.8,118.0,9.3,18.0,0.780,0.098,0.122
82,L,0,0.616,C,35.5,-94.5,129.9,115.7,-165.9,20.0,14.7,0.833,0.036,0.131
83,R,0,0.632,C,101.9,-107.0,133.0,119.6,-157.6,9.5,21.0,0.885,0.010,0.105
84,P,0,0.621,C,59.7,-71.1,140.0,110.4,-108.8,13.8,16.2,0.918,0.036,0.046
85,H,0,0.620,C,92.0,-95.3,118.6,111.9,-150.7,11.1,16.1,0.902,0.051,0.047
86,G,0,0.614,C,43.0,84.9,-147.3,111.9,-23.5,6.4,15.7,0.889,0.063,0.048
87,D,0,0.620,C,95.0,-84.9,26.9,105.2,-38.3,6.2,15.1,0.842,0.098,0.060
88,N,0,0.609,C,88.2,-83.6,16.9,103.0,79.3,9.0,14.5,0.801,0.106,0.093
89,R,0,0.603,C,124.8,-84.0,19.4,105.9,107.4,7.9,14.6,0.722,0.100,0.177
90,T,0,0.582,C,72.7,-89.1,97.7,109.2,140.5,8.7,16.4,0.692,0.072,0.235
91,A,0,0.578,C,41.6,-83.7,88.4,107.5,-173.8,14.5,13.8,0.756,0.055,0.188
92,G,0,0.562,C,36.4,-117.4,156.5,116.9,-171.3,9.9,17.6,0.767,0.031,0.202
93,R,0,0.573,C,102.4,-101.2,130.5,117.8,-125.3,10.5,16.3,0.820,0.017,0.163
94,P,0,0.562,C,84.9,-68.8,141.1,110.2,-102.0,7.5,15.3,0.858,0.046,0.096
95,G,0,0.564,C,51.0,77.4,-25.4,107.6,8.1,4.7,14.2,0.829,0.088,0.083
96,K,0,0.576,C,126.3,-92.8,121.1,112.2,156.3,6.0,14.6,0.759,0.106,0.135
97,E,0,0.583,C,91.9,-88.5,126.7,112.9,-134.6,11.6,15.0,0.700,0.098,0.202
98,N,0,0.591,C,70.5,-93.1,97.3,108.7,-149.8,10.4,17.7,0.724,0.064,0.213
99,I,0,0.607,C,58.8,-91.7,4.4,103.5,172.7,15.2,14.3,0.825,0.042,0.133
100,N,0,0.641,C,102.6,-47.4,33.8,100.9,-103.6,5.8,16.9,0.933,0.022,0.045
101,D,0,0.682,C,67.1,-90.7,94.9,109.3,144.3,10.9,14.2,0.935,0.022,0.043
102,E,0,0.691,C,92.1,-98.3,134.3,118.4,-156.5,8.6,17.9,0.909,0.013,0.078
103,P,0,0.702,C,62.4,-68.6,142.3,111.0,-103.5,13.4,16.3,0.872,0.053,0.075
104,V,0,0.703,C,37.4,-90.9,137.8,117.6,-123.1,18.2,13.4,0.712,0.110,0.178
105,D,0,0.704,C,71.5,-88.2,115.0,109.8,-132.4,7.7,23.1,0.771,0.115,0.115
106,M,0,0.688,C,24.9,-84.8,-6.2,98.0,-165.7,21.8,12.6,0.706,0.220,0.074
107,S,0,0.666,C,68.5,-71.8,-18.8,95.4,81.0,6.5,16.8,0.679,0.239,0.081
108,A,0,0.654,C,43.7,-82.0,27.7,105.8,89.9,10.9,11.9,0.720,0.216,0.064
109,R,0,0.655,C,129.8,-91.9,96.9,109.8,108.1,7.2,12.8,0.820,0.103,0.077
110,R,0,0.649,C,141.4,-92.4,119.6,111.5,-171.4,5.9,12.6,0.865,0.078,0.057
111,S,0,0.634,C,58.6,-92.8,139.7,114.7,-155.8,8.7,13.1,0.888,0.059,0.053
112,E,0,0.626,C,91.7,-90.9,116.1,111.1,-138.4,8.3,14.3,0.880,0.086,0.034
113,P,0,0.609,C,81.4,-66.4,-27.4,98.0,-133.9,8.2,11.9,0.716,0.266,0.018
114,E,0,0.600,C,143.2,-72.8,-22.3,96.6,53.7,1.9,13.8,0.648,0.318,0.034
115,R,0,0.583,C,129.6,-88.2,1.5,99.6,55.4,5.8,10.4,0.650,0.303,0.047
116,G,0,0.568,C,47.5,83.9,4.8,106.3,-107.9,4.7,14.1,0.818,0.135,0.048
117,R,0,0.575,C,138.0,-98.7,138.2,118.7,-179.5,5.5,13.8,0.884,0.036,0.079
118,L,0,0.586,C,81.7,-90.7,136.7,116.7,-127.0,10.5,14.7,0.923,0.004,0.073
119,T,0,0.610,C,55.7,-103.8,136.2,120.0,-145.8,10.8,17.0,0.974,0.000,0.026
120,P,0,0.623,C,61.1,-70.8,143.3,110.3,-106.4,11.9,17.9,0.986,0.000,0.014
121,S,0,0.646,C,21.9,-95.1,140.9,120.4,-125.4,18.8,17.0,0.980,0.000,0.020
122,P,0,0.677,C,22.4,-72.3,142.4,110.9,-109.1,20.6,22.6,0.991,0.005,0.004
123,D,0,0.729,C,21.0,-84.6,135.6,114.7,-132.5,20.8,25.7,0.947,0.013,0.040
124,I,0,0.748,E,9.0,-112.5,130.7,122.2,-153.8,24.2,25.9,0.185,0.007,0.808
125,I,0,0.747,E,5.9,-106.9,125.2,118.4,-157.3,24.9,25.5,0.098,0.002,0.900
126,V,0,0.735,E,16.7,-104.2,125.2,117.2,-155.0,19.6,27.9,0.121,0.002,0.877
127,L,0,0.732,C,12.1,-96.7,129.3,116.7,-155.0,24.1,21.3,0.498,0.009,0.492
128,S,0,0.719,C,33.6,-90.9,109.0,110.1,-153.5,13.4,19.4,0.793,0.009,0.198
129,D,0,0.689,C,48.7,-95.1,47.1,107.9,178.5,12.1,18.5,0.898,0.012,0.089
130,N,0,0.648,C,79.8,-84.2,34.8,101.9,-143.4,9.3,17.8,0.948,0.026,0.026
131,E,0,0.621,C,69.7,-75.2,-5.5,103.7,143.3,13.4,12.4,0.945,0.036,0.019
132,A,0,0.599,C,84.8,-70.1,-17.5,96.6,-150.7,2.8,15.9,0.935,0.057,0.008
133,S,0,0.586,C,62.2,-89.0,-1.4,99.9,53.1,6.8,15.6,0.918,0.067,0.015
134,S,0,0.581,C,26.7,-90.8,141.6,119.8,109.1,16.1,11.6,0.917,0.054,0.029
135,P,0,0.576,C,73.1,-67.3,-20.2,97.0,-120.4,9.9,16.8,0.827,0.151,0.022
136,R,0,0.583,C,106.1,-82.8,-2.3,100.6,62.6,10.5,16.2,0.821,0.133,0.046
137,S,0,0.591,C,36.9,-89.1,116.4,111.3,100.4,14.7,14.6,0.859,0.109,0.032
138,S,0,0.594,C,47.2,-94.7,139.3,113.6,-167.7,10.5,16.6,0.836,0.143,0.021
139,S,0,0.607,C,68.1,-69.0,-24.3,98.6,-115.5,7.0,15.6,0.584,0.413,0.003
140,R,0,0.640,H,121.5,-69.8,-32.8,96.2,56.2,6.1,17.4,0.349,0.650,0.002
141,M,0,0.681,H,46.4,-68.7,-37.7,95.5,53.9,14.8,15.8,0.183,0.816,0.001
142,E,0,0.710,H,79.9,-66.3,-38.8,95.0,54.8,11.0,17.9,0.092,0.908,0.000
143,E,0,0.727,H,100.3,-68.1,-38.3,95.0,51.7,5.1,20.5,0.085,0.914,0.001
144,R,0,0.733,H,79.6,-69.8,-36.8,95.6,51.1,10.8,18.9,0.071,0.928,0.001
145,L,0,0.734,H,32.0,-69.4,-38.1,96.7,52.6,17.9,16.8,0.097,0.901,0.002
146,K,0,0.732,H,95.7,-68.9,-35.8,96.4,53.9,9.2,19.9,0.149,0.849,0.002
147,A,0,0.731,H,60.3,-74.5,-28.8,97.4,52.9,6.2,20.1,0.233,0.766,0.002
148,A,0,0.728,H,28.3,-85.2,123.2,110.4,95.5,16.3,13.7,0.449,0.547,0.004
149,N,0,0.742,C,65.0,-83.8,102.1,107.6,-137.3,10.4,20.4,0.675,0.317,0.008
150,L,0,0.753,H,62.5,-70.0,-26.6,97.6,-161.2,15.9,15.3,0.187,0.806,0.007
151,E,0,0.756,H,111.1,-67.1,-35.9,94.2,56.7,4.4,19.6,0.143,0.850,0.007
152,M,0,0.760,H,61.3,-69.9,-35.2,94.6,51.7,10.6,17.6,0.161,0.832,0.007
153,F,0,0.734,H,32.5,-84.5,-14.9,100.0,50.4,19.6,12.9,0.311,0.680,0.009
154,K,0,0.715,C,110.3,-74.2,49.6,104.6,93.9,8.3,15.9,0.615,0.372,0.013
155,G,0,0.700,C,50.3,46.5,-15.9,103.0,24.9,4.2,16.0,0.726,0.264,0.010
156,K,0,0.693,C,113.2,-89.9,59.6,108.1,77.8,6.8,14.7,0.829,0.165,0.007
157,G,0,0.709,C,31.0,-112.6,171.7,124.1,-115.9,6.6,19.8,0.935,0.062,0.004
158,I,0,0.737,H,64.6,-63.5,-35.1,94.1,-100.4,16.3,13.6,0.052,0.948,0.000
159,E,0,0.771,H,111.9,-63.8,-39.0,92.9,55.7,4.3,18.9,0.016,0.984,0.000
160,E,0,0.801,H,97.3,-66.7,-38.7,92.8,50.2,3.7,19.6,0.007,0.993,0.000
161,R,0,0.812,H,38.5,-66.3,-39.7,93.6,51.1,17.3,15.1,0.004,0.996,0.000
162,Q,0,0.820,H,62.9,-62.9,-40.6,92.9,53.2,13.1,19.1,0.002,0.998,0.000
163,Q,0,0.830,H,105.7,-64.7,-39.8,91.8,50.2,2.3,23.3,0.002,0.998,0.000
164,L,0,0.833,H,43.5,-66.6,-40.6,93.3,49.7,10.1,19.6,0.002,0.998,0.000
165,I,0,0.851,H,18.4,-64.2,-41.8,93.5,51.0,20.9,16.8,0.002,0.998,0.000
166,K,0,0.849,H,102.6,-64.2,-39.9,92.9,51.6,6.7,21.5,0.002,0.998,0.000
167,Q,0,0.842,H,92.9,-65.7,-39.7,92.3,49.5,3.7,22.5,0.006,0.994,0.000
168,L,0,0.844,H,18.5,-66.0,-42.2,93.5,49.6,17.2,16.9,0.004,0.996,0.000
169,R,0,0.854,H,80.9,-62.9,-41.1,93.0,52.4,14.6,18.7,0.002,0.998,0.000
170,D,0,0.862,H,89.5,-65.2,-39.0,92.1,50.1,2.5,21.8,0.002,0.998,0.000
171,E,0,0.845,H,73.6,-67.4,-39.1,92.9,49.8,7.4,19.5,0.006,0.994,0.000
172,L,0,0.840,H,25.9,-66.4,-40.5,94.1,50.6,17.6,16.3,0.015,0.985,0.000
173,R,0,0.840,H,103.9,-65.2,-39.5,93.6,51.9,8.1,20.2,0.027,0.973,0.000
174,L,0,0.863,H,72.6,-66.3,-39.6,93.2,50.5,6.2,21.1,0.017,0.983,0.000
175,E,0,0.875,H,38.8,-65.9,-41.3,93.6,51.1,13.5,18.5,0.004,0.996,0.000
176,E,0,0.887,H,54.4,-66.0,-39.2,93.9,51.2,12.4,18.7,0.002,0.998,0.000
177,A,0,0.900,H,52.8,-66.7,-38.0,93.2,51.0,5.8,19.8,0.001,0.999,0.000
178,R,0,0.907,H,88.8,-67.2,-38.3,93.4,51.0,9.2,18.8,0.002,0.998,0.000
179,L,0,0.906,H,38.9,-65.8,-40.2,93.9,51.2,14.5,18.3,0.002,0.998,0.000
180,V,0,0.911,H,58.1,-65.6,-40.2,93.5,51.4,7.8,20.3,0.003,0.997,0.000
181,L,0,0.904,H,58.8,-66.1,-40.1,93.5,50.7,8.3,19.6,0.002,0.998,0.000
182,L,0,0.898,H,39.7,-66.3,-40.5,93.9,50.9,12.7,17.7,0.002,0.998,0.000
183,K,0,0.880,H,86.1,-66.1,-38.8,93.8,51.3,8.5,18.4,0.004,0.996,0.000
184,K,0,0.849,H,102.7,-66.4,-38.4,93.2,50.5,4.9,18.3,0.011,0.989,0.000
185,L,0,0.821,H,59.0,-67.7,-38.2,93.9,51.0,9.6,15.4,0.035,0.965,0.000
186,R,0,0.797,H,101.5,-68.2,-35.5,94.5,52.5,9.4,14.9,0.174,0.826,0.000
187,Q,0,0.782,H,104.4,-68.6,-35.2,94.6,52.5,4.1,15.9,0.266,0.734,0.001
188,S,0,0.756,H,53.9,-72.2,-31.8,96.4,54.3,6.2,13.5,0.392,0.606,0.002
189,Q,0,0.743,H,91.5,-71.0,-30.7,95.5,54.8,6.8,12.5,0.416,0.581,0.002
190,L,0,0.737,C,88.9,-71.8,-31.3,95.7,53.2,6.0,12.3,0.517,0.479,0.004
191,Q,0,0.745,C,113.9,-73.2,-29.6,96.8,56.6,3.0,11.5,0.556,0.437,0.008
192,K,0,0.758,C,123.4,-73.5,-28.7,96.9,56.7,3.3,10.8,0.582,0.412,0.006
193,E,0,0.763,C,116.4,-74.0,-25.7,96.7,57.4,3.9,9.6,0.621,0.368,0.010
194,N,0,0.763,C,109.8,-83.6,-9.1,99.3,52.4,2.6,10.2,0.734,0.258,0.008
195,V,0,0.776,C,100.1,-83.1,-6.9,102.4,70.6,3.7,8.6,0.735,0.246,0.019
196,V,0,0.788,C,105.3,-86.3,9.8,104.4,71.0,3.4,8.6,0.820,0.162,0.018
197,Q,0,0.788,C,134.2,-88.9,88.3,108.3,104.4,2.8,8.2,0.905,0.079,0.015
198,K,0,0.779,C,140.4,-92.2,124.8,112.4,-164.6,4.2,9.1,0.959,0.025,0.017
199,T,0,0.785,C,97.6,-95.5,129.2,116.2,-138.8,3.6,10.4,0.984,0.008,0.008
200,P,0,0.769,C,91.0,-67.6,145.9,110.8,-103.9,5.8,10.8,0.980,0.018,0.002
201,V,0,0.780,C,112.8,-89.9,126.9,112.0,-129.7,3.9,9.3,0.961,0.034,0.005
202,V,0,0.773,C,109.4,-95.0,127.7,113.6,-156.6,4.4,9.1,0.939,0.049,0.012
203,Q,0,0.758,C,129.3,-93.6,126.1,112.4,-153.0,3.9,10.3,0.940,0.044,0.017
204,N,0,0.753,C,97.4,-89.0,103.8,109.1,-145.8,6.3,11.8,0.942,0.046,0.012
205,A,0,0.743,C,70.5,-70.4,-24.0,97.6,146.0,6.1,10.4,0.867,0.125,0.008
206,A,0,0.730,C,78.5,-76.5,-18.2,98.2,61.5,3.1,12.0,0.869,0.125,0.006
207,S,0,0.722,C,71.7,-85.4,29.9,105.5,74.5,4.9,11.6,0.876,0.108,0.016
208,I,0,0.719,C,98.1,-86.6,25.8,105.4,91.2,7.5,10.9,0.859,0.077,0.063
209,V,0,0.707,C,81.4,-96.3,129.0,115.0,125.7,8.3,10.5,0.856,0.027,0.117
210,Q,0,0.697,C,113.6,-99.4,131.6,117.7,-149.5,5.3,12.5,0.935,0.002,0.062
211,P,0,0.655,C,70.1,-69.4,150.0,112.9,-106.0,9.4,12.7,0.989,0.002,0.009
212,S,0,0.642,C,59.5,-74.0,146.6,113.9,-104.5,7.4,13.3,0.984,0.013,0.003
213,P,0,0.632,C,80.7,-66.3,-22.7,99.4,-110.7,8.7,11.8,0.819,0.178,0.002
214,A,0,0.632,C,75.4,-72.8,-22.3,98.2,59.9,3.6,12.9,0.713,0.268,0.018
215,H,0,0.652,C,110.6,-84.3,-5.7,100.9,55.7,6.1,10.7,0.674,0.274,0.053
216,V,0,0.654,C,93.8,-86.0,20.3,104.9,80.1,5.7,9.9,0.782,0.163,0.055
217,G,0,0.640,C,52.6,52.8,-2.7,104.3,17.6,3.6,12.9,0.912,0.061,0.027
218,Q,0,0.640,C,122.1,-85.6,17.0,104.8,80.7,3.7,9.7,0.881,0.066,0.054
219,Q,0,0.638,C,120.0,-80.0,1.9,103.3,96.8,4.3,9.6,0.918,0.040,0.042
220,G,0,0.625,C,51.4,-70.0,-17.5,101.4,41.8,3.8,10.5,0.955,0.028,0.017
221,L,0,0.626,C,117.5,-76.4,-19.6,98.3,62.3,3.1,10.1,0.951,0.034,0.015
222,S,0,0.633,C,77.4,-79.6,-10.5,100.4,67.6,3.7,9.9,0.961,0.022,0.016
223,K,0,0.640,C,139.0,-85.1,7.0,103.4,76.0,3.0,10.0,0.928,0.023,0.050
224,L,0,0.645,C,104.9,-90.9,133.3,115.8,132.6,4.6,8.1,0.982,0.002,0.016
225,P,0,0.643,C,94.6,-69.3,145.0,109.2,-106.6,4.6,10.8,0.989,0.006,0.004
226,S,0,0.621,C,88.9,-83.0,70.4,106.0,-112.0,2.9,10.5,0.980,0.011,0.009
227,R,0,0.595,C,158.7,-94.1,123.0,113.2,177.0,3.7,7.8,0.980,0.006,0.014
228,P,0,0.574,C,106.1,-69.2,138.8,108.8,-109.8,3.2,8.8,0.970,0.025,0.005
229,G,0,0.573,C,61.7,-74.2,103.6,107.9,-28.8,2.3,8.2,0.951,0.042,0.006
230,A,0,0.577,C,87.9,-80.9,-3.8,101.8,68.6,2.4,8.0,0.919,0.074,0.008
231,Q,0,0.588,C,137.3,-87.6,44.4,105.9,78.9,2.6,7.4,0.924,0.058,0.017
232,G,0,0.621,C,60.0,-70.2,129.6,109.2,-14.6,2.2,9.3,0.942,0.035,0.022
233,V,0,0.653,C,103.4,-96.7,131.6,115.9,170.6,4.2,9.8,0.929,0.035,0.036
234,E,0,0.678,C,114.4,-88.7,136.6,116.2,-127.1,6.5,11.8,0.978,0.015,0.007
235,P,0,0.677,C,62.4,-68.8,149.6,110.9,-104.2,10.6,10.2,0.941,0.058,0.001
236,Q,0,0.685,C,130.0,-68.7,-24.1,97.8,-114.7,3.4,13.1,0.795,0.198,0.007
237,N,0,0.682,C,103.7,-74.8,-11.6,98.9,51.6,3.5,11.7,0.807,0.182,0.011
238,L,0,0.696,C,97.7,-74.4,-22.8,97.9,74.3,5.9,9.3,0.722,0.257,0.020
239,R,0,0.709,C,136.1,-73.5,-26.3,97.4,64.1,4.8,10.7,0.783,0.204,0.013
240,T,0,0.707,C,94.7,-82.4,-9.6,99.7,55.3,2.9,12.0,0.839,0.148,0.013
241,L,0,0.706,C,106.5,-82.8,2.4,102.3,71.7,4.4,8.7,0.871,0.118,0.011
242,Q,0,0.697,C,117.5,-82.5,41.6,105.6,103.3,4.7,9.3,0.917,0.070,0.014
243,G,0,0.700,C,56.2,-69.8,-1.3,103.8,2.8,2.8,11.3,0.947,0.044,0.009
244,H,0,0.717,C,124.9,-87.6,14.4,104.4,71.9,5.0,8.8,0.913,0.076,0.011
245,S,0,0.735,C,80.1,-76.2,-17.1,98.8,76.1,3.3,11.3,0.910,0.076,0.015
246,V,0,0.749,C,100.7,-79.3,-17.0,100.6,66.2,3.3,10.8,0.865,0.104,0.031
247,I,0,0.746,C,104.0,-75.6,-24.7,99.2,63.4,4.6,10.3,0.854,0.108,0.038
248,R,0,0.727,C,147.1,-78.2,-17.4,100.7,67.9,3.7,9.9,0.902,0.078,0.020
249,S,0,0.707,C,81.0,-83.2,-3.4,102.9,66.6,3.0,9.8,0.907,0.078,0.016
250,A,0,0.683,C,75.1,-77.6,-14.2,99.8,72.4,4.7,8.3,0.881,0.113,0.006
251,T,0,0.672,C,102.9,-82.6,-5.9,100.7,66.5,2.3,10.2,0.866,0.124,0.010
252,N,0,0.688,C,102.4,-87.2,38.8,105.4,74.4,4.9,9.0,0.908,0.084,0.008
253,T,0,0.699,C,102.6,-82.6,-9.4,100.9,114.0,2.9,10.3,0.933,0.057,0.010
254,T,0,0.713,C,100.9,-90.5,60.3,107.3,76.1,2.5,11.0,0.958,0.033,0.009
255,L,0,0.736,C,88.5,-88.8,137.8,115.9,172.7,7.2,9.2,0.966,0.029,0.005
256,P,0,0.748,C,68.2,-68.3,145.9,108.7,-105.0,8.3,12.1,0.895,0.104,0.001
257,H,0,0.770,C,120.9,-67.7,-23.8,97.3,-120.6,5.8,13.1,0.668,0.330,0.002
258,M,0,0.773,C,112.6,-70.4,-24.9,95.7,65.2,4.9,10.4,0.553,0.438,0.009
259,L,0,0.771,H,96.3,-73.8,-23.4,96.5,60.2,5.6,11.1,0.489,0.494,0.017
260,M,0,0.773,C,103.7,-78.5,-15.0,98.3,62.2,5.9,11.4,0.559,0.427,0.014
261,S,0,0.768,C,66.5,-72.8,-23.1,99.0,74.3,5.8,11.0,0.601,0.380,0.018
262,Q,0,0.773,C,130.4,-75.3,-16.0,96.9,62.2,2.3,11.6,0.689,0.289,0.023
263,R,0,0.769,C,130.9,-83.4,23.9,104.6,78.9,6.1,8.9,0.763,0.196,0.041
264,V,0,0.766,C,94.4,-88.0,97.6,108.9,104.9,5.4,10.4,0.803,0.088,0.109
265,I,0,0.757,C,108.0,-93.6,110.7,111.0,149.8,5.9,9.8,0.800,0.031,0.170
266,A,0,0.742,C,58.8,-92.3,136.9,117.6,-172.9,7.5,9.1,0.953,0.002,0.046
267,P,0,0.708,C,71.1,-68.4,152.1,113.9,-104.8,8.2,11.4,0.990,0.002,0.008
268,N,0,0.687,C,94.1,-81.3,128.1,111.6,-107.4,5.1,14.6,0.989,0.008,0.003
269,P,0,0.665,H,89.0,-63.2,-27.8,93.0,-134.2,6.7,9.9,0.364,0.635,0.000
270,A,0,0.659,H,74.1,-67.5,-33.9,94.0,56.6,2.5,12.8,0.342,0.656,0.002
271,Q,0,0.652,H,110.9,-69.9,-32.4,94.5,52.0,2.8,13.1,0.310,0.683,0.008
272,L,0,0.638,H,84.8,-73.1,-29.0,96.0,54.1,6.2,9.7,0.462,0.518,0.020
273,Q,0,0.607,C,116.9,-69.7,-25.9,95.0,57.1,3.8,11.0,0.668,0.306,0.026
274,G,0,0.585,C,57.9,-74.9,-11.9,96.7,46.3,1.7,11.6,0.882,0.102,0.016
275,Q,0,0.566,C,123.5,-87.1,91.3,108.1,91.9,3.2,8.1,0.884,0.063,0.053
276,R,0,0.558,C,159.4,-91.5,122.1,112.1,-168.0,4.0,7.7,0.933,0.017,0.051
277,G,0,0.552,C,48.1,-103.3,162.8,124.6,-146.4,3.0,10.0,0.948,0.004,0.048
278,P,0,0.563,C,106.2,-70.1,148.0,112.8,-83.6,3.2,10.1,0.990,0.001,0.009
279,P,0,0.565,C,110.2,-73.5,146.0,111.1,-94.7,3.4,9.1,0.987,0.008,0.005
280,K,0,0.589,C,140.1,-84.3,135.9,113.1,-111.2,4.2,8.8,0.977,0.010,0.013
281,P,0,0.585,C,114.5,-68.0,129.4,104.6,-102.2,2.4,9.1,0.959,0.035,0.007
282,G,0,0.608,C,65.8,64.7,-4.1,103.1,17.0,0.8,8.7,0.934,0.049,0.017
283,L,0,0.632,C,123.0,-89.6,108.3,109.5,94.6,2.7,6.3,0.865,0.093,0.041
284,V,0,0.666,C,117.5,-93.4,127.8,113.7,-148.0,2.3,7.6,0.810,0.108,0.083
285,R,0,0.685,C,166.3,-92.1,130.4,113.8,-142.2,3.7,7.0,0.896,0.048,0.057
286,T,0,0.695,C,110.8,-94.8,127.9,113.4,-147.9,2.3,7.5,0.912,0.021,0.067
287,T,0,0.698,C,108.9,-91.0,131.0,113.1,-137.7,2.7,7.1,0.964,0.003,0.033
288,T,0,0.692,C,99.3,-91.7,124.6,113.4,-128.6,3.6,9.3,0.976,0.002,0.022
289,P,0,0.669,C,98.5,-68.0,67.9,102.8,-117.8,4.5,8.4,0.969,0.021,0.009
290,N,0,0.658,C,132.2,-83.4,32.4,104.6,11.6,1.6,8.1,0.967,0.020,0.013
291,M,0,0.663,C,136.3,-84.5,20.6,104.4,97.7,3.0,7.2,0.977,0.013,0.011
292,N,0,0.671,C,101.3,-96.7,115.2,112.9,144.3,4.1,10.2,0.987,0.003,0.010
293,P,0,0.677,C,83.0,-66.8,141.7,107.5,-123.1,6.3,10.1,0.973,0.023,0.004
294,A,0,0.688,C,78.0,-74.3,114.4,105.8,-108.8,4.2,12.1,0.936,0.045,0.019
295,I,0,0.698,C,105.6,-92.4,122.5,112.7,-155.3,7.0,7.8,0.831,0.046,0.123
296,N,0,0.714,C,109.1,-93.9,117.6,111.7,-154.6,4.1,11.3,0.879,0.018,0.103
297,Y,0,0.718,C,148.1,-96.6,103.0,110.6,-177.5,5.1,8.3,0.864,0.018,0.118
298,Q,0,0.709,C,121.8,-96.3,130.5,116.3,-157.0,3.9,9.3,0.939,0.005,0.056
299,P,0,0.688,C,96.4,-70.9,141.0,109.8,-109.9,5.1,10.8,0.956,0.022,0.022
300,Q,0,0.663,C,139.3,-80.6,21.3,104.4,-115.9,3.1,9.2,0.962,0.020,0.018
301,S,0,0.646,C,81.8,-88.2,50.7,106.5,139.4,4.3,8.0,0.964,0.014,0.021
302,S,0,0.635,C,90.9,-77.5,-8.2,98.4,134.9,2.1,8.5,0.969,0.024,0.007
303,S,0,0.633,C,88.5,-81.5,-3.4,100.5,70.1,1.9,8.2,0.966,0.025,0.009
304,S,0,0.637,C,83.6,-83.5,8.8,102.5,73.4,3.1,8.8,0.968,0.020,0.012
305,V,0,0.664,C,93.3,-92.8,128.8,114.7,128.0,5.6,8.1,0.976,0.011,0.014
306,P,0,0.693,C,93.9,-71.3,135.4,108.5,-112.1,4.7,11.6,0.970,0.023,0.006
307,C,0,0.715,C,87.4,-92.2,127.0,113.0,-148.5,6.4,7.3,0.928,0.048,0.024
308,Q,0,0.714,C,138.8,-93.0,127.1,113.1,-144.3,2.7,9.7,0.921,0.048,0.030
309,R,0,0.714,C,148.2,-91.5,129.1,113.6,-147.6,6.1,9.0,0.955,0.025,0.020
310,T,0,0.727,C,90.6,-92.0,135.8,112.8,-149.8,4.3,10.6,0.943,0.043,0.014
311,T,0,0.740,C,94.0,-72.5,-23.1,98.9,-124.0,4.7,11.7,0.882,0.115,0.003
312,S,0,0.738,C,71.8,-75.4,-22.3,98.9,60.0,4.4,12.2,0.812,0.186,0.002
313,S,0,0.734,C,65.0,-70.0,-31.8,97.2,62.1,5.7,13.1,0.718,0.281,0.001
314,A,0,0.747,C,67.1,-68.1,-34.8,94.6,56.3,3.5,14.0,0.566,0.432,0.002
315,I,0,0.767,H,80.8,-68.4,-36.4,94.5,53.7,7.1,14.1,0.489,0.498,0.013
316,Y,0,0.776,H,103.1,-68.6,-35.3,94.6,54.3,8.4,14.0,0.428,0.547,0.025
317,M,0,0.769,H,99.9,-68.4,-35.5,94.6,53.9,4.9,15.4,0.451,0.536,0.013
318,N,0,0.752,C,79.3,-70.8,-31.8,95.4,52.4,6.1,14.8,0.548,0.442,0.011
319,L,0,0.745,H,77.6,-70.5,-31.1,95.2,56.6,8.4,11.5,0.457,0.527,0.017
320,A,0,0.744,C,62.2,-71.9,-28.0,95.9,56.3,6.9,11.8,0.515,0.465,0.021
321,S,0,0.739,C,76.5,-79.8,-15.6,98.8,55.9,3.3,12.2,0.672,0.308,0.020
322,H,0,0.735,C,132.0,-88.0,19.4,104.2,65.5,3.8,9.8,0.781,0.199,0.020
323,I,0,0.715,C,112.0,-88.2,45.7,106.5,97.5,5.2,8.5,0.864,0.094,0.041
324,Q,0,0.706,C,103.9,-95.1,130.5,116.0,169.5,6.3,9.0,0.956,0.008,0.036
325,P,0,0.678,C,94.2,-67.7,136.0,106.6,-109.5,5.0,12.3,0.968,0.020,0.012
326,G,0,0.680,C,56.1,-51.7,15.6,106.2,15.4,3.1,11.3,0.934,0.036,0.030
327,T,0,0.676,C,98.6,-89.9,88.3,108.3,90.6,3.3,9.0,0.883,0.050,0.067
328,V,0,0.675,C,103.1,-91.3,106.3,110.0,-178.7,5.1,8.5,0.814,0.087,0.099
329,N,0,0.684,C,114.8,-89.6,97.4,108.6,-162.0,3.5,10.1,0.865,0.066,0.069
330,R,0,0.685,C,147.4,-87.0,67.4,107.0,173.2,5.4,9.5,0.872,0.050,0.078
331,V,0,0.677,C,104.7,-90.1,99.1,109.2,139.4,4.4,9.7,0.913,0.021,0.066
332,S,0,0.654,C,80.4,-89.8,84.5,108.1,-168.2,4.6,11.1,0.956,0.008,0.036
333,S,0,0.617,C,66.5,-96.1,136.1,117.9,-162.5,6.1,10.3,0.972,0.002,0.026
334,P,0,0.597,C,85.9,-69.3,144.3,109.5,-101.2,6.0,13.7,0.985,0.004,0.011
335,L,0,0.605,C,94.4,-82.1,139.9,115.1,-111.6,8.5,12.5,0.986,0.001,0.013
336,P,0,0.600,C,75.3,-70.2,148.8,110.1,-102.6,9.0,12.9,0.996,0.002,0.002
337,S,0,0.607,C,70.1,-82.1,141.8,114.2,-107.5,5.2,14.9,0.985,0.012,0.003
338,P,0,0.613,C,87.6,-66.3,-22.9,98.5,-112.5,7.9,11.2,0.578,0.421,0.000
339,S,0,0.625,C,81.4,-73.3,-21.5,98.1,63.5,2.7,14.2,0.518,0.481,0.001
340,A,0,0.647,H,65.5,-79.0,-9.8,100.5,64.0,6.2,12.7,0.361,0.639,0.001
341,M,0,0.666,H,75.3,-87.2,53.6,106.7,79.9,12.3,10.6,0.448,0.551,0.002
342,T,0,0.678,C,89.4,-84.3,-11.2,101.4,106.7,4.9,16.2,0.605,0.393,0.002
343,D,0,0.694,C,83.7,-94.6,141.1,113.4,75.3,4.2,16.7,0.707,0.291,0.002
344,A,0,0.684,H,56.5,-65.5,-32.4,94.7,-114.8,9.3,14.7,0.271,0.729,0.000
345,A,0,0.676,H,39.1,-64.7,-39.1,93.2,53.9,11.6,15.0,0.158,0.842,0.000
346,N,0,0.677,H,92.7,-66.5,-37.0,93.3,52.3,3.9,18.3,0.125,0.874,0.000
347,S,0,0.686,H,53.3,-67.4,-38.4,94.0,51.7,6.5,19.1,0.129,0.871,0.000
348,Q,0,0.705,H,48.8,-66.0,-40.0,93.9,51.9,14.6,17.3,0.056,0.944,0.000
349,A,0,0.718,H,34.9,-63.7,-40.9,93.1,52.4,11.3,20.3,0.020,0.980,0.000
350,A,0,0.740,H,50.9,-65.3,-40.3,92.5,50.6,4.9,23.2,0.008,0.992,0.000
351,A,0,0.759,H,22.3,-66.6,-40.6,93.6,50.4,13.8,19.4,0.003,0.997,0.000
352,K,0,0.772,H,44.3,-64.7,-39.9,93.4,51.7,17.4,18.6,0.003,0.997,0.000
353,L,0,0.786,H,82.1,-65.2,-39.8,93.1,51.0,6.4,23.0,0.004,0.996,0.000
354,A,0,0.784,H,36.1,-65.9,-40.6,92.9,50.3,7.2,21.9,0.005,0.995,0.000
355,L,0,0.782,H,22.0,-66.7,-41.1,94.0,49.6,18.0,17.8,0.006,0.994,0.000
356,R,0,0.783,H,94.1,-64.0,-40.0,93.2,52.5,12.5,19.3,0.011,0.989,0.000
357,K,0,0.775,H,117.4,-65.3,-38.9,92.3,50.2,3.0,22.2,0.024,0.975,0.000
358,Q,0,0.770,H,64.7,-68.0,-37.8,93.4,49.7,8.8,18.5,0.054,0.946,0.000
359,L,0,0.772,H,27.1,-66.7,-39.8,93.9,51.0,17.0,14.6,0.051,0.949,0.000
360,E,0,0.780,H,97.1,-65.9,-36.9,93.7,52.7,7.8,17.6,0.118,0.882,0.001
361,K,0,0.770,H,132.9,-68.6,-33.8,92.9,51.2,2.3,17.7,0.188,0.811,0.001
362,T,0,0.766,H,63.1,-91.0,-15.2,98.8,39.3,8.1,14.2,0.336,0.659,0.004
363,L,0,0.762,C,64.2,-85.6,-1.6,102.0,57.4,13.7,11.7,0.566,0.415,0.018
364,L,0,0.760,C,95.6,-77.2,-9.7,102.5,83.0,8.2,13.9,0.812,0.154,0.034
365,E,0,0.742,C,127.4,-88.8,93.6,108.9,65.1,4.1,15.0,0.909,0.032,0.058
366,I,0,0.720,C,52.3,-95.7,132.1,117.9,-177.0,16.1,11.2,0.960,0.001,0.040
367,P,0,0.687,C,76.7,-70.7,150.7,115.1,-105.7,5.7,17.3,0.992,0.000,0.008
368,P,0,0.665,C,71.9,-69.5,148.1,114.1,-99.3,10.9,15.2,0.995,0.000,0.005
369,P,0,0.650,C,41.0,-66.9,149.6,113.5,-100.1,15.5,13.3,0.994,0.000,0.005
370,K,0,0.638,C,129.2,-88.5,136.5,115.8,-121.6,5.2,18.7,0.985,0.000,0.015
371,P,0,0.647,C,52.4,-70.7,149.6,115.5,-105.4,14.7,12.3,0.996,0.000,0.004
372,P,0,0.655,C,83.7,-69.6,148.0,112.4,-95.8,5.7,17.7,0.998,0.000,0.002
373,A,0,0.680,C,53.8,-71.9,146.7,114.2,-103.9,12.5,14.4,0.997,0.001,0.003
374,P,0,0.709,C,44.4,-68.4,150.8,112.4,-101.2,14.7,14.0,0.984,0.013,0.002
375,L,0,0.746,C,106.6,-73.6,-6.9,100.2,-112.9,6.4,18.3,0.957,0.033,0.010
376,L,0,0.778,C,41.7,-94.1,120.2,113.0,124.2,18.1,14.5,0.922,0.049,0.029
377,H,0,0.807,C,72.2,-94.5,91.7,109.5,-161.9,11.6,21.2,0.907,0.036,0.057
378,F,0,0.818,C,31.1,-97.2,121.8,113.4,175.8,20.3,19.3,0.822,0.027,0.152
379,L,0,0.805,C,23.0,-107.9,129.7,120.4,-172.4,21.2,20.1,0.903,0.002,0.095
380,P,0,0.778,C,21.4,-72.7,141.7,113.1,-111.3,20.8,21.1,0.961,0.005,0.034
381,S,0,0.746,C,20.4,-118.3,152.5,128.9,-159.8,15.5,23.3,0.937,0.024,0.040
382,A,0,0.727,C,48.5,-64.4,-29.1,92.8,-104.5,15.2,19.1,0.910,0.084,0.006
383,A,0,0.730,C,52.8,-82.8,-7.2,92.9,58.6,9.7,21.1,0.925,0.071,0.004
384,N,0,0.758,C,27.7,-94.2,108.2,111.3,88.3,19.8,17.4,0.956,0.042,0.002
385,S,0,0.784,H,30.9,-65.0,-37.1,95.4,163.0,18.0,20.9,0.076,0.924,0.000
386,E,0,0.829,H,53.7,-65.5,-39.3,93.2,55.0,14.1,25.8,0.011,0.989,0.000
387,F,0,0.860,H,7.3,-64.8,-43.2,94.1,51.5,24.6,24.6,0.002,0.998,0.000
388,I,0,0.882,H,5.5,-64.6,-43.4,94.1,51.9,25.0,26.9,0.002,0.998,0.000
389,Y,0,0.897,H,25.1,-65.6,-41.6,94.1,51.5,20.5,27.1,0.006,0.994,0.000
390,M,0,0.875,H,7.6,-69.1,-38.0,95.2,50.4,23.8,27.4,0.036,0.964,0.000
391,V,0,0.855,H,6.5,-83.5,-22.4,98.8,46.0,23.7,25.8,0.367,0.633,0.000
392,G,0,0.839,C,8.9,81.0,14.8,100.0,-96.3,20.5,26.4,0.960,0.039,0.001
393,L,0,0.847,H,2.1,-66.1,-41.6,96.3,127.3,27.8,22.1,0.068,0.932,0.000
394,E,0,0.871,H,47.0,-63.0,-41.9,92.8,54.9,16.7,24.7,0.015,0.985,0.000
395,E,0,0.897,H,74.8,-65.5,-39.8,92.1,50.5,7.4,27.1,0.008,0.992,0.000
396,V,0,0.906,H,5.2,-66.2,-43.0,94.0,49.4,22.8,22.4,0.009,0.991,0.000
397,V,0,0.911,H,3.1,-65.4,-42.3,94.0,50.5,26.1,22.7,0.011,0.988,0.000
398,Q,0,0.895,H,69.3,-64.7,-40.2,92.9,52.3,11.0,24.7,0.011,0.989,0.000
399,S,0,0.878,H,35.1,-66.6,-40.1,93.2,50.6,8.9,23.3,0.025,0.974,0.000
400,V,0,0.870,H,10.4,-67.7,-41.3,94.2,49.1,20.1,17.8,0.080,0.919,0.000
401,I,0,0.858,H,30.9,-68.6,-38.1,94.9,49.8,17.7,16.4,0.261,0.736,0.003
402,D,0,0.835,H,88.9,-69.0,-33.4,94.1,51.8,4.6,17.9,0.495,0.497,0.007
403,S,0,0.789,C,70.6,-78.4,-23.4,95.6,47.4,4.0,15.4,0.614,0.379,0.007
404,Q,0,0.753,C,97.1,-89.8,0.3,98.6,46.1,7.1,11.5,0.800,0.195,0.005
405,G,0,0.735,C,56.5,78.6,7.9,99.3,-107.1,2.5,15.6,0.947,0.050,0.003
406,K,0,0.755,C,101.1,-99.2,143.4,121.1,115.2,7.6,12.1,0.946,0.040,0.014
407,S,0,0.783,C,63.4,-86.1,140.5,116.1,-118.7,6.2,18.0,0.891,0.085,0.024
408,C,0,0.814,C,37.6,-71.1,-21.6,96.7,-131.1,18.3,13.1,0.619,0.371,0.010
409,A,0,0.831,H,60.4,-65.5,-34.1,94.7,70.1,9.1,15.3,0.487,0.504,0.010
410,S,0,0.830,H,77.0,-72.5,-26.4,95.1,54.8,2.7,16.6,0.470,0.509,0.021
411,L,0,0.839,C,67.7,-78.5,-19.4,98.0,58.0,10.8,13.7,0.508,0.445,0.047
412,L,0,0.856,C,58.9,-89.3,105.5,110.0,78.1,14.8,11.7,0.680,0.229,0.091
413,R,0,0.891,C,147.4,-85.2,18.8,103.9,137.0,4.9,17.2,0.789,0.068,0.143
414,V,0,0.902,C,52.0,-103.0,141.2,120.5,119.0,13.8,13.2,0.846,0.012,0.142
415,E,0,0.908,C,112.4,-86.8,132.0,114.2,-116.6,6.1,22.2,0.926,0.002,0.072
416,P,0,0.910,C,29.9,-73.8,144.4,114.7,-111.3,20.3,17.2,0.913,0.019,0.068
417,F,0,0.910,C,31.2,-80.4,133.5,113.1,-111.9,20.7,18.5,0.778,0.027,0.195
418,V,0,0.900,C,45.7,-90.7,128.4,113.1,-139.8,11.7,25.3,0.736,0.043,0.221
419,C,0,0.895,C,19.5,-72.2,19.0,103.6,-125.2,22.4,14.5,0.798,0.144,0.058
420,A,0,0.872,C,64.9,-65.3,-34.8,93.0,86.2,6.0,19.0,0.760,0.208,0.032
421,Q,0,0.856,C,88.3,-70.7,-32.6,93.5,51.0,7.1,18.2,0.766,0.204,0.030
422,C,0,0.838,C,25.4,-96.8,-4.9,99.9,39.6,17.5,12.6,0.901,0.079,0.021
423,R,0,0.822,C,157.9,64.9,26.6,94.2,-120.2,3.8,21.5,0.967,0.014,0.019
424,T,0,0.819,C,23.9,-112.3,148.3,127.3,122.2,18.6,15.9,0.931,0.004,0.064
425,D,0,0.817,C,45.1,-85.1,102.4,108.0,-131.2,13.8,25.9,0.956,0.005,0.039
426,F,0,0.810,C,15.9,-92.3,52.9,107.8,-169.0,23.8,21.4,0.874,0.020,0.107
427,T,0,0.818,C,16.2,-108.4,142.9,122.6,100.2,21.6,21.7,0.888,0.011,0.101
428,P,0,0.809,C,61.2,-70.4,-19.7,95.8,-134.6,12.8,21.2,0.869,0.086,0.045
429,H,0,0.834,C,94.3,-93.3,-4.2,100.2,51.2,8.1,20.6,0.735,0.095,0.169
430,W,0,0.842,C,49.1,-85.2,134.6,116.3,106.8,20.3,11.2,0.639,0.130,0.230
431,K,0,0.837,C,85.3,-115.3,143.8,124.4,-167.8,9.0,19.3,0.572,0.120,0.308
432,Q,0,0.825,E,95.9,-92.9,133.4,116.8,-124.3,9.2,16.7,0.365,0.085,0.550
433,E,0,0.813,E,64.2,-93.3,143.0,118.4,-139.4,14.2,10.1,0.385,0.116,0.500
434,K,0,0.786,C,154.5,-92.5,116.7,110.5,-131.1,2.8,12.8,0.545,0.181,0.274
435,N,0,0.776,C,139.5,55.3,30.3,93.7,-8.7,0.8,13.6,0.929,0.049,0.022
436,G,0,0.778,C,37.4,86.6,2.3,97.7,-79.4,8.5,12.7,0.955,0.010,0.035
437,K,0,0.798,E,102.7,-97.3,142.3,123.0,124.3,4.9,20.5,0.474,0.007,0.520
438,I,0,0.840,E,27.9,-79.7,127.3,112.3,-119.3,20.9,15.3,0.185,0.001,0.814
439,L,0,0.874,E,42.4,-92.2,43.2,109.1,-163.8,15.0,19.4,0.354,0.006,0.640
440,C,0,0.889,C,23.6,-87.7,139.5,116.5,-65.7,17.5,19.8,0.839,0.052,0.109
441,E,0,0.885,H,98.4,-65.9,-33.6,95.3,-132.8,10.0,18.6,0.140,0.857,0.003
442,Q,0,0.861,H,105.2,-66.9,-37.5,93.2,51.7,3.7,21.2,0.119,0.870,0.011
443,C,0,0.840,H,35.3,-69.6,-35.5,93.8,49.5,12.4,17.2,0.142,0.849,0.009
444,M,0,0.817,H,31.6,-69.6,-35.7,95.3,51.9,18.5,14.8,0.232,0.741,0.027
445,T,0,0.792,H,71.1,-67.2,-36.7,94.5,55.2,7.7,18.5,0.281,0.706,0.013
446,S,0,0.764,H,65.2,-70.7,-34.1,94.7,50.7,3.7,19.3,0.319,0.679,0.002
447,N,0,0.757,H,49.0,-75.6,-28.8,96.8,50.5,12.1,15.6,0.400,0.599,0.001
448,Q,0,0.748,H,78.3,-67.5,-34.7,95.3,70.1,11.6,16.0,0.249,0.750,0.001
449,K,0,0.761,H,113.9,-66.2,-38.2,94.0,53.8,4.6,17.6,0.202,0.797,0.001
450,K,0,0.750,H,109.1,-67.0,-38.0,93.8,51.1,4.5,18.9,0.202,0.797,0.001
451,A,0,0.745,H,33.3,-67.1,-38.6,94.4,52.4,10.6,17.0,0.288,0.711,0.001
452,L,0,0.731,C,46.9,-75.7,-27.6,96.5,51.0,13.9,16.7,0.518,0.479,0.004
453,K,0,0.731,C,94.0,-69.1,-37.0,98.9,64.7,9.6,16.7,0.667,0.324,0.009
454,A,0,0.728,H,57.5,-64.5,-38.1,93.3,46.8,5.8,19.6,0.042,0.958,0.000
455,E,0,0.739,H,108.5,-67.4,-37.7,93.3,50.3,3.7,20.1,0.017,0.983,0.000
456,H,0,0.755,H,42.6,-71.1,-35.4,94.9,48.6,14.4,16.2,0.018,0.982,0.000
457,T,0,0.763,H,35.6,-64.1,-40.5,93.7,53.4,15.3,17.6,0.019,0.981,0.000
458,N,0,0.765,H,92.5,-65.1,-38.9,92.4,51.3,3.0,21.5,0.017,0.983,0.000
459,R,0,0.767,H,105.9,-67.4,-38.5,93.0,49.8,5.8,20.6,0.017,0.983,0.000
460,L,0,0.782,H,21.7,-65.7,-41.3,93.9,50.6,18.9,15.9,0.010,0.990,0.000
461,K,0,0.793,H,91.4,-63.6,-40.2,93.0,52.7,10.3,19.6,0.005,0.995,0.000
462,N,0,0.797,H,93.3,-65.4,-39.2,92.0,49.9,2.6,22.8,0.005,0.995,0.000
463,A,0,0.810,H,24.7,-66.7,-40.8,93.6,50.3,11.8,18.9,0.004,0.996,0.000
464,F,0,0.830,H,34.6,-65.7,-40.8,94.2,51.2,17.6,16.9,0.007,0.993,0.000
465,V,0,0.837,H,75.1,-64.8,-39.8,93.0,51.6,6.2,21.2,0.007,0.993,0.000
466,K,0,0.824,H,100.9,-66.0,-39.6,92.5,49.6,4.1,21.9,0.008,0.992,0.000
467,A,0,0.815,H,17.8,-65.7,-41.8,93.6,50.4,14.6,16.9,0.021,0.979,0.000
468,L,0,0.812,H,53.7,-65.2,-39.5,93.6,51.5,12.4,18.0,0.051,0.949,0.000
469,Q,0,0.802,H,105.3,-65.5,-38.9,92.6,50.4,2.8,21.1,0.077,0.923,0.000
470,Q,0,0.797,H,74.0,-67.0,-39.3,93.1,50.0,6.7,18.9,0.045,0.955,0.000
471,E,0,0.798,H,43.8,-66.3,-39.9,93.9,51.0,14.4,16.1,0.040,0.960,0.000
472,Q,0,0.806,H,91.6,-65.4,-38.9,93.4,51.6,6.1,18.9,0.038,0.962,0.000
473,E,0,0.807,H,98.7,-66.6,-39.0,92.9,50.2,3.7,19.5,0.043,0.957,0.000
474,I,0,0.809,H,54.5,-66.3,-40.2,93.6,50.8,9.1,16.5,0.020,0.980,0.000
475,E,0,0.806,H,77.4,-66.3,-38.9,93.9,51.1,8.0,16.8,0.025,0.974,0.000
476,Q,0,0.799,H,103.7,-66.6,-37.9,93.0,51.0,3.2,17.5,0.035,0.965,0.000
477,R,0,0.795,H,121.7,-67.4,-37.6,93.0,50.7,4.2,15.8,0.059,0.941,0.000
478,L,0,0.782,H,77.7,-67.9,-37.0,94.1,51.0,7.1,13.8,0.058,0.942,0.000
479,Q,0,0.776,H,111.8,-67.6,-35.5,93.2,51.6,3.0,14.2,0.101,0.899,0.000
480,Q,0,0.754,H,114.5,-69.1,-33.8,93.6,51.7,2.4,13.5,0.167,0.832,0.000
481,Q,0,0.732,H,116.5,-68.5,-32.7,93.4,51.7,2.7,12.3,0.204,0.795,0.001
482,A,0,0.715,H,72.1,-70.0,-31.4,94.0,52.4,3.5,11.6,0.318,0.681,0.001
483,A,0,0.687,C,74.4,-78.6,-19.9,97.2,53.0,3.2,11.2,0.528,0.470,0.002
484,L,0,0.661,C,97.6,-85.7,41.8,106.1,76.4,6.3,8.8,0.700,0.296,0.003
485,S,0,0.664,C,72.6,-87.3,121.7,112.0,-141.8,4.4,10.9,0.929,0.066,0.004
486,P,0,0.639,C,97.8,-67.7,-20.2,96.3,-146.8,4.7,9.6,0.930,0.068,0.003
487,T,0,0.646,C,104.4,-81.8,-7.3,100.6,66.8,2.3,10.0,0.925,0.070,0.005
488,T,0,0.652,C,99.9,-89.0,37.0,105.9,74.9,2.7,9.4,0.939,0.056,0.005
489,A,0,0.647,C,68.8,-88.6,136.5,116.4,165.6,5.9,8.6,0.973,0.024,0.002
490,P,0,0.638,C,86.0,-66.2,149.6,112.2,-103.0,4.7,11.7,0.957,0.042,0.001
491,A,0,0.644,C,79.7,-75.5,137.0,109.8,-106.0,4.5,12.5,0.923,0.073,0.004
492,V,0,0.650,C,101.0,-87.1,105.1,108.9,-142.6,6.3,9.0,0.879,0.113,0.008
493,S,0,0.644,C,83.7,-80.6,7.8,103.7,-159.3,3.6,10.7,0.904,0.092,0.004
494,S,0,0.632,C,81.8,-79.8,-9.5,100.4,70.2,3.4,10.4,0.893,0.101,0.005
495,V,0,0.642,C,97.9,-82.5,-3.5,101.9,72.0,5.0,9.1,0.885,0.109,0.006
496,S,0,0.643,C,74.6,-82.8,2.1,103.3,73.6,4.4,10.6,0.879,0.116,0.005
497,K,0,0.646,C,136.3,-76.8,-16.1,99.6,76.1,3.5,10.9,0.806,0.191,0.003
498,Q,0,0.663,C,118.8,-83.0,5.0,103.8,75.6,3.8,9.9,0.769,0.227,0.004
499,E,0,0.686,C,122.5,-80.0,-10.9,102.0,72.4,4.4,11.6,0.736,0.258,0.006
500,T,0,0.689,C,88.7,-77.3,-16.1,101.1,74.7,4.3,10.9,0.788,0.207,0.005
501,I,0,0.690,C,104.7,-76.4,-22.2,99.7,66.6,4.9,11.1,0.718,0.272,0.011
502,M,0,0.709,C,110.6,-83.8,12.4,104.6,75.8,5.5,10.3,0.714,0.274,0.012
503,R,0,0.722,C,135.9,-81.5,-1.9,103.8,86.5,5.2,11.6,0.681,0.306,0.012
504,H,0,0.735,C,111.4,-88.7,53.5,107.2,84.4,6.6,10.6,0.705,0.285,0.010
505,H,0,0.745,C,120.2,-73.9,-23.6,99.1,83.0,5.5,10.8,0.678,0.312,0.010
506,T,0,0.737,C,94.2,-77.3,-20.8,98.1,61.3,2.7,11.7,0.689,0.293,0.018
507,L,0,0.733,C,100.7,-77.8,-21.2,99.3,60.4,4.7,10.2,0.724,0.261,0.015
508,R,0,0.714,C,146.8,-77.3,-19.4,99.8,66.3,3.6,10.2,0.777,0.199,0.024
509,Q,0,0.681,C,120.8,-86.3,39.0,106.1,75.1,3.5,10.0,0.900,0.065,0.035
510,A,0,0.665,C,64.5,-85.4,137.6,114.9,152.5,6.2,8.4,0.980,0.005,0.015
511,P,0,0.640,C,95.6,-69.7,141.1,109.3,-103.0,4.2,12.7,0.983,0.010,0.007
512,Q,0,0.634,C,108.0,-86.1,136.0,114.9,-122.5,7.1,8.8,0.991,0.006,0.003
513,P,0,0.626,C,85.5,-67.4,73.8,103.2,-111.5,5.6,11.9,0.945,0.052,0.003
514,Q,0,0.628,C,124.3,-68.1,-26.4,95.9,-101.9,3.6,11.6,0.894,0.101,0.006
515,S,0,0.630,C,76.1,-71.1,-27.8,95.4,58.4,3.0,12.4,0.845,0.148,0.007
516,S,0,0.623,C,72.0,-70.4,-28.5,95.3,55.9,3.5,12.7,0.844,0.148,0.009
517,L,0,0.628,C,106.2,-70.2,-31.2,95.0,56.3,3.3,10.9,0.852,0.139,0.008
518,Q,0,0.632,C,133.0,-73.7,-23.2,95.6,57.2,1.9,9.9,0.868,0.115,0.017
519,R,0,0.633,C,158.8,-82.2,-6.2,99.3,58.9,2.9,8.5,0.950,0.039,0.011
520,G,0,0.630,C,59.6,75.2,8.4,103.7,-83.0,2.0,12.6,0.972,0.013,0.016
521,I,0,0.659,C,107.1,-94.7,135.0,117.7,131.8,4.5,6.7,0.984,0.005,0.011
522,P,0,0.679,C,98.3,-67.8,145.1,111.2,-102.8,3.2,11.7,0.984,0.013,0.003
523,T,0,0.689,C,106.3,-74.8,-15.9,98.3,-139.7,3.2,9.3,0.948,0.044,0.008
524,S,0,0.683,C,87.4,-77.2,-16.0,99.1,69.7,1.8,9.1,0.911,0.078,0.010
525,A,0,0.689,C,78.6,-75.7,-16.1,99.6,73.8,3.2,7.8,0.878,0.106,0.016
526,R,0,0.691,C,155.0,-82.1,8.1,103.8,81.6,3.7,8.1,0.891,0.089,0.019
527,S,0,0.692,C,74.9,-86.4,100.6,108.5,106.3,4.4,10.2,0.894,0.073,0.033
528,M,0,0.702,C,132.9,-85.5,25.6,105.6,119.5,3.2,8.3,0.861,0.100,0.038
529,L,0,0.713,C,122.4,-87.1,69.0,107.2,117.6,3.4,7.2,0.882,0.094,0.024
530,S,0,0.723,C,82.8,-88.7,64.9,107.3,148.6,3.5,8.4,0.875,0.106,0.019
531,N,0,0.723,C,117.4,-83.5,7.5,103.9,107.5,2.7,9.0,0.896,0.093,0.011
532,F,0,0.721,C,146.8,-75.0,-16.7,98.5,94.0,3.7,6.9,0.845,0.138,0.017
533,A,0,0.738,C,84.3,-75.2,-20.5,97.3,62.7,2.2,9.1,0.867,0.120,0.014
534,Q,0,0.740,C,135.4,-84.5,-0.7,101.7,60.5,2.0,9.2,0.924,0.062,0.014
535,A,0,0.742,C,72.6,-83.1,117.1,108.9,101.2,5.3,7.7,0.956,0.037,0.006
536,P,0,0.743,C,96.2,-72.0,105.6,104.7,-101.0,4.3,10.6,0.917,0.080,0.003
537,Q,0,0.743,C,127.8,-86.7,45.1,105.6,108.3,3.5,9.8,0.864,0.109,0.027
538,L,0,0.741,C,108.8,-86.4,56.1,106.8,109.5,4.9,7.6,0.911,0.063,0.026
539,S,0,0.741,C,85.9,-82.5,12.4,104.4,179.4,3.1,10.4,0.926,0.027,0.046
540,V,0,0.741,C,101.2,-99.1,128.9,116.9,176.3,3.9,9.0,0.935,0.013,0.052
541,P,0,0.714,C,107.5,-68.2,142.3,109.5,-109.8,3.2,9.0,0.948,0.043,0.009
542,G,0,0.691,C,59.1,-72.1,47.3,106.3,-65.2,2.9,10.2,0.907,0.070,0.023
543,G,0,0.677,C,58.3,-68.8,-14.7,102.7,26.6,1.9,9.8,0.888,0.073,0.039
544,L,0,0.683,C,119.9,-81.7,-8.8,100.3,59.5,2.8,7.8,0.845,0.109,0.046
545,L,0,0.695,C,126.3,-87.6,30.3,104.9,65.6,2.6,7.8,0.888,0.063,0.049
546,G,0,0.699,C,59.7,-85.4,128.8,109.6,19.4,2.2,9.2,0.932,0.018,0.050
547,M,0,0.708,C,131.5,-87.2,125.2,111.6,-130.4,3.6,7.9,0.966,0.004,0.030
548,P,0,0.716,C,101.9,-71.9,128.0,106.6,-100.0,4.0,9.7,0.981,0.004,0.014
549,G,0,0.746,C,58.8,80.5,-12.4,107.3,-53.6,2.1,12.0,0.945,0.007,0.047
550,V,0,0.773,C,97.6,-99.0,136.3,117.8,172.3,4.8,8.7,0.832,0.026,0.142
551,N,0,0.808,C,116.9,-94.1,126.7,113.9,-141.7,2.9,11.7,0.852,0.023,0.125
552,I,0,0.834,C,99.6,-88.0,79.3,108.0,-161.2,6.9,8.4,0.804,0.062,0.135
553,A,0,0.843,C,74.8,-84.3,129.7,110.4,-150.4,3.6,11.5,0.813,0.050,0.138
554,Y,0,0.832,C,150.4,-90.0,132.0,114.2,-124.9,5.1,9.8,0.747,0.059,0.194
555,L,0,0.800,C,116.4,-96.6,129.4,114.0,-151.7,4.2,9.6,0.801,0.026,0.173
556,N,0,0.763,C,108.1,-90.9,119.5,111.8,-132.2,4.6,11.2,0.931,0.005,0.064
557,T,0,0.719,C,93.2,-79.2,-12.1,99.5,-168.6,4.5,10.0,0.922,0.064,0.015
558,G,0,0.669,C,51.4,-83.8,36.1,106.6,55.8,3.6,11.1,0.896,0.075,0.028
559,I,0,0.641,C,113.9,-85.5,2.1,103.2,69.3,4.8,9.5,0.860,0.108,0.032
560,G,0,0.635,C,55.0,-78.7,22.5,106.2,31.7,3.2,11.1,0.909,0.061,0.030
561,G,0,0.635,C,58.0,-82.7,66.7,107.6,27.9,2.7,10.4,0.895,0.072,0.033
562,H,0,0.655,C,139.6,-91.3,100.5,109.3,85.0,3.6,8.4,0.849,0.095,0.056
563,K,0,0.679,C,157.0,-91.6,102.2,109.1,-176.4,2.5,8.1,0.860,0.083,0.057
564,G,0,0.685,C,55.6,-93.1,152.4,113.5,-86.0,3.2,9.6,0.909,0.067,0.025
565,P,0,0.698,C,77.9,-78.9,146.5,113.9,-101.1,8.9,10.8,0.862,0.128,0.010
566,S,0,0.707,C,60.5,-84.4,156.5,119.0,-126.2,4.5,15.1,0.780,0.208,0.011
567,L,0,0.734,H,103.1,-62.9,-29.4,93.2,-116.8,6.4,12.2,0.369,0.628,0.002
568,A,0,0.765,H,58.9,-66.2,-37.0,94.0,57.2,6.2,13.7,0.310,0.687,0.003
569,D,0,0.796,H,83.9,-67.8,-35.6,94.3,54.6,4.3,15.6,0.296,0.701,0.002
570,R,0,0.801,H,114.1,-68.2,-36.3,94.4,52.6,5.5,15.0,0.264,0.730,0.006
571,Q,0,0.818,H,76.9,-67.5,-37.1,94.7,54.3,9.0,14.4,0.255,0.734,0.011
572,R,0,0.829,H,104.4,-66.9,-37.6,94.5,54.6,7.9,15.4,0.307,0.658,0.035
573,E,0,0.844,H,99.1,-67.0,-37.7,94.1,54.7,4.7,16.6,0.279,0.631,0.090
574,Y,0,0.851,H,104.0,-67.8,-37.4,94.2,52.2,6.2,15.6,0.239,0.509,0.253
575,L,0,0.846,H,64.1,-71.1,-31.7,94.3,52.0,10.0,12.5,0.220,0.496,0.284
576,L,0,0.835,H,88.7,-70.6,-27.8,94.6,57.7,7.3,11.7,0.277,0.487,0.236
577,D,0,0.821,H,102.2,-72.9,-22.4,94.7,56.4,2.6,13.2,0.363,0.434,0.203
578,M,0,0.785,C,110.5,-81.3,-13.4,99.3,58.3,5.0,10.7,0.638,0.170,0.192
579,I,0,0.759,C,72.9,-94.4,123.6,115.0,94.2,10.0,7.0,0.863,0.011,0.127
580,P,0,0.729,C,85.5,-68.8,148.1,113.9,-106.6,4.6,11.3,0.976,0.003,0.021
581,P,0,0.700,C,96.8,-68.4,143.7,107.9,-105.5,4.1,11.5,0.927,0.053,0.020
582,R,0,0.684,C,158.0,-72.0,-20.6,99.2,-105.8,4.3,10.2,0.878,0.095,0.027
583,S,1,0.662,C,87.1,-78.4,-12.2,99.3,57.0,1.9,10.1,0.910,0.068,0.021
584,I,0,0.639,C,104.8,-77.5,-19.4,99.2,67.1,5.3,8.0,0.823,0.148,0.028
585,S,1,0.603,C,78.5,-75.2,-17.0,98.5,61.6,3.4,10.4,0.847,0.133,0.020
586,Q,0,0.572,C,123.6,-75.2,-22.4,98.5,64.8,3.2,9.9,0.853,0.123,0.024
587,S,0,0.535,C,86.7,-79.9,-12.7,99.6,59.8,1.9,11.0,0.872,0.103,0.025
588,I,0,0.496,C,106.0,-84.3,3.9,103.2,74.3,5.6,8.2,0.848,0.136,0.016
589,S,0,0.443,C,85.0,-85.9,20.5,104.1,70.2,2.7,10.8,0.860,0.120,0.019
590,G,0,0.376,C,60.2,62.5,2.1,101.9,6.3,2.0,11.3,0.867,0.105,0.027
591,Q,0,0.339,C,126.7,-90.9,105.7,109.7,114.2,4.2,8.1,0.881,0.080,0.040
592,K,0,0.337,C,162.7,-96.3,128.2,114.4,-165.3,3.5,7.5,0.984,0.011,0.006
