"Q9P2N5, [738]",SEQ,positive,flexibility,SS,ASA,Phi,Psi,Theta(i-1=>i+1),Tau(i-2=>i+2),HSE_alpha_up,HSE_alpha_down,P(C),P(H),P(E)
0,M,0,0.580,C,66.0,-106.4,137.2,121.0,-177.1,15.0,13.5,0.976,0.000,0.023
1,L,0,0.597,C,82.1,-100.2,128.8,116.4,-149.1,10.1,17.7,0.769,0.004,0.226
2,I,0,0.640,C,41.0,-105.4,128.5,117.9,-161.7,17.2,13.2,0.656,0.014,0.329
3,E,0,0.704,C,123.8,-85.0,-24.7,101.1,-171.4,4.4,17.8,0.948,0.002,0.050
4,D,0,0.758,C,71.6,-116.6,84.8,109.2,24.7,6.6,17.1,0.990,0.006,0.005
5,V,0,0.784,H,46.9,-62.8,-35.2,92.7,-172.2,18.4,12.6,0.081,0.919,0.000
6,D,0,0.789,H,107.3,-63.4,-37.5,91.1,55.6,1.7,19.4,0.039,0.961,0.000
7,A,0,0.791,H,49.0,-66.7,-38.1,93.1,51.1,6.2,18.8,0.021,0.979,0.000
8,L,0,0.802,H,11.0,-68.8,-36.2,94.3,49.9,22.7,14.7,0.025,0.975,0.000
9,K,0,0.822,H,66.1,-61.4,-41.7,92.6,56.9,15.5,19.2,0.012,0.988,0.000
10,S,0,0.852,H,59.3,-64.8,-39.9,92.7,50.8,4.4,23.4,0.009,0.991,0.000
11,W,0,0.869,H,64.9,-66.1,-41.4,93.4,49.8,9.7,21.4,0.003,0.997,0.000
12,L,0,0.887,H,4.4,-65.5,-42.9,94.1,50.2,25.2,18.3,0.001,0.999,0.000
13,A,0,0.888,H,21.2,-63.2,-41.1,93.1,52.2,17.3,19.7,0.002,0.998,0.000
14,K,0,0.879,H,126.3,-66.9,-36.4,92.0,50.6,2.9,23.2,0.018,0.982,0.000
15,L,0,0.875,H,57.6,-79.0,-33.2,96.5,43.5,11.9,19.6,0.072,0.928,0.000
16,L,0,0.869,H,3.7,-83.7,-21.6,97.9,45.6,25.4,15.9,0.133,0.867,0.000
17,E,0,0.867,H,81.0,-62.3,-38.8,93.5,75.1,13.3,18.6,0.142,0.858,0.000
18,P,0,0.849,H,78.4,-71.2,-25.1,92.6,54.3,5.5,22.7,0.261,0.739,0.000
19,I,0,0.850,H,22.9,-87.4,-24.9,99.7,43.7,19.3,18.3,0.380,0.620,0.001
20,C,0,0.851,C,14.1,-115.7,139.4,121.6,50.3,22.3,15.7,0.840,0.119,0.041
21,D,0,0.842,C,86.9,-78.4,24.2,99.1,-142.6,7.2,24.1,0.941,0.026,0.033
22,A,0,0.827,C,15.5,-85.3,143.1,117.8,131.7,22.1,14.1,0.975,0.003,0.022
23,D,0,0.814,C,60.4,-87.2,100.5,107.1,-129.9,9.8,25.2,0.998,0.001,0.001
24,P,0,0.793,H,14.5,-63.4,-34.1,92.7,-154.6,24.0,17.1,0.099,0.901,0.000
25,S,0,0.784,H,53.2,-63.4,-39.3,91.7,55.9,9.2,24.4,0.032,0.968,0.000
26,A,0,0.781,H,26.8,-66.1,-40.6,93.3,51.2,12.4,25.3,0.003,0.997,0.000
27,L,0,0.803,H,1.8,-65.1,-43.7,94.2,50.8,27.0,23.9,0.001,0.999,0.000
28,A,0,0.827,H,7.9,-62.9,-42.7,93.0,52.8,22.7,24.6,0.000,1.000,0.000
29,N,0,0.859,H,66.5,-64.4,-40.5,92.3,51.2,7.8,28.5,0.001,0.999,0.000
30,Y,0,0.901,H,19.1,-65.6,-42.8,93.7,50.0,19.4,26.6,0.001,0.999,0.000
31,V,0,0.927,H,0.7,-64.8,-44.0,93.9,49.6,28.4,25.6,0.001,0.999,0.000
32,V,0,0.929,H,15.5,-63.5,-42.6,93.2,51.4,21.1,26.1,0.001,0.999,0.000
33,A,0,0.910,H,29.4,-65.1,-40.9,92.4,50.7,9.5,26.5,0.002,0.998,0.000
34,L,0,0.879,H,8.5,-68.0,-40.0,94.2,50.0,21.8,21.5,0.023,0.977,0.000
35,V,0,0.858,H,7.2,-70.7,-33.4,95.5,53.1,24.3,17.6,0.223,0.777,0.000
36,K,0,0.836,C,105.3,-80.4,-13.6,97.1,55.9,8.9,19.1,0.621,0.374,0.004
37,K,0,0.823,C,87.9,-83.0,96.1,107.9,85.9,11.0,14.0,0.986,0.012,0.002
38,D,0,0.819,C,120.1,-72.6,25.1,100.2,-127.3,2.6,16.3,0.997,0.002,0.001
39,K,0,0.813,C,81.6,-95.6,149.0,122.4,118.8,10.0,12.3,0.999,0.000,0.000
40,P,0,0.798,C,73.7,-68.9,154.4,116.2,-100.8,4.4,20.5,0.997,0.002,0.001
41,E,0,0.802,H,76.5,-59.3,-36.6,91.5,-111.2,16.6,12.7,0.059,0.941,0.000
42,K,0,0.815,H,141.1,-63.5,-37.6,91.5,55.3,1.9,19.8,0.026,0.974,0.000
43,E,0,0.846,H,83.4,-67.1,-37.8,93.0,50.6,6.4,19.2,0.009,0.991,0.000
44,L,0,0.863,H,9.2,-64.4,-42.4,93.5,51.6,23.4,15.5,0.002,0.998,0.000
45,K,0,0.870,H,61.4,-61.9,-41.5,92.6,53.3,15.5,20.7,0.001,0.999,0.000
46,A,0,0.880,H,53.8,-64.6,-40.2,92.2,50.5,5.0,24.2,0.002,0.998,0.000
47,F,0,0.904,H,44.3,-67.0,-41.1,93.7,49.2,13.0,21.7,0.006,0.994,0.000
48,C,0,0.922,H,4.5,-65.2,-43.2,94.2,50.7,24.6,19.6,0.008,0.992,0.000
49,A,0,0.929,H,20.6,-62.9,-42.1,93.2,52.0,17.3,22.0,0.009,0.991,0.000
50,D,0,0.921,H,79.8,-65.5,-39.3,92.4,49.8,4.4,24.7,0.029,0.971,0.000
51,Q,0,0.919,H,42.4,-69.3,-37.9,93.9,47.9,13.4,21.2,0.056,0.943,0.000
52,L,0,0.929,H,3.4,-65.4,-42.9,94.3,51.0,26.0,19.3,0.011,0.989,0.000
53,D,0,0.936,H,48.4,-62.7,-41.2,92.8,52.8,14.4,22.4,0.006,0.994,0.000
54,V,0,0.935,H,68.2,-65.2,-40.4,92.3,50.3,5.0,24.3,0.005,0.995,0.000
55,F,0,0.922,H,26.1,-66.3,-42.4,93.8,49.1,15.7,20.0,0.012,0.988,0.000
56,L,0,0.890,H,8.2,-66.6,-40.2,94.4,50.0,24.2,16.9,0.057,0.942,0.000
57,Q,0,0.866,H,86.7,-65.7,-37.0,93.6,53.4,10.8,19.0,0.278,0.722,0.000
58,K,0,0.848,H,128.9,-72.7,-32.1,94.2,48.5,3.2,20.3,0.437,0.563,0.000
59,E,0,0.830,C,73.5,-98.9,-20.3,102.9,33.5,11.0,17.3,0.594,0.405,0.001
60,T,0,0.809,C,10.7,-101.5,-0.3,103.2,34.9,22.4,14.5,0.708,0.284,0.008
61,S,0,0.777,H,50.0,-58.0,-41.8,93.0,129.1,11.6,16.7,0.092,0.908,0.000
62,G,0,0.774,H,35.0,-64.1,-39.9,91.7,51.3,4.1,23.6,0.039,0.961,0.000
63,F,0,0.803,H,14.9,-65.1,-43.2,93.5,50.7,19.9,19.9,0.007,0.993,0.000
64,V,0,0.855,H,4.3,-62.7,-43.1,92.9,51.5,25.7,20.0,0.001,0.999,0.000
65,D,0,0.881,H,65.9,-63.5,-40.7,92.4,51.8,9.4,24.0,0.001,0.999,0.000
66,K,0,0.880,H,82.3,-65.7,-40.4,92.3,50.0,6.6,25.6,0.001,0.999,0.000
67,L,0,0.888,H,3.6,-64.9,-44.2,93.7,49.7,24.4,20.9,0.000,1.000,0.000
68,F,0,0.877,H,16.1,-64.1,-41.6,93.5,50.7,22.7,20.9,0.001,0.999,0.000
69,E,0,0.874,H,93.1,-65.4,-39.6,92.6,50.9,5.6,24.3,0.002,0.998,0.000
70,S,0,0.851,H,23.9,-67.1,-40.6,93.4,50.1,12.5,20.9,0.006,0.994,0.000
71,L,0,0.841,H,9.6,-68.5,-38.0,94.8,50.6,23.4,16.6,0.031,0.969,0.000
72,Y,0,0.852,H,95.3,-71.7,-28.1,95.3,53.7,12.6,17.9,0.251,0.749,0.001
73,T,0,0.854,C,82.1,-87.9,-8.9,99.7,50.6,5.3,18.5,0.574,0.422,0.004
74,K,0,0.830,C,87.6,-81.8,71.4,106.9,86.6,12.6,12.4,0.849,0.135,0.015
75,N,0,0.824,C,97.6,-80.6,4.4,102.1,153.3,6.0,17.0,0.855,0.097,0.048
76,Y,0,0.829,C,64.5,-84.3,-8.1,100.5,79.8,15.1,13.1,0.832,0.082,0.086
77,L,0,0.839,C,59.3,-93.3,131.6,116.5,104.1,13.2,12.4,0.921,0.019,0.060
78,P,0,0.812,C,80.1,-68.7,147.0,108.5,-108.5,6.1,15.7,0.938,0.049,0.013
79,L,0,0.805,C,102.6,-77.5,106.0,106.8,-113.8,7.2,13.5,0.928,0.056,0.016
80,L,0,0.787,C,98.5,-85.6,104.7,108.8,-151.7,7.5,12.1,0.941,0.038,0.022
81,E,0,0.772,C,118.7,-91.9,134.5,116.6,-145.8,4.8,13.2,0.971,0.009,0.020
82,P,0,0.748,C,87.3,-68.7,146.2,110.7,-101.8,6.5,12.8,0.977,0.013,0.009
83,V,0,0.737,C,86.0,-84.1,138.1,113.3,-114.2,8.6,11.6,0.968,0.008,0.024
84,K,0,0.725,C,136.5,-87.4,131.2,113.9,-120.3,4.6,13.6,0.984,0.002,0.015
85,P,0,0.702,C,81.1,-72.2,150.9,111.4,-107.6,7.7,12.0,0.988,0.006,0.007
86,E,0,0.699,C,143.8,-82.4,135.0,113.7,-104.7,2.7,15.2,0.988,0.005,0.007
87,P,0,0.692,C,65.7,-69.6,146.8,113.3,-105.8,12.7,10.2,0.972,0.023,0.005
88,K,0,0.690,C,117.6,-76.6,148.9,115.0,-106.5,5.2,13.6,0.972,0.025,0.002
89,P,0,0.688,C,99.4,-67.3,130.5,103.7,-97.0,3.5,15.1,0.900,0.099,0.001
90,L,0,0.700,C,82.7,-75.5,-11.3,102.5,-102.7,9.9,12.3,0.815,0.180,0.005
91,V,0,0.719,C,56.7,-82.5,106.2,108.3,80.5,13.0,10.5,0.707,0.285,0.007
92,Q,0,0.737,C,118.2,-67.8,-31.7,96.3,102.2,3.0,16.2,0.608,0.382,0.009
93,E,0,0.746,C,90.2,-73.4,-25.4,99.2,53.6,6.2,15.3,0.540,0.448,0.011
94,K,0,0.746,H,83.0,-67.2,-32.6,95.6,81.3,12.6,12.2,0.268,0.727,0.004
95,E,0,0.749,H,111.4,-66.7,-35.5,94.4,58.0,4.4,17.1,0.211,0.779,0.010
96,E,0,0.747,H,103.4,-68.3,-37.0,94.4,53.0,3.9,17.7,0.195,0.791,0.015
97,I,0,0.748,H,45.2,-72.1,-33.1,96.9,56.4,14.3,13.2,0.190,0.797,0.013
98,K,0,0.760,H,96.8,-66.9,-36.4,96.8,71.0,9.5,15.9,0.195,0.798,0.007
99,E,0,0.763,H,119.8,-69.1,-34.6,95.3,54.6,2.8,17.7,0.202,0.789,0.010
100,E,0,0.762,H,86.8,-72.5,-33.5,97.6,54.3,7.1,15.6,0.225,0.758,0.017
101,V,0,0.748,H,55.0,-80.0,-12.6,103.4,74.9,13.1,11.8,0.329,0.641,0.030
102,F,0,0.738,C,106.4,-81.9,6.1,105.0,89.7,8.2,14.2,0.515,0.462,0.023
103,Q,0,0.719,C,125.2,-85.5,13.8,103.8,64.9,3.2,13.5,0.765,0.208,0.026
104,E,0,0.699,C,78.0,-89.9,140.8,118.0,144.2,9.3,9.7,0.983,0.007,0.010
105,P,0,0.671,C,75.5,-69.1,156.7,112.7,-109.3,5.3,13.8,0.978,0.018,0.004
106,A,0,0.661,C,75.7,-62.2,-33.0,94.6,-106.4,4.2,13.5,0.516,0.484,0.000
107,E,0,0.662,H,109.6,-67.4,-35.5,94.0,53.8,3.8,14.0,0.349,0.650,0.001
108,E,0,0.649,H,87.9,-66.9,-37.0,94.2,54.6,6.6,13.7,0.302,0.696,0.002
109,E,0,0.635,H,103.6,-66.9,-37.1,94.3,55.0,4.3,15.0,0.309,0.687,0.004
110,R,0,0.631,H,121.2,-67.9,-37.2,94.6,54.2,4.5,14.6,0.342,0.653,0.005
111,D,0,0.618,H,75.2,-68.6,-34.0,95.5,54.7,6.2,13.4,0.471,0.521,0.008
112,G,0,0.601,C,42.5,-67.6,-29.4,96.2,50.8,4.6,12.8,0.573,0.417,0.010
113,R,0,0.591,C,132.6,-73.5,-28.9,98.7,63.3,4.1,11.6,0.550,0.422,0.028
114,K,0,0.589,C,124.3,-76.4,-21.2,101.1,69.3,4.3,10.5,0.620,0.335,0.045
115,K,0,0.597,C,137.1,-86.2,37.8,106.0,88.5,3.5,10.5,0.766,0.177,0.057
116,K,0,0.595,C,128.9,-91.7,123.5,112.2,171.0,5.1,10.2,0.870,0.049,0.082
117,Y,0,0.598,C,140.4,-100.8,133.3,118.0,-151.6,5.1,10.7,0.934,0.004,0.062
118,P,0,0.581,C,93.3,-70.5,134.8,105.1,-117.6,5.0,10.9,0.965,0.003,0.033
119,S,0,0.568,C,81.6,-91.6,133.4,113.9,-108.8,3.4,9.4,0.978,0.002,0.019
120,P,0,0.562,C,97.1,-80.3,124.7,108.5,-118.1,5.0,9.0,0.976,0.016,0.008
121,Q,0,0.565,C,132.3,-94.4,128.6,114.0,-152.2,3.1,8.2,0.963,0.017,0.020
122,K,0,0.572,C,139.3,-91.9,131.8,113.7,-141.2,4.8,8.9,0.942,0.030,0.027
123,T,0,0.575,C,95.6,-95.6,133.7,114.1,-145.9,4.0,9.6,0.918,0.041,0.040
124,R,0,0.596,C,156.4,-76.7,-16.3,100.4,-132.8,4.6,9.7,0.941,0.035,0.023
125,S,0,0.594,C,81.9,-80.4,-7.9,102.9,73.7,2.6,9.0,0.908,0.051,0.041
126,E,0,0.591,C,130.2,-79.7,-13.0,100.9,64.9,3.7,10.1,0.915,0.063,0.022
127,S,0,0.581,C,77.3,-84.7,3.8,103.1,66.6,4.0,9.1,0.899,0.080,0.021
128,S,0,0.575,C,71.7,-82.7,13.4,105.1,98.1,5.4,9.0,0.887,0.085,0.028
129,E,0,0.583,C,131.1,-79.3,-16.6,101.0,72.4,3.1,10.9,0.898,0.089,0.013
130,R,0,0.610,C,149.7,-86.7,83.1,107.9,85.3,3.9,10.4,0.896,0.073,0.031
131,R,0,0.630,C,138.9,-91.4,123.2,111.9,-169.8,6.2,9.4,0.936,0.044,0.020
132,T,0,0.641,C,93.4,-88.9,129.9,111.8,-135.5,4.2,10.9,0.901,0.063,0.036
133,R,0,0.646,C,149.1,-84.2,64.4,106.8,-146.9,5.2,9.1,0.897,0.084,0.019
134,E,0,0.654,C,135.6,-87.6,74.3,107.5,130.3,3.2,10.1,0.873,0.106,0.021
135,K,0,0.652,C,132.4,-86.0,91.9,108.1,167.1,4.8,9.2,0.850,0.120,0.030
136,K,0,0.656,C,132.5,-84.0,99.0,107.9,-149.4,4.4,10.5,0.826,0.136,0.038
137,R,0,0.666,C,147.5,-79.1,-6.7,103.4,-163.3,4.8,10.5,0.780,0.175,0.045
138,E,0,0.665,C,125.4,-82.6,0.4,103.6,72.9,3.9,11.3,0.750,0.210,0.040
139,D,0,0.680,C,92.3,-83.2,14.9,104.0,83.5,5.8,10.3,0.782,0.190,0.028
140,G,0,0.676,C,52.7,-11.1,-14.2,101.9,-64.5,3.6,11.4,0.814,0.161,0.025
141,K,0,0.700,C,132.2,-80.9,-9.7,102.6,70.3,3.4,11.3,0.826,0.137,0.037
142,W,0,0.734,C,154.4,-90.0,87.4,108.8,93.6,6.0,9.2,0.791,0.148,0.061
143,R,0,0.784,C,133.3,-94.2,130.1,113.2,-179.0,6.1,10.4,0.840,0.116,0.044
144,D,0,0.826,C,105.9,-88.9,110.0,109.2,-134.9,3.4,12.7,0.826,0.118,0.056
145,Y,0,0.849,C,113.8,-94.3,130.9,113.9,-174.7,9.1,9.3,0.772,0.189,0.039
146,D,0,0.856,C,88.7,-87.7,117.4,109.9,-145.0,5.2,13.2,0.781,0.186,0.033
147,R,0,0.852,C,140.0,-70.9,-20.8,97.0,-148.2,6.6,11.1,0.743,0.231,0.026
148,Y,0,0.845,C,133.4,-76.0,-21.2,97.6,62.7,5.2,12.7,0.725,0.244,0.031
149,Y,0,0.837,C,118.9,-74.6,-26.9,99.4,64.9,6.4,12.5,0.681,0.289,0.030
150,E,0,0.839,C,115.9,-74.9,-23.6,99.2,61.9,4.0,12.8,0.645,0.325,0.031
151,R,0,0.828,C,123.9,-76.0,-20.8,99.5,63.5,6.6,11.6,0.617,0.362,0.021
152,N,0,0.818,C,96.4,-77.2,-17.2,100.6,67.0,5.3,12.3,0.608,0.380,0.012
153,E,0,0.817,C,116.0,-77.2,-19.2,100.8,69.3,4.2,13.4,0.543,0.449,0.009
154,L,0,0.817,C,86.1,-82.1,8.0,105.6,94.4,7.8,11.1,0.520,0.475,0.005
155,Y,0,0.831,C,126.4,-81.4,-8.0,104.9,98.6,6.1,12.1,0.500,0.488,0.012
156,R,0,0.829,H,130.6,-71.8,-31.2,99.2,72.4,5.3,12.4,0.488,0.499,0.013
157,E,0,0.831,C,120.5,-70.5,-30.7,96.9,59.0,3.3,12.6,0.496,0.489,0.015
158,K,0,0.832,C,114.0,-69.6,-33.8,95.4,55.7,4.2,12.7,0.524,0.457,0.019
159,Y,0,0.842,C,121.7,-72.5,-30.4,96.7,56.4,5.3,11.4,0.562,0.409,0.030
160,D,0,0.839,C,94.1,-75.7,-23.1,98.7,59.0,3.2,12.6,0.722,0.237,0.041
161,W,0,0.806,C,162.7,-71.7,-27.8,97.2,60.0,2.9,10.7,0.758,0.216,0.026
162,R,0,0.769,C,151.1,-73.1,-27.9,97.4,58.4,2.3,10.5,0.775,0.190,0.035
163,R,0,0.715,C,145.4,-84.8,-3.2,102.3,55.9,4.0,9.8,0.864,0.105,0.031
164,G,0,0.678,C,49.5,59.8,-19.5,104.9,-8.9,3.8,10.9,0.918,0.047,0.035
165,R,0,0.659,C,158.8,-76.6,-15.4,99.5,67.3,2.5,9.3,0.923,0.055,0.022
166,S,0,0.638,C,81.0,-87.4,50.8,106.5,76.5,2.8,8.3,0.888,0.064,0.048
167,K,0,0.631,C,138.6,-80.0,-5.4,101.8,91.9,3.5,8.9,0.937,0.043,0.020
168,S,0,0.618,C,81.4,-86.8,101.2,108.5,97.6,2.7,7.9,0.924,0.039,0.037
169,R,0,0.615,C,155.8,-79.3,-7.1,101.9,-147.7,3.8,8.9,0.938,0.047,0.015
170,S,0,0.607,C,82.8,-84.9,25.1,105.4,76.8,2.5,8.3,0.920,0.048,0.032
171,K,0,0.583,C,141.3,-82.1,-3.4,102.1,67.2,3.2,8.9,0.920,0.064,0.015
172,S,0,0.578,C,84.5,-86.8,71.7,107.3,86.3,2.4,7.8,0.890,0.060,0.050
173,R,0,0.565,C,158.0,-87.9,54.8,107.0,137.1,3.8,7.7,0.941,0.042,0.017
174,G,0,0.545,C,53.6,-85.3,144.9,109.9,100.4,2.9,8.4,0.919,0.048,0.032
175,L,0,0.540,C,121.9,-82.7,-4.1,102.7,-73.5,3.5,8.8,0.913,0.065,0.023
176,S,0,0.547,C,81.6,-84.7,36.9,106.1,85.1,2.6,8.0,0.920,0.048,0.032
177,R,0,0.555,C,156.8,-79.2,-14.2,101.4,70.3,3.2,8.7,0.931,0.053,0.016
178,S,0,0.556,C,83.6,-85.5,25.7,105.7,73.9,2.4,8.5,0.916,0.057,0.027
179,R,0,0.556,C,154.3,-86.1,15.5,105.2,92.7,4.1,8.8,0.932,0.053,0.015
180,S,0,0.541,C,85.0,-90.3,103.2,109.2,110.2,2.5,8.2,0.904,0.063,0.032
181,R,0,0.524,C,157.4,-82.3,-2.6,103.2,-166.6,3.9,9.2,0.908,0.073,0.019
182,S,0,0.507,C,85.3,-87.9,54.3,107.0,85.2,2.1,8.2,0.878,0.082,0.040
183,R,0,0.495,C,151.4,-79.6,-7.3,101.9,66.4,4.2,9.1,0.911,0.067,0.021
184,G,0,0.478,C,54.8,-62.2,-16.3,105.6,36.0,2.4,10.2,0.912,0.052,0.036
185,R,0,0.476,C,154.8,-82.6,-0.5,103.6,68.7,3.3,8.9,0.934,0.040,0.025
186,S,0,0.494,C,80.3,-88.4,90.9,108.4,100.8,3.0,8.6,0.885,0.058,0.057
187,K,0,0.518,C,139.5,-76.3,-14.2,99.8,175.1,4.0,8.4,0.918,0.051,0.031
188,D,0,0.550,C,117.8,-82.8,2.0,101.3,64.2,1.6,8.9,0.922,0.032,0.046
189,R,0,0.567,C,141.3,-87.7,59.4,107.6,100.4,4.6,9.0,0.959,0.010,0.031
190,D,0,0.572,C,96.1,-90.2,135.7,115.6,-146.6,3.7,10.2,0.968,0.003,0.029
191,P,0,0.541,C,95.9,-68.1,-20.9,97.0,-130.8,5.1,9.8,0.970,0.026,0.005
192,N,0,0.546,C,120.6,-82.2,-1.5,100.5,58.8,2.1,10.3,0.961,0.029,0.010
193,R,0,0.557,C,149.3,-84.0,10.9,103.8,79.4,4.0,8.0,0.955,0.031,0.014
194,N,0,0.596,C,115.3,-86.3,72.6,107.2,106.4,3.1,8.1,0.948,0.033,0.019
195,V,0,0.635,C,95.4,-83.1,31.4,106.0,165.0,5.6,8.6,0.925,0.056,0.019
196,E,0,0.659,C,123.5,-80.9,-6.4,103.1,113.7,4.8,9.6,0.933,0.053,0.014
197,H,0,0.679,C,121.9,-81.2,-8.7,103.3,74.1,4.3,10.9,0.908,0.070,0.022
198,R,0,0.682,C,135.1,-69.8,-31.2,96.7,68.2,4.8,10.3,0.872,0.116,0.012
199,E,0,0.681,C,117.7,-69.5,-32.0,95.2,60.1,3.5,11.6,0.792,0.179,0.029
200,R,0,0.668,C,125.1,-71.1,-31.3,96.5,59.6,5.1,12.2,0.817,0.163,0.020
201,S,0,0.643,C,66.6,-73.5,-27.8,98.5,64.9,4.5,11.6,0.820,0.144,0.036
202,K,0,0.636,C,124.6,-71.4,-29.6,96.7,61.7,3.4,12.0,0.904,0.078,0.019
203,F,0,0.639,C,118.3,-79.8,-15.9,100.6,60.6,5.6,10.1,0.938,0.044,0.018
204,K,0,0.642,C,124.9,-78.5,-13.6,102.2,73.3,4.4,11.0,0.930,0.048,0.022
205,S,0,0.622,C,73.4,-74.6,-21.5,101.3,76.7,3.8,10.7,0.900,0.079,0.022
206,E,0,0.610,C,121.0,-70.7,-28.7,96.8,69.8,3.9,10.5,0.881,0.100,0.018
207,R,0,0.619,C,131.1,-74.3,-24.7,97.9,62.1,5.3,11.1,0.897,0.084,0.019
208,N,0,0.627,C,95.3,-74.4,-24.4,98.8,65.4,4.5,12.0,0.895,0.087,0.018
209,D,0,0.642,C,93.2,-73.0,-24.2,98.2,65.2,3.7,12.9,0.883,0.095,0.022
210,L,0,0.637,C,91.2,-74.4,-24.3,97.6,64.0,6.5,9.9,0.851,0.126,0.023
211,E,0,0.637,C,117.4,-75.1,-22.3,99.3,70.4,4.5,9.9,0.869,0.109,0.021
212,S,0,0.635,C,75.6,-76.7,-18.7,99.3,60.8,3.6,11.3,0.910,0.073,0.017
213,S,0,0.642,C,82.9,-81.0,-5.3,99.9,59.0,2.6,11.3,0.943,0.036,0.021
214,Y,0,0.663,C,127.9,-91.1,103.4,110.1,95.2,7.1,8.6,0.973,0.007,0.020
215,V,0,0.681,C,92.1,-96.0,127.0,115.8,163.4,5.1,10.9,0.976,0.002,0.022
216,P,0,0.667,C,83.9,-66.6,147.1,110.3,-105.0,6.4,11.8,0.983,0.008,0.009
217,V,0,0.652,C,101.6,-81.9,50.9,105.8,-126.4,5.5,11.6,0.968,0.011,0.020
218,S,0,0.623,C,86.5,-81.0,-3.2,101.7,-131.6,3.0,11.1,0.974,0.006,0.020
219,A,0,0.600,C,68.6,-95.5,140.5,118.0,108.8,4.5,10.6,0.984,0.001,0.016
220,P,0,0.581,C,90.2,-71.8,148.3,112.4,-99.1,5.2,12.3,0.995,0.000,0.004
221,P,0,0.563,C,84.2,-73.9,149.2,112.9,-100.8,6.8,11.4,0.997,0.001,0.002
222,P,0,0.551,C,92.5,-72.4,143.2,107.2,-102.7,5.6,11.9,0.990,0.006,0.004
223,N,0,0.552,C,117.6,-82.2,52.5,105.5,-103.3,3.7,10.9,0.971,0.020,0.009
224,S,0,0.554,C,78.2,-79.0,-6.8,101.3,165.6,4.8,9.4,0.949,0.041,0.010
225,S,0,0.562,C,82.5,-77.0,-11.6,98.9,74.6,3.2,10.5,0.934,0.057,0.009
226,E,0,0.583,C,123.9,-81.9,-4.0,101.3,67.4,4.2,11.5,0.932,0.056,0.012
227,Q,0,0.600,C,108.6,-84.5,23.0,105.0,84.5,6.1,10.6,0.931,0.039,0.030
228,Y,0,0.603,C,138.3,-89.7,95.0,109.0,116.2,6.6,10.6,0.956,0.018,0.026
229,S,0,0.587,C,73.1,-81.8,57.3,105.9,-151.6,5.9,10.8,0.962,0.023,0.015
230,S,0,0.572,C,80.1,-81.9,2.0,102.5,128.1,4.1,10.6,0.943,0.045,0.012
231,G,0,0.567,C,56.4,-0.3,-3.4,103.3,20.7,3.0,10.7,0.940,0.048,0.012
232,A,0,0.579,C,77.2,-85.7,28.3,105.2,82.2,3.9,8.9,0.921,0.059,0.020
233,Q,0,0.606,C,125.0,-91.6,116.7,111.1,161.6,4.4,9.1,0.970,0.016,0.014
234,S,0,0.631,C,75.6,-89.3,124.3,111.6,-142.2,6.0,10.5,0.970,0.007,0.024
235,I,0,0.653,C,82.9,-98.2,129.2,116.8,-158.4,9.5,11.4,0.973,0.002,0.025
236,P,0,0.668,C,76.8,-69.0,147.1,110.5,-107.7,7.4,14.2,0.984,0.005,0.010
237,S,0,0.697,C,73.9,-79.9,-13.8,100.6,-139.2,6.5,12.9,0.956,0.013,0.031
238,T,0,0.724,C,89.0,-87.7,1.7,102.6,70.4,4.6,14.1,0.895,0.010,0.095
239,V,0,0.750,C,57.3,-95.6,130.5,116.8,115.6,13.3,10.6,0.789,0.013,0.199
240,T,0,0.757,C,77.9,-108.0,132.4,118.5,-162.4,6.0,17.5,0.729,0.012,0.259
241,V,0,0.745,C,65.7,-102.5,132.7,118.6,-151.1,12.6,13.1,0.634,0.014,0.352
242,I,0,0.726,C,87.3,-104.9,132.6,118.8,-156.6,8.1,16.2,0.753,0.008,0.239
243,A,0,0.706,C,44.8,-79.5,143.7,116.4,-122.1,10.5,14.5,0.968,0.002,0.030
244,P,0,0.688,C,66.4,-68.0,140.6,105.9,-102.9,10.5,14.1,0.950,0.041,0.010
245,A,0,0.677,C,70.6,-71.3,-21.4,98.7,-115.1,6.1,15.3,0.902,0.079,0.019
246,H,0,0.682,C,101.8,-86.8,4.2,101.7,52.9,7.8,14.3,0.876,0.083,0.041
247,H,0,0.680,C,93.1,-82.3,6.2,103.3,84.4,10.5,11.7,0.880,0.082,0.038
248,S,0,0.669,C,76.4,-75.3,-15.2,99.5,72.6,4.2,13.4,0.876,0.102,0.022
249,E,0,0.656,C,121.9,-85.9,4.4,102.5,60.5,4.5,13.4,0.855,0.116,0.029
250,N,0,0.655,C,84.4,-85.8,67.8,106.6,93.0,8.8,10.4,0.855,0.108,0.037
251,T,0,0.673,C,83.3,-86.4,19.2,105.4,120.3,6.4,12.6,0.860,0.089,0.051
252,T,0,0.687,C,84.4,-88.3,33.6,106.7,101.5,5.8,12.5,0.846,0.097,0.057
253,E,0,0.707,C,112.9,-79.6,-8.5,102.7,122.0,6.8,12.5,0.833,0.082,0.084
254,S,0,0.699,C,66.5,-86.0,34.0,106.9,93.0,5.5,14.0,0.844,0.054,0.102
255,W,0,0.700,C,110.6,-76.8,-16.9,100.3,113.4,12.5,11.6,0.871,0.060,0.068
256,S,0,0.707,C,59.9,-74.4,-25.9,99.7,71.6,7.9,12.8,0.856,0.080,0.065
257,N,0,0.693,C,98.2,-74.4,-21.3,98.5,62.6,4.4,14.2,0.862,0.089,0.049
258,Y,0,0.687,C,113.4,-76.6,-20.9,99.2,63.2,8.4,11.8,0.866,0.086,0.048
259,Y,0,0.691,C,113.9,-83.8,-2.7,102.5,66.5,9.3,11.3,0.880,0.074,0.046
260,N,0,0.687,C,108.3,-82.3,5.4,101.6,57.9,4.0,12.7,0.924,0.045,0.031
261,N,0,0.685,C,101.3,-84.2,26.3,103.7,67.9,5.2,11.7,0.938,0.029,0.033
262,H,0,0.677,C,105.0,-84.9,43.8,106.1,115.8,8.3,10.3,0.935,0.032,0.034
263,S,0,0.658,C,72.5,-81.3,6.4,105.0,159.7,4.9,11.4,0.921,0.036,0.043
264,S,0,0.638,C,73.4,-78.3,-10.4,100.8,82.6,5.0,11.1,0.909,0.066,0.025
265,S,0,0.623,C,70.7,-79.5,-10.2,101.5,75.3,5.2,10.5,0.908,0.069,0.023
266,N,0,0.614,C,105.3,-78.4,-9.4,100.3,69.6,4.3,11.2,0.902,0.076,0.022
267,S,0,0.611,C,76.6,-79.9,-12.0,101.2,71.8,3.5,11.3,0.888,0.083,0.028
268,F,0,0.620,C,123.4,-85.9,6.6,103.1,68.7,6.7,10.4,0.866,0.101,0.034
269,G,0,0.628,C,48.5,-65.7,-12.7,104.0,38.5,4.6,11.4,0.903,0.069,0.029
270,R,0,0.659,C,151.6,-87.0,47.6,106.4,93.0,4.2,10.7,0.914,0.049,0.036
271,N,0,0.666,C,110.6,-90.1,108.9,109.8,170.0,4.3,11.1,0.948,0.019,0.033
272,L,0,0.683,C,100.1,-93.8,135.9,117.1,-148.3,6.6,11.6,0.978,0.001,0.021
273,P,0,0.704,C,76.2,-70.7,151.5,114.2,-101.3,7.8,12.3,0.994,0.001,0.005
274,P,0,0.716,C,89.6,-70.1,146.6,110.7,-97.4,6.0,13.2,0.980,0.015,0.005
275,K,0,0.716,C,126.6,-88.6,131.4,113.3,-120.1,6.9,12.7,0.966,0.023,0.011
276,R,0,0.727,C,134.4,-97.6,137.0,117.1,-144.9,7.7,13.3,0.911,0.040,0.049
277,R,0,0.750,C,108.3,-109.1,140.1,121.5,-151.3,10.1,17.3,0.802,0.043,0.155
278,C,0,0.779,C,36.3,-84.4,135.9,115.0,-116.2,17.1,13.7,0.804,0.031,0.165
279,R,0,0.791,C,84.6,-113.6,141.3,122.5,-166.2,11.9,17.6,0.819,0.020,0.161
280,D,0,0.813,C,61.1,-92.6,114.1,110.7,-139.8,10.0,18.4,0.888,0.015,0.098
281,Y,0,0.814,C,62.1,-74.9,-20.7,97.3,-161.5,16.9,13.2,0.708,0.272,0.020
282,D,0,0.821,C,90.1,-72.5,-26.8,97.1,61.3,5.7,15.9,0.662,0.316,0.022
283,E,0,0.818,C,119.6,-79.2,-18.1,97.4,48.5,4.3,15.6,0.643,0.324,0.034
284,R,0,0.809,C,109.3,-94.4,4.0,102.4,43.7,9.7,14.0,0.692,0.251,0.058
285,G,0,0.818,C,22.4,106.1,179.1,119.7,-117.8,11.9,18.2,0.857,0.034,0.108
286,F,0,0.855,C,91.2,-108.6,141.9,122.5,-106.7,9.9,21.9,0.552,0.038,0.410
287,C,0,0.873,C,17.2,-82.7,133.3,114.5,-115.5,22.1,14.4,0.507,0.037,0.456
288,V,0,0.870,C,56.6,-100.9,138.4,118.7,-151.1,10.2,21.4,0.550,0.041,0.409
289,L,0,0.856,C,85.9,-66.0,130.3,107.8,-92.5,12.7,17.1,0.890,0.021,0.090
290,G,0,0.850,C,56.1,85.3,-2.1,96.8,21.3,1.9,17.2,0.957,0.028,0.014
291,D,0,0.849,C,59.2,-84.8,142.7,117.3,116.9,11.1,12.9,0.914,0.048,0.037
292,L,0,0.832,C,85.3,-82.6,119.0,109.5,-131.0,9.5,18.6,0.681,0.101,0.219
293,C,0,0.824,C,26.0,-103.0,131.5,118.5,-151.4,18.6,13.9,0.815,0.048,0.137
294,Q,0,0.803,C,92.4,-82.5,101.9,107.6,-141.3,8.0,21.4,0.775,0.063,0.162
295,F,0,0.782,C,42.3,-99.1,129.0,116.3,-152.0,19.7,15.0,0.738,0.079,0.183
296,D,0,0.769,C,64.5,-96.8,93.4,109.7,-158.4,10.0,20.6,0.795,0.047,0.157
297,H,0,0.737,C,48.6,-85.7,-8.1,98.6,162.3,17.6,13.6,0.863,0.061,0.076
298,G,0,0.709,C,42.9,54.9,-14.9,101.0,-102.2,7.7,16.3,0.943,0.025,0.032
299,N,0,0.716,C,110.0,-87.6,-4.4,100.7,49.7,3.4,15.8,0.951,0.019,0.030
300,D,0,0.741,C,62.7,-105.8,106.4,112.4,60.2,9.7,13.5,0.944,0.013,0.042
301,P,0,0.744,C,63.9,-68.7,-18.8,97.3,-165.0,11.1,15.0,0.905,0.071,0.024
302,L,0,0.764,C,48.4,-88.3,91.7,108.8,83.2,16.1,12.7,0.812,0.082,0.107
303,V,0,0.795,C,72.0,-98.9,129.5,116.9,-174.8,8.3,18.2,0.710,0.071,0.220
304,V,0,0.829,C,53.9,-91.0,127.5,113.5,-147.0,15.0,12.4,0.753,0.098,0.148
305,D,0,0.849,C,77.2,-89.9,120.9,111.3,-146.6,8.1,16.4,0.794,0.116,0.091
306,E,0,0.833,C,109.4,-78.6,-6.8,98.9,-162.1,8.0,12.8,0.842,0.109,0.049
307,V,0,0.797,C,91.5,-82.0,1.2,104.5,84.0,5.4,11.9,0.896,0.059,0.045
308,A,0,0.765,C,72.8,-86.7,104.1,108.9,25.2,4.8,13.7,0.941,0.023,0.036
309,L,0,0.739,C,61.2,-86.4,132.2,115.5,-130.3,13.5,9.6,0.972,0.009,0.019
310,P,0,0.706,C,71.7,-65.7,149.7,108.5,-106.7,7.4,13.8,0.943,0.048,0.009
311,S,0,0.678,C,78.4,-77.6,121.7,107.6,-102.1,4.3,15.2,0.915,0.060,0.025
312,M,0,0.655,C,93.3,-86.9,109.0,109.5,-140.5,10.4,10.1,0.909,0.029,0.061
313,I,0,0.640,C,91.6,-94.4,135.7,118.0,-155.4,6.9,11.1,0.955,0.001,0.044
314,P,0,0.620,C,97.0,-70.3,147.6,113.2,-104.5,3.6,13.2,0.973,0.001,0.026
315,F,0,0.600,C,106.3,-88.6,135.6,115.9,-116.1,10.2,9.2,0.988,0.000,0.012
316,P,0,0.566,C,94.2,-72.5,147.0,114.3,-104.2,3.9,11.5,0.996,0.000,0.004
317,P,0,0.534,C,103.7,-69.2,147.8,113.8,-97.3,3.4,11.2,0.998,0.000,0.002
318,P,0,0.510,C,94.3,-69.9,151.2,114.9,-96.8,5.0,10.0,0.999,0.000,0.001
319,P,0,0.477,C,94.0,-67.7,151.8,113.9,-95.0,3.9,10.7,0.999,0.000,0.001
320,P,0,0.457,C,109.5,-67.5,145.8,110.4,-93.0,2.9,11.1,0.996,0.002,0.002
321,G,0,0.430,C,60.9,55.6,177.0,109.9,-62.5,2.0,10.2,0.989,0.003,0.009
322,L,0,0.439,C,113.0,-87.7,134.9,115.3,-118.4,4.6,8.6,0.992,0.000,0.008
323,P,0,0.447,C,96.2,-70.1,152.6,115.0,-99.0,3.4,10.3,0.998,0.000,0.002
324,P,0,0.460,C,108.0,-70.1,150.1,113.7,-93.2,2.6,10.6,0.998,0.000,0.002
325,P,0,0.464,C,103.2,-72.3,152.0,114.9,-89.0,3.4,10.8,0.999,0.000,0.001
326,P,0,0.481,C,95.0,-70.5,152.6,115.6,-93.7,4.1,10.8,0.999,0.000,0.001
327,P,0,0.485,C,84.3,-66.4,152.3,114.3,-96.8,5.3,10.5,0.999,0.001,0.001
328,P,0,0.483,C,97.6,-66.0,146.5,108.9,-96.2,4.2,12.0,0.986,0.011,0.003
329,G,0,0.473,C,57.0,64.3,-16.8,104.2,-0.6,2.5,12.0,0.971,0.019,0.010
330,M,0,0.485,C,122.1,-84.3,50.5,106.0,81.2,4.3,7.9,0.958,0.028,0.014
331,L,0,0.503,C,113.5,-81.3,36.1,105.3,-150.6,4.3,9.9,0.972,0.013,0.016
332,M,0,0.523,C,125.1,-89.6,130.6,114.0,-130.3,3.9,10.7,0.987,0.002,0.011
333,P,0,0.513,C,83.5,-71.1,150.2,113.6,-100.8,6.1,10.3,0.997,0.001,0.002
334,P,0,0.482,C,98.1,-69.2,149.6,110.7,-94.1,3.9,11.6,0.996,0.002,0.002
335,M,0,0.458,C,132.8,-79.4,138.2,112.6,-101.2,4.2,10.5,0.995,0.001,0.004
336,P,0,0.407,C,100.0,-71.9,144.1,109.7,-94.1,4.4,10.8,0.995,0.003,0.002
337,G,0,0.378,C,53.1,-81.2,166.1,116.6,-90.7,3.1,10.5,0.990,0.004,0.006
338,P,0,0.337,C,98.9,-75.4,140.2,110.4,-76.1,4.5,11.4,0.980,0.009,0.011
339,G,0,0.324,C,51.1,-83.7,159.0,117.5,-95.7,3.5,11.1,0.983,0.003,0.013
340,P,0,0.306,C,106.8,-72.1,141.3,108.3,-82.7,4.0,10.3,0.988,0.005,0.008
341,G,0,0.296,C,56.5,-86.0,158.9,116.6,-96.8,2.3,9.3,0.987,0.003,0.010
342,P,0,0.297,C,109.6,-72.2,142.0,108.8,-79.8,3.4,10.1,0.989,0.004,0.006
343,G,0,0.308,C,52.9,-87.4,165.9,119.9,-94.7,2.6,9.9,0.988,0.003,0.009
344,P,0,0.310,C,105.3,-71.9,143.0,109.4,-75.6,4.0,10.5,0.989,0.004,0.007
345,G,0,0.311,C,54.3,-86.5,164.5,118.1,-91.7,2.7,9.5,0.986,0.005,0.010
346,P,0,0.304,C,106.0,-73.2,141.0,109.7,-73.8,3.9,10.5,0.984,0.008,0.008
347,G,0,0.301,C,55.2,-86.5,163.7,117.8,-93.3,2.5,10.0,0.980,0.007,0.014
348,P,0,0.291,C,108.0,-72.9,140.7,110.1,-72.1,3.9,10.7,0.973,0.010,0.016
349,G,0,0.296,C,51.6,-90.3,159.3,120.0,-108.6,3.3,9.8,0.973,0.003,0.024
350,P,0,0.300,C,104.5,-70.6,147.7,112.4,-81.9,3.8,10.9,0.992,0.001,0.006
351,G,0,0.310,C,50.1,-79.8,161.4,119.1,-96.5,3.7,10.2,0.992,0.001,0.007
352,P,0,0.309,C,103.4,-71.7,140.9,106.6,-73.4,4.2,11.5,0.992,0.003,0.005
353,G,0,0.326,C,51.2,-86.3,168.7,120.2,-95.8,3.1,10.7,0.989,0.002,0.009
354,P,0,0.341,C,98.6,-73.3,146.2,112.0,-66.6,4.8,11.7,0.989,0.005,0.007
355,G,0,0.367,C,44.7,-81.0,165.5,121.3,-102.5,4.0,11.3,0.988,0.004,0.008
356,P,0,0.400,C,101.5,-68.4,9.1,101.7,-76.9,4.1,11.9,0.979,0.017,0.004
357,G,0,0.441,C,53.1,50.0,-28.9,104.8,1.3,3.1,12.0,0.964,0.028,0.008
358,H,0,0.497,C,124.7,-82.5,3.7,102.4,49.8,4.7,10.6,0.909,0.074,0.017
359,S,0,0.532,C,75.5,-74.7,-15.3,98.2,74.6,4.3,9.3,0.926,0.061,0.013
360,M,0,0.562,C,118.2,-77.2,-14.9,99.4,73.4,4.6,9.5,0.927,0.060,0.012
361,R,0,0.567,C,146.5,-88.7,104.5,109.4,97.9,4.4,11.1,0.940,0.035,0.025
362,L,0,0.580,C,84.1,-85.1,135.5,116.3,-119.1,9.2,10.5,0.976,0.011,0.012
363,P,0,0.571,C,68.6,-66.6,149.8,111.1,-101.0,8.7,12.4,0.986,0.009,0.005
364,V,0,0.558,C,87.2,-78.0,139.4,113.3,-105.6,6.8,13.7,0.983,0.009,0.008
365,P,0,0.536,C,74.3,-66.8,149.4,109.1,-102.5,8.5,11.6,0.975,0.021,0.005
366,Q,0,0.514,C,122.4,-75.7,59.7,104.7,-104.6,4.6,12.5,0.957,0.031,0.012
367,G,0,0.489,C,52.3,-50.3,-16.1,101.6,-30.4,4.0,11.6,0.954,0.030,0.016
368,H,0,0.473,C,129.4,-88.5,19.3,103.6,57.4,4.1,9.5,0.959,0.021,0.020
369,G,0,0.472,C,56.4,78.9,-4.8,103.1,-83.8,2.6,12.8,0.981,0.005,0.013
370,Q,0,0.493,C,114.2,-94.2,136.6,117.9,119.3,4.2,10.3,0.987,0.000,0.013
371,P,0,0.521,C,73.1,-69.4,150.7,114.4,-99.8,8.5,12.3,0.996,0.000,0.004
372,P,0,0.564,C,71.8,-67.9,151.8,114.1,-97.9,8.1,12.9,0.998,0.001,0.001
373,P,0,0.593,C,77.5,-66.6,148.9,111.7,-97.7,7.8,12.6,0.993,0.005,0.001
374,S,0,0.627,C,75.6,-75.1,141.6,108.3,-99.8,5.9,11.5,0.979,0.016,0.005
375,V,0,0.664,C,113.0,-83.1,74.9,106.2,-103.8,3.7,10.7,0.965,0.017,0.018
376,V,0,0.698,C,103.7,-87.8,115.8,110.2,-147.8,4.6,11.2,0.972,0.006,0.022
377,L,0,0.712,C,93.6,-89.8,134.6,116.2,-131.5,7.6,11.7,0.991,0.000,0.008
378,P,0,0.695,C,90.5,-69.8,147.2,111.1,-99.2,5.0,14.0,0.996,0.001,0.003
379,I,0,0.682,C,79.4,-81.1,137.0,114.1,-108.1,11.6,12.3,0.994,0.001,0.005
380,P,0,0.675,C,71.8,-69.0,150.6,111.0,-101.6,8.6,13.6,0.992,0.002,0.005
381,R,0,0.679,C,142.6,-84.9,133.8,113.9,-108.0,6.1,15.5,0.992,0.001,0.008
382,P,0,0.679,C,46.0,-70.6,149.6,114.8,-104.6,15.1,11.5,0.995,0.001,0.004
383,P,0,0.675,C,71.2,-68.4,147.3,111.0,-99.4,7.5,16.0,0.992,0.006,0.002
384,I,0,0.691,C,94.5,-70.9,8.1,103.1,-109.7,9.7,13.0,0.971,0.021,0.008
385,T,0,0.698,C,85.4,-80.3,26.2,104.5,-152.4,5.9,14.5,0.952,0.035,0.013
386,Q,0,0.698,C,105.5,-73.9,-17.5,99.1,-151.2,8.1,12.4,0.926,0.053,0.021
387,S,0,0.692,C,69.1,-72.7,-24.0,98.1,68.9,5.6,13.0,0.895,0.083,0.022
388,S,0,0.675,C,68.0,-74.9,-20.6,98.7,65.0,5.3,13.9,0.889,0.092,0.020
389,L,0,0.673,C,80.7,-79.0,-13.8,100.2,65.6,9.6,12.5,0.887,0.088,0.025
390,I,0,0.663,C,80.2,-83.8,13.3,104.0,75.4,11.0,11.6,0.865,0.097,0.038
391,N,0,0.648,C,100.4,-85.0,38.0,103.6,69.1,5.3,13.7,0.887,0.081,0.032
392,S,0,0.636,C,68.8,-76.8,-8.6,100.1,143.5,7.4,11.3,0.889,0.081,0.029
393,R,0,0.632,C,146.1,-82.2,-2.8,101.7,71.6,4.7,12.1,0.912,0.058,0.030
394,D,0,0.619,C,94.3,-86.7,46.6,105.6,77.9,5.6,11.8,0.927,0.034,0.040
395,Q,0,0.593,C,91.4,-90.9,115.2,111.6,132.2,9.2,11.4,0.958,0.008,0.034
396,P,0,0.581,C,87.0,-76.0,92.1,105.8,-128.9,6.5,13.3,0.962,0.019,0.018
397,G,0,0.582,C,48.4,-86.7,111.6,109.6,17.7,6.6,11.2,0.957,0.025,0.018
398,T,0,0.606,C,87.6,-92.3,83.9,108.7,149.4,5.6,12.4,0.930,0.038,0.031
399,S,0,0.629,C,78.3,-82.0,1.3,103.4,-165.9,5.1,11.0,0.945,0.029,0.026
400,A,0,0.654,C,74.6,-83.7,4.9,103.7,90.2,4.9,12.8,0.942,0.015,0.043
401,V,0,0.676,C,64.8,-96.7,124.6,115.4,114.3,11.5,12.4,0.947,0.010,0.043
402,P,0,0.678,C,63.9,-70.4,145.3,109.1,-116.2,11.0,14.9,0.943,0.049,0.007
403,N,0,0.671,C,86.5,-82.6,114.8,108.6,-128.1,8.1,17.1,0.860,0.107,0.034
404,L,0,0.677,C,60.6,-73.8,-18.9,98.2,-142.1,15.4,13.4,0.810,0.149,0.040
405,A,0,0.683,C,61.3,-75.2,-20.7,100.8,75.3,9.1,14.3,0.807,0.148,0.045
406,S,0,0.679,C,68.3,-79.7,24.7,104.5,71.1,6.2,14.7,0.858,0.090,0.052
407,V,0,0.673,C,79.3,-88.0,26.1,105.3,95.8,10.5,12.7,0.871,0.075,0.054
408,G,0,0.667,C,44.7,85.1,-22.7,107.8,-50.4,5.5,14.8,0.924,0.040,0.036
409,T,0,0.672,C,78.3,-87.9,88.9,108.5,79.6,7.6,14.4,0.883,0.064,0.053
410,R,0,0.664,C,125.2,-89.2,68.3,107.5,148.9,8.2,14.1,0.914,0.031,0.055
411,L,0,0.679,C,74.0,-95.1,133.8,117.5,137.0,10.8,12.4,0.945,0.004,0.051
412,P,0,0.685,C,76.1,-73.3,146.9,113.4,-108.4,8.0,15.6,0.978,0.001,0.021
413,P,0,0.696,C,60.5,-71.2,148.9,113.7,-101.7,12.1,14.5,0.988,0.001,0.010
414,P,0,0.704,C,69.0,-71.0,144.4,111.1,-98.1,10.0,16.6,0.986,0.004,0.010
415,L,0,0.712,C,55.3,-78.0,142.8,115.2,-111.7,15.0,13.3,0.989,0.004,0.007
416,P,0,0.714,C,61.8,-68.2,145.9,110.0,-101.9,9.8,15.4,0.956,0.042,0.002
417,Q,0,0.719,C,115.1,-70.7,-14.7,100.9,-107.4,6.7,14.3,0.777,0.218,0.005
418,N,0,0.722,C,100.1,-80.7,14.1,100.4,39.4,6.0,16.2,0.719,0.268,0.013
419,L,0,0.744,C,65.0,-90.3,113.9,111.2,123.2,12.4,15.4,0.643,0.322,0.035
420,L,0,0.782,C,55.9,-87.1,57.9,107.3,-178.3,13.7,16.7,0.715,0.239,0.046
421,Y,0,0.807,C,47.3,-108.0,133.0,120.7,162.1,18.5,15.1,0.801,0.110,0.088
422,T,0,0.806,C,65.9,-108.7,135.4,120.3,-158.7,7.8,22.0,0.852,0.042,0.106
423,V,0,0.798,C,43.2,-81.0,-7.6,103.3,-147.9,17.8,14.8,0.760,0.177,0.063
424,S,0,0.774,C,57.1,-86.7,87.0,108.4,152.8,9.3,16.4,0.751,0.187,0.061
425,E,0,0.747,C,113.0,-78.6,-14.3,101.1,176.3,7.0,14.8,0.732,0.228,0.040
426,R,0,0.719,C,120.1,-86.1,35.3,106.3,87.1,8.0,14.6,0.778,0.186,0.036
427,Q,0,0.702,C,74.5,-96.8,124.9,115.4,-165.2,11.2,14.1,0.898,0.067,0.034
428,P,0,0.693,C,68.0,-68.9,116.3,104.9,-126.2,9.7,15.5,0.799,0.173,0.028
429,M,0,0.684,C,105.1,-69.5,-23.7,97.9,-125.4,7.9,15.0,0.734,0.226,0.040
430,Y,0,0.681,C,117.1,-81.9,-4.3,100.2,60.6,8.2,14.6,0.757,0.214,0.029
431,S,0,0.684,C,57.6,-83.8,12.9,104.0,83.8,9.4,13.4,0.700,0.265,0.035
432,R,0,0.678,C,108.0,-80.7,38.8,105.8,105.4,9.7,14.1,0.664,0.301,0.034
433,E,0,0.675,C,116.0,-73.0,-24.2,99.0,81.0,5.4,15.2,0.615,0.351,0.034
434,H,0,0.664,C,111.8,-87.2,1.2,100.9,51.6,6.3,14.6,0.657,0.317,0.026
435,G,0,0.646,C,32.0,62.2,-7.4,107.7,-93.3,12.9,15.2,0.623,0.354,0.022
436,A,0,0.646,C,60.4,-84.6,96.8,108.2,107.2,7.8,15.4,0.569,0.402,0.029
437,A,0,0.650,C,51.0,-85.8,126.0,111.0,154.7,9.7,15.2,0.584,0.395,0.021
438,A,0,0.679,C,46.5,-75.1,121.0,107.0,-128.4,12.0,14.5,0.555,0.429,0.016
439,S,0,0.692,C,58.5,-78.4,-3.3,104.4,177.9,8.8,15.7,0.569,0.404,0.026
440,E,0,0.698,C,112.3,-76.7,-19.1,100.8,83.8,6.3,14.7,0.601,0.374,0.025
441,R,0,0.701,C,124.1,-80.7,-5.9,102.8,72.2,7.0,13.7,0.596,0.364,0.040
442,L,0,0.706,C,78.7,-87.5,108.2,109.8,117.2,10.7,12.4,0.667,0.292,0.041
443,Q,0,0.707,C,113.1,-82.6,20.1,105.4,146.8,4.8,13.9,0.735,0.229,0.036
444,L,0,0.684,C,109.9,-86.6,1.3,102.2,49.9,4.6,12.4,0.836,0.132,0.032
445,G,0,0.671,C,43.5,92.4,-169.0,111.8,-41.3,6.0,14.1,0.941,0.011,0.049
446,T,0,0.682,C,88.3,-98.6,135.4,118.4,-117.9,4.6,14.4,0.956,0.001,0.043
447,P,0,0.689,C,67.4,-70.1,149.4,114.6,-105.4,11.4,12.6,0.991,0.000,0.009
448,P,0,0.716,C,59.9,-68.1,149.5,113.3,-101.7,11.0,12.9,0.977,0.019,0.004
449,P,0,0.727,C,77.5,-68.4,146.4,105.7,-106.4,7.2,14.8,0.851,0.140,0.009
450,L,0,0.746,C,97.7,-72.0,-19.0,101.5,-107.4,6.8,14.0,0.739,0.236,0.025
451,L,0,0.761,C,85.7,-71.4,-27.9,97.1,61.6,8.6,10.6,0.637,0.332,0.031
452,A,0,0.783,C,67.9,-69.0,-30.0,95.1,60.2,5.3,12.0,0.611,0.361,0.028
453,A,0,0.793,C,79.0,-75.4,-18.8,96.7,56.6,2.9,12.4,0.676,0.296,0.029
454,R,0,0.792,C,139.1,-84.1,6.3,103.7,70.2,5.2,11.1,0.813,0.144,0.043
455,L,0,0.788,C,114.7,-86.2,75.8,107.2,118.4,4.3,10.6,0.940,0.018,0.042
456,V,0,0.769,C,86.2,-97.9,128.6,116.7,-178.7,6.8,12.2,0.965,0.001,0.034
457,P,0,0.747,C,72.6,-68.4,149.8,112.6,-104.5,8.4,11.8,0.987,0.006,0.008
458,P,0,0.734,C,84.7,-67.2,145.9,107.4,-102.7,6.4,13.1,0.940,0.046,0.014
459,R,0,0.702,C,146.9,-79.4,56.3,105.4,-109.4,5.9,11.3,0.871,0.089,0.041
460,N,0,0.670,C,107.1,-82.0,63.6,105.7,93.9,4.4,11.9,0.882,0.074,0.044
461,L,0,0.647,C,98.8,-78.3,-12.5,100.3,123.7,7.5,10.9,0.906,0.049,0.045
462,M,0,0.633,C,115.9,-85.8,40.1,105.4,79.1,5.5,10.7,0.940,0.030,0.030
463,G,0,0.625,C,53.8,62.6,2.6,105.9,3.1,3.5,12.8,0.945,0.024,0.031
464,S,0,0.612,C,77.3,-87.7,69.4,107.2,117.5,4.7,10.4,0.930,0.029,0.041
465,S,0,0.605,C,79.9,-88.6,118.3,110.2,-150.5,4.1,10.4,0.931,0.021,0.048
466,I,0,0.610,C,110.3,-86.0,31.7,105.4,-157.9,6.1,11.0,0.946,0.019,0.035
467,G,0,0.628,C,49.2,73.6,166.0,109.7,-51.5,4.6,13.7,0.946,0.019,0.035
468,Y,0,0.653,C,143.6,-91.7,109.8,110.3,-139.6,5.9,11.2,0.935,0.016,0.049
469,H,0,0.673,C,124.8,-91.4,117.5,111.1,-157.8,5.4,11.7,0.950,0.010,0.040
470,T,0,0.674,C,92.7,-89.3,101.0,108.9,-156.0,4.9,10.6,0.946,0.022,0.032
471,S,0,0.652,C,75.9,-88.7,127.7,112.1,-139.7,5.0,10.5,0.931,0.026,0.043
472,V,0,0.633,C,97.6,-88.9,120.5,110.7,-138.2,6.0,10.8,0.919,0.017,0.065
473,S,0,0.617,C,73.1,-92.3,131.4,113.8,-141.8,6.0,11.5,0.921,0.006,0.073
474,S,0,0.616,C,69.4,-93.2,132.5,116.6,-130.0,6.1,12.2,0.969,0.001,0.031
475,P,0,0.602,C,77.7,-69.1,148.9,111.1,-100.1,8.4,13.5,0.984,0.002,0.013
476,T,0,0.616,C,73.9,-79.0,140.6,114.5,-107.6,8.0,13.9,0.979,0.003,0.018
477,P,0,0.624,C,76.8,-68.1,143.9,107.1,-101.0,9.0,13.6,0.969,0.013,0.018
478,L,0,0.657,C,101.2,-84.1,125.7,110.4,-122.0,6.7,14.7,0.954,0.005,0.041
479,V,0,0.679,C,62.6,-91.1,132.3,115.7,-132.4,12.8,12.9,0.967,0.002,0.032
480,P,0,0.695,C,67.9,-69.9,144.5,108.0,-106.4,10.3,14.7,0.979,0.012,0.010
481,D,0,0.718,C,93.8,-82.1,84.7,106.4,-118.4,6.7,15.7,0.949,0.028,0.023
482,T,0,0.719,C,78.8,-91.0,36.8,106.2,-176.8,8.1,15.9,0.935,0.022,0.043
483,Y,0,0.714,C,89.9,-98.4,128.6,116.4,133.3,13.1,13.8,0.922,0.007,0.071
484,E,0,0.699,C,78.5,-93.1,127.2,114.5,-140.9,10.8,17.0,0.958,0.001,0.041
485,P,0,0.685,C,67.7,-66.4,-23.6,97.3,-131.8,12.6,14.4,0.946,0.035,0.018
486,D,0,0.671,C,98.9,-78.8,-9.9,99.9,59.8,4.5,16.9,0.939,0.038,0.023
487,G,0,0.647,C,30.7,-66.1,-33.1,107.0,38.8,10.6,18.6,0.924,0.027,0.050
488,Y,0,0.637,C,62.6,-95.5,124.8,114.4,120.9,15.9,17.0,0.888,0.016,0.096
489,N,0,0.636,C,28.4,-96.4,107.4,110.4,-144.5,17.7,16.9,0.955,0.001,0.044
490,P,0,0.652,C,65.5,-67.6,-24.6,94.3,-165.3,10.7,16.6,0.980,0.011,0.008
491,E,0,0.665,C,103.8,-86.3,-6.1,95.9,56.6,6.6,17.9,0.970,0.012,0.018
492,A,0,0.677,C,22.2,-87.4,132.5,116.4,99.7,18.4,12.7,0.969,0.003,0.028
493,P,0,0.665,C,46.1,-68.5,87.9,103.8,-114.9,13.6,18.0,0.973,0.017,0.010
494,S,0,0.674,C,34.1,-77.9,-4.4,102.0,98.4,12.1,18.6,0.902,0.041,0.056
495,I,0,0.679,C,35.8,-85.2,38.8,105.5,92.9,19.5,13.9,0.848,0.102,0.050
496,T,0,0.668,C,64.8,-99.4,126.2,114.2,116.4,8.9,16.7,0.864,0.088,0.048
497,S,0,0.660,C,68.8,-78.0,0.6,101.9,-165.4,7.5,13.9,0.898,0.069,0.033
498,S,0,0.632,C,77.4,-82.8,5.9,101.7,93.4,4.7,13.5,0.900,0.078,0.021
499,G,0,0.620,C,50.7,80.5,-2.1,103.5,-71.3,4.2,14.4,0.907,0.064,0.029
500,R,0,0.642,C,128.7,-87.8,104.0,109.4,107.4,6.9,12.8,0.896,0.074,0.031
501,S,0,0.672,C,54.0,-85.9,124.8,111.8,-139.4,10.1,12.5,0.886,0.084,0.029
502,Q,0,0.712,C,103.6,-70.9,-20.7,97.3,-142.4,7.6,13.9,0.809,0.175,0.016
503,Y,0,0.745,C,116.1,-78.2,-15.5,98.5,60.3,8.4,13.1,0.739,0.224,0.038
504,R,0,0.772,C,107.5,-82.3,18.6,104.4,74.8,10.1,12.2,0.745,0.215,0.040
505,Q,0,0.781,C,101.0,-77.4,-0.9,103.3,90.0,6.7,14.1,0.818,0.151,0.031
506,F,0,0.786,C,117.3,-78.2,-5.2,102.1,78.7,7.3,14.0,0.867,0.108,0.025
507,F,0,0.786,C,104.4,-90.6,85.1,108.6,85.4,9.7,11.5,0.905,0.072,0.023
508,S,0,0.770,C,66.6,-87.7,119.6,110.8,-162.5,6.4,14.1,0.892,0.088,0.020
509,R,0,0.749,C,138.2,-75.5,-13.2,100.2,-142.4,7.2,12.4,0.839,0.134,0.027
510,T,0,0.753,C,86.8,-88.5,36.6,106.3,86.2,5.2,12.5,0.793,0.158,0.049
511,Q,0,0.747,C,102.0,-85.5,28.7,104.9,92.1,8.3,12.5,0.842,0.120,0.038
512,T,0,0.751,C,80.6,-86.8,36.5,106.1,97.4,7.1,13.5,0.885,0.067,0.048
513,Q,0,0.739,C,89.2,-91.3,112.2,111.0,124.6,10.1,14.3,0.869,0.022,0.109
514,R,0,0.730,C,86.2,-97.4,129.9,116.7,-166.3,12.5,15.3,0.945,0.002,0.053
515,P,0,0.723,C,58.0,-70.4,114.7,105.1,-117.6,12.0,17.3,0.908,0.070,0.021
516,N,0,0.718,C,59.9,-81.7,56.6,105.8,-157.2,11.5,17.9,0.865,0.076,0.059
517,L,0,0.732,C,44.6,-79.2,-2.2,103.2,159.8,15.9,17.7,0.789,0.096,0.115
518,I,0,0.730,C,55.1,-88.5,23.3,106.1,99.2,15.0,17.5,0.776,0.067,0.157
519,G,0,0.726,C,24.6,171.1,168.0,112.1,-1.5,13.3,19.7,0.832,0.026,0.142
520,L,0,0.727,C,47.6,-92.7,111.1,111.1,148.9,15.7,16.4,0.813,0.023,0.164
521,T,0,0.721,C,58.7,-97.3,127.2,113.4,-171.2,11.2,17.5,0.872,0.015,0.112
522,S,0,0.711,C,60.1,-86.2,50.9,107.0,-155.3,10.0,16.4,0.896,0.027,0.076
523,G,0,0.705,C,40.7,73.1,-8.5,106.4,-36.6,8.8,16.2,0.912,0.050,0.037
524,D,0,0.726,C,89.1,-86.0,74.9,106.7,52.5,6.5,15.7,0.888,0.072,0.040
525,M,0,0.740,C,82.7,-81.0,12.2,103.1,169.7,13.2,12.1,0.840,0.110,0.049
526,D,0,0.758,C,88.7,-90.4,90.4,108.4,107.5,5.9,15.3,0.861,0.092,0.047
527,V,0,0.757,C,67.2,-86.6,112.9,110.0,168.3,11.8,13.1,0.912,0.039,0.049
528,N,0,0.766,C,67.6,-90.4,117.8,111.9,-129.4,10.3,14.4,0.940,0.030,0.031
529,P,0,0.760,C,82.6,-65.7,-25.9,96.6,-149.7,7.7,14.3,0.809,0.180,0.011
530,R,0,0.765,C,127.7,-75.5,-21.0,99.3,59.8,6.3,15.0,0.717,0.248,0.034
531,A,0,0.772,C,47.2,-73.0,-21.8,99.8,72.4,11.9,12.9,0.666,0.298,0.036
532,A,0,0.776,C,56.3,-72.4,-23.6,98.7,72.5,10.2,15.1,0.695,0.263,0.041
533,N,0,0.780,C,86.6,-88.9,19.5,101.7,49.5,7.4,16.7,0.783,0.154,0.063
534,I,0,0.793,C,54.9,-92.6,129.9,115.5,128.8,14.8,13.0,0.777,0.043,0.180
535,V,0,0.802,C,67.7,-97.9,130.8,116.5,-144.7,10.4,17.3,0.747,0.019,0.234
536,I,0,0.795,C,69.3,-95.6,129.1,115.6,-142.6,12.9,15.7,0.715,0.019,0.266
537,Q,0,0.789,C,68.8,-97.2,132.2,116.5,-146.3,12.3,14.3,0.767,0.010,0.223
538,T,0,0.772,C,85.9,-92.5,24.1,106.5,-162.1,6.4,14.1,0.867,0.004,0.129
539,E,0,0.757,C,113.5,-102.8,127.3,117.8,89.9,5.0,13.3,0.960,0.000,0.040
540,P,0,0.747,C,80.8,-65.9,147.8,113.7,-100.8,6.5,12.9,0.987,0.000,0.013
541,P,0,0.743,C,79.1,-69.0,145.8,110.4,-98.5,8.5,13.4,0.986,0.002,0.012
542,V,0,0.758,C,89.9,-91.6,126.7,114.2,-117.5,7.1,14.0,0.956,0.003,0.041
543,P,0,0.759,C,88.9,-69.5,143.1,111.9,-104.3,6.4,13.3,0.951,0.012,0.037
544,V,0,0.772,C,75.2,-96.6,133.3,116.1,-138.9,10.4,10.8,0.895,0.012,0.093
545,S,0,0.758,C,77.1,-86.3,130.1,112.4,-123.9,4.8,13.4,0.914,0.013,0.073
546,I,0,0.739,C,106.5,-85.1,7.3,104.1,-153.1,7.5,11.0,0.933,0.030,0.037
547,N,0,0.728,C,108.5,-86.7,34.5,105.3,61.9,4.4,11.4,0.938,0.036,0.026
548,S,0,0.729,C,85.1,-81.3,4.1,102.2,72.3,3.0,11.3,0.930,0.040,0.030
549,N,0,0.747,C,105.7,-84.6,20.5,102.3,47.1,4.6,12.5,0.922,0.037,0.040
550,I,0,0.776,C,86.3,-91.4,128.3,114.0,117.4,8.9,10.1,0.856,0.026,0.118
551,T,0,0.809,C,80.0,-96.8,135.7,115.7,-158.3,6.8,14.4,0.827,0.028,0.145
552,R,0,0.824,C,116.9,-94.0,134.2,115.8,-133.8,9.9,15.6,0.714,0.035,0.252
553,V,0,0.831,C,54.6,-97.4,132.6,117.0,-140.9,14.0,13.5,0.614,0.035,0.351
554,V,0,0.825,C,72.3,-100.3,129.5,116.7,-146.7,9.2,17.0,0.715,0.030,0.255
555,L,0,0.808,C,72.9,-91.4,121.5,111.3,-152.1,11.2,13.7,0.827,0.012,0.160
556,E,0,0.812,C,85.3,-93.2,131.7,115.4,-127.9,8.6,15.6,0.933,0.004,0.063
557,P,0,0.790,C,82.3,-65.3,-26.5,96.6,-125.3,8.5,13.3,0.808,0.183,0.009
558,D,0,0.787,C,103.1,-76.2,-15.3,97.3,59.0,3.2,15.2,0.787,0.201,0.012
559,S,0,0.762,C,57.3,-75.5,-15.3,99.2,72.0,8.0,11.5,0.743,0.216,0.040
560,R,0,0.739,C,128.2,-74.2,-22.1,99.5,77.6,7.0,12.3,0.793,0.143,0.065
561,K,0,0.724,C,121.6,-81.1,3.1,103.2,74.2,5.6,13.7,0.752,0.082,0.166
562,R,0,0.716,C,96.4,-89.5,127.4,112.9,122.0,11.4,11.9,0.830,0.033,0.137
563,A,0,0.696,C,56.2,-79.5,143.1,110.6,-126.8,8.2,15.4,0.829,0.041,0.129
564,M,0,0.673,C,94.5,-75.8,-13.2,102.1,-122.0,10.6,12.9,0.873,0.053,0.075
565,S,0,0.656,C,70.6,-86.3,18.9,104.1,54.8,5.9,13.5,0.908,0.043,0.049
566,G,0,0.627,C,52.1,71.9,-1.7,103.9,-57.2,4.1,12.9,0.896,0.058,0.046
567,L,0,0.631,C,105.1,-89.5,112.9,110.3,105.5,5.3,10.8,0.906,0.045,0.049
568,E,0,0.638,C,125.0,-88.2,124.0,111.5,-133.8,4.9,13.5,0.913,0.027,0.060
569,G,0,0.653,C,31.0,-157.0,175.9,125.9,161.7,8.2,13.9,0.933,0.011,0.056
570,P,0,0.663,C,73.0,-69.2,129.5,105.0,-75.0,8.0,15.5,0.913,0.053,0.034
571,L,0,0.694,C,81.9,-72.3,-13.8,101.1,-95.9,10.9,13.9,0.880,0.068,0.051
572,T,0,0.724,C,81.5,-76.9,-15.0,100.5,70.3,6.4,14.4,0.875,0.058,0.067
573,K,0,0.740,C,120.4,-80.4,2.3,103.1,68.8,5.3,14.1,0.863,0.036,0.101
574,K,0,0.760,C,82.0,-85.3,110.7,109.8,108.4,11.4,12.1,0.895,0.035,0.070
575,P,0,0.756,C,75.9,-67.1,-27.7,98.6,-120.2,7.5,15.9,0.832,0.133,0.035
576,W,0,0.746,C,122.3,-70.5,-30.3,96.3,55.9,8.5,14.9,0.701,0.238,0.061
577,L,0,0.718,C,73.5,-76.8,-18.5,98.4,58.5,10.8,13.2,0.667,0.271,0.062
578,G,0,0.691,C,39.5,-71.2,-21.9,102.3,49.9,7.5,14.8,0.755,0.181,0.063
579,K,0,0.661,C,118.0,-80.8,-5.2,104.5,78.7,5.3,13.2,0.784,0.125,0.091
580,Q,0,0.626,C,111.0,-76.5,-12.2,101.9,75.5,5.0,13.3,0.778,0.119,0.103
581,G,0,0.608,C,37.5,-57.7,-15.6,102.9,36.5,9.0,14.2,0.832,0.107,0.060
582,N,0,0.602,C,90.2,-75.6,-7.8,100.9,62.9,6.9,14.4,0.840,0.105,0.055
583,N,0,0.610,C,80.7,-79.9,7.4,101.1,64.8,9.5,13.3,0.859,0.108,0.033
584,N,0,0.619,C,89.7,-79.9,10.4,102.3,84.7,7.3,13.8,0.845,0.114,0.040
585,Q,0,0.642,C,106.0,-74.2,-14.7,99.4,94.2,6.5,14.0,0.849,0.091,0.060
586,N,0,0.663,C,91.3,-84.8,6.9,101.2,59.5,6.9,14.5,0.892,0.046,0.061
587,K,0,0.691,C,91.1,-95.4,126.5,115.0,108.0,9.3,13.3,0.893,0.015,0.092
588,P,0,0.709,C,81.7,-68.3,125.3,105.1,-114.6,7.5,15.4,0.920,0.055,0.025
589,G,0,0.724,C,39.4,35.2,-18.3,106.1,14.6,9.0,16.4,0.888,0.064,0.048
590,F,0,0.737,C,69.5,-81.8,-7.9,102.5,64.6,14.4,13.0,0.838,0.072,0.090
591,L,0,0.756,C,76.7,-84.1,65.1,106.8,84.0,11.0,14.7,0.879,0.052,0.069
592,R,0,0.770,C,116.1,-82.3,122.3,109.4,-141.7,9.3,15.3,0.881,0.082,0.037
593,K,0,0.757,C,115.4,-78.8,48.5,105.3,-125.0,8.0,14.8,0.829,0.148,0.023
594,N,0,0.758,C,92.1,-84.4,35.6,104.7,104.2,8.2,14.7,0.793,0.176,0.031
595,Q,0,0.768,C,99.1,-88.4,37.7,105.2,125.3,8.3,16.3,0.815,0.148,0.037
596,Y,0,0.774,C,87.9,-88.3,83.4,108.4,124.2,13.6,14.8,0.837,0.125,0.038
597,T,0,0.772,C,71.9,-93.1,45.6,108.1,141.3,8.9,18.4,0.863,0.091,0.045
598,N,0,0.783,C,65.3,-92.0,35.3,104.5,55.1,11.2,18.5,0.863,0.052,0.086
599,T,0,0.797,C,22.5,-103.5,133.7,117.4,152.4,19.7,18.5,0.713,0.021,0.266
600,K,0,0.810,E,61.1,-113.2,131.2,121.1,-161.6,12.7,26.0,0.088,0.001,0.911
601,L,0,0.823,E,5.1,-111.9,130.6,122.0,-160.3,25.6,21.0,0.016,0.000,0.984
602,E,0,0.837,E,37.2,-111.1,127.8,119.7,-160.7,14.0,28.4,0.013,0.000,0.987
603,V,0,0.849,E,2.7,-113.8,127.4,121.3,-162.7,26.8,20.0,0.055,0.001,0.944
604,K,0,0.850,E,67.4,-124.6,145.4,128.2,-174.7,9.8,26.7,0.418,0.005,0.577
605,K,0,0.851,C,105.7,59.9,37.7,96.5,5.0,6.8,24.4,0.916,0.002,0.081
606,I,0,0.855,C,6.4,-93.1,133.5,118.4,-179.1,25.7,14.8,0.979,0.000,0.021
607,P,0,0.852,C,33.4,-67.5,146.7,114.0,-106.5,10.6,21.3,0.995,0.002,0.003
608,Q,0,0.848,H,98.7,-62.5,-32.2,93.7,-117.4,11.3,16.2,0.189,0.811,0.000
609,E,0,0.830,H,131.2,-72.4,-19.3,93.0,58.2,2.9,19.6,0.228,0.772,0.001
610,L,0,0.825,H,34.9,-91.4,-9.4,100.2,52.3,16.8,16.0,0.209,0.790,0.001
611,N,0,0.816,C,25.4,-96.3,46.2,107.1,61.6,21.1,16.5,0.904,0.071,0.025
612,N,0,0.806,C,63.2,-108.0,154.9,126.0,146.2,7.2,24.0,0.971,0.014,0.015
613,I,0,0.809,H,53.9,-60.7,-36.3,92.5,-113.0,19.1,15.9,0.031,0.969,0.000
614,T,0,0.827,H,84.1,-64.5,-38.4,92.3,54.5,3.6,21.9,0.019,0.981,0.000
615,K,0,0.821,H,80.7,-68.0,-38.1,93.3,49.5,8.6,20.6,0.009,0.991,0.000
616,L,0,0.815,H,2.8,-64.4,-43.1,93.6,51.4,26.6,16.9,0.005,0.995,0.000
617,N,0,0.821,H,45.9,-62.7,-40.8,92.7,53.1,15.1,21.1,0.007,0.993,0.000
618,E,0,0.830,H,106.4,-65.7,-38.9,92.1,50.3,3.5,24.3,0.010,0.990,0.000
619,H,0,0.849,H,27.1,-67.5,-40.6,94.1,49.5,16.9,20.0,0.027,0.973,0.000
620,F,0,0.856,H,7.0,-69.8,-34.6,94.7,51.1,25.2,16.9,0.136,0.863,0.001
621,S,0,0.850,H,55.8,-66.9,-31.2,92.9,60.1,10.5,18.9,0.382,0.614,0.004
622,K,0,0.832,C,116.0,-74.4,-29.6,93.3,50.7,4.7,20.8,0.555,0.438,0.007
623,F,0,0.823,C,29.5,-104.5,-7.2,102.7,33.3,19.6,15.7,0.657,0.324,0.019
624,G,0,0.820,C,11.3,109.4,-173.1,131.0,-116.4,13.0,23.6,0.838,0.007,0.155
625,T,0,0.836,E,55.4,-92.3,134.7,117.6,-34.0,10.9,25.9,0.480,0.004,0.516
626,I,0,0.858,E,4.8,-79.8,125.7,111.7,-123.9,26.0,17.0,0.063,0.000,0.937
627,V,0,0.883,E,57.2,-97.9,-29.4,100.0,178.1,8.6,24.5,0.018,0.000,0.982
628,N,0,0.900,E,38.7,-154.6,149.2,141.4,3.7,10.8,27.2,0.010,0.000,0.990
629,I,0,0.901,E,3.4,-128.1,135.5,128.6,-165.2,26.7,18.6,0.005,0.000,0.995
630,Q,0,0.898,E,46.2,-115.1,130.2,121.5,-164.7,11.5,27.9,0.005,0.000,0.995
631,V,0,0.888,E,8.5,-117.4,131.1,123.6,-167.4,24.1,20.4,0.028,0.000,0.971
632,A,0,0.858,E,28.5,-95.7,128.4,115.7,-148.7,12.4,23.7,0.152,0.002,0.845
633,F,0,0.827,E,43.2,-116.9,126.9,119.8,-174.3,18.4,15.3,0.461,0.028,0.511
634,K,0,0.817,C,134.4,47.2,38.6,98.6,-8.7,5.0,17.7,0.902,0.036,0.061
635,G,0,0.806,C,53.3,81.0,-2.7,99.3,-54.1,3.8,16.1,0.986,0.008,0.006
636,D,0,0.821,C,68.1,-100.7,120.2,115.5,101.4,8.8,16.4,0.951,0.005,0.044
637,P,0,0.836,C,54.2,-71.5,-4.0,101.3,-151.7,14.5,17.5,0.925,0.042,0.033
638,E,0,0.853,C,54.1,-97.3,24.3,108.0,105.3,13.2,21.6,0.826,0.039,0.136
639,A,0,0.851,E,10.7,-121.7,145.6,128.0,128.3,21.9,23.4,0.477,0.020,0.503
640,A,0,0.872,E,4.9,-133.4,149.4,132.3,-175.8,23.9,26.4,0.217,0.002,0.781
641,L,0,0.901,E,6.4,-109.9,131.3,120.7,-143.3,24.2,28.4,0.024,0.000,0.976
642,I,0,0.913,E,2.9,-113.1,129.7,121.9,-160.4,26.4,25.1,0.007,0.000,0.993
643,Q,0,0.919,E,44.2,-111.0,129.5,120.3,-159.5,13.4,28.2,0.016,0.000,0.984
644,Y,0,0.908,E,11.2,-122.5,143.3,129.0,-172.0,24.4,18.8,0.183,0.001,0.816
645,L,0,0.897,C,69.4,-83.3,-22.3,97.5,-154.5,11.0,23.6,0.990,0.000,0.010
646,T,0,0.882,C,52.4,-145.4,158.9,141.6,13.9,6.0,26.2,0.996,0.000,0.004
647,N,0,0.860,H,73.6,-60.1,-36.9,92.3,-107.2,15.1,16.0,0.026,0.974,0.000
648,E,0,0.840,H,130.9,-63.3,-38.5,90.8,53.9,1.6,22.5,0.005,0.995,0.000
649,E,0,0.833,H,42.7,-66.8,-39.6,93.2,50.5,13.0,18.1,0.002,0.998,0.000
650,A,0,0.826,H,3.9,-63.0,-41.9,92.5,52.7,25.2,15.3,0.001,0.999,0.000
651,R,0,0.814,H,112.8,-63.1,-40.2,91.8,52.8,8.4,23.4,0.004,0.996,0.000
652,K,0,0.804,H,102.6,-65.8,-39.1,91.8,50.1,4.6,26.0,0.009,0.991,0.000
653,A,0,0.793,H,2.3,-66.9,-40.8,93.8,50.5,24.6,18.8,0.023,0.977,0.000
654,I,0,0.792,H,14.2,-68.3,-34.0,94.2,53.0,23.2,20.9,0.164,0.836,0.000
655,S,0,0.784,C,70.7,-87.7,-4.0,97.0,52.4,4.6,23.3,0.566,0.433,0.001
656,S,0,0.786,C,20.9,-83.7,133.1,116.1,102.9,19.3,11.9,0.992,0.002,0.005
657,T,0,0.798,C,84.8,-85.3,-13.7,98.7,-161.0,7.0,20.9,0.982,0.009,0.008
658,E,0,0.802,C,98.4,-97.6,81.2,110.0,61.4,7.6,21.2,0.932,0.013,0.055
659,A,0,0.802,C,11.0,-88.1,134.9,116.2,179.4,23.4,17.5,0.700,0.013,0.287
660,V,0,0.796,E,31.2,-107.7,125.7,117.9,-154.1,14.4,26.7,0.051,0.000,0.949
661,L,0,0.803,E,6.0,-118.5,122.4,120.4,-168.9,25.1,18.7,0.036,0.000,0.963
662,N,0,0.819,C,56.0,60.0,36.9,95.7,-10.4,12.8,21.9,0.993,0.004,0.003
663,N,0,0.835,C,80.1,72.1,18.2,94.6,-42.5,10.9,21.7,0.995,0.003,0.002
664,R,0,0.858,E,59.4,-111.3,141.5,127.3,115.1,16.1,20.6,0.113,0.001,0.886
665,F,0,0.879,E,36.4,-82.9,129.5,113.6,-126.7,18.5,25.9,0.052,0.001,0.947
666,I,0,0.893,E,4.0,-112.3,129.1,121.5,-159.6,26.2,18.8,0.034,0.000,0.965
667,R,0,0.883,E,74.9,-101.0,126.0,116.2,-148.6,11.2,28.2,0.027,0.001,0.972
668,V,0,0.879,E,3.8,-117.6,133.1,124.6,-166.2,26.2,18.5,0.050,0.001,0.949
669,L,0,0.880,E,44.4,-109.8,131.4,120.0,-163.5,12.0,27.1,0.134,0.005,0.861
670,W,0,0.862,E,32.9,-96.5,127.5,113.9,-155.5,21.5,19.1,0.363,0.026,0.611
671,H,0,0.845,C,48.1,-97.1,124.4,113.6,-157.2,14.0,19.7,0.595,0.035,0.371
672,R,0,0.804,C,80.7,-85.6,99.1,108.7,-149.7,13.2,16.3,0.808,0.060,0.132
673,E,0,0.765,C,107.6,-74.3,-15.4,100.5,-176.5,8.0,15.4,0.816,0.125,0.059
674,N,0,0.724,C,97.0,-83.9,6.5,101.1,48.7,5.8,14.2,0.833,0.141,0.025
675,N,0,0.701,C,89.7,-78.6,10.0,102.4,97.3,8.9,11.8,0.838,0.147,0.015
676,E,0,0.699,C,123.7,-83.3,6.2,102.5,86.6,4.7,13.4,0.860,0.129,0.011
677,Q,0,0.717,C,87.7,-90.5,114.7,111.3,102.9,9.0,12.0,0.857,0.131,0.012
678,P,0,0.723,C,76.9,-70.9,-8.6,102.0,-166.5,8.8,13.4,0.689,0.305,0.006
679,T,0,0.739,C,79.2,-90.5,82.7,108.6,118.2,6.7,15.7,0.676,0.315,0.009
680,L,0,0.741,C,68.8,-90.0,114.1,110.8,151.2,12.6,12.8,0.605,0.386,0.008
681,Q,0,0.741,C,84.5,-92.5,124.5,112.4,179.1,9.4,15.9,0.533,0.462,0.005
682,S,0,0.750,H,65.1,-74.3,-23.9,102.8,-141.9,6.5,15.7,0.461,0.537,0.002
683,S,0,0.750,H,60.6,-71.6,-27.9,100.5,45.9,6.6,16.5,0.362,0.637,0.001
684,A,0,0.761,H,34.4,-68.2,-33.8,95.7,61.8,14.2,14.5,0.198,0.802,0.001
685,Q,0,0.766,H,88.8,-67.4,-36.1,94.8,54.5,8.3,18.0,0.169,0.830,0.002
686,L,0,0.761,H,78.5,-69.8,-36.0,96.0,52.8,7.3,18.5,0.153,0.844,0.002
687,L,0,0.757,H,53.7,-72.6,-32.4,99.5,57.2,11.0,17.7,0.162,0.834,0.004
688,L,0,0.755,H,49.0,-74.1,-29.5,99.7,56.2,12.1,17.5,0.195,0.800,0.005
689,Q,0,0.736,H,90.4,-71.5,-33.1,98.3,56.2,7.3,18.9,0.194,0.804,0.003
690,Q,0,0.728,H,85.4,-75.4,-27.4,99.5,53.8,7.5,18.3,0.222,0.774,0.004
691,Q,0,0.712,H,60.8,-72.3,-29.7,99.1,65.6,12.0,16.0,0.240,0.757,0.004
692,Q,0,0.688,H,84.2,-72.9,-28.8,98.5,55.1,9.0,18.5,0.333,0.658,0.008
693,T,0,0.679,H,76.5,-82.9,-12.1,101.2,55.2,6.1,18.8,0.450,0.542,0.008
694,L,0,0.655,C,59.0,-80.5,-7.3,103.5,73.3,13.2,14.7,0.532,0.448,0.020
695,S,0,0.635,C,41.1,-87.8,53.1,107.5,94.7,12.1,16.3,0.678,0.286,0.036
696,H,0,0.625,C,98.5,-91.8,78.0,107.9,140.7,9.2,17.6,0.662,0.285,0.053
697,L,0,0.605,C,72.9,-88.4,108.7,109.9,169.0,12.0,13.8,0.684,0.268,0.048
698,S,0,0.595,C,62.3,-93.6,117.9,111.7,-176.7,8.3,15.4,0.716,0.233,0.051
699,Q,0,0.587,C,100.2,-94.3,103.8,110.5,-165.9,8.8,14.4,0.624,0.292,0.084
700,Q,0,0.601,C,103.1,-97.5,122.5,113.1,-175.1,7.0,14.4,0.682,0.243,0.074
701,H,0,0.624,C,97.5,-99.3,124.9,114.7,-163.0,9.7,15.2,0.713,0.207,0.080
702,H,0,0.645,C,78.5,-102.3,132.2,117.5,-163.7,11.9,15.4,0.679,0.152,0.168
703,H,0,0.649,C,98.3,-105.8,131.4,118.2,-151.3,8.8,19.5,0.667,0.091,0.242
704,L,0,0.657,C,36.1,-91.8,135.4,117.7,-140.0,18.6,13.9,0.777,0.160,0.064
705,P,0,0.656,C,43.8,-69.9,146.4,112.1,-107.9,10.9,17.4,0.581,0.409,0.009
706,Q,0,0.658,H,106.7,-66.8,-29.7,96.7,-115.8,7.8,16.3,0.260,0.726,0.013
707,H,0,0.669,H,81.4,-69.9,-33.7,96.1,53.9,9.1,18.0,0.234,0.734,0.032
708,L,0,0.683,H,38.4,-71.9,-33.7,97.2,57.5,16.3,14.5,0.244,0.730,0.026
709,H,0,0.703,H,79.9,-72.4,-25.5,98.0,60.5,12.2,16.2,0.311,0.668,0.021
710,Q,0,0.713,H,96.1,-75.0,-22.9,97.8,56.0,6.3,17.8,0.320,0.661,0.019
711,Q,0,0.728,H,77.4,-79.6,-9.9,102.5,67.6,10.5,15.1,0.295,0.667,0.039
712,Q,0,0.731,H,78.5,-79.7,-6.6,102.8,79.4,10.9,15.7,0.300,0.625,0.075
713,V,0,0.737,H,73.3,-84.8,8.4,104.6,69.5,9.2,16.2,0.316,0.550,0.134
714,L,0,0.735,H,81.6,-86.2,65.2,107.6,95.1,9.7,14.7,0.348,0.523,0.129
715,V,0,0.735,H,74.6,-91.9,90.2,109.6,111.3,10.2,14.6,0.423,0.469,0.108
716,A,0,0.712,C,53.5,-87.7,104.0,109.4,156.6,10.7,14.8,0.624,0.317,0.059
717,Q,0,0.688,C,94.4,-92.8,117.6,111.8,170.5,9.1,14.2,0.739,0.202,0.059
718,S,0,0.665,C,61.5,-92.9,130.6,114.0,-140.8,9.1,16.9,0.842,0.097,0.061
719,A,0,0.644,C,39.1,-86.7,137.4,115.8,-129.1,14.1,15.3,0.943,0.041,0.017
720,P,0,0.628,C,53.9,-70.5,139.5,107.9,-107.5,12.2,16.5,0.823,0.164,0.014
721,S,0,0.629,C,63.5,-81.4,7.5,105.2,-134.2,9.4,16.0,0.694,0.265,0.042
722,T,0,0.646,C,77.7,-80.9,-2.4,103.2,-153.6,8.6,16.9,0.655,0.275,0.070
723,V,0,0.658,C,51.8,-77.5,-20.2,100.7,82.2,14.4,14.6,0.596,0.298,0.107
724,H,0,0.680,C,84.8,-81.6,-1.2,102.8,66.9,12.0,15.7,0.638,0.291,0.070
725,G,0,0.679,C,41.2,-62.0,-17.3,101.5,38.3,7.4,18.1,0.611,0.349,0.039
726,G,0,0.683,C,32.2,-68.8,-19.5,102.1,46.8,10.1,17.9,0.542,0.425,0.033
727,I,0,0.704,H,43.9,-75.3,-28.2,99.8,73.2,16.1,14.9,0.350,0.603,0.047
728,Q,0,0.722,H,73.6,-74.8,-18.3,100.9,67.6,12.6,16.5,0.309,0.628,0.063
729,K,0,0.724,H,112.3,-76.4,-21.4,100.6,63.4,6.2,18.5,0.293,0.615,0.092
730,M,0,0.716,H,69.3,-76.3,-24.0,100.5,64.2,11.7,16.2,0.341,0.542,0.117
731,M,0,0.707,C,57.7,-86.1,41.7,106.4,73.9,15.3,13.5,0.566,0.324,0.111
732,S,0,0.693,C,62.8,-87.9,72.7,107.6,105.0,8.0,16.5,0.794,0.104,0.101
733,K,0,0.685,C,97.7,-95.4,132.1,116.7,140.2,9.4,14.7,0.927,0.015,0.058
734,P,0,0.677,C,80.1,-68.8,134.2,106.1,-108.5,8.0,14.8,0.932,0.050,0.018
735,Q,0,0.681,C,105.0,-81.8,49.6,105.8,-127.2,8.5,14.4,0.896,0.070,0.034
736,T,0,0.683,C,77.1,-86.2,32.5,105.8,152.0,9.2,12.7,0.890,0.068,0.042
737,S,1,0.681,C,78.4,-78.3,11.6,102.6,89.8,4.4,13.8,0.888,0.090,0.022
738,G,0,0.696,C,45.9,66.0,0.6,105.1,5.5,6.5,14.8,0.877,0.088,0.035
739,A,0,0.723,C,60.1,-88.3,119.8,111.1,107.6,8.4,13.9,0.804,0.097,0.099
740,Y,0,0.755,C,91.5,-96.9,128.1,115.3,-176.8,13.1,14.4,0.659,0.077,0.264
741,V,0,0.772,C,63.7,-103.3,129.6,116.9,-158.0,11.0,19.3,0.681,0.056,0.263
742,L,0,0.775,C,47.2,-89.1,123.0,111.8,-145.2,16.7,15.5,0.791,0.072,0.137
743,N,0,0.779,C,82.2,-90.0,105.8,109.8,-149.8,10.3,17.1,0.804,0.079,0.117
744,K,0,0.775,C,110.9,-94.6,113.9,111.7,-158.1,8.6,17.6,0.749,0.070,0.181
745,V,0,0.781,C,37.1,-98.5,136.1,119.0,-160.8,17.5,14.7,0.871,0.024,0.105
746,P,0,0.784,C,50.5,-72.8,137.4,108.9,-115.1,10.4,20.3,0.840,0.086,0.074
747,V,0,0.789,C,45.6,-69.0,-30.5,97.4,-121.1,17.7,16.1,0.499,0.363,0.139
748,K,0,0.774,C,100.9,-69.7,-31.4,96.6,60.2,9.7,17.9,0.417,0.397,0.187
749,H,0,0.745,H,95.5,-71.8,-29.0,97.1,58.1,8.5,17.9,0.382,0.411,0.207
750,R,0,0.727,C,87.1,-72.9,-28.4,97.1,57.4,12.2,16.3,0.510,0.267,0.223
751,L,0,0.697,C,51.7,-75.5,-24.0,98.0,57.8,16.0,15.5,0.621,0.247,0.132
752,G,0,0.667,C,34.9,51.3,-40.8,106.7,-7.7,10.8,18.3,0.759,0.150,0.091
753,H,0,0.645,C,100.7,-82.4,3.9,103.3,60.0,9.3,17.0,0.753,0.154,0.093
754,A,0,0.612,C,51.0,-80.4,5.8,103.1,83.2,13.1,14.5,0.812,0.118,0.070
755,G,0,0.571,C,41.3,72.1,-2.2,107.6,-29.1,8.6,16.5,0.868,0.079,0.054
756,G,0,0.552,C,44.2,75.1,-81.9,109.5,-36.7,7.2,16.0,0.876,0.093,0.031
757,N,0,0.568,C,89.8,-93.8,96.9,109.8,-22.8,7.9,16.7,0.803,0.146,0.050
758,Q,0,0.606,C,80.8,-86.0,79.5,107.8,159.2,12.2,14.1,0.715,0.250,0.035
759,S,0,0.636,C,57.8,-88.1,93.8,109.1,154.1,9.1,15.5,0.661,0.303,0.036
760,D,0,0.665,C,74.5,-85.4,89.6,107.7,-140.1,9.1,17.2,0.586,0.386,0.029
761,A,0,0.692,H,39.1,-71.1,-26.5,98.0,167.1,15.7,14.5,0.399,0.587,0.014
762,S,0,0.706,H,59.2,-71.1,-30.5,97.4,61.8,8.8,17.4,0.337,0.637,0.025
763,H,0,0.720,H,97.3,-73.7,-28.9,98.6,57.3,7.3,18.2,0.311,0.631,0.059
764,L,0,0.720,H,49.9,-72.9,-31.1,98.0,63.7,13.9,15.1,0.333,0.585,0.082
765,L,0,0.717,H,63.2,-83.8,1.4,103.7,65.4,13.4,15.1,0.423,0.474,0.103
766,N,0,0.686,C,99.9,-83.5,9.3,103.4,67.2,5.5,16.1,0.582,0.320,0.097
767,Q,0,0.640,C,101.9,-85.5,37.0,105.7,106.2,8.3,13.7,0.687,0.226,0.086
768,S,0,0.595,C,72.7,-82.8,29.8,104.3,103.3,6.0,13.6,0.790,0.158,0.051
769,G,0,0.559,C,52.0,70.3,3.3,103.4,-53.4,4.6,15.0,0.872,0.093,0.036
770,G,0,0.553,C,45.4,-73.5,30.7,106.7,-40.8,7.6,13.7,0.882,0.080,0.038
771,A,0,0.567,C,64.7,-86.3,68.8,107.2,130.1,8.3,13.6,0.834,0.121,0.046
772,G,0,0.616,C,40.3,90.8,178.4,111.9,-71.3,8.2,16.6,0.830,0.136,0.034
773,E,0,0.669,C,106.0,-91.6,119.5,111.5,-144.3,8.3,15.3,0.686,0.231,0.083
774,D,0,0.723,C,82.4,-92.3,113.2,111.1,-144.3,8.6,17.1,0.627,0.241,0.132
775,C,0,0.754,C,44.8,-99.9,127.3,115.7,-168.4,15.3,14.6,0.608,0.200,0.192
776,Q,0,0.757,C,85.8,-100.8,130.3,116.8,-150.8,9.7,20.0,0.552,0.132,0.317
777,I,0,0.745,C,55.1,-100.1,129.8,116.7,-149.9,15.5,16.9,0.571,0.073,0.355
778,F,0,0.736,C,74.6,-104.1,134.4,118.4,-153.2,12.9,18.0,0.690,0.038,0.273
779,S,0,0.710,C,57.7,-90.0,35.3,107.2,-150.0,11.1,16.7,0.868,0.011,0.121
780,T,0,0.691,C,69.3,-103.4,127.0,117.6,141.9,8.5,16.5,0.933,0.003,0.063
781,P,0,0.662,C,79.0,-70.2,135.3,107.7,-113.0,9.6,15.7,0.964,0.019,0.017
782,G,0,0.654,C,46.5,79.5,-0.5,106.1,11.3,5.7,16.4,0.956,0.022,0.021
783,H,0,0.671,C,76.2,-97.0,132.8,117.7,147.3,12.5,14.2,0.938,0.016,0.046
784,P,0,0.682,C,58.8,-73.1,145.0,111.7,-113.5,11.8,17.3,0.890,0.050,0.060
785,K,0,0.700,C,103.0,-91.1,133.2,115.0,-123.8,10.0,19.3,0.673,0.100,0.227
786,M,0,0.731,C,50.8,-98.0,134.4,118.4,-139.0,16.6,17.2,0.573,0.080,0.347
787,I,0,0.744,C,54.6,-101.9,128.3,116.5,-150.6,13.5,20.1,0.568,0.067,0.364
788,Y,0,0.741,C,47.6,-103.8,134.0,119.4,-151.1,18.5,17.6,0.675,0.047,0.277
789,S,0,0.728,C,32.6,-97.7,114.7,112.1,-147.8,12.4,20.1,0.906,0.019,0.075
790,S,0,0.698,C,49.9,-69.6,-22.5,95.9,-157.4,13.9,15.1,0.572,0.422,0.006
791,S,0,0.666,C,78.8,-71.0,-25.1,94.3,60.7,3.0,17.3,0.510,0.479,0.010
792,N,0,0.644,C,73.6,-84.6,-11.1,97.8,53.2,8.6,15.5,0.493,0.489,0.017
793,L,0,0.658,C,46.3,-87.5,65.6,107.0,78.0,17.8,10.7,0.565,0.406,0.029
794,K,0,0.674,C,109.4,-92.6,129.6,113.7,136.1,7.4,15.7,0.765,0.188,0.047
795,T,0,0.683,C,64.6,-93.1,129.6,115.3,-130.2,9.3,16.7,0.933,0.039,0.028
796,P,0,0.675,C,72.9,-66.5,-16.5,100.6,-116.8,11.2,13.8,0.852,0.142,0.006
797,S,0,0.665,C,73.4,-77.4,-9.6,100.6,59.6,5.5,15.3,0.718,0.256,0.026
798,K,0,0.655,C,127.6,-84.0,16.7,104.5,70.5,4.8,14.2,0.601,0.307,0.092
799,L,0,0.651,C,81.8,-85.1,39.8,106.2,96.7,10.9,12.7,0.593,0.306,0.101
800,C,0,0.645,C,52.4,-95.8,123.1,113.6,94.2,12.8,12.3,0.661,0.272,0.067
801,S,0,0.598,C,74.1,-79.3,105.7,107.0,-122.0,5.1,15.2,0.677,0.281,0.043
802,G,0,0.564,C,48.7,65.8,-56.3,108.3,12.7,5.1,13.3,0.737,0.245,0.018
803,S,0,0.557,C,69.8,-83.5,82.4,107.3,177.9,6.1,12.6,0.713,0.258,0.029
804,K,0,0.580,C,116.4,-80.3,12.0,104.8,-167.9,6.8,14.2,0.590,0.375,0.035
805,S,0,0.624,C,57.9,-76.8,-4.2,104.3,102.8,8.4,14.8,0.524,0.454,0.022
806,H,0,0.671,H,91.0,-84.9,67.6,108.4,137.3,9.5,13.9,0.404,0.585,0.011
807,D,0,0.718,H,79.7,-77.1,87.9,106.2,-177.1,5.9,17.7,0.358,0.631,0.011
808,V,0,0.746,H,46.7,-65.1,-34.7,94.8,-97.9,16.3,14.3,0.110,0.889,0.001
809,Q,0,0.766,H,102.8,-64.8,-38.4,93.3,55.4,4.7,18.7,0.046,0.953,0.000
810,E,0,0.779,H,101.7,-66.7,-38.6,93.0,50.8,3.5,19.6,0.036,0.964,0.000
811,V,0,0.786,H,29.7,-66.4,-40.2,93.6,50.9,14.6,16.1,0.034,0.965,0.000
812,L,0,0.786,H,66.0,-64.2,-39.6,93.2,52.7,11.8,18.1,0.031,0.969,0.000
813,K,0,0.776,H,127.9,-64.8,-39.1,91.7,50.8,1.8,21.7,0.035,0.965,0.000
814,K,0,0.771,H,81.2,-67.7,-38.4,93.3,49.7,7.7,19.2,0.047,0.952,0.000
815,K,0,0.775,H,46.3,-65.2,-40.3,93.6,51.7,16.6,16.5,0.049,0.951,0.000
816,Q,0,0.776,H,94.8,-64.5,-39.6,93.1,51.5,6.1,21.1,0.049,0.951,0.000
817,E,0,0.771,H,103.5,-65.8,-39.5,92.4,49.9,3.2,22.2,0.052,0.948,0.000
818,A,0,0.763,H,18.2,-66.4,-40.8,93.6,50.4,15.5,16.8,0.035,0.965,0.000
819,M,0,0.761,H,57.6,-64.8,-39.8,93.6,52.0,13.5,18.5,0.032,0.968,0.000
820,K,0,0.765,H,120.8,-65.0,-39.1,91.9,50.5,2.5,22.8,0.038,0.962,0.000
821,L,0,0.770,H,50.2,-67.0,-39.9,93.4,50.4,10.3,19.0,0.059,0.941,0.000
822,Q,0,0.783,H,34.5,-66.2,-39.5,94.0,51.2,17.9,16.6,0.054,0.946,0.000
823,Q,0,0.785,H,89.9,-64.6,-39.8,93.4,52.1,7.2,21.1,0.029,0.971,0.000
824,D,0,0.786,H,76.4,-66.4,-38.9,92.9,49.9,4.2,21.9,0.028,0.972,0.000
825,M,0,0.780,H,32.6,-66.7,-40.6,93.8,50.2,15.7,17.3,0.014,0.986,0.000
826,R,0,0.758,H,83.3,-63.5,-40.6,93.2,52.7,14.3,18.8,0.007,0.993,0.000
827,K,0,0.756,H,122.9,-64.8,-39.3,91.8,50.4,2.4,22.6,0.008,0.992,0.000
828,K,0,0.764,H,84.0,-67.2,-39.1,93.1,49.7,7.6,20.4,0.014,0.986,0.000
829,R,0,0.783,H,42.8,-66.0,-40.0,93.8,50.7,17.9,17.2,0.011,0.989,0.000
830,Q,0,0.792,H,74.8,-64.0,-40.4,93.3,52.3,11.1,20.7,0.007,0.993,0.000
831,E,0,0.798,H,102.3,-65.7,-39.6,92.4,50.1,3.6,23.4,0.005,0.995,0.000
832,V,0,0.802,H,24.4,-66.0,-42.1,93.5,49.6,14.7,18.9,0.004,0.996,0.000
833,L,0,0.798,H,17.1,-64.3,-41.7,93.7,51.1,21.5,17.8,0.003,0.997,0.000
834,E,0,0.803,H,95.9,-64.1,-40.0,92.7,51.4,6.5,22.0,0.005,0.995,0.000
835,K,0,0.805,H,104.7,-66.4,-39.0,92.6,49.7,4.3,22.5,0.019,0.981,0.000
836,Q,0,0.817,H,21.3,-67.1,-40.9,94.1,49.5,18.5,18.1,0.024,0.976,0.000
837,I,0,0.837,H,34.9,-63.1,-41.5,93.2,52.1,17.1,19.5,0.004,0.996,0.000
838,E,0,0.849,H,106.9,-64.9,-39.7,92.0,50.4,3.3,24.1,0.002,0.998,0.000
839,C,0,0.862,H,29.1,-66.7,-40.8,93.6,49.6,12.4,19.9,0.003,0.997,0.000
840,Q,0,0.844,H,15.2,-65.3,-41.3,93.9,51.1,22.5,17.8,0.003,0.997,0.000
841,K,0,0.826,H,93.0,-64.1,-39.9,92.9,52.3,9.5,22.3,0.002,0.998,0.000
842,M,0,0.819,H,81.9,-65.9,-40.2,92.6,50.2,5.6,23.4,0.003,0.997,0.000
843,L,0,0.815,H,13.4,-65.6,-43.0,93.7,50.1,19.5,19.0,0.002,0.998,0.000
844,I,0,0.812,H,26.4,-63.4,-41.4,93.2,51.4,19.0,19.6,0.002,0.998,0.000
845,S,0,0.802,H,58.1,-64.8,-40.1,92.3,50.8,4.1,23.2,0.003,0.997,0.000
846,K,0,0.792,H,70.3,-66.9,-39.9,92.8,49.7,8.8,20.2,0.008,0.992,0.000
847,L,0,0.772,H,15.2,-66.6,-40.4,93.9,50.5,20.8,14.7,0.024,0.976,0.000
848,E,0,0.767,H,91.8,-66.3,-34.4,93.2,53.5,10.3,17.0,0.120,0.880,0.000
849,K,0,0.744,H,140.6,-74.1,-26.0,93.5,51.5,2.1,18.2,0.335,0.664,0.001
850,N,0,0.711,C,54.6,-108.9,84.5,109.3,51.7,12.4,10.0,0.790,0.208,0.002
851,K,0,0.690,C,136.9,-69.8,-21.9,95.3,176.6,4.6,13.4,0.880,0.118,0.002
852,N,0,0.681,C,119.3,-88.9,2.2,97.2,53.3,1.9,17.0,0.910,0.087,0.002
853,M,0,0.681,C,44.1,-81.6,143.0,118.9,111.1,16.9,7.8,0.995,0.004,0.001
854,K,0,0.697,C,110.2,-72.1,153.5,116.9,-104.3,3.5,19.3,0.998,0.002,0.000
855,P,0,0.713,H,97.2,-59.5,-35.6,92.1,-108.8,5.4,13.3,0.072,0.928,0.000
856,E,0,0.735,H,135.5,-65.6,-35.8,92.2,54.1,1.5,17.6,0.049,0.951,0.000
857,E,0,0.751,H,57.9,-69.7,-33.7,93.3,49.6,11.2,14.8,0.031,0.969,0.000
858,R,0,0.756,H,62.9,-62.8,-40.4,92.5,54.7,16.4,15.0,0.010,0.990,0.000
859,A,0,0.765,H,59.3,-63.5,-39.9,92.2,53.1,4.3,20.2,0.008,0.992,0.000
860,N,0,0.776,H,78.9,-66.7,-38.9,93.1,50.4,5.1,21.0,0.012,0.988,0.000
861,I,0,0.804,H,18.0,-65.9,-41.8,93.8,50.2,19.5,16.5,0.011,0.989,0.000
862,M,0,0.822,H,52.4,-63.4,-40.4,92.9,52.6,15.4,19.3,0.006,0.994,0.000
863,K,0,0.813,H,125.3,-64.4,-39.5,91.2,50.4,1.9,24.2,0.009,0.991,0.000
864,T,0,0.815,H,29.4,-66.4,-41.3,93.2,49.7,11.7,19.5,0.014,0.986,0.000
865,L,0,0.803,H,14.5,-64.3,-41.9,93.4,50.9,22.1,16.6,0.007,0.993,0.000
866,K,0,0.796,H,113.1,-64.6,-39.1,92.3,51.7,4.6,21.8,0.009,0.991,0.000
867,E,0,0.776,H,98.8,-66.6,-38.7,92.4,49.8,4.2,22.0,0.014,0.986,0.000
868,L,0,0.757,H,15.2,-66.4,-41.7,93.9,50.1,19.3,16.5,0.009,0.991,0.000
869,G,0,0.743,H,23.7,-63.1,-40.8,93.1,53.0,13.7,19.0,0.009,0.991,0.000
870,E,0,0.749,H,121.5,-65.9,-38.2,91.9,50.7,2.0,22.8,0.008,0.992,0.000
871,K,0,0.756,H,74.3,-68.8,-37.8,93.4,49.0,9.5,19.3,0.010,0.990,0.000
872,I,0,0.771,H,15.9,-64.2,-42.0,93.4,51.2,21.7,16.1,0.004,0.996,0.000
873,S,0,0.756,H,59.9,-64.3,-39.5,92.6,52.1,5.2,21.7,0.004,0.996,0.000
874,Q,0,0.745,H,97.2,-66.3,-38.9,92.2,49.7,3.2,22.2,0.007,0.993,0.000
875,L,0,0.749,H,15.7,-66.0,-42.2,93.6,50.2,18.0,15.7,0.013,0.987,0.000
876,K,0,0.758,H,76.7,-63.8,-40.0,93.2,52.6,13.4,17.9,0.014,0.986,0.000
877,D,0,0.758,H,94.4,-66.5,-37.3,92.3,50.6,2.2,21.0,0.029,0.971,0.000
878,E,0,0.725,H,74.0,-68.7,-36.8,93.4,50.4,8.3,18.1,0.060,0.940,0.000
879,L,0,0.702,H,27.1,-70.9,-34.4,95.5,51.3,17.9,12.9,0.103,0.897,0.000
880,K,0,0.685,H,113.0,-69.1,-32.2,95.6,57.0,6.6,16.1,0.243,0.756,0.001
881,T,0,0.675,H,91.8,-81.6,-13.0,99.1,53.1,3.4,14.4,0.419,0.578,0.004
882,S,0,0.656,C,59.0,-85.5,5.8,103.4,66.3,9.8,10.8,0.583,0.411,0.006
883,S,0,0.650,C,74.4,-85.1,11.4,103.7,103.4,5.4,12.0,0.762,0.226,0.012
884,A,0,0.646,C,75.5,-85.2,39.9,105.5,93.6,5.1,11.6,0.873,0.110,0.017
885,V,0,0.659,C,89.0,-92.3,118.2,111.8,134.1,7.7,10.9,0.928,0.053,0.019
886,S,0,0.661,C,70.5,-90.2,128.4,112.6,-147.2,6.8,13.4,0.974,0.011,0.015
887,T,0,0.662,C,74.5,-95.7,129.6,116.2,-132.1,8.8,14.6,0.987,0.004,0.010
888,P,0,0.655,C,60.8,-67.9,151.4,112.6,-104.1,11.2,12.8,0.958,0.040,0.002
889,S,0,0.664,C,71.5,-75.3,140.0,109.4,-103.7,5.9,14.6,0.863,0.130,0.007
890,K,0,0.680,C,135.9,-86.1,66.3,106.6,-128.5,5.3,13.6,0.733,0.220,0.047
891,V,0,0.689,C,70.0,-92.1,126.8,114.1,124.9,10.4,12.8,0.729,0.199,0.072
892,K,0,0.705,C,104.1,-93.1,110.7,110.6,-167.3,8.7,15.3,0.867,0.108,0.025
893,T,0,0.720,C,66.0,-103.8,160.7,125.0,-143.6,4.7,20.1,0.901,0.071,0.028
894,K,0,0.733,H,97.9,-61.6,-35.7,92.6,-108.1,12.8,13.2,0.080,0.920,0.000
895,T,0,0.741,H,79.6,-63.9,-38.9,92.7,54.7,4.5,17.6,0.057,0.943,0.000
896,E,0,0.746,H,104.5,-66.3,-38.5,92.9,50.7,3.2,18.5,0.023,0.977,0.000
897,A,0,0.745,H,26.2,-65.8,-40.2,93.5,51.8,11.1,15.3,0.015,0.985,0.000
898,Q,0,0.752,H,68.3,-65.1,-39.3,93.5,52.7,11.9,16.9,0.012,0.988,0.000
899,K,0,0.764,H,109.3,-66.0,-38.8,93.4,51.5,4.6,19.8,0.012,0.988,0.000
900,E,0,0.767,H,89.6,-67.9,-37.7,93.7,50.6,6.3,19.8,0.020,0.980,0.000
901,L,0,0.777,H,36.8,-68.6,-38.1,94.7,50.4,15.3,16.8,0.031,0.969,0.000
902,L,0,0.789,H,48.6,-66.2,-39.2,94.9,53.8,13.7,18.3,0.052,0.948,0.000
903,D,0,0.812,H,78.1,-67.2,-37.8,94.6,51.8,5.4,20.2,0.063,0.937,0.000
904,T,0,0.804,H,51.3,-67.6,-38.2,94.4,51.4,9.3,19.1,0.040,0.960,0.000
905,E,0,0.801,H,47.1,-67.2,-38.9,94.7,52.1,14.6,17.1,0.029,0.970,0.000
906,L,0,0.799,H,62.8,-66.5,-38.7,94.4,52.3,10.5,18.5,0.028,0.972,0.000
907,D,0,0.811,H,70.9,-67.1,-38.0,94.0,51.4,5.9,20.4,0.042,0.958,0.000
908,L,0,0.813,H,37.6,-67.1,-39.9,93.9,51.0,13.5,16.9,0.046,0.954,0.000
909,H,0,0.799,H,55.9,-66.6,-38.5,94.1,52.0,13.9,16.4,0.056,0.944,0.000
910,K,0,0.774,H,114.7,-67.4,-37.3,93.8,52.1,4.2,18.6,0.078,0.922,0.000
911,R,0,0.740,H,117.8,-69.5,-35.4,94.2,50.9,5.4,17.1,0.127,0.873,0.000
912,L,0,0.703,H,55.9,-71.4,-33.3,95.9,52.3,12.8,12.5,0.230,0.769,0.001
913,S,0,0.663,H,69.2,-73.6,-26.1,96.4,51.9,5.5,14.5,0.416,0.582,0.002
914,S,0,0.628,C,82.9,-86.3,-5.1,98.5,51.7,2.2,13.2,0.713,0.286,0.001
915,G,0,0.622,C,52.3,83.0,4.8,101.7,-100.6,3.7,13.8,0.987,0.012,0.001
916,E,0,0.663,C,94.3,-84.5,140.4,113.2,138.3,8.0,11.9,0.990,0.009,0.002
917,D,0,0.705,C,82.4,-92.1,112.4,110.2,-124.8,5.8,18.8,0.981,0.016,0.002
918,T,0,0.745,H,41.5,-65.5,-30.6,93.5,-157.8,18.5,12.3,0.142,0.858,0.000
919,T,0,0.758,H,87.7,-64.5,-37.3,93.0,59.2,3.4,18.5,0.036,0.964,0.000
920,E,0,0.769,H,90.0,-66.9,-38.7,93.2,50.7,4.6,19.8,0.013,0.987,0.000
921,L,0,0.785,H,21.3,-65.0,-41.4,93.4,51.1,19.0,14.9,0.006,0.994,0.000
922,R,0,0.803,H,106.3,-62.6,-40.5,92.6,53.6,10.7,19.1,0.005,0.995,0.000
923,K,0,0.809,H,126.5,-65.1,-38.7,91.7,50.2,2.1,22.8,0.010,0.990,0.000
924,K,0,0.804,H,66.0,-67.5,-39.4,93.3,49.8,10.8,19.7,0.016,0.984,0.000
925,L,0,0.812,H,14.1,-63.6,-42.3,93.3,51.3,22.5,17.7,0.007,0.993,0.000
926,S,0,0.808,H,53.3,-63.6,-40.2,92.4,52.3,7.2,22.1,0.007,0.993,0.000
927,Q,0,0.803,H,93.0,-66.1,-39.2,92.3,49.8,4.2,23.7,0.005,0.995,0.000
928,L,0,0.797,H,9.8,-65.9,-42.8,93.9,50.6,21.4,18.6,0.003,0.997,0.000
929,Q,0,0.821,H,47.4,-62.2,-41.8,92.8,52.9,17.0,20.8,0.002,0.998,0.000
930,V,0,0.835,H,77.8,-64.6,-40.4,92.0,50.6,3.7,24.4,0.002,0.998,0.000
931,E,0,0.839,H,49.9,-66.7,-40.6,93.2,49.9,10.1,20.9,0.002,0.998,0.000
932,A,0,0.831,H,6.7,-65.3,-42.2,93.6,50.2,22.2,15.3,0.003,0.997,0.000
933,A,0,0.818,H,52.8,-65.1,-38.3,93.1,51.7,9.9,18.7,0.009,0.991,0.000
934,R,0,0.810,H,148.9,-68.6,-33.1,91.7,51.6,2.5,20.5,0.056,0.944,0.000
935,L,0,0.788,C,49.4,-88.9,-3.5,96.7,51.8,15.7,14.3,0.600,0.398,0.002
936,G,0,0.783,C,40.4,84.5,9.6,99.4,-104.5,6.3,21.7,0.991,0.005,0.003
937,I,0,0.776,C,26.5,-97.2,122.5,114.5,143.3,21.0,14.6,0.956,0.004,0.040
938,L,0,0.770,C,47.7,-96.5,137.8,117.8,-140.4,12.9,19.6,0.967,0.002,0.031
939,P,0,0.758,C,60.8,-71.7,136.8,107.8,-111.4,12.5,17.5,0.947,0.033,0.020
940,V,0,0.732,C,80.8,-83.0,79.2,107.0,-134.1,9.9,17.0,0.840,0.104,0.056
941,G,0,0.692,C,39.6,97.0,-161.7,112.2,-4.8,8.1,16.4,0.845,0.071,0.084
942,R,0,0.677,C,118.4,-91.8,76.8,108.5,-0.7,10.1,15.2,0.839,0.053,0.108
943,G,0,0.666,C,39.7,90.9,-103.9,110.9,-41.8,7.5,15.5,0.884,0.025,0.092
944,K,0,0.672,C,119.2,-97.7,131.8,115.0,-60.6,7.0,16.5,0.847,0.033,0.119
945,T,0,0.679,C,72.2,-89.7,126.0,112.8,-119.9,10.0,16.3,0.848,0.038,0.114
946,M,0,0.673,C,76.7,-99.7,128.5,114.8,-156.9,12.4,16.1,0.800,0.087,0.113
947,S,0,0.650,C,46.5,-103.6,144.6,119.8,-145.1,11.6,16.3,0.795,0.102,0.103
948,S,0,0.630,C,59.9,-84.8,4.4,103.7,-141.5,10.5,16.1,0.787,0.144,0.069
949,Q,0,0.600,C,99.8,-88.5,20.8,104.7,72.0,8.7,16.9,0.783,0.131,0.086
950,G,0,0.587,C,30.9,99.4,-161.4,114.0,-60.3,11.2,17.7,0.823,0.073,0.104
951,R,0,0.584,C,86.4,-92.3,40.3,107.0,-84.5,14.4,18.5,0.803,0.072,0.125
952,G,0,0.572,C,28.0,104.3,-163.6,115.4,-34.3,12.3,18.4,0.830,0.053,0.117
953,R,0,0.570,C,114.4,-94.6,57.1,108.2,-68.3,11.3,18.3,0.793,0.088,0.119
954,G,0,0.560,C,37.8,91.3,-84.3,110.9,-54.1,8.7,16.9,0.809,0.070,0.121
955,R,0,0.559,C,103.9,-95.8,60.4,108.6,16.2,12.7,17.2,0.804,0.069,0.126
956,G,0,0.547,C,34.2,105.2,-172.2,116.4,-70.9,9.4,17.0,0.814,0.063,0.123
957,R,0,0.548,C,108.0,-95.6,77.7,109.4,0.9,12.2,17.0,0.794,0.093,0.113
958,G,0,0.528,C,38.4,89.0,-16.0,108.9,-48.4,8.2,17.2,0.847,0.055,0.098
959,G,0,0.521,C,31.8,106.0,-173.6,115.6,-63.9,11.2,17.3,0.817,0.079,0.104
960,R,0,0.527,C,96.8,-97.6,79.8,109.6,-148.8,12.4,18.1,0.799,0.078,0.124
961,G,0,0.542,C,25.4,111.4,-173.4,121.9,-76.0,11.8,17.9,0.857,0.049,0.094
962,R,0,0.552,C,110.1,-93.6,92.7,109.6,-46.5,11.6,17.2,0.857,0.059,0.084
963,G,0,0.552,C,41.9,85.9,-57.1,109.3,-32.4,6.8,15.8,0.900,0.036,0.064
964,S,0,0.577,C,62.0,-95.4,124.2,113.2,-36.0,8.2,16.9,0.878,0.074,0.048
965,L,0,0.613,C,80.8,-83.1,7.9,103.0,-153.4,12.1,15.8,0.744,0.219,0.037
966,N,0,0.652,C,89.3,-86.6,15.7,105.0,91.3,7.7,17.0,0.711,0.228,0.060
967,H,0,0.686,C,75.2,-98.0,61.3,109.0,73.0,11.2,18.6,0.671,0.182,0.147
968,M,0,0.718,C,31.6,-107.9,135.7,121.9,168.7,19.2,17.5,0.685,0.067,0.248
969,V,0,0.758,E,47.7,-117.0,135.9,123.9,-164.8,11.2,26.5,0.445,0.021,0.533
970,V,0,0.783,C,8.4,-98.0,127.7,117.2,-144.1,24.8,18.9,0.510,0.028,0.463
971,D,0,0.792,C,41.6,-110.7,124.0,117.0,-171.1,13.3,24.7,0.701,0.025,0.275
972,H,0,0.787,C,72.9,63.0,30.3,98.7,-11.4,13.0,21.4,0.922,0.007,0.071
973,R,0,0.772,C,44.8,-97.3,141.0,120.5,137.4,17.7,20.0,0.938,0.000,0.062
974,P,0,0.752,C,29.5,-73.1,140.5,113.2,-109.6,18.0,21.3,0.941,0.004,0.055
975,K,0,0.752,C,76.7,-85.4,-22.1,100.7,-158.7,13.7,22.3,0.903,0.004,0.093
976,A,0,0.749,E,26.6,-136.6,148.2,133.6,21.6,12.3,26.4,0.235,0.007,0.758
977,L,0,0.751,E,3.3,-124.0,136.5,127.7,-160.4,26.5,20.5,0.047,0.000,0.952
978,T,0,0.755,E,29.2,-111.6,129.2,120.2,-157.6,11.7,28.7,0.016,0.000,0.984
979,V,0,0.743,E,2.9,-118.5,128.2,122.9,-165.1,26.8,19.3,0.047,0.000,0.953
980,G,0,0.722,E,17.5,-131.8,158.5,134.1,176.6,10.1,26.6,0.329,0.003,0.668
981,G,0,0.724,C,36.5,83.9,1.4,99.3,18.2,7.7,23.4,0.831,0.004,0.166
982,F,0,0.750,C,20.7,-94.3,143.6,121.9,137.9,22.9,12.5,0.925,0.001,0.074
983,I,0,0.782,C,76.4,-78.2,150.6,117.3,-118.8,6.4,22.5,0.990,0.004,0.006
984,E,0,0.796,H,114.5,-60.4,-34.9,92.6,-109.9,9.0,14.0,0.136,0.864,0.000
985,E,0,0.799,H,146.4,-66.5,-30.7,90.8,55.3,1.0,18.7,0.136,0.864,0.000
986,E,0,0.811,H,42.9,-89.7,-10.2,97.0,49.5,14.3,14.2,0.110,0.890,0.000
987,K,0,0.814,H,47.8,-60.6,-40.9,92.6,80.7,17.8,14.0,0.025,0.975,0.000
988,E,0,0.830,H,118.4,-63.9,-38.7,91.7,52.7,2.7,21.6,0.021,0.979,0.000
989,D,0,0.829,H,68.8,-67.2,-38.2,93.0,50.3,5.9,21.4,0.020,0.980,0.000
990,L,0,0.815,H,8.5,-65.9,-42.1,94.2,51.0,23.6,17.2,0.009,0.991,0.000
991,L,0,0.808,H,40.7,-63.1,-40.9,93.2,53.0,16.2,20.4,0.007,0.993,0.000
992,Q,0,0.807,H,101.4,-65.5,-38.9,92.0,50.5,3.3,24.4,0.015,0.985,0.000
993,H,0,0.806,H,31.6,-67.4,-40.3,93.9,49.4,15.9,19.4,0.033,0.967,0.000
994,F,0,0.806,H,17.1,-65.4,-40.0,93.9,51.4,23.2,18.0,0.082,0.917,0.000
995,S,0,0.777,H,57.2,-66.6,-36.0,93.2,53.5,7.5,22.0,0.190,0.810,0.001
996,T,0,0.744,H,59.9,-75.3,-28.7,95.1,50.3,8.4,22.3,0.285,0.711,0.004
997,A,0,0.708,H,12.0,-69.9,-37.2,96.9,56.5,21.7,16.9,0.307,0.682,0.011
998,N,0,0.685,C,62.1,-72.2,-25.7,95.6,55.5,13.3,19.3,0.515,0.462,0.023
999,Q,0,0.675,C,92.9,-92.2,-0.7,100.2,50.6,7.7,21.1,0.654,0.308,0.038
1000,G,0,0.670,C,11.0,-84.5,179.2,118.0,124.1,19.7,14.9,0.845,0.117,0.039
1001,P,0,0.684,C,78.4,-68.5,-26.1,95.7,-136.6,7.9,19.6,0.711,0.239,0.050
1002,K,0,0.711,C,96.7,-77.9,-21.6,96.4,57.2,8.8,19.6,0.603,0.241,0.156
1003,F,0,0.739,C,12.5,-91.3,25.3,105.0,63.8,24.2,11.3,0.607,0.153,0.240
1004,K,0,0.763,C,108.9,-67.3,86.3,106.0,-164.3,8.0,19.6,0.918,0.033,0.049
1005,D,0,0.777,C,111.2,60.5,22.0,96.6,-4.9,2.7,18.8,0.977,0.010,0.013
1006,R,0,0.763,C,68.0,-118.6,151.2,130.9,112.5,13.7,14.6,0.742,0.003,0.255
1007,R,0,0.744,E,116.3,-93.1,131.8,116.1,-125.5,7.4,24.7,0.225,0.001,0.774
1008,L,0,0.725,E,5.6,-111.5,134.3,123.2,-158.8,25.8,15.4,0.061,0.000,0.939
1009,Q,0,0.717,E,62.7,-113.9,128.0,120.0,-159.6,8.4,28.0,0.016,0.000,0.984
1010,I,0,0.715,E,6.0,-116.8,131.8,123.9,-167.3,25.6,17.9,0.023,0.000,0.977
1011,S,0,0.718,E,28.1,-133.3,150.3,133.5,-178.9,9.4,27.1,0.033,0.000,0.967
1012,W,0,0.720,E,30.0,-110.9,137.2,123.6,-147.2,21.8,18.8,0.137,0.000,0.863
1013,H,0,0.709,E,48.4,-115.7,134.9,122.8,-163.3,13.4,20.0,0.394,0.003,0.603
1014,K,0,0.703,C,111.3,-91.7,130.0,115.3,-132.4,8.4,18.9,0.880,0.001,0.118
1015,P,0,0.696,C,64.3,-69.7,148.6,111.1,-106.2,12.2,14.0,0.966,0.001,0.033
1016,K,0,0.684,C,141.9,-84.6,131.8,112.6,-106.6,3.9,17.8,0.965,0.002,0.034
1017,V,0,0.668,C,58.8,-93.1,132.4,116.5,-137.7,14.2,11.2,0.974,0.001,0.025
1018,P,0,0.657,C,73.7,-69.3,151.0,111.5,-105.5,7.4,14.5,0.985,0.008,0.008
1019,S,0,0.638,C,78.7,-82.7,134.3,111.5,-106.5,4.7,15.3,0.946,0.019,0.034
1020,I,0,0.621,C,85.7,-86.8,51.1,106.6,-152.7,11.5,10.5,0.923,0.034,0.044
1021,S,0,0.627,C,79.3,-86.9,51.4,106.5,137.0,4.0,13.1,0.926,0.035,0.039
1022,T,0,0.635,C,82.2,-87.5,69.4,107.8,146.7,7.1,12.1,0.879,0.072,0.049
1023,E,0,0.645,C,115.3,-84.5,47.7,106.6,167.0,6.3,12.5,0.766,0.177,0.057
1024,T,0,0.662,C,78.7,-87.5,101.3,109.0,173.6,6.4,13.0,0.662,0.301,0.037
1025,E,0,0.683,C,111.3,-76.7,-17.8,102.1,163.2,6.9,13.4,0.498,0.473,0.029
1026,E,0,0.687,H,113.8,-78.7,-14.3,103.8,86.2,5.0,12.5,0.444,0.538,0.017
1027,E,0,0.702,H,106.0,-78.4,-6.8,104.8,123.9,6.7,12.9,0.430,0.548,0.022
1028,E,0,0.702,H,105.3,-82.6,54.8,106.9,170.3,7.1,13.7,0.437,0.524,0.039
1029,V,0,0.700,C,74.6,-85.6,101.4,109.1,171.4,10.2,12.0,0.471,0.470,0.060
1030,K,0,0.696,C,121.5,-85.2,18.3,105.7,124.6,5.6,14.1,0.508,0.463,0.030
1031,E,0,0.694,C,104.4,-85.9,83.7,108.2,117.2,7.2,12.7,0.519,0.459,0.022
1032,E,0,0.691,C,109.2,-82.8,52.2,106.6,166.5,7.0,12.9,0.542,0.435,0.023
1033,E,0,0.686,C,113.2,-83.6,25.3,105.9,149.0,6.5,12.5,0.600,0.374,0.026
1034,T,0,0.694,C,85.4,-87.6,30.8,106.6,121.5,5.6,12.9,0.650,0.325,0.026
1035,E,0,0.710,C,110.7,-76.1,-15.7,101.8,107.4,6.5,13.0,0.655,0.318,0.027
1036,T,0,0.722,C,82.4,-81.8,-7.1,102.9,82.5,6.1,12.8,0.645,0.321,0.034
1037,S,0,0.734,C,66.4,-73.4,-25.1,99.6,77.6,6.1,13.1,0.601,0.367,0.031
1038,D,0,0.747,C,96.6,-76.4,-13.0,99.9,63.5,4.4,13.7,0.644,0.333,0.023
1039,L,0,0.742,C,85.2,-78.3,-15.1,100.0,72.0,8.9,12.7,0.697,0.285,0.018
1040,F,0,0.740,C,95.6,-88.6,40.4,106.1,70.9,10.0,11.2,0.786,0.184,0.030
1041,L,0,0.732,C,79.0,-88.2,120.0,111.2,107.7,9.0,12.2,0.961,0.016,0.023
1042,P,0,0.726,C,81.6,-74.0,63.2,104.9,-125.9,7.4,13.1,0.979,0.010,0.011
1043,D,0,0.724,C,101.7,-85.7,39.9,105.9,-123.7,4.9,12.6,0.967,0.026,0.007
1044,D,0,0.717,C,93.4,-85.2,43.2,105.8,160.5,6.1,12.2,0.932,0.057,0.011
1045,D,0,0.701,C,97.7,-75.0,-15.0,99.8,-162.8,5.1,12.6,0.922,0.073,0.005
1046,D,0,0.682,C,92.2,-81.3,-3.7,102.7,75.2,4.6,13.1,0.859,0.135,0.006
1047,E,0,0.665,C,107.7,-69.5,-28.0,97.8,84.7,6.7,13.0,0.775,0.220,0.005
1048,D,0,0.664,C,90.3,-70.8,-28.6,97.5,62.8,4.5,13.7,0.704,0.287,0.009
1049,E,0,0.671,C,105.1,-69.5,-31.3,96.7,62.4,5.6,13.5,0.660,0.327,0.013
1050,D,0,0.677,C,79.9,-69.8,-31.4,96.5,59.3,6.1,13.4,0.696,0.294,0.011
1051,E,0,0.673,C,107.6,-68.5,-30.9,95.7,59.3,5.3,14.1,0.718,0.272,0.010
1052,Y,0,0.657,C,143.2,-85.2,-5.3,99.2,50.7,4.1,14.3,0.719,0.262,0.019
1053,E,0,0.632,C,82.9,-84.0,132.1,111.7,105.0,9.2,10.0,0.707,0.257,0.036
1054,S,0,0.612,C,69.7,-74.4,100.0,105.9,-124.5,6.1,13.5,0.670,0.280,0.049
1055,R,0,0.580,C,125.4,-78.3,-7.9,100.3,-157.0,9.2,12.7,0.676,0.265,0.059
1056,S,0,0.546,C,65.4,-77.2,-13.3,100.6,89.4,7.7,12.8,0.678,0.237,0.085
1057,W,0,0.497,C,132.2,-82.6,0.7,102.6,68.9,9.8,11.6,0.696,0.211,0.093
1058,R,0,0.454,C,126.1,-89.3,85.1,108.3,94.4,8.5,12.8,0.806,0.074,0.120
1059,R,0,0.435,C,145.9,-94.1,130.1,115.0,-175.9,9.4,11.2,0.985,0.005,0.010
