"Q9Z2U0, [130]",SEQ,positive,flexibility,SS,ASA,Phi,Psi,Theta(i-1=>i+1),Tau(i-2=>i+2),HSE_alpha_up,HSE_alpha_down,P(C),P(H),P(E)
0,M,0,0.504,C,145.9,-97.2,137.9,116.5,142.0,4.5,6.7,0.992,0.006,0.002
1,S,0,0.516,C,75.7,-90.4,131.9,112.1,-128.6,5.5,11.7,0.956,0.025,0.019
2,Y,0,0.560,C,118.4,-91.9,94.9,109.4,-150.5,10.1,12.3,0.916,0.048,0.036
3,D,0,0.628,C,69.2,-93.5,115.0,111.7,144.7,9.6,14.4,0.880,0.077,0.043
4,R,0,0.666,C,137.3,-73.0,-21.2,98.7,-147.9,6.7,14.0,0.817,0.101,0.082
5,A,0,0.681,C,66.6,-77.7,-18.5,100.0,62.3,5.4,15.4,0.835,0.053,0.112
6,I,0,0.696,C,68.5,-101.9,131.1,117.7,98.2,12.1,13.9,0.850,0.010,0.140
7,T,0,0.722,C,47.2,-104.4,137.6,120.4,-152.2,12.8,16.8,0.823,0.008,0.169
8,V,0,0.736,C,51.8,-112.5,133.2,121.5,-156.2,12.2,18.3,0.717,0.010,0.273
9,F,0,0.735,C,59.4,-104.7,131.6,118.7,-153.0,13.1,17.3,0.720,0.005,0.275
10,S,0,0.725,C,23.6,-89.3,166.2,124.2,-138.1,12.4,16.6,0.980,0.000,0.020
11,P,0,0.715,C,98.2,-63.9,-23.8,91.8,-97.1,5.9,15.5,0.996,0.003,0.000
12,D,0,0.728,C,115.6,-86.7,-2.3,92.4,53.8,1.2,16.4,0.996,0.004,0.001
13,G,0,0.730,C,33.9,88.4,6.9,96.8,-103.8,10.0,14.3,0.959,0.020,0.020
14,H,0,0.766,C,81.6,-87.2,139.5,118.4,138.4,7.8,21.3,0.887,0.016,0.097
15,L,0,0.808,E,22.7,-78.3,128.6,112.1,-116.5,22.3,16.9,0.372,0.085,0.543
16,F,0,0.846,C,68.1,-92.1,3.6,105.9,-166.3,12.9,22.7,0.418,0.202,0.380
17,Q,0,0.874,H,38.5,-88.8,68.2,106.4,-174.0,17.8,22.1,0.317,0.429,0.254
18,V,0,0.896,H,22.3,-65.1,-39.6,95.5,129.6,22.1,18.6,0.065,0.930,0.005
19,E,0,0.897,H,94.1,-64.4,-39.8,92.6,54.6,6.7,24.5,0.026,0.972,0.001
20,Y,0,0.886,H,59.8,-66.2,-40.8,93.1,50.6,10.9,23.3,0.024,0.974,0.001
21,A,0,0.870,H,3.3,-64.3,-43.8,93.8,52.0,25.1,18.5,0.009,0.990,0.000
22,Q,0,0.852,H,55.8,-62.4,-41.5,92.5,52.6,15.3,23.3,0.005,0.995,0.000
23,E,0,0.844,H,98.6,-64.5,-40.0,91.6,50.2,4.2,27.3,0.005,0.995,0.000
24,A,0,0.824,H,8.1,-65.6,-42.8,93.2,50.1,18.7,20.6,0.007,0.993,0.000
25,V,0,0.810,H,6.6,-65.1,-41.2,93.8,51.3,24.9,20.0,0.029,0.971,0.000
26,K,0,0.790,H,110.3,-67.7,-32.5,92.3,53.5,7.7,24.0,0.200,0.800,0.000
27,K,0,0.760,C,103.1,-94.2,-5.5,99.2,44.6,7.6,23.0,0.578,0.420,0.001
28,G,0,0.731,C,7.4,102.7,169.9,117.6,-111.5,21.5,23.8,0.981,0.003,0.016
29,S,0,0.735,C,10.0,-106.8,152.8,124.2,-155.8,22.2,27.1,0.896,0.002,0.102
30,T,0,0.753,E,3.5,-111.4,137.9,123.4,-127.6,25.2,28.2,0.457,0.001,0.542
31,A,0,0.763,E,0.9,-128.5,142.1,129.7,-166.7,27.1,29.8,0.015,0.000,0.985
32,V,0,0.767,E,0.9,-118.4,128.9,122.5,-158.7,27.8,30.4,0.003,0.000,0.997
33,G,0,0.770,E,1.0,-113.9,134.4,123.2,-163.8,26.1,29.4,0.003,0.000,0.997
34,V,0,0.770,E,1.8,-120.1,130.1,123.5,-165.3,26.7,28.8,0.005,0.000,0.995
35,R,0,0.772,E,46.8,-104.1,126.1,117.5,-153.3,17.9,27.8,0.031,0.000,0.968
36,G,0,0.800,E,5.5,-151.7,167.3,142.2,161.3,21.1,22.4,0.447,0.002,0.551
37,K,0,0.840,C,109.5,-70.1,-22.5,95.4,-93.7,9.9,22.7,0.985,0.001,0.014
38,D,0,0.890,C,64.8,-106.9,2.3,102.0,24.6,10.6,23.5,0.986,0.000,0.013
39,I,0,0.910,E,5.7,-143.1,151.4,139.8,34.0,24.0,25.3,0.205,0.000,0.795
40,V,0,0.913,E,2.1,-115.6,130.0,122.1,-147.8,26.4,28.7,0.003,0.000,0.997
41,V,0,0.899,E,1.2,-109.8,122.3,117.6,-159.5,27.1,30.2,0.001,0.000,0.999
42,L,0,0.873,E,1.3,-109.7,124.3,118.5,-162.8,27.2,30.1,0.004,0.000,0.996
43,G,0,0.865,E,1.3,-111.5,129.4,120.7,-165.7,25.7,29.2,0.028,0.000,0.972
44,V,0,0.862,E,3.2,-136.7,152.8,134.4,175.8,25.3,27.7,0.150,0.003,0.847
45,E,0,0.866,E,45.1,-102.5,122.8,114.2,-148.0,16.9,23.2,0.464,0.022,0.515
46,K,0,0.867,C,86.5,-109.8,137.6,121.4,-91.1,11.2,22.1,0.571,0.023,0.406
47,K,0,0.860,C,82.3,-93.8,128.1,114.5,-135.6,14.4,17.0,0.792,0.014,0.194
48,S,0,0.863,C,46.1,-108.5,140.2,119.7,-164.3,11.0,16.6,0.899,0.018,0.083
49,V,0,0.868,C,91.7,-87.0,1.8,103.1,-151.1,7.7,15.8,0.922,0.057,0.021
50,A,0,0.859,C,58.4,-86.4,118.0,109.5,101.7,8.4,14.3,0.918,0.072,0.010
51,K,0,0.844,C,129.1,-75.6,-9.6,100.0,-89.4,5.0,16.7,0.840,0.137,0.023
52,L,0,0.849,C,55.5,-86.2,7.0,104.3,67.8,13.5,13.4,0.773,0.169,0.057
53,Q,0,0.856,C,75.3,-93.3,128.5,114.5,141.3,12.2,14.7,0.727,0.087,0.185
54,D,0,0.866,C,63.7,-92.9,112.9,110.5,-143.2,9.2,16.6,0.897,0.038,0.065
55,E,0,0.866,C,127.1,-68.7,-24.6,95.1,-153.1,5.5,14.4,0.877,0.112,0.011
56,R,0,0.884,C,157.7,-72.6,-26.7,95.2,57.6,2.5,17.3,0.842,0.143,0.015
57,T,0,0.906,C,55.7,-95.6,-10.2,102.3,41.9,10.1,16.0,0.831,0.123,0.046
58,V,0,0.927,C,29.2,-98.7,126.2,116.8,87.7,19.5,12.7,0.758,0.016,0.226
59,R,0,0.939,C,111.7,-98.4,-4.4,108.5,-177.9,8.2,21.5,0.550,0.020,0.429
60,K,0,0.949,E,60.7,-122.1,137.7,124.9,-1.5,13.4,22.9,0.217,0.005,0.778
61,I,0,0.958,E,10.6,-110.3,131.9,122.0,-155.7,24.3,18.7,0.033,0.000,0.967
62,C,0,0.945,E,26.8,-128.8,144.2,130.6,-171.6,14.0,25.4,0.015,0.000,0.985
63,A,0,0.938,E,38.3,-75.0,126.6,111.0,-115.7,15.5,20.7,0.047,0.000,0.953
64,L,0,0.934,E,34.6,-96.5,-30.3,100.1,179.1,16.6,18.6,0.343,0.003,0.654
65,D,0,0.941,C,32.8,-167.7,164.8,147.3,-12.8,9.7,25.5,0.758,0.004,0.238
66,D,0,0.932,C,73.3,-69.0,-21.4,93.6,-90.0,13.1,21.3,0.997,0.001,0.002
67,N,0,0.926,C,43.6,-101.4,7.6,100.1,46.9,15.3,22.9,0.994,0.001,0.005
68,V,0,0.942,E,2.3,-113.0,140.3,127.6,92.3,26.3,22.8,0.047,0.000,0.953
69,C,0,0.941,E,1.4,-127.6,144.8,130.5,-169.8,26.2,30.0,0.003,0.000,0.997
70,M,0,0.935,E,0.7,-129.2,141.3,129.9,-156.6,28.2,30.7,0.005,0.000,0.995
71,A,0,0.920,E,0.6,-126.0,140.2,128.3,-166.3,27.8,30.6,0.032,0.000,0.968
72,F,0,0.902,E,1.1,-136.3,148.6,134.1,-173.5,27.6,30.5,0.152,0.001,0.847
73,A,0,0.872,E,5.8,-118.7,138.2,123.3,-155.8,24.0,27.7,0.439,0.007,0.555
74,G,0,0.845,C,4.6,127.1,-169.2,131.3,53.6,20.1,27.2,0.790,0.015,0.195
75,L,0,0.835,C,37.9,-92.0,134.9,117.4,-28.9,14.8,26.9,0.871,0.047,0.082
76,T,0,0.868,H,49.8,-61.5,-36.3,93.1,-127.4,17.9,18.8,0.125,0.875,0.000
77,A,0,0.893,H,52.6,-65.3,-38.8,92.2,52.7,5.7,25.0,0.077,0.923,0.000
78,D,0,0.911,H,17.3,-67.3,-40.5,94.0,49.9,18.6,20.8,0.037,0.963,0.000
79,A,0,0.914,H,5.3,-63.2,-43.3,93.5,52.9,24.6,20.6,0.010,0.990,0.000
80,R,0,0.922,H,100.9,-64.0,-40.5,92.8,52.5,10.1,24.6,0.005,0.995,0.000
81,I,0,0.928,H,59.3,-65.9,-40.6,92.7,50.0,8.1,25.2,0.002,0.998,0.000
82,V,0,0.931,H,3.7,-66.0,-43.4,94.2,49.5,24.4,21.7,0.001,0.999,0.000
83,I,0,0.917,H,13.0,-63.3,-42.8,93.5,52.0,23.0,22.0,0.001,0.999,0.000
84,N,0,0.898,H,78.0,-64.3,-40.2,92.2,51.0,6.0,25.8,0.002,0.998,0.000
85,R,0,0.876,H,78.4,-66.4,-40.4,92.5,49.5,9.5,23.8,0.002,0.998,0.000
86,A,0,0.858,H,2.2,-65.3,-43.6,93.9,50.6,25.3,19.0,0.002,0.998,0.000
87,R,0,0.849,H,66.6,-62.4,-41.6,92.8,52.6,16.2,21.6,0.002,0.998,0.000
88,V,0,0.854,H,72.9,-65.2,-40.3,92.3,50.1,4.8,24.3,0.002,0.998,0.000
89,E,0,0.853,H,52.3,-67.3,-40.2,93.3,49.3,10.8,20.7,0.006,0.994,0.000
90,C,0,0.843,H,8.2,-66.4,-41.1,93.9,50.2,22.4,14.8,0.027,0.973,0.000
91,Q,0,0.828,H,86.3,-65.9,-36.2,93.2,52.8,10.5,17.9,0.088,0.912,0.000
92,S,0,0.818,H,74.6,-75.4,-28.0,94.1,48.6,3.0,18.7,0.234,0.766,0.001
93,H,0,0.807,H,75.2,-104.3,2.8,104.5,36.0,10.7,14.0,0.489,0.506,0.005
94,R,0,0.800,C,126.6,-66.5,68.3,104.9,-150.3,8.6,17.7,0.847,0.091,0.061
95,L,0,0.806,C,40.4,-98.3,135.3,118.6,177.8,17.9,12.2,0.856,0.024,0.121
96,T,0,0.807,C,80.0,-110.1,129.2,117.5,-162.0,5.1,20.4,0.835,0.013,0.152
97,V,0,0.836,C,61.6,-96.5,79.4,109.5,-163.6,14.0,11.6,0.945,0.006,0.048
98,E,0,0.839,C,144.6,37.9,3.9,98.9,-11.0,2.9,15.8,0.994,0.001,0.005
99,D,0,0.849,C,78.5,-103.0,135.9,121.0,99.7,6.2,14.8,0.985,0.000,0.014
100,P,0,0.834,C,80.0,-70.3,144.0,112.8,-103.0,7.7,17.6,0.985,0.003,0.012
101,V,0,0.851,C,17.0,-87.7,134.4,116.0,-120.9,22.3,12.6,0.978,0.002,0.020
102,T,0,0.870,C,54.1,-84.0,155.0,121.0,-127.6,6.5,25.1,0.971,0.004,0.026
103,V,0,0.898,H,14.9,-59.1,-37.9,90.7,-112.2,24.3,15.3,0.020,0.980,0.000
104,E,0,0.929,H,94.0,-62.9,-39.8,91.9,55.4,8.5,22.0,0.006,0.994,0.000
105,Y,0,0.952,H,88.9,-66.1,-40.0,93.0,50.5,7.6,23.7,0.002,0.998,0.000
106,I,0,0.970,H,4.6,-65.2,-43.8,94.1,50.3,24.6,20.6,0.001,0.999,0.000
107,T,0,0.977,H,12.1,-63.4,-42.0,93.4,51.9,22.3,21.7,0.001,0.999,0.000
108,R,0,0.969,H,108.8,-64.5,-40.2,92.5,51.7,7.1,26.0,0.001,0.999,0.000
109,Y,0,0.966,H,58.4,-66.4,-41.0,93.2,49.8,11.6,24.5,0.001,0.999,0.000
110,I,0,0.957,H,2.7,-65.8,-43.6,94.2,49.5,25.6,21.8,0.001,0.999,0.000
111,A,0,0.925,H,13.3,-62.6,-42.4,93.1,52.4,20.5,21.8,0.001,0.999,0.000
112,S,0,0.899,H,50.0,-65.1,-40.2,92.5,50.8,6.3,25.5,0.005,0.995,0.000
113,L,0,0.873,H,34.6,-66.6,-41.4,93.6,49.9,13.2,21.5,0.007,0.993,0.000
114,K,0,0.860,H,21.2,-66.1,-41.6,94.3,50.5,20.9,18.3,0.015,0.985,0.000
115,Q,0,0.864,H,66.5,-65.3,-38.9,93.1,51.6,13.3,19.4,0.038,0.962,0.000
116,R,0,0.847,H,123.0,-68.6,-37.0,93.1,50.0,4.9,21.3,0.074,0.926,0.000
117,Y,0,0.834,H,65.0,-86.3,-26.6,99.1,41.2,14.0,16.4,0.202,0.797,0.001
118,T,0,0.818,H,33.1,-94.5,-17.1,104.0,40.3,16.0,14.2,0.426,0.532,0.042
119,Q,0,0.794,C,92.1,-75.8,-24.6,98.2,60.3,9.2,14.7,0.614,0.298,0.087
120,S,0,0.748,C,75.2,-88.1,-8.3,102.3,49.6,3.7,13.8,0.720,0.226,0.054
121,N,0,0.705,C,117.9,-69.3,17.9,99.5,-0.4,3.1,13.4,0.937,0.058,0.005
122,G,0,0.696,C,48.1,83.2,0.8,101.0,-90.1,4.5,14.8,0.978,0.017,0.005
123,R,0,0.707,C,112.9,-98.0,136.8,118.7,121.2,9.2,16.3,0.936,0.008,0.056
124,R,0,0.744,C,61.6,-102.3,136.0,119.9,-137.7,15.7,18.7,0.943,0.003,0.054
125,P,0,0.773,C,20.5,-71.8,139.3,108.9,-100.4,21.7,23.0,0.950,0.020,0.029
126,F,0,0.795,C,22.7,-92.6,97.4,109.9,-132.5,22.6,26.4,0.927,0.022,0.051
127,G,0,0.809,C,7.1,98.9,8.9,112.1,-67.6,21.3,26.3,0.823,0.013,0.164
128,I,0,0.829,C,2.4,-117.2,141.6,126.7,175.4,26.4,27.1,0.515,0.003,0.482
129,S,1,0.841,E,5.0,-97.6,20.1,109.4,-162.1,24.1,28.3,0.445,0.007,0.548
130,A,0,0.862,E,1.0,-142.2,147.8,133.6,-5.9,26.5,30.4,0.090,0.000,0.909
131,L,0,0.863,E,0.6,-119.8,132.3,124.1,-156.3,28.7,30.4,0.006,0.000,0.994
132,I,0,0.861,E,1.1,-110.7,124.9,118.9,-160.4,27.5,30.7,0.004,0.000,0.996
133,V,0,0.846,E,0.8,-132.2,144.3,131.6,-172.9,27.8,30.3,0.017,0.000,0.983
134,G,0,0.847,E,1.4,-167.6,173.0,142.1,155.9,24.8,28.6,0.099,0.000,0.901
135,F,0,0.848,E,29.3,-122.7,141.9,127.7,-106.3,18.9,26.7,0.162,0.001,0.837
136,D,0,0.852,C,21.7,-89.6,168.3,124.1,-139.0,15.6,18.5,0.856,0.003,0.141
137,F,0,0.834,C,129.9,-67.7,-20.8,94.6,-93.7,8.4,16.5,0.975,0.018,0.007
138,D,0,0.815,C,115.9,-89.7,1.2,94.3,48.3,1.3,16.0,0.974,0.020,0.006
139,G,0,0.786,C,39.6,88.2,5.1,97.6,-100.3,8.6,14.1,0.975,0.009,0.016
140,T,0,0.779,C,70.6,-93.1,141.6,121.2,129.7,5.7,20.6,0.905,0.001,0.094
141,P,0,0.781,C,22.9,-70.9,142.1,114.9,-108.3,21.1,16.6,0.516,0.004,0.480
142,R,0,0.802,E,57.4,-133.1,146.8,132.2,-174.3,13.3,24.9,0.031,0.000,0.969
143,L,0,0.787,E,16.4,-89.8,130.0,115.4,-127.2,22.6,22.4,0.009,0.000,0.991
144,Y,0,0.785,E,22.4,-122.7,143.1,127.9,-171.7,21.5,22.5,0.005,0.000,0.995
145,Q,0,0.789,E,43.5,-124.5,140.4,128.1,-158.5,15.4,26.6,0.013,0.000,0.987
146,T,0,0.778,E,11.6,-133.3,148.8,133.9,-177.0,21.9,19.7,0.071,0.000,0.929
147,D,0,0.761,C,32.3,-77.0,148.6,117.0,-113.1,12.9,21.9,0.969,0.000,0.031
148,P,0,0.716,C,55.2,-66.0,-21.4,93.8,-104.0,15.8,17.1,0.996,0.003,0.001
149,S,0,0.694,C,64.0,-81.2,-8.5,95.1,62.0,6.9,20.6,0.996,0.003,0.001
150,G,0,0.705,C,28.3,86.1,5.5,101.5,-102.2,14.1,16.4,0.979,0.006,0.016
151,T,0,0.747,C,61.1,-97.5,136.0,118.7,140.1,8.5,21.3,0.942,0.001,0.056
152,Y,0,0.797,E,63.6,-107.0,135.8,121.8,-145.0,18.3,15.8,0.070,0.001,0.929
153,H,0,0.836,E,65.9,-130.5,145.4,129.6,-175.9,10.5,22.3,0.014,0.000,0.985
154,A,0,0.853,E,43.7,-102.2,136.4,120.7,-135.7,13.8,20.6,0.032,0.001,0.967
155,W,0,0.872,E,29.4,-139.0,154.2,136.4,177.0,20.5,17.3,0.081,0.003,0.916
156,K,0,0.863,E,97.7,-88.2,129.8,113.6,-120.3,8.0,25.8,0.166,0.007,0.827
157,A,0,0.842,E,5.1,-139.8,154.5,137.7,174.9,24.3,16.9,0.060,0.002,0.938
158,N,0,0.810,E,44.8,-126.9,141.4,128.3,-154.8,10.5,28.5,0.022,0.001,0.978
159,A,0,0.770,E,3.4,-131.6,142.4,132.0,-167.5,25.7,18.7,0.031,0.001,0.968
160,I,0,0.744,E,50.6,-129.6,142.3,129.8,-171.1,9.3,28.2,0.103,0.004,0.893
161,G,0,0.723,C,13.4,114.7,-162.9,129.7,27.2,12.8,23.0,0.699,0.082,0.218
162,R,0,0.720,C,126.4,-68.3,-22.7,95.9,-56.2,9.3,20.8,0.605,0.371,0.024
163,G,0,0.719,C,36.8,-20.1,-4.4,96.5,33.0,8.6,21.1,0.589,0.408,0.003
164,A,0,0.732,H,17.1,-74.9,-19.3,99.8,97.4,20.6,14.1,0.252,0.748,0.000
165,K,0,0.753,H,114.3,-64.4,-38.0,94.0,95.0,6.3,20.7,0.104,0.896,0.000
166,S,0,0.779,H,53.4,-67.5,-36.5,92.8,50.7,5.5,22.6,0.096,0.904,0.000
167,V,0,0.806,H,9.3,-67.1,-40.4,94.4,51.7,22.2,16.7,0.036,0.963,0.000
168,R,0,0.843,H,77.4,-61.7,-41.5,92.7,55.7,15.9,19.8,0.011,0.989,0.000
169,E,0,0.854,H,110.8,-64.9,-39.1,91.8,50.6,2.7,24.2,0.009,0.991,0.000
170,F,0,0.852,H,47.2,-66.8,-41.1,93.5,49.7,11.5,20.0,0.007,0.993,0.000
171,L,0,0.847,H,6.7,-65.6,-41.4,93.7,50.4,24.4,15.2,0.013,0.987,0.000
172,E,0,0.841,H,90.5,-65.6,-35.5,92.9,53.0,10.7,18.1,0.052,0.948,0.000
173,K,0,0.823,H,144.7,-70.9,-30.8,92.1,51.1,1.6,19.9,0.154,0.846,0.000
174,N,0,0.815,H,67.0,-103.3,-4.9,100.9,36.5,9.7,15.9,0.384,0.615,0.001
175,Y,0,0.835,C,24.9,-99.2,138.3,121.7,86.5,22.6,9.0,0.928,0.044,0.028
176,T,0,0.856,C,65.0,-109.5,165.3,123.7,-168.5,6.2,19.0,0.962,0.020,0.018
177,D,0,0.871,C,116.7,-68.7,-21.0,96.0,-96.3,3.2,14.9,0.873,0.123,0.004
178,D,0,0.862,C,99.5,-89.7,10.1,100.8,52.2,3.4,16.1,0.875,0.122,0.003
179,A,0,0.846,C,42.4,-78.3,1.8,101.8,116.0,14.7,11.8,0.821,0.174,0.004
180,I,0,0.848,C,90.8,-92.8,26.0,105.9,76.3,9.2,16.6,0.786,0.208,0.006
181,E,0,0.862,C,85.2,-93.1,132.1,113.1,111.4,10.4,16.0,0.864,0.132,0.004
182,T,0,0.903,C,60.6,-104.9,160.1,125.3,-143.8,6.9,22.0,0.901,0.091,0.008
183,D,0,0.940,H,41.2,-61.6,-36.7,93.2,-107.4,19.7,15.2,0.071,0.929,0.000
184,D,0,0.959,H,77.9,-63.2,-39.9,92.1,54.3,7.5,22.2,0.030,0.970,0.000
185,L,0,0.958,H,63.8,-65.9,-39.6,93.2,50.7,8.1,22.8,0.010,0.990,0.000
186,T,0,0.962,H,5.5,-64.9,-43.4,94.0,51.5,24.2,19.9,0.003,0.997,0.000
187,I,0,0.969,H,17.0,-62.8,-42.3,92.9,52.2,21.5,23.4,0.001,0.999,0.000
188,K,0,0.984,H,92.0,-63.9,-40.8,92.1,51.5,7.0,27.6,0.001,0.999,0.000
189,L,0,0.992,H,16.2,-65.5,-42.8,93.6,50.2,18.8,26.1,0.001,0.999,0.000
190,V,0,1.000,H,1.3,-64.4,-44.3,93.8,50.5,27.3,25.4,0.000,1.000,0.000
191,I,0,0.996,H,18.0,-63.3,-42.5,93.1,51.7,21.1,25.7,0.001,0.999,0.000
192,K,0,0.975,H,81.6,-64.7,-40.7,92.2,50.5,7.9,28.6,0.001,0.999,0.000
193,A,0,0.951,H,5.8,-65.3,-43.4,93.4,50.0,20.2,23.6,0.002,0.998,0.000
194,L,0,0.939,H,2.4,-65.4,-43.0,94.2,50.3,26.5,22.7,0.002,0.998,0.000
195,L,0,0.934,H,45.2,-65.0,-38.5,92.9,51.8,16.2,22.8,0.006,0.994,0.000
196,E,0,0.911,H,85.0,-69.5,-34.7,93.1,51.4,8.2,23.3,0.024,0.976,0.000
197,V,0,0.888,H,18.2,-73.8,-33.9,95.9,49.2,19.3,18.8,0.054,0.946,0.000
198,V,0,0.853,H,28.2,-86.0,-14.8,101.8,50.0,19.2,16.5,0.165,0.832,0.003
199,Q,0,0.813,H,96.9,-79.8,-16.5,99.9,57.6,8.1,18.4,0.366,0.624,0.011
200,S,0,0.752,C,60.8,-89.2,7.8,105.1,65.7,8.4,15.3,0.566,0.420,0.014
201,G,0,0.701,C,48.5,72.3,4.9,103.2,-67.4,6.0,17.1,0.864,0.117,0.018
202,G,0,0.704,C,39.2,77.2,4.1,104.4,-94.1,9.9,16.5,0.865,0.111,0.024
203,K,0,0.738,C,108.9,-94.5,69.5,109.2,132.8,8.1,18.8,0.876,0.087,0.037
204,N,0,0.793,C,48.1,-99.4,77.2,110.1,115.2,12.3,20.7,0.826,0.077,0.097
205,I,0,0.836,E,4.8,-118.9,139.0,127.5,144.5,25.8,19.3,0.335,0.001,0.665
206,E,0,0.864,E,36.9,-119.8,139.3,126.2,-165.9,15.0,28.0,0.029,0.000,0.971
207,L,0,0.875,E,7.3,-108.4,131.5,121.2,-148.2,24.4,25.2,0.005,0.000,0.995
208,A,0,0.873,E,5.9,-140.4,154.2,137.7,179.3,22.5,24.9,0.002,0.000,0.998
209,V,0,0.869,E,23.1,-108.3,128.5,119.3,-140.8,16.1,27.9,0.002,0.000,0.998
210,M,0,0.861,E,7.1,-111.2,131.9,122.2,-162.1,25.3,17.8,0.024,0.000,0.976
211,R,0,0.849,E,87.7,-106.2,143.9,123.0,-155.6,8.0,24.7,0.426,0.001,0.573
212,R,0,0.836,C,108.6,-64.4,-29.3,95.2,-110.1,14.4,15.3,0.987,0.001,0.012
213,D,0,0.830,C,123.6,-84.8,-8.9,94.3,47.2,0.9,17.3,0.994,0.002,0.004
214,Q,0,0.814,C,80.6,-113.5,129.6,121.5,59.0,7.9,14.3,0.972,0.000,0.028
215,P,0,0.795,C,73.6,-69.0,144.9,112.4,-109.5,7.6,20.6,0.928,0.001,0.071
216,L,0,0.780,E,23.7,-100.5,138.4,121.7,-138.8,22.5,13.2,0.244,0.001,0.756
217,K,0,0.773,E,96.1,-124.9,140.4,127.5,-166.1,6.3,23.0,0.038,0.000,0.962
218,I,0,0.768,E,76.3,-89.3,127.8,114.9,-129.4,13.6,19.0,0.088,0.000,0.912
219,L,0,0.760,C,19.6,-105.8,141.8,122.2,-160.1,21.0,13.3,0.846,0.001,0.153
220,N,0,0.759,C,82.1,-79.1,155.4,119.8,-113.5,3.9,23.7,0.996,0.000,0.004
221,P,0,0.760,H,66.0,-58.9,-36.2,91.3,-110.1,14.5,13.1,0.026,0.974,0.000
222,E,0,0.772,H,136.6,-63.9,-37.3,91.3,54.9,1.3,19.6,0.011,0.989,0.000
223,E,0,0.786,H,74.5,-67.7,-37.7,93.2,50.3,7.1,17.8,0.005,0.995,0.000
224,I,0,0.800,H,12.7,-64.4,-41.5,93.3,51.5,22.2,14.2,0.002,0.998,0.000
225,E,0,0.823,H,93.3,-63.6,-39.7,92.7,53.1,7.9,19.8,0.001,0.999,0.000
226,K,0,0.838,H,126.8,-66.0,-38.1,91.7,50.0,2.0,22.4,0.002,0.998,0.000
227,Y,0,0.843,H,32.0,-66.7,-41.4,93.7,49.1,15.6,17.4,0.002,0.998,0.000
228,V,0,0.840,H,20.2,-63.6,-41.5,93.3,51.2,19.8,17.0,0.002,0.998,0.000
229,A,0,0.828,H,60.5,-64.2,-39.8,92.0,51.4,3.8,21.9,0.004,0.996,0.000
230,E,0,0.816,H,92.7,-66.8,-39.1,92.7,49.8,4.6,20.9,0.017,0.983,0.000
231,I,0,0.782,H,18.4,-66.2,-41.8,93.8,50.0,18.2,15.1,0.032,0.968,0.000
232,E,0,0.764,H,77.6,-64.3,-39.6,93.2,52.1,10.9,17.9,0.054,0.946,0.000
233,K,0,0.740,H,125.4,-66.0,-38.2,92.3,50.3,2.1,19.7,0.092,0.907,0.000
234,E,0,0.716,H,72.4,-67.3,-38.7,93.2,50.5,7.5,16.6,0.119,0.881,0.000
235,K,0,0.695,H,76.1,-66.3,-38.3,93.8,51.6,11.4,15.0,0.154,0.846,0.000
236,E,0,0.678,H,113.1,-65.7,-38.2,93.0,51.6,3.2,17.3,0.150,0.849,0.001
237,E,0,0.659,H,107.1,-67.0,-37.7,93.1,50.4,3.3,16.8,0.184,0.815,0.001
238,N,0,0.642,H,63.0,-68.4,-36.0,94.1,50.6,8.2,13.9,0.235,0.764,0.001
239,E,0,0.629,H,96.3,-66.1,-37.9,93.7,53.0,6.6,14.7,0.234,0.764,0.001
240,K,0,0.619,H,133.5,-67.0,-36.3,92.8,51.5,2.0,15.0,0.258,0.742,0.001
241,K,0,0.600,H,115.6,-68.1,-35.7,93.4,51.3,3.8,13.5,0.280,0.719,0.001
242,K,0,0.579,H,110.6,-68.3,-34.5,93.9,52.9,5.7,11.9,0.302,0.697,0.001
243,Q,0,0.553,H,118.2,-69.0,-32.3,93.8,52.6,2.7,12.6,0.353,0.645,0.002
244,K,0,0.507,H,136.5,-72.6,-28.7,95.2,53.6,2.3,11.0,0.424,0.572,0.004
245,K,0,0.437,H,145.8,-77.4,-21.0,96.1,52.6,2.0,8.3,0.479,0.517,0.004
246,A,0,0.384,C,85.7,-82.9,-4.6,100.2,59.0,2.6,6.6,0.726,0.273,0.002
247,S,0,0.356,C,99.6,-88.5,71.4,107.3,70.4,1.8,7.1,0.968,0.031,0.000
