Q08289,#,SEQ,SS,ASA,Phi,Psi,Theta(i-1=>i+1),Tau(i-2=>i+2),HSE_alpha_up,HSE_alpha_down,P(C),P(H),P(E),flexibility
0,1,M,C,122.4,-84.2,18.5,105.2,83.0,4.5,12.9,0.954,0.027,0.019,0.473
1,2,V,C,66.4,-86.1,85.0,108.2,126.5,12.4,12.3,0.877,0.027,0.095,0.475
2,3,Q,C,84.0,-75.7,-24.1,100.9,71.1,11.3,13.7,0.898,0.025,0.077,0.503
3,4,R,C,141.1,-69.4,-30.1,96.1,64.0,4.8,14.6,0.823,0.114,0.062,0.532
4,5,D,C,100.3,-73.8,-24.5,95.2,53.6,2.7,15.0,0.863,0.112,0.025,0.549
5,6,M,C,87.5,-81.1,-7.2,101.8,66.8,10.0,10.6,0.864,0.113,0.023,0.536
6,7,S,C,75.8,-80.9,20.5,103.8,88.1,4.9,12.3,0.885,0.075,0.041,0.526
7,8,K,C,120.4,-82.9,3.7,103.0,110.9,7.3,11.9,0.927,0.024,0.049,0.532
8,9,S,C,69.6,-97.6,132.4,117.4,99.8,4.9,14.1,0.960,0.002,0.038,0.559
9,10,P,C,81.9,-69.3,146.2,113.6,-100.6,8.0,14.2,0.987,0.007,0.006,0.584
10,11,P,C,57.7,-73.7,144.9,112.1,-106.1,13.6,13.3,0.929,0.064,0.007,0.614
11,12,T,C,74.2,-96.8,140.3,117.6,-139.0,6.9,19.8,0.711,0.263,0.027,0.652
12,13,A,C,73.0,-70.2,-23.0,99.6,-113.6,6.6,15.0,0.583,0.408,0.010,0.680
13,14,A,C,61.8,-79.4,-4.9,103.9,67.3,7.0,16.5,0.530,0.456,0.013,0.711
14,15,A,C,48.4,-86.0,101.1,108.9,123.2,11.8,14.0,0.504,0.487,0.010,0.730
15,16,A,C,57.9,-91.3,127.2,112.1,-173.1,9.0,16.2,0.504,0.484,0.012,0.758
16,17,V,H,64.0,-86.0,144.4,113.7,-135.2,10.5,16.9,0.480,0.507,0.014,0.785
17,18,A,H,44.2,-69.1,-33.8,100.4,-111.5,13.6,16.7,0.362,0.631,0.008,0.814
18,19,Q,H,91.3,-64.9,-36.1,94.9,60.2,9.4,16.5,0.296,0.691,0.013,0.829
19,20,E,H,105.1,-67.2,-37.2,93.9,51.7,4.1,20.2,0.280,0.696,0.024,0.839
20,21,I,H,39.1,-67.3,-39.6,93.8,51.1,13.6,18.0,0.248,0.665,0.088,0.844
21,22,Q,H,32.2,-64.8,-40.1,93.6,52.5,18.6,17.4,0.185,0.742,0.073,0.844
22,23,M,H,91.5,-65.1,-38.5,92.9,52.7,7.6,20.6,0.097,0.858,0.044,0.842
23,24,E,H,91.6,-67.2,-38.2,92.9,49.7,5.0,22.2,0.112,0.846,0.043,0.836
24,25,L,H,22.1,-68.1,-39.8,94.0,49.7,17.5,17.0,0.084,0.883,0.033,0.834
25,26,L,H,33.1,-67.6,-35.4,93.9,51.4,18.0,16.5,0.123,0.845,0.032,0.828
26,27,E,H,117.6,-70.8,-29.4,94.1,53.6,4.3,19.8,0.288,0.684,0.028,0.828
27,28,N,C,81.0,-89.4,-3.4,100.1,49.5,7.9,16.9,0.563,0.427,0.010,0.811
28,29,V,C,52.8,-84.6,10.7,104.3,92.0,15.8,12.7,0.674,0.307,0.019,0.805
29,30,A,C,57.0,-79.8,32.7,105.7,103.6,10.0,17.0,0.876,0.111,0.012,0.797
30,31,P,C,78.9,-69.0,-15.8,98.8,-85.3,8.7,17.3,0.816,0.166,0.017,0.762
31,32,A,C,50.5,-71.9,-24.7,97.5,68.8,12.1,15.1,0.804,0.178,0.018,0.741
32,33,G,C,36.2,28.4,-31.7,103.3,9.8,10.6,18.1,0.773,0.189,0.038,0.710
33,34,A,C,49.3,-69.4,-31.6,95.8,55.6,10.1,17.3,0.679,0.272,0.049,0.707
34,35,L,C,49.0,-77.5,-19.9,98.4,59.1,17.2,13.6,0.708,0.250,0.042,0.713
35,36,G,C,36.0,-20.5,-39.6,103.6,69.5,10.6,18.9,0.753,0.211,0.036,0.715
36,37,A,C,62.2,-69.5,-31.5,96.9,56.0,6.8,16.7,0.651,0.304,0.045,0.718
37,38,A,C,51.4,-71.1,-34.0,97.9,60.4,10.1,14.6,0.692,0.260,0.048,0.720
38,39,A,C,53.4,-73.0,-28.2,98.8,60.0,10.6,14.8,0.651,0.263,0.086,0.724
39,40,Q,C,96.5,-77.5,-14.3,102.7,67.9,7.8,15.3,0.623,0.273,0.104,0.719
40,41,S,C,64.4,-76.9,-17.4,101.1,63.3,6.6,15.7,0.662,0.261,0.077,0.709
41,42,Y,C,101.2,-76.7,-21.8,98.3,53.9,11.0,14.2,0.724,0.218,0.058,0.688
42,43,G,C,37.8,49.1,-26.5,105.2,7.5,9.9,16.1,0.853,0.097,0.049,0.672
43,44,K,C,128.1,-77.5,-14.7,100.2,61.9,4.9,15.4,0.802,0.127,0.071,0.671
44,45,G,C,38.0,-15.8,-13.6,102.2,22.3,9.2,16.2,0.772,0.163,0.064,0.665
45,46,A,C,53.7,-76.5,-14.1,102.9,84.0,10.8,13.6,0.684,0.210,0.106,0.676
46,47,R,C,126.3,-80.9,1.3,103.7,79.7,7.2,15.2,0.611,0.171,0.218,0.689
47,48,R,C,80.3,-76.3,-22.0,101.0,68.0,13.6,14.3,0.628,0.166,0.206,0.707
48,49,K,C,99.0,-70.4,-31.3,97.2,67.4,11.1,15.0,0.637,0.187,0.176,0.699
49,50,N,C,94.9,-75.6,-23.9,98.6,56.4,5.4,17.7,0.679,0.160,0.161,0.690
50,51,R,C,103.7,-77.0,-22.8,98.7,57.9,9.8,16.1,0.714,0.124,0.162,0.678
51,52,F,C,54.5,-89.1,25.9,105.5,62.9,17.3,11.3,0.729,0.095,0.176,0.665
52,53,K,C,119.4,-86.0,43.2,105.6,106.0,7.1,14.9,0.805,0.053,0.142,0.633
53,54,G,C,48.1,79.4,-30.0,108.5,8.2,5.2,14.4,0.855,0.043,0.102,0.600
54,55,S,C,72.7,-85.7,56.6,106.8,-136.0,6.5,12.9,0.831,0.066,0.104,0.573
55,56,D,C,93.0,-86.0,10.1,102.2,123.1,6.4,14.3,0.890,0.049,0.060,0.553
56,57,G,C,39.4,85.1,-2.4,106.1,-91.3,7.8,15.1,0.913,0.020,0.066,0.534
57,58,S,C,62.5,-88.6,128.6,111.7,156.6,7.4,14.7,0.860,0.024,0.116,0.529
58,59,T,C,82.4,-86.3,10.1,103.7,-161.7,7.8,14.6,0.838,0.047,0.115,0.539
59,60,S,C,64.9,-84.0,17.1,104.6,105.3,8.5,11.3,0.834,0.042,0.124,0.559
60,61,S,C,77.1,-83.8,-0.5,102.5,96.9,4.9,12.8,0.886,0.062,0.052,0.591
61,62,D,C,100.4,-85.4,22.6,104.0,74.7,4.5,12.6,0.911,0.056,0.033,0.626
62,63,T,C,81.8,-88.4,26.5,105.5,114.1,7.5,12.3,0.821,0.127,0.052,0.646
63,64,T,C,81.1,-93.8,119.1,111.5,113.2,5.5,13.5,0.814,0.129,0.056,0.653
64,65,S,C,63.0,-77.1,-14.5,102.8,-150.0,8.6,12.7,0.776,0.162,0.062,0.644
65,66,N,C,103.2,-70.7,-27.3,97.2,74.1,4.2,14.2,0.755,0.191,0.054,0.649
66,67,S,C,64.1,-69.5,-32.6,95.6,57.2,4.6,16.0,0.691,0.219,0.090,0.663
67,68,F,C,67.0,-68.9,-35.4,94.2,54.4,12.4,13.6,0.647,0.199,0.154,0.675
68,69,V,C,67.9,-67.9,-35.6,94.6,55.7,10.1,14.8,0.628,0.172,0.200,0.683
69,70,R,C,125.3,-70.2,-32.8,95.6,53.7,5.4,16.6,0.716,0.113,0.172,0.677
70,71,Q,C,99.0,-79.0,-13.4,98.8,52.6,6.8,15.6,0.800,0.074,0.126,0.638
71,72,G,C,43.0,82.0,0.0,103.8,-71.6,6.8,16.0,0.903,0.031,0.066,0.602
72,73,S,C,42.6,-83.8,137.8,110.6,116.4,11.3,12.8,0.868,0.042,0.091,0.591
73,74,A,C,63.9,-71.7,-20.0,97.8,170.3,8.6,14.7,0.774,0.200,0.026,0.603
74,75,D,C,91.4,-86.4,3.0,101.6,57.6,5.5,17.1,0.770,0.202,0.028,0.618
75,76,S,C,40.2,-79.0,15.2,104.9,104.9,12.9,12.7,0.761,0.190,0.049,0.618
76,77,Y,C,92.1,-88.8,55.3,106.9,118.7,13.4,14.1,0.798,0.136,0.066,0.611
77,78,T,C,79.9,-96.3,29.9,107.1,136.9,6.9,17.1,0.819,0.060,0.120,0.603
78,79,S,C,38.9,-90.7,134.4,114.4,130.9,13.9,12.5,0.845,0.024,0.131,0.594
79,80,R,C,119.1,-110.2,134.1,121.1,-159.8,6.9,16.9,0.946,0.002,0.053,0.592
80,81,P,C,67.0,-66.2,146.8,112.1,-104.0,10.9,14.4,0.973,0.011,0.016,0.586
81,82,S,C,46.5,-84.7,152.1,115.4,-126.5,10.9,14.2,0.922,0.057,0.021,0.598
82,83,D,C,105.5,-80.5,0.6,100.2,-129.4,4.7,14.5,0.847,0.144,0.009,0.612
83,84,S,C,72.9,-75.8,-11.9,99.2,85.0,5.6,12.6,0.762,0.228,0.011,0.628
84,85,D,C,100.4,-84.8,-1.6,100.3,57.2,3.7,13.9,0.814,0.181,0.005,0.649
85,86,V,C,60.5,-91.3,126.1,113.2,100.3,11.8,9.5,0.816,0.168,0.016,0.654
86,87,S,C,58.4,-78.6,157.2,113.3,-126.7,5.2,17.5,0.887,0.099,0.014,0.661
87,88,L,H,89.0,-63.6,-33.0,94.5,-112.8,10.1,13.0,0.212,0.788,0.000,0.668
88,89,E,H,115.6,-65.7,-37.1,93.6,55.0,3.7,15.4,0.173,0.826,0.000,0.694
89,90,E,H,104.0,-66.3,-38.4,93.5,52.2,3.5,17.0,0.170,0.830,0.000,0.721
90,91,D,H,71.2,-67.4,-38.4,94.2,51.6,5.6,17.2,0.176,0.824,0.000,0.747
91,92,R,H,102.2,-65.7,-39.5,93.8,52.3,8.5,16.3,0.076,0.924,0.000,0.752
92,93,E,H,99.9,-65.5,-39.1,93.4,51.1,4.9,18.1,0.041,0.959,0.000,0.755
93,94,A,H,58.4,-65.8,-39.7,92.9,50.8,3.5,18.7,0.033,0.967,0.000,0.749
94,95,V,H,66.1,-67.2,-39.1,93.8,50.5,6.7,17.6,0.035,0.965,0.000,0.744
95,96,R,H,91.7,-65.8,-39.5,94.0,51.8,10.4,17.1,0.031,0.969,0.000,0.757
96,97,R,H,120.6,-65.3,-39.5,93.5,50.9,5.1,19.4,0.015,0.985,0.000,0.759
97,98,E,H,100.3,-66.1,-39.2,92.9,49.7,3.8,20.4,0.010,0.990,0.000,0.753
98,99,A,H,26.4,-66.2,-40.4,93.7,50.8,12.0,16.9,0.006,0.994,0.000,0.742
99,100,E,H,68.5,-65.2,-39.8,93.9,52.0,11.8,18.0,0.005,0.995,0.000,0.742
100,101,R,H,130.3,-65.5,-39.0,92.9,50.2,3.6,21.0,0.007,0.993,0.000,0.747
101,102,Q,H,90.3,-67.0,-38.8,93.1,49.4,4.8,20.5,0.013,0.987,0.000,0.745
102,103,A,H,17.9,-65.5,-41.5,93.7,51.0,15.8,16.3,0.007,0.993,0.000,0.746
103,104,Q,H,70.4,-64.3,-39.9,93.3,51.9,11.4,19.0,0.004,0.996,0.000,0.745
104,105,A,H,59.5,-65.2,-40.0,92.3,50.1,3.3,22.0,0.006,0.994,0.000,0.744
105,106,Q,H,64.6,-67.6,-39.0,93.5,50.1,8.6,19.4,0.010,0.990,0.000,0.742
106,107,L,H,28.2,-65.4,-40.6,93.8,51.3,17.4,15.9,0.013,0.987,0.000,0.737
107,108,E,H,99.6,-65.7,-37.5,93.2,52.6,6.9,18.9,0.034,0.966,0.000,0.744
108,109,K,H,119.0,-68.5,-33.5,92.6,51.1,3.4,19.3,0.071,0.929,0.000,0.738
109,110,A,H,28.4,-74.7,-25.1,96.4,56.6,14.9,12.6,0.247,0.752,0.001,0.736
110,111,K,C,104.2,-74.6,-18.9,99.6,72.4,10.4,14.4,0.641,0.352,0.007,0.744
111,112,T,C,101.5,-87.4,1.6,101.1,52.7,2.9,16.1,0.842,0.151,0.007,0.747
112,113,K,C,98.9,-101.3,131.8,118.9,92.8,8.7,14.8,0.988,0.001,0.011,0.762
113,114,P,C,71.7,-71.0,144.9,112.2,-104.6,8.6,19.5,0.977,0.003,0.019,0.766
114,115,V,C,28.0,-93.5,132.0,117.0,-133.6,20.2,16.5,0.627,0.007,0.366,0.785
115,116,A,E,32.9,-95.5,4.9,108.2,-167.4,14.9,23.3,0.396,0.008,0.597,0.798
116,117,F,E,19.0,-128.4,143.1,130.0,-157.2,22.6,22.7,0.050,0.000,0.950,0.811
117,118,A,E,9.7,-129.9,145.3,131.7,-171.3,20.2,27.4,0.011,0.000,0.989,0.806
118,119,V,E,3.4,-123.0,137.0,127.3,-158.1,25.8,25.7,0.011,0.000,0.989,0.807
119,120,R,E,25.7,-118.2,134.2,124.2,-165.9,19.9,28.4,0.056,0.000,0.944,0.786
120,121,T,E,4.1,-118.7,137.9,125.8,-163.0,25.3,24.8,0.391,0.005,0.604,0.766
121,122,N,C,38.4,-87.6,-2.1,101.8,-151.2,18.2,25.7,0.839,0.008,0.153,0.749
122,123,V,C,13.4,-120.5,144.2,127.7,71.9,23.0,22.0,0.802,0.020,0.179,0.740
123,124,S,C,38.5,-92.7,135.5,116.9,-128.0,12.8,26.7,0.868,0.026,0.107,0.733
124,125,Y,C,34.3,-88.7,84.3,109.4,-143.4,22.7,15.8,0.840,0.041,0.120,0.727
125,126,S,C,53.1,-101.0,70.7,108.0,133.0,8.5,22.2,0.902,0.021,0.078,0.710
126,127,A,C,27.9,-72.1,-11.0,100.3,-158.9,19.7,13.6,0.861,0.104,0.035,0.697
127,128,A,C,60.2,-87.4,38.8,107.5,116.1,8.3,17.8,0.874,0.087,0.039,0.706
128,129,H,C,91.6,-95.9,124.0,113.5,-172.1,9.7,16.1,0.838,0.116,0.046,0.733
129,130,E,C,113.6,-71.1,-19.5,98.8,-142.7,8.0,13.7,0.778,0.204,0.018,0.760
130,131,D,C,110.3,-81.9,-4.0,99.1,54.8,2.6,15.6,0.777,0.211,0.012,0.781
131,132,D,C,69.9,-92.8,26.8,104.4,58.5,9.7,17.0,0.803,0.179,0.018,0.777
132,133,V,C,29.5,-97.5,130.1,117.8,144.2,19.0,16.1,0.938,0.011,0.051,0.773
133,134,P,C,37.0,-74.3,123.7,107.2,-121.2,16.0,20.4,0.940,0.019,0.042,0.763
134,135,V,C,23.2,-101.9,124.3,116.6,-144.4,20.5,15.9,0.941,0.005,0.055,0.773
135,136,P,C,71.8,-70.1,136.4,108.8,-114.7,9.3,20.7,0.927,0.055,0.018,0.769
136,137,G,C,39.5,76.5,0.1,102.1,16.3,8.2,20.7,0.894,0.073,0.033,0.768
137,138,M,C,31.8,-103.1,103.8,113.2,99.7,19.8,21.5,0.768,0.065,0.167,0.783
138,139,A,C,15.9,-114.4,142.5,123.5,173.3,19.5,26.0,0.502,0.038,0.460,0.806
139,140,I,E,6.7,-107.3,131.6,120.4,-142.9,25.1,23.5,0.312,0.011,0.677,0.827
140,141,S,E,22.4,-105.9,128.3,118.1,-157.3,16.0,27.6,0.307,0.013,0.680,0.839
141,142,F,E,6.3,-127.2,145.1,130.8,-176.2,25.5,19.3,0.324,0.009,0.666,0.860
142,143,E,C,86.2,-102.8,151.5,125.0,-146.5,6.3,27.1,0.813,0.011,0.176,0.865
143,144,A,C,37.8,-63.3,137.5,110.5,-92.7,16.6,20.7,0.961,0.008,0.030,0.869
144,145,K,C,91.7,82.9,4.9,94.7,20.5,10.0,22.2,0.979,0.009,0.012,0.879
145,146,D,C,22.3,-82.6,145.2,120.0,132.3,18.2,21.5,0.930,0.003,0.067,0.905
146,147,F,E,18.2,-98.0,125.9,116.0,-136.9,21.4,27.6,0.140,0.003,0.858,0.909
147,148,L,E,1.9,-104.0,129.9,119.5,-153.7,27.3,24.4,0.032,0.000,0.967,0.905
148,149,H,E,19.2,-124.2,139.6,127.7,-169.9,18.7,29.1,0.015,0.000,0.985,0.896
149,150,V,E,6.2,-98.8,127.0,116.9,-145.2,25.1,22.3,0.030,0.000,0.970,0.902
150,151,K,E,54.2,-108.0,130.0,118.1,-166.8,14.1,22.7,0.223,0.006,0.771,0.892
151,152,E,C,87.4,-77.6,-12.2,101.2,-144.0,13.1,19.4,0.619,0.030,0.351,0.881
152,153,K,C,107.3,-117.8,140.1,124.5,64.3,6.4,21.0,0.726,0.022,0.252,0.858
153,154,F,C,59.0,-95.5,130.4,116.8,-140.4,18.8,14.6,0.803,0.009,0.188,0.841
154,155,N,C,67.3,-125.5,161.5,127.2,176.6,7.8,19.7,0.917,0.004,0.078,0.847
155,156,N,C,109.0,-69.1,-19.8,96.5,-89.4,6.2,16.6,0.972,0.022,0.006,0.873
156,157,D,C,76.8,-95.7,0.4,100.9,44.4,8.0,19.5,0.947,0.032,0.020,0.917
157,158,W,C,45.4,-125.4,146.7,131.5,64.3,15.1,21.2,0.554,0.030,0.416,0.946
158,159,W,E,16.7,-123.2,142.9,129.0,-163.1,23.2,21.2,0.211,0.006,0.783,0.960
159,160,I,E,28.3,-109.2,134.4,121.1,-151.5,16.9,27.4,0.028,0.000,0.972,0.953
160,161,G,E,2.0,-134.5,151.7,134.8,-175.0,25.3,22.9,0.014,0.000,0.986,0.937
161,162,R,E,57.7,-129.1,141.7,129.7,-163.6,14.2,28.2,0.014,0.000,0.986,0.928
162,163,L,E,28.0,-81.1,125.2,112.1,-124.1,20.2,21.5,0.066,0.001,0.933,0.910
163,164,V,E,40.2,-88.8,-22.7,102.2,-169.0,17.1,18.5,0.481,0.012,0.507,0.902
164,165,K,C,83.6,-139.5,153.3,133.3,7.9,8.2,20.4,0.694,0.033,0.273,0.887
165,166,E,C,135.3,-67.5,134.9,110.0,-84.3,4.9,17.1,0.898,0.021,0.081,0.855
166,167,G,C,56.0,84.2,-2.1,95.5,20.1,1.7,19.3,0.948,0.017,0.035,0.837
167,168,C,C,27.4,-106.1,149.2,127.1,113.1,16.2,15.7,0.811,0.008,0.181,0.834
168,169,E,E,54.5,-91.6,127.9,114.6,-131.6,14.2,25.0,0.427,0.010,0.562,0.823
169,170,I,E,8.5,-125.0,141.8,128.6,-172.3,24.2,24.2,0.198,0.002,0.800,0.813
170,171,G,E,2.4,-166.4,173.1,132.7,173.4,24.2,28.0,0.250,0.002,0.748,0.811
171,172,F,E,5.1,-117.0,138.4,124.9,-107.0,25.3,28.2,0.212,0.002,0.786,0.829
172,173,I,E,5.5,-106.8,119.8,116.2,-155.2,24.8,28.7,0.450,0.002,0.548,0.830
173,174,P,C,5.6,-77.0,145.4,116.0,-126.7,24.2,25.1,0.787,0.002,0.211,0.814
174,175,S,C,17.9,-80.0,146.5,117.3,-116.9,16.7,25.9,0.991,0.004,0.006,0.817
175,176,P,H,45.4,-61.1,-36.0,92.7,-113.3,17.6,18.8,0.068,0.932,0.000,0.818
176,177,V,H,70.0,-65.2,-39.5,93.0,53.0,6.4,22.9,0.051,0.949,0.000,0.832
177,178,K,H,54.2,-67.5,-39.3,93.5,50.3,12.7,19.7,0.015,0.985,0.000,0.834
178,179,L,H,13.4,-65.1,-41.6,94.1,51.4,22.6,17.8,0.005,0.995,0.000,0.832
179,180,E,H,78.8,-64.7,-39.8,93.2,52.0,10.2,21.3,0.006,0.994,0.000,0.814
180,181,N,H,76.5,-66.4,-39.3,93.0,50.3,5.2,22.7,0.011,0.989,0.000,0.797
181,182,M,H,35.1,-66.8,-41.1,93.8,50.3,14.8,18.9,0.013,0.987,0.000,0.785
182,183,R,H,62.6,-64.5,-40.1,93.4,52.4,16.0,18.2,0.019,0.981,0.000,0.779
183,184,L,H,80.7,-66.0,-39.3,93.3,51.0,6.2,21.5,0.034,0.966,0.000,0.794
184,185,Q,H,70.5,-67.0,-39.5,93.3,50.1,7.7,20.7,0.076,0.924,0.000,0.802
185,186,H,H,41.0,-66.7,-40.4,94.0,50.9,15.1,16.9,0.116,0.884,0.000,0.800
186,187,E,H,82.3,-65.7,-38.7,93.8,52.0,10.3,18.2,0.155,0.844,0.001,0.797
187,188,Q,H,103.5,-66.7,-38.3,92.9,50.7,3.0,20.0,0.196,0.802,0.001,0.777
188,189,R,H,83.6,-68.8,-37.3,93.5,50.4,9.2,16.5,0.228,0.770,0.002,0.759
189,190,A,H,37.0,-67.4,-36.6,93.9,53.1,13.5,13.1,0.278,0.720,0.002,0.739
190,191,K,H,133.2,-68.7,-32.2,93.6,53.3,3.0,15.7,0.393,0.597,0.010,0.706
191,192,Q,C,115.1,-84.1,-10.0,97.2,48.0,3.4,14.2,0.514,0.466,0.021,0.682
192,193,G,C,43.6,81.2,6.3,102.2,-102.3,7.5,15.3,0.816,0.155,0.029,0.678
193,194,K,C,107.2,-89.7,82.2,108.5,144.1,7.5,16.5,0.816,0.111,0.073,0.686
194,195,F,C,61.1,-97.2,121.5,113.9,137.2,16.1,15.1,0.820,0.068,0.112,0.698
195,196,Y,C,98.1,-99.3,106.1,111.8,-175.3,11.7,17.8,0.824,0.061,0.115,0.678
196,197,S,C,60.2,-89.8,54.8,107.5,174.5,9.9,16.3,0.868,0.058,0.074,0.651
197,198,S,C,56.7,-90.2,93.9,109.4,149.0,10.4,14.2,0.850,0.071,0.079,0.601
198,199,K,C,119.0,-85.0,8.8,104.3,160.5,7.8,13.9,0.867,0.056,0.077,0.555
199,200,S,C,70.1,-87.8,40.9,106.2,81.5,6.5,13.2,0.902,0.038,0.061,0.511
200,201,G,C,47.4,30.7,10.3,104.5,-72.9,7.0,14.8,0.928,0.039,0.034,0.484
201,202,G,C,43.4,-33.6,122.3,110.1,3.1,7.6,15.0,0.917,0.043,0.040,0.472
202,203,N,C,90.3,-88.9,61.4,106.3,-112.8,8.4,15.6,0.903,0.059,0.039,0.483
203,204,S,C,66.8,-80.9,7.1,102.9,144.3,7.9,13.2,0.884,0.081,0.035,0.518
204,205,S,C,69.3,-81.6,-3.6,101.7,83.5,6.9,14.0,0.871,0.103,0.025,0.531
205,206,S,C,67.1,-80.3,-5.1,101.9,83.9,7.5,13.4,0.841,0.130,0.029,0.553
206,207,S,C,68.5,-83.0,6.6,103.5,78.0,6.1,14.2,0.842,0.122,0.036,0.564
207,208,L,C,76.8,-83.9,-0.1,102.2,82.4,12.0,12.4,0.823,0.135,0.042,0.582
208,209,G,C,43.7,69.2,-24.2,107.6,6.0,7.0,15.6,0.897,0.071,0.032,0.609
209,210,D,C,94.6,-87.7,50.6,105.9,31.0,5.7,15.4,0.906,0.051,0.042,0.639
210,211,I,C,71.0,-94.2,116.0,112.2,149.0,12.8,14.5,0.880,0.021,0.099,0.648
211,212,V,C,54.4,-99.7,135.0,118.4,-172.6,12.4,16.4,0.925,0.007,0.068,0.662
212,213,P,C,58.1,-71.8,135.2,107.4,-117.5,11.5,17.5,0.906,0.069,0.025,0.630
213,214,S,C,51.3,-77.8,-10.7,100.9,-139.4,12.9,15.4,0.812,0.147,0.041,0.611
214,215,S,C,51.6,-80.5,-7.0,102.0,73.7,11.0,15.5,0.749,0.170,0.080,0.587
215,216,R,C,98.8,-83.3,22.7,104.6,91.6,12.4,13.9,0.768,0.154,0.078,0.572
216,217,K,C,114.5,-85.5,54.7,106.6,139.6,8.1,14.9,0.829,0.090,0.081,0.570
217,218,S,C,61.9,-90.2,78.6,108.7,155.4,9.8,14.4,0.902,0.019,0.079,0.575
218,219,T,C,73.5,-104.7,128.2,118.0,-176.2,7.8,17.7,0.950,0.002,0.048,0.574
219,220,P,C,56.8,-71.5,147.2,114.5,-111.0,13.4,16.5,0.986,0.000,0.014,0.583
220,221,P,C,40.2,-70.2,146.9,112.6,-103.3,16.2,15.3,0.984,0.008,0.008,0.579
221,222,S,C,55.3,-89.8,147.5,116.0,-130.1,9.7,17.0,0.926,0.046,0.028,0.584
222,223,S,C,67.7,-78.4,4.0,104.0,-123.8,8.3,15.2,0.796,0.168,0.036,0.599
223,224,A,C,57.7,-82.7,80.8,107.3,173.1,9.3,15.8,0.715,0.218,0.068,0.639
224,225,I,C,62.3,-94.7,118.6,112.6,151.5,14.1,13.9,0.646,0.237,0.117,0.684
225,226,D,C,70.1,-92.1,113.7,110.9,-160.2,9.1,18.3,0.654,0.184,0.163,0.727
226,227,I,C,61.9,-83.4,20.0,106.2,-171.3,13.9,14.1,0.616,0.288,0.096,0.742
227,228,D,C,78.8,-80.6,9.5,104.8,95.8,7.9,16.3,0.608,0.321,0.071,0.742
228,229,A,C,57.9,-73.5,-19.5,97.6,-67.8,10.1,13.7,0.613,0.343,0.044,0.714
229,230,T,C,70.1,-88.3,0.3,99.8,52.3,8.7,13.7,0.721,0.244,0.035,0.692
230,231,G,C,43.8,83.4,4.8,101.9,-98.7,6.3,17.5,0.912,0.066,0.021,0.670
231,232,L,C,46.2,-92.8,135.9,117.9,134.1,16.6,11.4,0.917,0.049,0.035,0.685
232,233,D,C,70.0,-82.8,150.3,116.0,-124.4,7.3,19.3,0.914,0.060,0.026,0.697
233,234,A,C,69.1,-64.4,-27.0,94.1,-121.7,8.4,13.6,0.518,0.474,0.008,0.688
234,235,E,H,126.9,-71.8,-26.7,95.5,57.8,3.0,15.8,0.478,0.513,0.008,0.673
235,236,E,H,76.0,-76.9,-18.1,99.1,62.1,11.7,12.8,0.461,0.529,0.010,0.669
236,237,N,C,78.3,-77.8,-13.4,100.4,71.4,10.6,14.5,0.592,0.393,0.015,0.654
237,238,D,C,92.2,-89.5,43.4,105.4,71.7,5.1,16.1,0.766,0.204,0.030,0.654
238,239,I,C,55.7,-90.0,132.8,115.9,162.8,14.8,12.8,0.956,0.019,0.025,0.640
239,240,P,C,60.7,-68.4,143.5,109.9,-106.5,9.9,15.6,0.885,0.101,0.014,0.618
240,241,A,C,66.0,-74.3,-11.5,102.0,-120.3,8.3,15.4,0.689,0.290,0.021,0.611
241,242,N,C,85.1,-91.4,65.3,106.3,54.8,8.2,16.2,0.686,0.279,0.035,0.602
242,243,H,C,86.4,-82.6,5.1,101.5,150.1,12.4,13.9,0.741,0.206,0.053,0.604
243,244,R,C,113.0,-89.1,58.4,107.5,93.8,9.4,15.6,0.825,0.078,0.097,0.593
244,245,S,C,43.4,-99.7,129.0,117.3,164.5,11.6,15.3,0.916,0.006,0.078,0.568
245,246,P,C,74.1,-69.2,22.2,102.8,-117.8,10.2,15.6,0.950,0.017,0.033,0.546
246,247,K,C,108.8,-92.6,131.2,115.6,-118.7,8.1,15.3,0.915,0.013,0.072,0.530
247,248,P,C,79.2,-72.0,131.9,107.7,-105.8,9.1,15.7,0.925,0.042,0.032,0.511
248,249,S,C,47.9,-95.2,141.3,118.0,-139.5,12.1,13.3,0.902,0.061,0.037,0.505
249,250,A,C,63.0,-77.9,-0.6,102.3,-130.6,9.3,16.4,0.839,0.146,0.014,0.505
250,251,N,C,86.2,-91.4,95.2,109.4,86.7,8.4,15.7,0.811,0.163,0.026,0.502
251,252,S,C,58.5,-91.1,77.3,108.7,176.4,10.1,15.8,0.796,0.144,0.060,0.525
252,253,V,C,67.3,-96.7,115.9,112.6,151.7,11.6,14.5,0.824,0.101,0.075,0.538
253,254,T,C,71.6,-99.1,122.3,113.7,172.0,9.2,17.1,0.881,0.036,0.082,0.553
254,255,S,C,40.2,-97.1,139.6,119.4,-150.8,12.4,16.4,0.940,0.009,0.050,0.569
255,256,P,C,60.8,-69.5,127.9,105.5,-105.8,12.0,16.3,0.878,0.109,0.013,0.566
256,257,H,C,89.7,-81.9,88.4,106.9,-129.1,10.9,16.6,0.790,0.189,0.021,0.574
257,258,S,C,53.2,-80.5,86.1,106.9,-177.3,10.7,15.2,0.680,0.292,0.028,0.584
258,259,K,C,111.6,-76.8,-12.7,100.8,-163.4,9.0,15.1,0.579,0.378,0.043,0.606
259,260,E,C,104.4,-81.3,3.9,103.9,80.7,8.1,14.7,0.562,0.363,0.076,0.624
260,261,K,C,102.2,-84.3,56.0,106.8,94.7,9.4,14.9,0.657,0.242,0.101,0.646
261,262,R,C,111.8,-87.1,92.9,108.7,111.6,10.1,16.2,0.758,0.125,0.117,0.656
262,263,M,C,48.5,-96.6,125.0,114.8,145.8,16.4,15.7,0.885,0.073,0.041,0.673
263,264,P,C,44.5,-74.0,112.0,106.2,-133.7,12.7,19.9,0.770,0.210,0.021,0.678
264,265,F,C,47.1,-76.5,-24.1,100.5,108.4,16.9,18.6,0.644,0.297,0.059,0.691
265,266,F,C,40.3,-93.2,66.4,107.6,56.5,19.3,16.0,0.629,0.290,0.082,0.691
266,267,K,C,106.2,-87.5,30.4,105.7,170.2,9.3,17.3,0.743,0.199,0.058,0.683
267,268,K,C,119.7,-92.9,91.6,109.6,71.1,6.6,16.3,0.775,0.170,0.055,0.679
268,269,T,C,63.8,-97.5,121.0,113.2,163.2,11.5,13.2,0.771,0.169,0.061,0.679
269,270,E,C,105.6,-96.2,126.4,113.3,-166.7,7.9,15.2,0.814,0.126,0.060,0.674
270,271,H,C,109.3,-101.6,127.7,116.3,-145.2,7.8,17.3,0.867,0.053,0.080,0.677
271,272,T,C,40.9,-97.2,136.3,118.8,-145.5,15.5,15.5,0.945,0.001,0.054,0.678
272,273,P,C,45.7,-69.7,148.6,114.7,-106.1,11.5,18.3,0.985,0.000,0.014,0.687
273,274,P,C,53.0,-70.1,144.1,112.6,-105.5,13.6,20.4,0.957,0.005,0.038,0.713
274,275,Y,C,39.2,-118.5,142.5,127.1,-157.8,20.3,17.8,0.539,0.021,0.440,0.741
275,276,D,E,34.9,-112.2,136.3,122.5,-155.9,14.7,21.6,0.370,0.021,0.609,0.769
276,277,V,E,40.6,-99.0,126.2,116.4,-142.0,16.9,24.2,0.297,0.007,0.696,0.776
277,278,V,C,15.1,-109.4,129.0,119.9,-162.7,22.2,19.3,0.759,0.010,0.231,0.789
278,279,P,C,35.5,-73.5,133.5,108.9,-121.5,16.5,22.8,0.915,0.042,0.044,0.766
279,280,S,C,50.5,-90.8,13.9,103.9,-146.1,13.5,23.0,0.853,0.065,0.082,0.766
280,281,M,C,34.1,-102.5,139.6,121.4,130.9,20.1,22.6,0.789,0.039,0.172,0.763
281,282,R,C,35.0,-108.9,131.3,120.7,-147.2,20.4,26.6,0.828,0.012,0.160,0.786
282,283,P,C,3.4,-76.0,141.1,115.4,-119.8,24.9,26.7,0.720,0.014,0.266,0.808
283,284,V,E,1.5,-110.5,129.1,120.6,-147.5,26.9,29.1,0.098,0.001,0.902,0.826
284,285,V,E,1.0,-112.4,124.4,119.2,-160.6,27.5,30.5,0.027,0.000,0.972,0.831
285,286,L,E,0.9,-109.1,123.8,118.2,-162.1,27.8,30.4,0.038,0.000,0.962,0.824
286,287,V,E,1.8,-116.0,130.2,122.0,-167.5,26.6,29.4,0.219,0.001,0.779,0.805
287,288,G,C,1.9,-172.2,177.3,136.8,130.6,24.6,28.2,0.752,0.011,0.237,0.775
288,289,P,C,12.1,-77.4,146.1,113.8,-71.9,22.3,27.1,0.869,0.060,0.071,0.764
289,290,S,C,19.2,-83.7,133.2,114.1,-119.6,19.9,25.4,0.832,0.092,0.077,0.746
290,291,L,C,41.1,-83.5,2.2,103.0,-148.8,19.9,18.3,0.865,0.108,0.027,0.741
291,292,K,C,105.6,-101.6,120.5,114.5,86.2,7.7,22.4,0.854,0.112,0.034,0.750
292,293,G,C,25.9,92.2,-152.0,115.7,18.3,11.4,18.8,0.824,0.167,0.010,0.777
293,294,Y,H,107.1,-70.2,-28.0,98.0,-88.5,13.0,17.9,0.463,0.532,0.005,0.817
294,295,E,H,104.3,-68.0,-34.9,95.0,55.8,6.0,21.5,0.342,0.657,0.002,0.845
295,296,V,H,24.6,-67.0,-39.9,94.5,53.1,18.0,18.7,0.211,0.788,0.002,0.885
296,297,T,H,23.5,-64.2,-41.1,94.2,54.5,19.1,19.9,0.116,0.884,0.001,0.905
297,298,D,H,73.1,-65.2,-39.2,93.3,51.5,6.9,23.8,0.067,0.933,0.000,0.912
298,299,M,H,46.5,-66.5,-40.7,93.7,50.7,11.5,23.4,0.022,0.978,0.000,0.899
299,300,M,H,6.1,-65.5,-43.1,94.4,50.8,24.6,21.9,0.008,0.992,0.000,0.894
300,301,Q,H,24.0,-63.1,-41.9,93.1,52.4,20.4,22.6,0.009,0.991,0.000,0.899
301,302,K,H,97.0,-65.0,-40.1,92.8,50.9,6.8,25.6,0.011,0.989,0.000,0.909
302,303,A,H,17.5,-65.8,-42.2,93.4,50.0,14.4,22.6,0.017,0.983,0.000,0.930
303,304,L,H,3.1,-65.9,-42.9,94.4,49.9,25.7,20.9,0.023,0.977,0.000,0.954
304,305,F,H,28.4,-64.4,-40.3,93.5,51.7,20.5,20.9,0.042,0.958,0.000,0.959
305,306,D,H,84.8,-68.8,-34.1,92.8,50.8,4.9,22.9,0.132,0.868,0.000,0.956
306,307,F,H,52.2,-77.3,-33.1,96.4,46.0,14.5,19.0,0.299,0.700,0.001,0.939
307,308,L,C,7.9,-96.9,0.3,101.0,42.6,23.5,13.8,0.631,0.364,0.005,0.923
308,309,K,C,101.1,-65.0,-31.4,95.6,116.4,11.6,16.0,0.705,0.279,0.016,0.910
309,310,H,C,123.8,-77.0,-17.4,96.0,52.0,4.3,19.4,0.717,0.272,0.011,0.901
310,311,R,C,87.2,-90.7,-13.0,99.8,49.5,12.0,16.9,0.730,0.248,0.023,0.888
311,312,F,C,19.9,-106.9,124.5,117.8,60.6,23.4,12.9,0.742,0.085,0.173,0.870
312,313,E,C,104.5,-103.5,129.5,115.4,-165.7,7.4,22.5,0.703,0.032,0.265,0.844
313,314,G,C,27.1,128.1,-171.6,124.3,23.6,10.7,20.3,0.545,0.027,0.428,0.822
314,315,R,E,82.2,-111.6,135.5,122.0,-104.5,14.5,23.6,0.380,0.011,0.609,0.812
315,316,I,E,7.6,-115.1,131.7,123.1,-159.3,24.8,19.0,0.265,0.002,0.733,0.820
316,317,S,E,23.3,-101.5,130.0,117.9,-148.1,15.3,27.4,0.282,0.003,0.715,0.832
317,318,I,E,10.8,-117.3,133.3,123.8,-166.2,24.1,21.1,0.312,0.008,0.680,0.842
318,319,T,E,29.0,-118.6,140.5,125.5,-169.5,15.0,25.5,0.436,0.015,0.550,0.859
319,320,R,C,62.5,-92.8,130.8,115.8,-135.1,17.0,20.1,0.668,0.017,0.315,0.864
320,321,V,C,51.3,-86.8,130.1,110.4,-147.1,13.9,16.5,0.874,0.015,0.110,0.869
321,322,T,C,77.4,-95.6,122.1,113.1,-105.1,7.9,20.1,0.873,0.025,0.101,0.865
322,323,A,C,29.2,-102.5,141.7,120.6,-162.4,16.2,16.6,0.853,0.028,0.118,0.867
323,324,D,C,52.8,-82.0,119.2,109.6,-121.4,12.7,20.5,0.880,0.045,0.075,0.870
324,325,I,C,41.4,-84.4,-3.4,102.5,-158.3,19.3,17.6,0.479,0.460,0.062,0.849
325,326,S,H,38.7,-79.0,-16.0,103.5,94.0,13.0,18.5,0.410,0.484,0.106,0.829
326,327,L,H,48.4,-81.5,-16.2,103.4,93.7,12.7,18.3,0.353,0.464,0.183,0.823
327,328,A,C,32.7,-82.1,18.6,104.4,81.1,13.5,17.3,0.547,0.371,0.082,0.824
328,329,K,C,102.6,-77.9,6.9,102.5,147.1,10.3,17.7,0.609,0.296,0.095,0.823
329,330,R,C,97.1,-91.8,75.5,109.4,94.9,11.4,18.2,0.564,0.250,0.186,0.796
330,331,S,C,31.0,-87.3,70.7,108.6,115.4,12.8,18.6,0.561,0.257,0.182,0.769
331,332,V,C,32.2,-75.0,-26.4,99.4,140.4,18.8,18.3,0.542,0.300,0.158,0.741
332,333,L,C,37.9,-83.8,-7.7,101.6,59.7,18.9,17.5,0.609,0.238,0.152,0.713
333,334,N,C,78.3,-86.7,16.8,101.0,57.2,9.4,19.1,0.754,0.116,0.130,0.691
334,335,N,C,61.2,-103.0,115.1,114.7,90.9,11.1,17.2,0.925,0.009,0.066,0.671
335,336,P,C,52.4,-74.7,139.9,107.3,-140.9,13.4,15.6,0.950,0.037,0.013,0.669
336,337,S,C,68.3,-79.1,-10.1,102.6,-127.4,7.0,16.7,0.878,0.109,0.013,0.700
337,338,K,C,119.4,-76.3,-14.3,100.6,-177.5,7.6,15.6,0.832,0.149,0.019,0.718
338,339,H,C,80.7,-90.4,13.2,102.1,53.8,11.2,17.9,0.776,0.176,0.047,0.753
339,340,A,C,22.7,-94.8,138.4,116.3,119.2,15.3,20.7,0.612,0.177,0.211,0.780
340,341,I,E,15.9,-96.3,131.3,115.1,-143.7,23.2,23.3,0.350,0.069,0.581,0.787
341,342,I,E,14.2,-97.8,120.7,113.3,-148.3,23.2,25.2,0.333,0.068,0.599,0.784
342,343,E,E,34.0,-99.7,117.8,113.4,169.0,18.9,24.9,0.446,0.094,0.460,0.773
343,344,R,C,50.8,-98.5,101.8,111.8,-178.1,16.9,20.3,0.633,0.090,0.277,0.736
344,345,S,C,33.7,-78.9,-0.7,106.7,142.9,14.9,18.4,0.827,0.081,0.093,0.705
345,346,N,C,79.2,-86.0,11.9,101.8,109.2,11.1,18.1,0.871,0.104,0.024,0.702
346,347,T,C,61.2,-100.0,119.4,113.8,98.7,10.2,17.8,0.799,0.162,0.039,0.700
347,348,R,C,95.3,-95.5,80.2,109.1,170.6,12.8,16.5,0.769,0.175,0.057,0.705
348,349,S,C,45.4,-108.5,161.7,122.4,162.6,10.2,18.1,0.775,0.172,0.053,0.706
349,350,S,C,45.9,-90.9,156.2,122.0,-92.4,8.0,21.1,0.737,0.216,0.047,0.713
350,351,L,H,50.3,-61.5,-36.1,93.0,-108.3,18.8,14.4,0.238,0.760,0.002,0.720
351,352,A,H,64.1,-63.9,-38.7,92.7,54.4,4.8,20.1,0.171,0.827,0.002,0.745
352,353,E,H,89.7,-67.4,-38.4,93.5,50.2,5.6,20.8,0.106,0.892,0.002,0.769
353,354,V,H,13.2,-66.1,-41.5,94.0,50.3,21.0,17.2,0.078,0.920,0.002,0.787
354,355,Q,H,51.5,-62.3,-41.3,92.9,53.4,15.3,20.3,0.037,0.963,0.000,0.813
355,356,S,H,61.2,-64.9,-40.1,92.0,50.7,3.2,24.1,0.039,0.961,0.000,0.826
356,357,E,H,45.7,-66.9,-40.6,93.4,50.0,11.9,20.8,0.027,0.972,0.000,0.849
357,358,I,H,10.1,-64.4,-42.4,93.7,51.2,23.8,18.2,0.012,0.988,0.000,0.856
358,359,E,H,89.7,-64.2,-39.8,92.6,52.4,7.9,22.8,0.017,0.983,0.000,0.875
359,360,R,H,98.1,-67.0,-38.9,93.1,50.4,6.8,23.3,0.017,0.983,0.000,0.887
360,361,I,H,6.5,-65.3,-43.7,94.1,50.9,23.5,19.7,0.005,0.995,0.000,0.903
361,362,F,H,44.1,-63.2,-41.4,93.1,52.0,17.0,22.0,0.002,0.998,0.000,0.908
362,363,E,H,102.4,-65.1,-39.8,92.0,50.3,3.6,25.0,0.004,0.996,0.000,0.900
363,364,L,H,20.6,-65.9,-42.4,93.6,50.3,16.1,19.9,0.007,0.993,0.000,0.885
364,365,A,H,6.8,-64.8,-41.3,93.7,51.8,23.9,17.0,0.018,0.982,0.000,0.883
365,366,R,H,130.2,-68.6,-32.7,92.8,52.3,6.5,20.7,0.165,0.835,0.000,0.893
366,367,T,C,78.9,-94.8,-6.2,98.5,41.5,5.3,20.9,0.533,0.466,0.001,0.899
367,368,L,C,33.2,66.8,30.9,98.0,-112.6,19.1,19.4,0.984,0.014,0.002,0.899
368,369,Q,C,72.5,-85.5,-16.5,100.4,156.3,12.4,23.8,0.959,0.003,0.039,0.914
369,370,L,E,7.3,-133.8,142.1,131.2,29.5,24.1,26.1,0.233,0.000,0.766,0.931
370,371,V,E,2.5,-121.9,134.0,125.8,-164.2,26.2,27.4,0.011,0.000,0.989,0.938
371,372,V,E,3.4,-109.0,124.8,118.4,-157.8,25.1,29.4,0.003,0.000,0.997,0.931
372,373,L,E,1.7,-112.4,127.7,120.8,-164.4,27.0,27.7,0.016,0.000,0.984,0.907
373,374,D,E,18.8,-95.7,113.9,111.3,-150.2,18.0,28.9,0.248,0.001,0.752,0.898
374,375,A,C,4.0,-99.2,55.4,108.2,-173.3,25.1,22.4,0.826,0.007,0.167,0.869
375,376,D,C,62.9,-86.4,-14.0,100.8,128.5,12.8,24.6,0.944,0.009,0.047,0.844
376,377,T,C,47.7,-125.0,134.6,124.8,35.1,10.5,24.2,0.944,0.022,0.034,0.817
377,378,I,C,27.1,-73.8,-11.9,99.9,-148.7,22.6,18.7,0.948,0.044,0.009,0.809
378,379,N,C,70.1,-88.4,1.4,99.7,61.6,11.7,22.1,0.960,0.036,0.004,0.811
379,380,H,C,55.2,-112.2,130.7,120.3,72.3,12.5,21.2,0.956,0.041,0.003,0.814
380,381,P,H,26.6,-64.0,-31.8,94.6,-130.2,21.9,17.1,0.104,0.896,0.000,0.809
381,382,A,H,56.7,-65.7,-33.9,92.9,58.9,8.4,20.4,0.068,0.932,0.000,0.803
382,383,Q,H,75.1,-74.9,-24.3,94.6,54.5,9.9,20.3,0.072,0.928,0.000,0.789
383,384,L,H,6.6,-70.7,-34.5,96.8,61.9,25.2,15.1,0.131,0.868,0.001,0.781
384,385,S,H,50.3,-70.6,-26.0,95.9,64.7,12.9,18.6,0.475,0.519,0.006,0.793
385,386,K,C,127.9,-88.8,-2.7,98.8,54.5,4.1,21.8,0.636,0.353,0.011,0.788
386,387,T,C,18.0,-90.9,143.6,120.5,100.0,22.4,12.2,0.919,0.063,0.018,0.797
387,388,S,C,66.1,-88.7,2.0,99.9,-149.3,7.3,24.2,0.946,0.032,0.022,0.804
388,389,L,C,16.9,-100.4,145.4,124.2,111.8,22.9,18.5,0.917,0.014,0.069,0.824
389,390,A,C,18.0,-83.0,136.4,114.9,-122.7,19.3,26.6,0.935,0.002,0.063,0.841
390,391,P,C,2.9,-75.5,143.3,116.2,-113.4,25.3,25.9,0.849,0.004,0.147,0.860
391,392,I,E,5.2,-109.0,127.6,119.5,-151.5,24.9,28.1,0.072,0.000,0.928,0.893
392,393,I,E,4.4,-109.5,126.0,119.2,-157.7,25.0,28.9,0.006,0.000,0.994,0.922
393,394,V,E,1.5,-114.5,123.9,119.9,-164.3,26.9,28.3,0.005,0.000,0.995,0.934
394,395,Y,E,8.9,-107.6,124.6,118.0,-161.7,23.6,29.1,0.020,0.000,0.980,0.938
395,396,V,E,2.6,-112.7,123.9,119.6,-166.0,26.4,24.9,0.141,0.000,0.859,0.926
396,397,K,C,60.4,-102.5,123.4,116.0,-156.9,13.6,27.7,0.568,0.002,0.430,0.886
397,398,I,C,10.1,-100.8,133.3,119.6,-158.3,24.6,16.6,0.922,0.001,0.078,0.853
398,399,S,C,57.5,-84.3,-24.6,100.6,-155.2,8.9,22.7,0.995,0.001,0.004,0.827
399,400,S,C,43.1,-139.8,153.9,134.6,8.9,7.6,24.7,0.997,0.002,0.001,0.809
400,401,P,H,49.7,-61.4,-34.8,93.4,-109.6,17.7,15.2,0.043,0.957,0.000,0.811
401,402,K,H,130.5,-64.7,-38.0,92.5,54.7,2.6,20.9,0.021,0.979,0.000,0.836
402,403,V,H,48.8,-66.6,-39.7,93.4,50.5,8.4,18.7,0.010,0.990,0.000,0.851
403,404,L,H,14.9,-65.3,-41.2,93.8,51.2,21.4,15.4,0.007,0.993,0.000,0.856
404,405,Q,H,79.2,-63.6,-40.3,93.0,52.6,10.2,19.9,0.008,0.992,0.000,0.859
405,406,R,H,128.9,-65.5,-39.6,92.2,49.9,2.8,22.5,0.014,0.986,0.000,0.854
406,407,L,H,32.6,-66.8,-41.1,93.6,49.7,12.9,17.8,0.021,0.979,0.000,0.854
407,408,I,H,28.6,-66.3,-39.3,93.8,50.7,17.8,14.9,0.052,0.948,0.000,0.833
408,409,K,H,124.3,-67.5,-34.9,93.1,52.9,4.2,17.3,0.115,0.885,0.000,0.794
409,410,S,H,75.4,-74.1,-27.4,94.1,51.4,2.8,16.8,0.262,0.738,0.000,0.745
410,411,R,C,93.7,-93.9,-4.5,100.6,45.2,10.1,12.9,0.581,0.417,0.002,0.697
411,412,G,C,32.2,96.1,-177.5,122.3,-125.9,5.3,18.5,0.903,0.095,0.002,0.677
412,413,K,H,127.1,-65.0,-33.3,95.5,-78.0,6.2,15.5,0.275,0.725,0.000,0.670
413,414,S,H,84.4,-66.5,-35.2,93.1,55.5,1.3,17.4,0.244,0.756,0.000,0.670
414,415,Q,H,57.7,-69.5,-35.2,94.1,51.0,11.2,15.4,0.126,0.873,0.000,0.684
415,416,A,H,27.2,-63.3,-39.9,92.8,55.8,15.0,14.8,0.065,0.935,0.000,0.718
416,417,K,H,124.7,-65.1,-38.5,92.3,52.5,2.5,21.3,0.077,0.923,0.000,0.746
417,418,H,H,82.2,-67.6,-38.5,93.4,50.1,7.2,20.0,0.085,0.915,0.000,0.773
418,419,L,H,24.2,-64.6,-41.4,93.6,51.8,19.1,16.4,0.029,0.971,0.000,0.795
419,420,N,H,76.9,-64.2,-39.6,92.9,52.9,8.1,21.1,0.028,0.972,0.000,0.800
420,421,V,H,72.3,-66.3,-39.7,92.9,50.3,5.0,22.8,0.026,0.974,0.000,0.815
421,422,Q,H,30.8,-66.9,-40.8,94.0,50.1,16.4,18.6,0.019,0.980,0.000,0.818
422,423,M,H,35.1,-64.0,-40.6,93.4,51.5,17.7,19.5,0.023,0.977,0.000,0.818
423,424,V,H,79.7,-65.0,-39.9,92.3,50.8,4.0,23.9,0.049,0.951,0.000,0.816
424,425,A,H,31.3,-66.9,-40.0,93.5,50.4,9.3,21.0,0.062,0.938,0.000,0.822
425,426,A,H,9.8,-64.7,-42.1,93.8,52.0,21.6,16.7,0.040,0.960,0.000,0.826
426,427,D,H,72.9,-65.0,-38.8,93.1,52.7,8.1,21.6,0.061,0.939,0.000,0.825
427,428,K,H,107.6,-67.2,-37.3,92.5,50.4,4.2,22.7,0.065,0.935,0.000,0.811
428,429,L,H,17.5,-67.9,-38.1,94.1,51.2,20.2,16.7,0.099,0.901,0.000,0.786
429,430,A,H,39.7,-69.3,-26.8,93.0,55.7,15.3,16.9,0.406,0.593,0.001,0.770
430,431,Q,C,115.3,-86.8,-4.4,96.1,55.5,3.7,21.2,0.719,0.279,0.002,0.787
431,432,C,C,25.7,-83.6,140.8,117.3,105.5,19.3,11.8,0.998,0.001,0.002,0.801
432,433,P,C,48.6,-69.9,143.8,112.2,-108.4,10.7,19.7,0.998,0.001,0.001,0.796
433,434,P,H,70.6,-64.8,-25.7,96.0,-122.5,12.8,16.1,0.486,0.513,0.000,0.805
434,435,E,C,122.3,-73.3,-16.4,95.3,61.9,4.7,20.7,0.518,0.480,0.002,0.822
435,436,L,H,33.6,-91.2,-10.6,101.2,64.6,17.6,18.5,0.457,0.538,0.005,0.858
436,437,F,C,10.1,-114.1,139.1,125.8,67.5,24.8,15.9,0.702,0.012,0.286,0.897
437,438,D,C,53.0,-88.7,-23.1,98.7,-161.6,12.4,25.2,0.745,0.004,0.252,0.920
438,439,V,E,8.7,-150.1,149.6,141.8,9.2,21.4,26.3,0.026,0.000,0.974,0.915
439,440,I,E,15.1,-115.6,128.4,121.6,-154.8,21.2,26.5,0.009,0.000,0.991,0.915
440,441,L,E,12.8,-105.9,125.2,118.2,-161.7,23.4,21.9,0.085,0.000,0.914,0.916
441,442,D,E,42.4,-112.9,131.2,119.9,-167.5,12.0,24.3,0.472,0.007,0.521,0.896
442,443,E,C,72.6,-74.1,-10.6,99.3,-142.8,16.1,16.4,0.962,0.011,0.027,0.863
443,444,N,C,109.0,-85.7,-0.8,98.5,55.3,3.6,18.8,0.979,0.018,0.003,0.828
444,445,Q,C,80.8,-107.0,82.5,109.1,53.3,8.6,18.1,0.953,0.045,0.003,0.808
445,446,L,H,26.1,-64.3,-36.4,93.8,177.8,22.6,15.0,0.053,0.947,0.000,0.817
446,447,E,H,102.9,-62.5,-40.2,91.8,55.4,6.7,21.1,0.025,0.975,0.000,0.819
447,448,D,H,78.5,-65.9,-39.2,92.4,49.8,4.0,23.5,0.014,0.986,0.000,0.834
448,449,A,H,7.5,-65.3,-43.2,93.7,50.8,20.4,18.4,0.003,0.997,0.000,0.832
449,450,C,H,11.7,-62.6,-42.1,93.0,52.1,22.1,19.5,0.002,0.998,0.000,0.842
450,451,E,H,106.2,-63.9,-39.8,91.9,51.4,4.2,24.7,0.002,0.998,0.000,0.836
451,452,H,H,75.6,-67.0,-39.4,92.7,49.6,7.8,23.1,0.004,0.996,0.000,0.842
452,453,L,H,3.6,-65.5,-43.5,94.0,50.4,25.0,19.0,0.001,0.999,0.000,0.848
453,454,A,H,22.0,-62.5,-42.1,93.0,52.3,17.2,21.3,0.000,1.000,0.000,0.865
454,455,D,H,81.6,-65.2,-39.7,92.2,50.1,3.8,24.7,0.002,0.998,0.000,0.871
455,456,Y,H,43.9,-67.0,-41.2,93.7,49.2,13.8,20.3,0.003,0.997,0.000,0.857
456,457,L,H,9.1,-65.9,-41.8,94.3,50.6,23.8,18.1,0.004,0.996,0.000,0.854
457,458,E,H,84.3,-64.3,-40.0,93.2,52.3,10.5,21.2,0.005,0.995,0.000,0.835
458,459,A,H,49.5,-65.9,-40.1,92.8,50.7,5.0,22.1,0.015,0.985,0.000,0.830
459,460,Y,H,43.8,-68.3,-39.7,94.1,49.0,14.5,17.8,0.036,0.964,0.000,0.818
460,461,W,H,49.1,-66.6,-38.7,93.9,50.6,17.2,15.8,0.068,0.932,0.000,0.804
461,462,K,H,119.9,-67.7,-31.8,93.0,52.9,4.8,18.3,0.197,0.803,0.000,0.772
462,463,A,H,63.8,-76.6,-21.5,95.6,55.4,5.8,16.1,0.454,0.543,0.002,0.739
463,464,T,C,59.6,-97.1,-2.4,105.1,44.3,10.6,13.7,0.683,0.298,0.019,0.717
464,465,H,C,76.0,-102.3,122.7,116.3,92.2,13.0,12.2,0.982,0.001,0.016,0.687
465,466,P,C,74.4,-72.7,150.4,113.6,-117.1,6.9,15.6,0.993,0.002,0.005,0.659
466,467,P,C,84.1,-68.6,139.1,107.8,-101.3,7.6,14.0,0.951,0.046,0.003,0.638
467,468,S,C,71.4,-85.9,117.5,109.4,-130.7,7.1,12.2,0.873,0.117,0.009,0.627
468,469,S,C,82.3,-85.1,30.9,105.2,-137.8,4.3,12.0,0.862,0.125,0.013,0.623
469,470,S,C,80.4,-91.4,97.6,109.2,86.9,3.9,12.3,0.937,0.049,0.014,0.610
470,471,L,C,73.2,-92.8,134.3,117.1,-153.3,11.5,11.0,0.984,0.007,0.009,0.624
471,472,P,C,78.1,-69.8,142.5,109.4,-106.7,7.4,15.9,0.981,0.016,0.003,0.640
472,473,N,C,63.6,-85.3,128.2,112.8,-123.1,11.8,13.3,0.958,0.038,0.004,0.673
473,474,P,C,80.1,-65.5,-25.1,94.2,-136.1,6.6,15.3,0.578,0.419,0.003,0.684
474,475,L,H,57.8,-72.8,-25.5,94.5,57.5,12.4,12.6,0.492,0.495,0.013,0.707
475,476,L,H,75.2,-69.4,-32.3,95.5,58.5,10.2,14.5,0.482,0.502,0.016,0.714
476,477,S,C,66.7,-76.1,-20.3,97.4,55.6,4.8,15.5,0.603,0.383,0.014,0.723
477,478,R,C,122.5,-75.6,-19.4,98.2,62.5,7.0,13.8,0.608,0.372,0.020,0.725
478,479,T,C,66.7,-78.1,-16.8,99.9,60.3,8.7,13.9,0.656,0.323,0.021,0.722
479,480,L,C,84.8,-81.2,-7.2,100.4,65.8,8.8,13.3,0.642,0.340,0.019,0.714
480,481,A,C,59.4,-79.7,10.1,104.5,89.5,8.3,11.6,0.652,0.325,0.023,0.703
481,482,T,C,76.8,-91.2,65.9,108.5,105.9,7.0,13.2,0.684,0.278,0.038,0.692
482,483,S,C,77.4,-76.7,-13.3,98.8,155.3,4.9,12.4,0.761,0.219,0.020,0.676
483,484,S,C,80.6,-86.0,6.8,103.1,70.4,3.2,11.5,0.839,0.137,0.024,0.656
484,485,L,C,83.9,-91.7,134.5,117.1,139.9,8.9,8.7,0.959,0.008,0.033,0.646
485,486,P,C,76.6,-68.4,150.3,111.6,-103.0,7.0,13.4,0.980,0.004,0.017,0.642
486,487,L,C,114.8,-84.6,133.3,111.2,-111.1,5.1,12.6,0.971,0.005,0.024,0.650
487,488,S,C,69.3,-92.8,130.4,115.5,-124.7,6.2,12.2,0.965,0.003,0.031,0.654
488,489,P,C,83.6,-67.9,-14.6,100.9,-115.6,8.0,10.4,0.955,0.039,0.006,0.652
489,490,T,C,95.9,-81.2,72.8,106.3,99.3,3.2,12.0,0.911,0.068,0.021,0.645
490,491,L,C,98.9,-74.5,0.6,103.8,-120.3,6.8,11.7,0.852,0.112,0.036,0.644
491,492,A,C,65.9,-75.0,-21.0,100.5,73.1,6.7,12.1,0.803,0.136,0.061,0.624
492,493,S,C,71.3,-72.9,-23.8,98.0,60.4,4.7,11.8,0.812,0.137,0.051,0.598
493,494,N,C,112.5,-76.3,-16.5,97.3,54.5,2.7,11.3,0.837,0.139,0.024,0.567
494,495,S,C,74.7,-84.3,-1.9,101.3,59.2,4.4,9.4,0.827,0.139,0.035,0.541
495,496,Q,C,126.8,-87.3,75.7,107.3,100.2,3.8,7.5,0.898,0.061,0.041,0.526
496,497,G,C,58.5,-87.3,75.6,107.7,61.7,2.6,8.9,0.896,0.040,0.064,0.509
497,498,S,C,89.0,-89.6,98.1,108.8,137.9,2.4,8.2,0.876,0.030,0.094,0.505
498,499,Q,C,127.6,-87.0,93.4,108.2,-174.8,4.1,8.4,0.936,0.024,0.039,0.514
499,500,G,C,49.3,-75.8,165.1,108.6,-146.6,4.5,10.1,0.944,0.032,0.024,0.534
500,501,D,C,112.2,-77.5,-11.1,100.8,-71.6,3.0,11.0,0.903,0.073,0.024,0.572
501,502,Q,C,126.4,-81.7,-8.4,101.3,64.1,3.0,9.3,0.882,0.089,0.028,0.591
502,503,R,C,153.8,-85.9,32.3,105.6,81.9,4.0,8.7,0.889,0.075,0.037,0.615
503,504,T,C,97.4,-89.9,87.1,108.5,112.3,3.6,8.5,0.902,0.062,0.036,0.632
504,505,D,C,108.6,-82.9,25.9,104.7,151.1,3.3,10.5,0.932,0.048,0.020,0.648
505,506,R,C,160.1,-88.1,18.2,104.1,74.8,3.6,8.6,0.914,0.059,0.027,0.638
506,507,S,C,75.8,-86.8,108.1,109.2,121.6,4.8,8.9,0.941,0.025,0.034,0.625
507,508,A,C,73.8,-90.0,134.3,115.1,-155.7,4.5,9.5,0.969,0.015,0.016,0.614
508,509,P,C,88.5,-70.4,140.9,109.5,-109.1,5.9,11.8,0.950,0.035,0.015,0.612
509,510,I,C,115.7,-87.2,121.9,110.5,-128.8,5.4,10.6,0.913,0.059,0.028,0.625
510,511,R,C,157.7,-90.8,126.4,112.2,-143.9,4.7,9.0,0.941,0.030,0.029,0.627
511,512,S,C,80.6,-87.4,120.4,109.5,-137.5,4.2,10.7,0.932,0.044,0.024,0.610
512,513,A,C,78.6,-75.2,-18.0,101.0,-135.9,4.6,10.1,0.930,0.058,0.011,0.585
513,514,S,C,76.4,-79.3,-11.2,103.0,71.9,3.4,11.6,0.923,0.062,0.015,0.575
514,515,Q,C,117.8,-70.3,-25.9,97.4,64.5,4.3,10.7,0.891,0.097,0.012,0.568
515,516,A,C,77.8,-71.3,-28.1,95.9,58.6,2.8,10.8,0.881,0.106,0.013,0.560
516,517,E,C,128.7,-76.5,-19.0,98.2,59.6,2.9,10.2,0.920,0.070,0.010,0.571
517,518,E,C,126.1,-85.9,41.6,106.0,80.9,3.8,9.1,0.911,0.069,0.020,0.576
518,519,E,C,122.1,-89.2,132.2,114.7,170.1,5.0,8.4,0.965,0.028,0.007,0.580
519,520,P,C,93.3,-68.2,142.3,106.9,-111.3,5.0,10.6,0.957,0.035,0.008,0.572
520,521,S,C,82.5,-82.0,44.9,105.6,-121.6,4.1,10.0,0.932,0.048,0.020,0.583
521,522,V,C,110.0,-84.4,1.2,103.3,84.2,3.5,10.2,0.943,0.040,0.017,0.593
522,523,E,C,111.3,-89.9,132.2,114.3,123.8,5.5,9.6,0.954,0.030,0.016,0.598
523,524,P,C,89.1,-66.7,140.8,104.6,-108.2,5.3,12.2,0.937,0.057,0.007,0.595
524,525,V,C,107.5,-76.7,-17.1,101.9,-111.1,4.2,11.1,0.917,0.068,0.015,0.600
525,526,K,C,137.1,-78.1,-16.4,101.3,65.6,3.5,10.5,0.905,0.072,0.023,0.576
526,527,K,C,142.1,-76.0,-17.8,99.8,68.5,3.2,9.9,0.918,0.069,0.013,0.561
527,528,S,C,82.2,-77.3,-17.1,99.8,67.0,2.8,9.7,0.915,0.066,0.019,0.542
528,529,Q,C,123.8,-74.1,-22.8,97.7,62.5,2.7,10.5,0.955,0.029,0.016,0.528
529,530,H,C,126.4,-82.7,-4.1,102.2,65.1,3.8,9.4,0.956,0.020,0.023,0.525
530,531,R,C,146.3,-75.7,-19.6,100.4,79.9,4.1,9.6,0.960,0.013,0.028,0.505
531,532,S,C,88.7,-80.7,-8.7,101.2,61.6,2.0,8.5,0.963,0.010,0.027,0.477
532,533,S,C,86.9,-82.4,-5.1,101.2,61.7,2.3,8.3,0.975,0.009,0.016,0.436
533,534,S,C,88.4,-82.7,2.6,102.4,73.0,2.3,7.0,0.985,0.006,0.009,0.418
534,535,S,C,88.4,-83.7,7.8,103.4,74.7,2.3,7.6,0.981,0.010,0.009,0.401
535,536,A,C,86.2,-84.6,30.2,105.0,87.9,2.6,7.0,0.990,0.003,0.007,0.409
536,537,P,C,100.3,-78.7,0.3,102.9,124.6,3.7,8.8,0.977,0.012,0.011,0.434
537,538,H,C,134.2,-84.1,6.5,104.0,73.6,3.7,9.4,0.975,0.010,0.015,0.467
538,539,H,C,137.1,-79.4,-11.3,100.9,65.5,3.2,8.9,0.979,0.010,0.011,0.492
539,540,N,C,116.0,-81.7,-3.1,101.5,65.0,2.8,8.5,0.971,0.014,0.015,0.510
540,541,H,C,139.9,-83.6,2.1,102.7,66.6,2.9,9.3,0.976,0.014,0.010,0.527
541,542,R,C,164.0,-85.8,14.9,104.4,71.4,2.8,8.9,0.966,0.021,0.014,0.530
542,543,S,C,87.1,-87.3,53.0,106.3,78.6,2.8,8.1,0.954,0.026,0.020,0.521
543,544,G,C,60.2,-39.6,17.1,106.5,-10.0,2.2,9.5,0.951,0.033,0.016,0.505
544,545,T,C,103.4,-86.2,12.2,104.0,70.2,2.8,8.7,0.916,0.059,0.025,0.509
545,546,S,C,85.9,-86.5,41.1,105.8,93.0,2.7,7.9,0.908,0.066,0.026,0.518
546,547,R,C,156.3,-78.9,-7.9,101.8,93.9,3.8,9.2,0.919,0.054,0.027,0.526
547,548,G,C,54.8,-58.0,-8.4,104.4,32.2,2.6,10.4,0.915,0.054,0.031,0.525
548,549,L,C,115.3,-84.3,3.9,103.1,71.0,3.8,8.8,0.901,0.072,0.027,0.555
549,550,S,C,81.7,-86.9,65.9,107.1,96.0,3.0,9.3,0.879,0.081,0.039,0.574
550,551,R,C,151.6,-79.8,-14.0,101.9,97.6,4.1,10.1,0.893,0.089,0.018,0.596
551,552,Q,C,124.1,-83.4,11.1,104.7,77.8,3.3,9.6,0.857,0.114,0.029,0.608
552,553,E,C,115.2,-87.1,111.6,109.7,162.8,6.2,10.7,0.879,0.095,0.026,0.627
553,554,T,C,85.5,-91.7,47.8,107.8,178.8,5.3,12.4,0.813,0.132,0.054,0.653
554,555,F,C,114.9,-90.6,70.7,108.0,149.3,8.1,8.5,0.848,0.117,0.035,0.662
555,556,D,C,103.0,-87.8,65.3,107.1,153.3,3.8,11.7,0.861,0.120,0.018,0.675
556,557,S,C,66.5,-90.6,121.1,110.5,176.9,5.7,10.9,0.798,0.182,0.020,0.670
557,558,E,C,126.5,-76.3,-20.5,100.0,-156.9,4.9,10.6,0.835,0.151,0.015,0.650
558,559,T,C,87.3,-91.3,21.7,106.2,69.1,3.7,12.9,0.820,0.149,0.031,0.652
559,560,Q,C,109.3,-69.8,-23.7,98.1,162.1,5.7,11.6,0.842,0.142,0.016,0.649
560,561,E,C,122.5,-77.6,-19.4,100.2,66.4,3.4,13.0,0.885,0.106,0.009,0.640
561,562,S,C,54.7,-92.5,145.3,114.5,107.5,6.1,12.2,0.835,0.130,0.035,0.646
562,563,R,C,122.1,-70.5,-22.5,97.2,-143.0,9.0,11.1,0.852,0.132,0.015,0.650
563,564,D,C,109.4,-75.8,-16.7,97.7,62.4,2.5,12.0,0.843,0.144,0.013,0.665
564,565,S,C,73.3,-77.5,-17.3,98.8,62.6,3.6,12.3,0.818,0.171,0.011,0.666
565,566,A,C,65.5,-79.0,-14.3,101.3,72.6,6.0,10.7,0.821,0.168,0.011,0.652
566,567,Y,C,116.1,-93.8,119.9,112.8,105.4,8.9,9.8,0.882,0.097,0.021,0.664
567,568,V,C,97.7,-89.3,104.8,109.3,-164.7,5.2,12.6,0.910,0.052,0.038,0.667
568,569,E,C,96.6,-90.5,138.0,117.9,-142.2,8.0,11.6,0.961,0.020,0.019,0.658
569,570,P,C,77.5,-65.9,147.5,110.0,-104.5,6.6,13.8,0.887,0.103,0.009,0.636
570,571,K,C,129.1,-67.5,-26.1,97.8,-117.2,6.1,12.2,0.767,0.218,0.015,0.629
571,572,E,C,133.0,-73.4,-21.1,97.9,66.9,3.1,12.0,0.714,0.265,0.020,0.623
572,573,D,C,95.9,-81.8,-5.6,101.4,71.1,4.0,12.7,0.737,0.237,0.025,0.617
573,574,Y,C,90.4,-80.2,-7.8,101.3,88.1,12.0,8.6,0.820,0.152,0.028,0.603
574,575,S,C,74.8,-72.5,-24.4,97.8,91.8,4.0,12.5,0.863,0.112,0.025,0.604
575,576,H,C,118.3,-82.2,-0.9,104.0,77.3,4.5,12.2,0.858,0.118,0.024,0.614
576,577,D,C,94.8,-74.8,-21.5,99.7,103.4,4.9,11.8,0.827,0.152,0.021,0.640
577,578,H,C,112.8,-83.0,10.2,104.2,80.7,6.3,10.7,0.801,0.163,0.036,0.655
578,579,V,C,92.7,-74.6,-21.8,99.8,87.1,5.4,11.8,0.807,0.151,0.041,0.662
579,580,D,C,92.9,-77.5,-12.9,102.1,79.1,4.7,11.7,0.861,0.108,0.031,0.653
580,581,H,C,119.3,-74.9,-22.2,98.9,103.3,5.3,12.1,0.864,0.104,0.032,0.628
581,582,Y,C,128.8,-84.8,6.2,103.2,70.3,6.9,9.9,0.911,0.059,0.030,0.611
582,583,A,C,72.3,-71.6,-27.9,99.2,80.1,3.9,11.5,0.952,0.026,0.022,0.578
583,584,S,C,72.7,-80.4,16.3,105.1,81.4,4.0,12.2,0.949,0.031,0.021,0.564
584,585,H,C,103.9,-79.4,-5.2,103.8,-177.6,8.1,10.3,0.945,0.031,0.024,0.556
585,586,R,C,144.8,-70.6,-26.1,97.1,76.7,4.2,10.6,0.962,0.021,0.016,0.556
586,587,D,C,98.4,-82.0,-5.7,100.7,59.7,3.5,11.7,0.935,0.034,0.031,0.567
587,588,H,C,112.6,-75.5,-20.4,100.0,73.9,5.8,10.8,0.936,0.052,0.012,0.543
588,589,N,C,116.2,-79.8,-4.5,99.8,60.9,2.7,10.7,0.936,0.048,0.016,0.529
589,590,H,C,120.3,-84.8,14.2,104.7,78.6,5.0,10.1,0.944,0.036,0.020,0.532
590,591,R,C,157.3,-76.6,-15.2,100.0,70.8,3.1,10.2,0.931,0.049,0.020,0.541
591,592,D,C,110.4,-86.0,12.1,103.8,64.7,2.5,8.9,0.939,0.044,0.017,0.544
592,593,E,C,130.1,-87.7,93.9,108.4,114.9,4.2,8.0,0.940,0.036,0.024,0.529
593,594,T,C,103.5,-90.0,102.5,109.0,-179.0,2.8,9.1,0.935,0.036,0.029,0.502
594,595,H,C,141.2,-87.1,85.3,107.6,-152.4,3.8,8.4,0.944,0.032,0.023,0.470
595,596,G,C,59.8,-53.1,9.4,106.0,23.9,2.0,8.9,0.960,0.022,0.018,0.447
596,597,S,C,86.4,-90.3,112.0,109.5,109.0,2.5,7.6,0.949,0.027,0.024,0.457
597,598,S,C,88.2,-83.6,37.6,105.5,-117.7,2.8,7.9,0.955,0.032,0.013,0.476
598,599,D,C,108.5,-84.0,10.0,104.4,82.4,3.0,9.9,0.939,0.052,0.009,0.514
599,600,H,C,133.3,-79.2,-12.2,101.0,79.0,3.9,9.4,0.902,0.091,0.007,0.514
600,601,R,C,156.4,-82.0,-5.4,101.6,70.2,3.3,9.9,0.909,0.083,0.008,0.528
601,602,H,C,118.9,-85.0,31.2,106.0,83.2,5.3,10.5,0.876,0.107,0.017,0.535
602,603,R,C,146.6,-73.9,-23.5,100.2,78.1,4.3,11.9,0.845,0.140,0.015,0.542
603,604,E,C,132.7,-76.0,-17.7,98.6,64.9,3.0,11.1,0.813,0.172,0.015,0.545
604,605,S,C,72.8,-75.9,-20.6,99.7,70.2,4.0,10.8,0.792,0.187,0.021,0.529
605,606,R,C,142.4,-75.1,-24.7,99.3,68.5,3.9,11.6,0.835,0.146,0.019,0.533
606,607,H,C,115.8,-84.6,12.7,104.2,70.6,5.3,11.6,0.821,0.152,0.027,0.541
607,608,R,C,137.7,-70.3,-26.9,97.7,79.4,4.8,11.2,0.825,0.158,0.017,0.539
608,609,S,C,78.5,-78.6,-15.8,100.8,63.5,3.0,11.6,0.811,0.165,0.024,0.555
609,610,R,C,141.8,-79.9,-14.2,101.8,69.4,4.2,11.4,0.788,0.196,0.016,0.570
610,611,D,C,90.0,-81.8,29.6,105.5,81.3,4.8,12.3,0.774,0.211,0.015,0.595
611,612,V,C,92.2,-68.3,-32.5,97.2,125.7,4.9,11.7,0.634,0.354,0.012,0.607
612,613,D,C,92.6,-70.9,-30.6,97.2,61.7,3.6,12.1,0.602,0.391,0.007,0.606
613,614,R,C,133.4,-69.8,-32.0,95.9,58.1,3.9,12.1,0.516,0.478,0.006,0.602
614,615,E,C,100.3,-70.8,-32.0,96.9,61.4,5.9,11.8,0.514,0.478,0.008,0.597
615,616,Q,C,110.0,-70.2,-30.7,96.5,61.8,3.7,12.8,0.563,0.431,0.006,0.612
616,617,D,C,89.0,-74.9,-24.6,98.3,60.4,4.2,12.8,0.699,0.293,0.009,0.633
617,618,H,C,100.0,-74.8,-25.0,98.6,62.7,6.6,10.8,0.701,0.292,0.007,0.648
618,619,N,C,96.3,-70.4,-29.2,96.4,66.0,4.2,11.8,0.752,0.242,0.005,0.649
619,620,E,C,116.8,-72.5,-28.4,98.1,62.2,3.5,12.0,0.722,0.271,0.007,0.639
620,621,C,C,77.7,-78.4,-19.9,101.9,70.5,5.4,10.0,0.769,0.217,0.014,0.642
621,622,N,C,104.1,-79.6,-9.9,101.6,68.7,4.2,11.4,0.824,0.165,0.011,0.628
622,623,K,C,138.5,-77.8,-14.5,101.4,72.5,2.9,9.8,0.798,0.188,0.014,0.620
623,624,Q,C,122.7,-86.9,61.9,107.2,103.7,4.1,9.3,0.833,0.149,0.018,0.612
624,625,R,C,143.1,-80.9,4.8,104.5,157.9,5.3,9.8,0.897,0.085,0.018,0.619
625,626,S,C,80.4,-86.0,34.9,106.5,100.1,3.1,10.4,0.873,0.090,0.037,0.619
626,627,R,C,148.1,-82.6,6.1,104.6,130.9,4.6,9.6,0.902,0.076,0.021,0.629
627,628,H,C,140.5,-84.2,24.9,105.3,80.1,3.0,9.7,0.915,0.066,0.018,0.642
628,629,K,C,142.4,-92.9,125.8,112.1,157.2,3.4,8.5,0.901,0.067,0.032,0.651
629,630,S,C,75.8,-83.8,142.1,112.4,-120.6,3.9,9.6,0.873,0.080,0.047,0.649
630,631,K,C,137.7,-70.0,-25.9,98.5,-118.3,4.0,10.9,0.883,0.087,0.030,0.663
631,632,D,C,109.4,-71.0,-28.4,96.9,64.2,2.0,10.9,0.827,0.129,0.044,0.687
632,633,R,C,138.8,-72.0,-29.0,97.0,61.1,3.7,11.5,0.816,0.131,0.054,0.704
633,634,Y,C,127.1,-79.2,-17.5,100.6,65.1,5.7,10.6,0.754,0.142,0.104,0.720
634,635,C,C,74.8,-79.6,-10.7,103.0,70.7,4.7,10.6,0.826,0.093,0.081,0.730
635,636,E,C,110.7,-78.6,-3.0,105.6,132.6,5.1,11.1,0.826,0.125,0.049,0.738
636,637,K,C,139.2,-72.5,-27.1,99.4,-168.9,3.0,10.8,0.858,0.103,0.039,0.741
637,638,D,C,111.6,-84.2,7.2,101.5,39.7,2.4,10.8,0.889,0.087,0.024,0.724
638,639,G,C,48.3,85.9,-155.7,111.9,-62.6,3.1,11.2,0.922,0.054,0.024,0.728
639,640,E,C,132.0,-83.1,114.7,108.2,-80.4,3.5,10.6,0.838,0.094,0.068,0.742
640,641,V,C,101.7,-83.1,110.0,108.2,-133.2,4.4,10.2,0.882,0.072,0.045,0.750
641,642,I,C,110.2,-77.5,-14.9,102.6,-178.8,5.1,10.0,0.897,0.083,0.021,0.764
642,643,S,C,77.5,-78.2,-15.9,103.7,64.3,3.1,10.9,0.840,0.140,0.019,0.758
643,644,K,C,136.1,-73.7,-25.2,98.8,56.3,3.2,10.8,0.750,0.219,0.031,0.741
644,645,K,C,136.4,-77.0,-16.5,99.0,60.3,2.8,10.5,0.773,0.199,0.029,0.721
645,646,R,C,138.7,-76.7,-17.2,99.8,60.9,4.3,10.8,0.750,0.226,0.024,0.715
646,647,N,C,96.9,-74.0,-9.6,100.5,51.8,4.6,12.1,0.730,0.253,0.017,0.692
647,648,E,C,122.2,-70.6,-27.0,96.9,68.2,3.3,11.8,0.634,0.350,0.015,0.670
648,649,A,C,74.5,-76.7,-18.3,98.0,55.5,3.5,11.4,0.661,0.325,0.015,0.658
649,650,G,C,49.5,-67.3,-15.6,102.1,42.9,3.7,12.0,0.700,0.283,0.018,0.661
650,651,E,C,120.9,-85.1,35.9,106.6,87.6,3.6,11.9,0.734,0.254,0.012,0.677
651,652,W,C,127.8,-78.4,-0.9,103.8,173.3,9.4,8.7,0.669,0.303,0.028,0.695
652,653,N,C,108.6,-72.2,-18.6,98.7,83.7,3.6,12.4,0.734,0.247,0.018,0.718
653,654,R,C,150.7,-72.6,-26.6,97.4,66.7,2.9,10.3,0.701,0.241,0.058,0.737
654,655,D,C,96.7,-75.5,-22.2,99.1,62.4,3.5,11.3,0.738,0.216,0.047,0.754
655,656,V,C,101.3,-74.7,-25.2,98.3,63.1,3.0,11.5,0.627,0.312,0.061,0.747
656,657,Y,C,132.1,-86.0,0.2,102.6,60.7,6.1,9.2,0.606,0.276,0.117,0.711
657,658,I,C,107.6,-89.1,69.8,107.7,89.3,6.0,7.9,0.684,0.192,0.124,0.640
658,659,R,C,165.7,-92.1,119.9,111.7,-179.8,4.3,8.8,0.804,0.130,0.067,0.575
659,660,Q,C,155.2,-95.1,122.9,112.9,-171.8,3.2,6.5,0.992,0.005,0.003,0.525
