O08537,SEQ,flexibility,SS,ASA,Phi,Psi,Theta(i-1=>i+1),Tau(i-2=>i+2),HSE_alpha_up,HSE_alpha_down,P(C),P(H),P(E),positive
0,M,0.530,C,131.9,-96.1,134.4,116.7,166.4,6.6,7.5,0.996,0.002,0.002,0
1,S,0.531,C,85.1,-97.9,136.6,116.6,-152.8,4.6,9.1,0.974,0.003,0.023,0
2,K,0.572,C,118.9,-97.6,133.4,115.9,-141.3,7.7,14.9,0.830,0.012,0.158,0
3,L,0.632,C,69.2,-97.7,132.7,116.9,-147.5,12.7,12.7,0.678,0.007,0.315,0
4,V,0.693,E,69.6,-106.7,132.2,118.8,-156.6,10.3,16.8,0.423,0.004,0.572,0
5,K,0.730,E,91.4,-110.5,134.8,120.9,-158.2,10.4,16.8,0.283,0.005,0.712,0
6,T,0.754,E,62.1,-112.7,133.7,121.2,-158.6,9.5,20.8,0.357,0.005,0.639,0
7,L,0.783,C,20.3,-110.6,137.4,122.9,-158.7,20.9,15.1,0.640,0.003,0.357,0
8,T,0.801,C,48.0,-102.0,159.8,128.1,-151.0,5.3,25.2,0.764,0.023,0.213,0
9,I,0.820,H,64.5,-60.2,-36.2,91.9,-111.1,16.4,14.0,0.149,0.842,0.009,0
10,S,0.828,H,77.6,-65.0,-37.3,92.0,55.1,1.8,21.1,0.135,0.833,0.032,0
11,E,0.829,H,69.7,-68.8,-36.6,93.3,50.1,8.3,18.2,0.101,0.817,0.082,0
12,I,0.813,H,9.0,-65.0,-40.7,93.1,51.9,23.8,12.9,0.106,0.770,0.124,0
13,S,0.793,H,59.1,-66.7,-34.4,93.3,56.7,8.1,18.7,0.229,0.680,0.091,0
14,K,0.756,H,124.5,-71.4,-29.6,92.9,53.2,2.8,20.0,0.259,0.678,0.063,0
15,A,0.736,H,17.5,-74.5,-26.8,96.8,59.0,17.6,12.3,0.346,0.581,0.073,0
16,Q,0.715,C,80.6,-76.3,-21.2,100.7,65.8,11.8,14.3,0.442,0.408,0.150,0
17,N,0.687,C,115.6,-86.8,2.8,103.3,65.0,2.9,14.8,0.587,0.297,0.116,0
18,N,0.667,C,98.4,-86.3,45.0,103.1,24.2,6.1,13.1,0.831,0.126,0.043,0
19,G,0.670,C,51.9,63.0,5.8,102.1,-83.9,5.2,15.0,0.930,0.036,0.034,0
20,G,0.701,C,41.6,76.9,2.5,104.4,-75.5,8.2,16.2,0.907,0.030,0.062,0
21,K,0.751,C,96.5,-92.7,135.6,114.1,117.8,9.2,18.2,0.882,0.066,0.052,0
22,P,0.809,C,37.0,-70.6,13.7,104.0,-100.9,17.2,19.0,0.680,0.300,0.021,0
23,A,0.883,H,38.5,-67.2,-36.0,96.1,-127.1,14.1,23.7,0.392,0.559,0.049,0
24,W,0.952,H,44.3,-67.2,-40.0,94.7,51.7,17.8,22.9,0.303,0.512,0.185,0
25,C,1.011,H,8.1,-65.1,-42.4,94.6,52.7,23.7,23.9,0.279,0.467,0.254,0
26,W,1.040,H,65.0,-65.7,-40.5,93.9,52.9,14.4,27.7,0.184,0.472,0.344,0
27,Y,1.051,H,40.4,-66.6,-40.3,93.8,50.5,16.5,26.4,0.184,0.449,0.367,0
28,T,1.039,H,6.2,-67.1,-42.2,95.3,50.9,23.6,25.8,0.183,0.411,0.407,0
29,L,1.005,E,13.4,-66.7,-41.7,95.4,52.0,22.7,26.7,0.142,0.403,0.455,0
30,A,0.959,E,28.4,-66.7,-39.2,94.2,52.0,13.3,26.5,0.157,0.419,0.424,0
31,M,0.921,H,28.2,-68.9,-38.0,94.8,51.1,17.4,24.0,0.238,0.397,0.364,0
32,C,0.876,C,13.1,-68.3,-39.4,96.4,54.8,22.4,20.2,0.511,0.285,0.205,0
33,G,0.819,C,31.1,-69.1,-25.8,95.4,51.3,11.4,22.6,0.625,0.219,0.156,0
34,A,0.779,C,42.8,-83.3,-13.3,98.1,56.6,12.1,20.0,0.707,0.194,0.099,0
35,G,0.772,C,30.0,85.9,10.0,104.6,-102.6,12.5,20.4,0.860,0.042,0.097,0
36,Y,0.789,C,54.5,-92.4,120.4,112.0,150.6,15.1,16.7,0.741,0.059,0.200,0
37,D,0.804,C,68.1,-93.8,62.5,107.3,168.9,10.3,18.9,0.788,0.066,0.146,0
38,S,0.794,C,62.3,-79.9,0.0,101.5,172.7,9.8,16.5,0.778,0.111,0.111,1
39,G,0.797,C,38.8,73.7,-4.8,101.6,-79.3,9.6,17.9,0.795,0.139,0.066,0
40,T,0.833,C,41.2,-80.8,-29.5,102.5,85.3,11.0,19.4,0.643,0.231,0.126,0
41,C,0.878,C,10.8,-66.1,-40.9,95.2,55.8,23.0,16.1,0.447,0.424,0.129,0
42,D,0.902,H,69.0,-64.1,-38.7,93.3,59.8,9.6,21.4,0.353,0.554,0.093,0
43,Y,0.903,H,106.5,-66.7,-39.2,93.2,51.5,5.3,22.8,0.256,0.521,0.223,0
44,M,0.895,H,15.4,-66.5,-42.4,94.3,49.8,19.8,18.9,0.178,0.494,0.328,0
45,Y,0.878,H,25.5,-64.4,-41.1,93.8,51.2,21.0,18.0,0.189,0.482,0.330,0
46,S,0.871,H,59.7,-65.9,-38.9,92.7,51.2,5.0,22.6,0.213,0.471,0.316,0
47,H,0.859,H,78.0,-68.7,-37.6,93.1,48.9,8.1,20.5,0.253,0.446,0.301,0
48,C,0.838,C,24.1,-84.0,-29.3,98.5,41.6,17.1,15.4,0.451,0.363,0.185,0
49,F,0.790,C,76.4,-98.8,-1.4,100.2,35.0,11.8,14.0,0.611,0.259,0.129,0
50,G,0.744,C,56.4,80.9,10.2,95.5,-103.2,2.1,18.5,0.849,0.058,0.094,0
51,I,0.716,C,53.5,-93.4,135.5,118.4,137.0,13.1,10.7,0.781,0.055,0.164,0
52,K,0.697,C,129.3,-91.4,134.9,115.9,-132.7,4.8,19.0,0.789,0.045,0.167,0
53,H,0.681,C,78.9,-104.3,137.9,118.5,-149.4,13.8,11.3,0.818,0.042,0.140,0
54,H,0.646,C,111.7,-89.7,159.4,113.5,-146.4,6.3,15.1,0.831,0.043,0.126,0
55,S,0.588,C,81.8,-79.0,-10.9,101.4,-99.0,4.5,13.7,0.857,0.033,0.110,0
56,S,0.516,C,77.2,-89.6,25.4,105.8,56.5,4.2,13.1,0.896,0.024,0.081,0
57,G,0.464,C,41.9,100.5,-169.8,115.3,-7.1,6.0,14.6,0.884,0.026,0.091,0
58,S,0.438,C,72.3,-98.1,138.3,115.5,-100.1,6.5,13.3,0.882,0.030,0.088,0
59,S,0.436,C,70.3,-101.0,137.8,115.5,-148.6,7.6,13.5,0.857,0.046,0.097,0
60,S,0.441,C,68.2,-109.3,136.0,118.5,-151.4,7.5,14.2,0.842,0.044,0.114,0
61,Y,0.430,C,99.5,-118.2,141.7,124.4,-171.4,10.9,15.4,0.839,0.033,0.128,0
62,H,0.440,C,103.4,-108.7,131.7,119.0,-153.6,8.2,18.9,0.766,0.045,0.189,0
63,C,0.458,C,64.1,-100.8,130.6,117.1,-158.4,14.6,11.8,0.940,0.004,0.056,0
