P12839,SEQ,flexibility,SS,ASA,Phi,Psi,Theta(i-1=>i+1),Tau(i-2=>i+2),HSE_alpha_up,HSE_alpha_down,P(C),P(H),P(E),positive
0,M,0.557,C,133.1,-85.8,72.3,107.2,79.8,4.1,9.0,0.959,0.040,0.000,0
1,K,0.579,C,134.9,-75.1,-27.4,100.6,63.7,3.0,10.2,0.855,0.137,0.008,0
2,F,0.637,C,106.5,-69.3,-35.4,96.5,57.0,6.9,12.8,0.513,0.486,0.001,0
3,Q,0.709,H,90.8,-66.1,-38.9,94.1,53.2,6.1,16.1,0.102,0.898,0.000,0
4,H,0.777,H,90.3,-66.6,-38.7,94.1,51.5,6.7,16.7,0.035,0.965,0.000,0
5,T,0.827,H,51.4,-65.6,-40.4,94.0,52.5,8.6,17.7,0.020,0.980,0.000,0
6,F,0.858,H,79.4,-65.3,-40.3,93.5,51.1,8.0,18.7,0.007,0.993,0.000,0
7,I,0.881,H,49.4,-65.7,-40.7,93.9,50.9,10.0,19.1,0.004,0.996,0.000,0
8,A,0.896,H,27.0,-65.1,-41.5,93.9,51.3,11.4,19.0,0.002,0.998,0.000,0
9,L,0.904,H,63.8,-65.2,-40.6,93.4,51.0,8.6,19.7,0.003,0.997,0.000,0
10,L,0.907,H,63.3,-66.1,-40.2,93.7,50.4,8.3,19.7,0.003,0.997,0.000,0
11,S,0.898,H,31.9,-66.3,-40.4,94.0,50.8,9.7,19.0,0.004,0.996,0.000,0
12,L,0.894,H,66.9,-66.4,-39.5,93.5,50.5,8.3,18.8,0.006,0.994,0.000,0
13,L,0.904,H,76.0,-67.1,-38.9,94.0,50.6,6.8,18.9,0.008,0.992,0.000,0
14,T,0.922,H,62.4,-68.0,-38.2,94.0,49.8,6.6,18.3,0.019,0.981,0.000,0
15,Y,0.910,H,97.3,-71.0,-35.5,95.3,48.7,8.1,16.8,0.037,0.962,0.001,0
16,A,0.898,H,51.5,-71.6,-33.6,96.1,51.1,7.7,15.6,0.147,0.851,0.002,0
17,N,0.889,C,103.5,-80.1,0.6,99.4,41.1,4.5,15.8,0.545,0.448,0.007,0
18,A,0.906,C,63.8,-78.8,-8.4,101.0,73.8,7.4,13.5,0.658,0.313,0.029,0
19,Y,0.934,C,109.4,-92.6,69.8,108.7,94.4,10.0,14.1,0.670,0.236,0.094,0
20,D,0.960,C,82.4,-87.1,36.8,105.8,161.8,7.6,17.6,0.643,0.181,0.176,0
21,Y,0.964,C,69.7,-81.6,-22.9,104.0,118.9,12.1,17.2,0.506,0.245,0.249,0
22,F,0.964,C,62.0,-82.3,-9.3,104.3,116.2,11.5,18.5,0.491,0.261,0.248,0
23,T,0.961,C,33.1,-82.0,-25.6,106.2,86.5,12.5,18.5,0.432,0.293,0.275,0
24,T,0.952,H,47.1,-73.8,-35.0,100.5,82.8,10.9,18.3,0.291,0.357,0.352,0
25,T,0.934,E,56.3,-72.9,-33.8,100.2,66.4,8.8,19.3,0.285,0.321,0.394,0
26,L,0.898,E,27.0,-71.2,-33.0,96.4,82.4,18.7,14.8,0.292,0.322,0.386,0
27,A,0.865,C,46.9,-71.1,-29.3,96.8,60.2,12.4,15.9,0.543,0.232,0.225,0
28,N,0.855,C,106.4,-85.3,0.1,99.8,47.3,3.9,16.6,0.756,0.127,0.117,0
29,Q,0.844,C,103.1,-89.9,60.5,107.4,85.3,7.7,13.5,0.900,0.025,0.074,0
30,N,0.846,C,88.9,-93.3,106.7,110.2,-132.4,7.4,17.3,0.952,0.003,0.046,0
31,P,0.854,C,57.8,-71.0,128.4,106.8,-131.7,13.6,15.9,0.885,0.019,0.096,0
32,V,0.883,E,50.2,-102.3,135.8,118.1,-161.8,12.0,19.9,0.401,0.034,0.566,0
33,C,0.907,E,28.0,-89.5,126.0,112.3,-141.0,18.9,15.6,0.327,0.071,0.602,0
34,A,0.919,E,50.4,-92.6,-6.6,107.5,-175.2,10.5,19.5,0.315,0.175,0.510,0
35,S,0.921,E,49.5,-102.6,128.4,115.1,41.3,9.9,20.4,0.332,0.192,0.475,0
36,V,0.935,E,51.0,-82.2,-16.7,104.8,177.1,14.7,15.2,0.299,0.211,0.490,0
37,D,0.951,E,87.4,-78.1,-14.7,100.9,70.6,6.6,18.5,0.294,0.252,0.455,0
38,V,0.959,E,41.8,-72.2,-33.1,98.0,66.4,13.1,17.5,0.234,0.335,0.431,0
39,I,0.949,E,45.0,-74.9,-29.5,99.4,59.5,15.8,16.8,0.205,0.327,0.468,0
40,Q,0.941,E,78.1,-70.2,-35.2,98.4,62.6,10.8,18.6,0.228,0.342,0.431,0
41,N,0.938,E,74.0,-75.6,-30.0,100.6,54.3,7.7,19.7,0.257,0.339,0.404,0
42,V,0.952,E,37.6,-74.7,-34.4,98.4,61.6,14.0,18.4,0.242,0.315,0.443,0
43,C,0.975,E,15.4,-73.1,-33.2,97.9,52.5,21.5,14.5,0.305,0.278,0.416,0
44,T,0.963,E,71.1,-69.4,-34.4,96.3,62.8,9.3,19.6,0.342,0.240,0.418,0
45,E,0.948,E,107.8,-71.4,-33.4,95.3,50.0,4.7,21.1,0.402,0.185,0.413,0
46,V,0.940,C,41.8,-77.2,-32.7,97.3,47.9,13.9,16.4,0.545,0.184,0.270,0
47,C,0.932,C,31.3,-96.1,-6.5,100.8,34.4,17.0,13.1,0.811,0.076,0.113,0
48,G,0.931,C,45.0,81.3,5.5,99.9,-109.1,5.6,20.2,0.893,0.017,0.090,0
49,R,0.933,C,93.8,-106.0,70.4,113.2,68.9,9.9,18.9,0.732,0.013,0.255,0
50,F,0.950,E,33.6,-115.6,137.9,124.4,156.2,19.9,18.4,0.314,0.003,0.683,0
51,V,0.957,E,31.1,-113.7,132.0,121.3,-163.1,15.9,22.7,0.111,0.001,0.888,0
52,R,0.957,E,48.7,-121.9,137.8,126.2,-166.7,17.9,21.8,0.065,0.001,0.934,0
53,Y,0.946,E,52.5,-108.3,127.9,119.1,-155.1,15.5,23.6,0.075,0.000,0.924,0
54,I,0.925,E,18.6,-108.8,116.3,115.3,-163.3,21.0,19.4,0.308,0.002,0.690,0
55,P,0.900,C,42.6,-72.4,145.3,107.6,-146.0,13.1,19.8,0.639,0.011,0.350,0
56,D,0.884,C,74.5,-93.9,121.1,113.5,-80.3,8.5,22.5,0.765,0.025,0.210,0
57,A,0.840,C,35.5,-75.0,-16.5,97.9,-151.9,18.1,13.5,0.838,0.070,0.092,0
58,T,0.822,C,86.9,-88.8,-8.1,100.5,66.7,5.2,18.9,0.890,0.049,0.062,0
59,N,0.809,C,73.4,-108.7,110.3,115.0,52.9,8.6,15.9,0.881,0.032,0.088,0
60,T,0.822,C,69.1,-84.0,-0.4,101.9,-163.9,10.5,16.5,0.885,0.049,0.066,0
61,N,0.837,C,78.6,-89.1,12.4,100.9,60.7,9.4,18.4,0.885,0.033,0.083,0
62,Q,0.875,C,54.2,-114.3,144.0,125.9,101.6,10.7,21.9,0.533,0.018,0.449,0
63,F,0.914,E,15.2,-131.9,146.5,133.2,-172.5,22.6,19.0,0.163,0.002,0.836,0
64,T,0.927,E,37.0,-107.5,130.3,119.2,-147.8,11.4,26.6,0.049,0.001,0.950,0
65,F,0.918,E,17.7,-116.5,135.5,123.8,-167.6,23.5,18.0,0.023,0.000,0.977,0
66,A,0.915,E,29.4,-120.7,142.3,125.6,-171.0,13.2,22.9,0.039,0.001,0.960,0
67,E,0.909,E,70.3,-108.0,133.7,120.4,-145.7,13.3,22.0,0.117,0.003,0.880,0
68,Y,0.899,E,54.4,-112.9,137.8,122.2,-164.8,17.0,16.6,0.223,0.005,0.772,0
69,T,0.889,C,70.8,-113.3,124.2,115.9,-172.8,7.7,19.6,0.592,0.009,0.399,0
70,T,0.874,C,73.5,-114.7,140.4,117.0,11.6,7.5,18.0,0.898,0.008,0.095,0
71,N,0.867,C,87.7,-94.0,6.0,102.8,-40.9,9.4,17.6,0.930,0.008,0.062,0
72,Q,0.872,E,89.5,-122.5,145.2,128.3,73.0,5.8,21.8,0.319,0.007,0.673,0
73,C,0.892,E,14.7,-124.9,141.9,129.4,-167.6,21.7,14.6,0.117,0.001,0.882,0
74,T,0.886,E,70.0,-118.4,133.6,123.2,-157.7,6.0,25.4,0.042,0.001,0.957,0
75,V,0.889,E,19.2,-126.5,139.1,128.6,-173.5,20.9,15.3,0.038,0.000,0.962,0
76,Q,0.877,E,99.6,-103.6,129.0,117.6,-147.8,5.5,24.9,0.066,0.001,0.933,0
77,V,0.881,E,35.3,-101.4,130.7,118.0,-152.1,19.8,13.4,0.348,0.002,0.650,0
78,T,0.888,C,69.2,-117.8,154.9,125.7,-173.2,6.2,19.1,0.839,0.002,0.159,0
79,P,0.868,C,86.9,-70.0,-10.2,100.8,-73.3,7.0,17.0,0.912,0.040,0.048,0
80,A,0.861,C,60.2,-91.6,33.6,105.5,51.4,8.2,16.9,0.826,0.058,0.115,0
81,V,0.870,E,54.1,-108.2,138.2,119.8,135.5,12.9,15.0,0.385,0.023,0.592,0
82,T,0.884,E,65.6,-118.2,140.3,124.4,-163.9,7.8,22.3,0.133,0.005,0.862,0
83,N,0.890,E,22.7,-129.7,145.6,131.0,-175.4,20.3,16.4,0.062,0.001,0.937,0
84,T,0.891,E,54.0,-119.8,137.6,125.2,-160.0,8.5,25.7,0.018,0.000,0.981,0
85,F,0.895,E,12.9,-130.8,145.7,132.4,-174.9,23.7,17.8,0.015,0.000,0.985,0
86,T,0.897,E,47.9,-115.8,133.7,122.5,-158.3,9.1,27.4,0.044,0.000,0.955,0
87,C,0.881,E,18.6,-99.1,130.6,118.2,-148.4,22.0,16.9,0.259,0.004,0.737,0
88,A,0.849,C,34.3,-90.7,154.0,116.3,-148.2,13.0,17.7,0.830,0.012,0.158,0
89,D,0.832,C,91.3,-80.5,115.6,108.4,-99.1,6.2,19.0,0.912,0.035,0.053,0
90,Q,0.791,C,98.7,-77.3,-2.4,100.9,-144.1,10.5,14.1,0.872,0.104,0.024,0
91,T,0.769,C,93.4,-86.1,-3.7,102.7,81.5,4.2,15.4,0.816,0.147,0.036,0
92,S,0.750,C,62.6,-97.0,103.1,111.5,69.7,7.0,15.0,0.775,0.163,0.062,0
93,S,0.749,C,59.9,-88.2,56.2,107.4,161.9,10.4,13.7,0.703,0.161,0.136,0
94,H,0.743,C,102.1,-96.6,111.1,111.7,145.3,8.3,16.8,0.639,0.142,0.219,0
95,A,0.730,C,48.4,-78.0,17.0,104.1,-167.0,11.7,15.6,0.624,0.163,0.213,0
96,L,0.713,C,60.0,-88.4,37.1,105.8,84.5,14.9,14.2,0.716,0.133,0.151,0
97,G,0.715,C,40.9,82.6,-38.5,108.6,-48.8,7.5,16.3,0.758,0.151,0.091,0
98,S,0.738,C,64.7,-89.6,17.3,106.6,-140.4,8.8,15.8,0.686,0.213,0.101,0
99,D,0.747,C,82.8,-94.2,87.5,108.7,119.3,7.3,17.5,0.656,0.224,0.120,0
100,W,0.754,C,64.7,-85.1,-1.3,100.3,147.9,18.4,12.4,0.691,0.230,0.078,0
101,S,0.752,C,66.6,-79.3,-2.3,103.0,95.0,6.9,16.7,0.714,0.165,0.121,0
102,G,0.758,C,42.3,75.1,-8.3,104.5,23.7,6.9,16.8,0.816,0.070,0.114,0
103,V,0.789,C,74.4,-95.4,105.1,111.3,93.6,9.3,15.6,0.781,0.050,0.169,0
104,C,0.816,C,36.3,-95.5,132.0,116.6,160.0,17.9,11.9,0.841,0.022,0.137,0
105,K,0.814,C,126.2,-99.7,128.5,115.5,-149.0,4.9,19.7,0.797,0.020,0.183,0
106,I,0.800,C,69.0,-90.2,126.4,113.3,-143.8,14.6,12.0,0.884,0.007,0.109,0
107,T,0.776,C,79.4,-110.0,137.3,118.3,-172.0,5.9,17.2,0.907,0.008,0.086,0
108,A,0.744,C,58.5,-88.2,124.1,111.1,-143.0,10.4,13.3,0.946,0.002,0.052,0
109,T,0.721,C,75.0,-99.5,134.4,118.5,-149.9,6.7,14.9,0.972,0.000,0.028,1
110,P,0.690,C,76.7,-70.7,151.3,112.4,-97.1,8.2,14.6,0.990,0.001,0.009,0
111,A,0.681,C,66.6,-84.7,142.2,117.3,-109.9,6.1,15.9,0.985,0.000,0.015,0
112,P,0.672,C,55.5,-68.1,151.3,114.2,-100.8,13.7,10.9,0.992,0.001,0.007,0
113,T,0.679,C,99.6,-100.2,133.9,116.7,-140.9,3.0,18.2,0.963,0.001,0.036,0
114,V,0.690,C,75.5,-99.4,133.1,117.2,-145.4,11.6,10.6,0.975,0.000,0.025,0
115,T,0.708,C,91.9,-106.3,135.7,119.9,-158.1,3.5,14.9,0.988,0.000,0.012,0
116,P,0.708,C,87.7,-70.5,149.3,110.8,-103.0,7.1,11.6,0.996,0.000,0.003,0
117,T,0.718,C,103.4,-96.5,132.0,114.7,-144.1,3.0,13.3,0.986,0.000,0.013,0
118,V,0.718,C,81.7,-95.5,133.0,115.6,-152.3,9.2,9.2,0.985,0.000,0.015,0
119,T,0.727,C,98.6,-101.0,132.0,117.8,-148.0,2.7,14.3,0.991,0.000,0.009,1
120,P,0.723,C,82.8,-69.0,146.6,108.4,-105.9,9.2,10.5,0.997,0.000,0.003,0
121,T,0.735,C,104.2,-99.0,137.8,115.8,-155.3,2.2,14.0,0.983,0.000,0.016,0
122,V,0.732,C,97.7,-88.4,130.0,112.8,-130.7,7.4,9.6,0.984,0.000,0.016,0
123,T,0.738,C,91.0,-102.2,139.8,119.3,-156.2,3.6,12.4,0.991,0.000,0.009,0
124,P,0.717,C,93.8,-68.8,151.5,105.9,-102.2,5.8,10.7,0.997,0.001,0.003,0
125,T,0.717,C,109.1,-95.1,124.0,111.6,-155.6,2.0,12.1,0.981,0.000,0.018,0
126,V,0.715,C,92.0,-93.7,130.3,114.4,-156.4,7.6,7.6,0.982,0.000,0.017,0
127,T,0.713,C,107.9,-105.6,128.1,117.6,-155.7,1.8,13.3,0.987,0.000,0.013,1
128,P,0.691,C,72.7,-69.4,146.4,112.5,-107.9,11.0,9.5,0.995,0.000,0.005,0
129,T,0.686,C,97.2,-93.7,122.9,113.3,-133.6,3.0,14.0,0.988,0.000,0.012,1
130,P,0.650,C,98.4,-65.8,94.7,103.3,-115.1,5.9,8.7,0.994,0.001,0.005,0
131,T,0.641,C,112.3,-87.7,14.3,104.9,82.2,1.5,10.5,0.983,0.001,0.016,1
132,N,0.620,C,119.6,-89.3,41.0,106.2,112.5,3.3,7.2,0.986,0.001,0.013,0
133,T,0.619,C,108.7,-96.7,132.4,116.7,140.2,1.8,9.3,0.984,0.000,0.016,1
134,P,0.611,C,85.6,-69.4,148.9,112.5,-104.0,7.8,9.5,0.994,0.000,0.005,0
135,N,0.623,C,121.7,-93.9,130.2,114.8,-130.5,2.6,11.9,0.988,0.000,0.011,0
136,P,0.625,C,101.0,-73.4,91.1,105.0,-111.6,5.4,8.5,0.992,0.002,0.006,0
137,T,0.641,C,112.0,-93.3,127.7,113.8,137.6,1.5,9.7,0.981,0.001,0.019,1
138,P,0.645,C,101.1,-66.8,138.9,105.2,-106.0,4.9,8.6,0.980,0.014,0.006,0
139,S,0.649,C,88.7,-90.0,120.3,109.9,-158.0,2.4,9.9,0.953,0.016,0.031,1
140,Q,0.651,C,131.9,-82.3,11.2,104.5,-152.6,3.8,7.8,0.952,0.023,0.025,0
141,T,0.667,C,111.2,-88.4,81.7,107.7,95.4,1.9,7.9,0.970,0.008,0.021,0
142,S,0.686,C,86.3,-84.0,109.4,107.9,-110.1,3.7,8.4,0.966,0.022,0.011,0
143,T,0.697,C,110.6,-89.1,98.0,108.5,138.6,2.3,7.3,0.946,0.019,0.034,0
144,T,0.702,C,103.2,-87.1,57.1,106.5,-177.6,3.6,7.4,0.964,0.021,0.015,0
145,T,0.706,C,106.4,-89.4,48.6,106.7,93.2,2.4,9.1,0.953,0.031,0.016,0
146,G,0.700,C,57.6,-69.8,116.5,108.8,-13.4,3.2,10.1,0.918,0.077,0.004,0
147,S,0.710,C,78.3,-90.9,130.8,112.8,-165.4,4.3,9.9,0.882,0.116,0.003,0
148,A,0.734,C,78.6,-79.3,48.4,105.2,-114.9,4.7,11.4,0.737,0.262,0.001,0
149,S,0.768,C,66.5,-85.3,88.6,108.2,106.2,6.2,12.4,0.644,0.353,0.003,0
150,T,0.809,H,80.4,-75.9,-23.1,101.9,72.3,6.0,14.0,0.452,0.535,0.014,0
151,V,0.836,H,84.2,-71.3,-34.2,97.5,56.7,5.4,16.3,0.300,0.674,0.026,0
152,V,0.856,H,43.2,-67.1,-39.4,94.6,53.0,13.6,15.5,0.178,0.788,0.033,0
153,A,0.871,H,41.6,-64.3,-39.8,93.5,55.2,11.6,16.9,0.084,0.902,0.015,0
154,S,0.872,H,57.3,-66.3,-38.7,93.8,52.4,5.4,20.1,0.053,0.935,0.012,0
155,L,0.879,H,48.3,-66.5,-39.6,93.7,51.5,11.5,18.3,0.019,0.979,0.003,0
156,S,0.885,H,24.3,-64.6,-40.5,93.7,52.8,16.5,17.6,0.013,0.985,0.002,0
157,L,0.898,H,79.0,-65.1,-39.3,93.2,51.7,7.3,21.3,0.008,0.992,0.000,0
158,I,0.911,H,73.7,-66.5,-39.6,93.3,50.4,6.8,21.8,0.008,0.992,0.000,0
159,I,0.918,H,31.2,-65.8,-41.6,94.1,50.3,16.3,18.8,0.004,0.996,0.000,0
160,F,0.900,H,47.5,-64.0,-41.1,93.3,51.4,15.8,20.1,0.002,0.998,0.000,0
161,S,0.867,H,50.1,-65.8,-39.6,92.9,50.9,6.4,22.2,0.002,0.998,0.000,0
162,M,0.834,H,64.0,-67.8,-38.9,93.3,49.5,9.9,19.7,0.003,0.997,0.000,0
163,I,0.794,H,33.8,-67.5,-39.7,94.3,49.4,15.9,17.0,0.008,0.992,0.000,0
164,L,0.748,H,73.2,-67.9,-34.0,93.8,51.1,10.4,17.2,0.021,0.979,0.000,0
165,S,0.674,H,69.1,-73.7,-23.0,93.8,52.7,4.5,17.5,0.137,0.863,0.000,0
166,L,0.623,C,81.6,-86.2,-9.8,98.4,49.3,9.4,14.0,0.566,0.434,0.000,0
167,C,0.591,C,74.7,-91.2,6.7,102.9,46.2,9.0,13.3,0.988,0.012,0.000,0
