Q15125,SEQ,flexibility,SS,ASA,Phi,Psi,Theta(i-1=>i+1),Tau(i-2=>i+2),HSE_alpha_up,HSE_alpha_down,P(C),P(H),P(E),positive
0,M,0.540,C,148.8,-93.2,133.9,114.9,139.9,4.6,5.6,0.986,0.013,0.002,0
1,A,0.552,C,88.7,-84.1,134.7,111.3,-112.6,3.2,9.1,0.950,0.045,0.005,0
2,V,0.583,C,84.4,-80.6,59.8,106.1,-142.6,9.0,10.7,0.806,0.177,0.017,0
3,A,0.621,C,56.5,-74.1,4.2,104.6,63.8,9.2,12.2,0.736,0.259,0.005,0
4,Q,0.645,C,109.1,-69.3,-31.9,97.2,66.2,4.9,14.9,0.597,0.364,0.039,0
5,Q,0.643,C,100.2,-69.9,-33.4,95.8,54.4,4.8,15.8,0.527,0.399,0.075,0
6,L,0.644,C,50.8,-71.6,-32.8,96.9,57.9,14.2,11.4,0.545,0.409,0.046,0
7,R,0.654,C,118.0,-68.1,-35.4,96.9,63.4,8.4,13.8,0.590,0.369,0.042,0
8,A,0.669,C,77.8,-70.5,-26.2,95.7,56.1,3.0,15.2,0.630,0.355,0.014,0
9,E,0.691,C,121.5,-87.5,-0.2,100.6,52.0,4.5,13.5,0.724,0.262,0.014,0
10,S,0.702,C,42.3,-91.1,144.6,117.8,112.7,12.6,9.7,0.819,0.167,0.014,0
11,D,0.727,C,84.1,-85.2,24.8,103.3,-146.2,6.9,17.7,0.822,0.170,0.008,0
12,F,0.739,C,66.8,-69.8,-26.7,95.8,95.0,16.4,12.0,0.554,0.438,0.007,0
13,E,0.746,C,128.8,-70.5,-24.5,94.0,62.4,3.5,16.9,0.590,0.405,0.005,0
14,Q,0.740,C,101.0,-87.5,-4.1,99.4,56.4,5.9,17.3,0.634,0.359,0.007,0
15,L,0.765,C,38.6,-83.5,139.7,117.9,108.0,18.6,10.0,0.990,0.001,0.009,0
16,P,0.794,C,47.1,-69.1,148.7,111.9,-103.0,11.4,16.3,0.986,0.008,0.006,0
17,D,0.827,C,108.4,-73.0,-14.1,99.8,-106.9,4.1,17.6,0.967,0.028,0.005,0
18,D,0.834,C,88.1,-84.7,19.5,100.1,31.0,6.6,17.5,0.949,0.032,0.019,0
19,V,0.839,C,33.7,-103.6,134.2,120.3,111.7,15.7,18.3,0.635,0.012,0.354,0
20,A,0.827,E,17.0,-76.7,128.5,111.1,-114.7,21.2,18.8,0.430,0.007,0.562,0
21,I,0.823,E,52.1,-98.2,-26.6,102.6,178.4,13.0,22.8,0.158,0.004,0.838,0
22,S,0.812,E,29.6,-149.7,152.3,139.3,0.0,10.5,26.8,0.061,0.002,0.936,0
23,A,0.809,E,3.6,-135.3,144.3,134.2,-171.4,25.4,17.8,0.025,0.000,0.974,0
24,N,0.815,E,59.4,-117.5,130.6,121.9,-161.5,7.6,28.8,0.019,0.000,0.980,0
25,I,0.831,E,15.3,-89.5,120.3,112.3,-141.0,23.2,17.9,0.047,0.001,0.953,0
26,A,0.840,E,42.2,-87.7,-30.3,100.1,-177.7,10.6,21.9,0.335,0.006,0.659,0
27,D,0.856,E,55.5,-157.9,157.1,140.8,-3.9,7.7,25.1,0.341,0.006,0.652,0
28,I,0.841,E,43.2,-113.4,135.0,123.6,-142.3,19.3,16.5,0.176,0.004,0.820,0
29,E,0.826,E,59.2,-134.4,148.2,132.4,-178.0,10.1,20.5,0.054,0.002,0.944,0
30,E,0.818,E,94.2,-103.8,133.9,119.9,-135.2,10.1,18.2,0.055,0.002,0.943,0
31,K,0.785,E,75.6,-106.8,137.5,119.7,-152.2,13.0,13.0,0.123,0.005,0.873,0
32,R,0.756,C,147.9,-100.8,118.1,113.0,-149.4,5.5,13.8,0.518,0.022,0.459,0
33,G,0.764,C,56.5,79.7,-125.3,109.8,-33.5,1.8,13.1,0.911,0.016,0.073,0
34,F,0.776,C,131.2,-87.1,4.4,103.3,-26.4,7.0,14.3,0.927,0.025,0.047,0
35,T,0.811,C,77.8,-93.7,59.9,108.4,76.1,7.3,15.6,0.890,0.016,0.094,0
36,S,0.852,C,42.9,-101.7,129.1,114.7,145.0,11.2,18.2,0.616,0.019,0.365,0
37,H,0.891,E,36.8,-121.9,142.7,127.5,-171.7,17.0,20.2,0.222,0.003,0.775,0
38,F,0.934,E,22.9,-118.9,138.3,125.9,-161.2,20.4,22.5,0.028,0.000,0.972,0
39,V,0.972,E,19.4,-114.9,132.4,122.8,-158.3,18.4,26.2,0.005,0.000,0.995,0
40,F,0.988,E,10.9,-119.3,136.9,126.3,-167.6,23.5,22.3,0.003,0.000,0.997,0
41,V,0.986,E,25.5,-108.4,125.3,118.1,-155.0,14.8,28.0,0.002,0.000,0.998,0
42,I,0.965,E,4.0,-115.9,128.4,122.3,-166.8,26.1,20.1,0.002,0.000,0.998,0
43,E,0.929,E,49.1,-105.3,124.2,116.6,-156.5,11.2,28.0,0.003,0.000,0.997,0
44,V,0.898,E,6.4,-122.4,138.3,127.7,-172.1,25.1,18.0,0.007,0.000,0.993,0
45,K,0.857,E,73.7,-113.4,131.2,121.2,-159.7,8.4,25.6,0.023,0.000,0.977,0
46,T,0.817,E,19.8,-93.5,163.3,123.6,-148.1,17.6,15.1,0.277,0.003,0.720,0
47,K,0.775,C,131.3,-68.9,-20.8,96.5,-95.1,6.0,16.0,0.911,0.015,0.074,0
48,G,0.754,C,57.6,-87.1,2.0,97.3,35.7,1.6,13.7,0.977,0.014,0.009,0
49,G,0.759,C,46.0,88.2,0.3,101.6,-92.9,4.7,14.1,0.972,0.013,0.015,0
50,S,0.796,C,53.4,-90.6,142.9,118.5,126.4,8.3,14.8,0.945,0.003,0.051,0
51,K,0.843,E,100.9,-116.4,137.9,124.1,-150.7,9.0,18.1,0.160,0.002,0.838,0
52,Y,0.893,E,44.8,-125.8,142.7,128.7,-171.2,16.9,18.2,0.023,0.000,0.977,0
53,L,0.935,E,44.2,-102.3,128.3,117.5,-146.1,14.0,24.1,0.008,0.000,0.992,0
54,I,0.948,E,13.4,-103.6,127.8,118.3,-153.5,23.4,19.1,0.010,0.000,0.990,0
55,Y,0.963,E,50.6,-114.4,137.2,123.9,-160.8,15.2,25.8,0.012,0.000,0.987,0
56,R,0.955,E,24.7,-125.4,144.1,129.4,-172.3,21.2,20.2,0.065,0.000,0.934,0
57,R,0.949,E,49.0,-89.5,142.1,118.2,-134.1,13.0,26.2,0.364,0.004,0.632,0
58,Y,0.940,H,32.8,-62.3,-35.2,93.5,-119.1,22.5,16.7,0.138,0.861,0.001,0
59,R,0.922,H,121.2,-65.4,-36.6,93.1,58.1,6.8,21.8,0.073,0.926,0.001,0
60,Q,0.909,H,67.3,-69.3,-33.6,92.9,52.0,8.9,21.5,0.024,0.976,0.000,0
61,F,0.896,H,6.5,-65.7,-42.1,94.4,52.5,25.3,17.7,0.008,0.992,0.000,0
62,H,0.881,H,61.0,-62.3,-41.2,92.7,54.0,14.6,21.9,0.006,0.994,0.000,0
63,A,0.863,H,49.2,-65.1,-40.3,92.2,50.6,5.1,24.6,0.004,0.996,0.000,0
64,L,0.824,H,11.8,-65.4,-43.4,93.6,50.4,19.6,20.2,0.002,0.998,0.000,0
65,Q,0.802,H,22.1,-63.3,-41.8,93.3,51.9,21.2,19.7,0.002,0.998,0.000,0
66,S,0.781,H,56.1,-64.9,-39.7,92.5,51.2,5.8,22.9,0.005,0.995,0.000,0
67,K,0.764,H,89.8,-67.3,-39.0,92.8,49.7,6.4,22.0,0.010,0.990,0.000,0
68,L,0.764,H,6.3,-66.7,-41.7,93.9,50.1,23.2,15.2,0.013,0.987,0.000,0
69,E,0.775,H,72.8,-64.7,-38.2,92.8,53.0,14.0,16.6,0.026,0.974,0.000,0
70,E,0.754,H,136.5,-68.3,-33.8,91.8,51.6,1.6,19.4,0.050,0.950,0.000,0
71,R,0.740,H,109.8,-79.4,-30.0,95.7,44.8,7.4,16.8,0.118,0.882,0.000,0
72,F,0.714,H,46.0,-102.6,-9.2,102.9,33.0,16.9,12.2,0.354,0.645,0.001,0
73,G,0.701,C,24.9,106.2,-177.8,129.0,-124.0,6.1,18.3,0.958,0.034,0.008,0
74,P,0.690,C,95.1,-67.1,-23.2,94.5,-74.1,6.7,14.9,0.780,0.214,0.006,0
75,D,0.694,C,110.8,-82.2,-7.2,96.7,55.7,2.2,16.0,0.738,0.254,0.009,0
76,S,0.697,C,35.6,-83.0,119.4,110.2,95.4,14.7,9.7,0.812,0.179,0.009,0
77,K,0.696,C,133.5,-73.6,-18.3,98.0,-176.8,5.2,14.2,0.823,0.161,0.015,0
78,S,0.703,C,81.4,-85.0,-1.6,100.3,57.8,3.1,14.9,0.875,0.114,0.011,0
79,S,0.711,C,38.5,-92.0,132.1,116.1,97.7,12.7,11.1,0.867,0.120,0.012,0
80,A,0.719,C,68.6,-68.3,-22.4,96.1,-141.6,6.6,15.9,0.660,0.333,0.007,0
81,L,0.739,C,73.4,-79.7,-13.9,98.5,57.9,10.7,16.2,0.589,0.392,0.019,0
82,A,0.774,C,36.8,-80.3,8.5,103.7,76.5,12.7,16.4,0.607,0.360,0.033,0
83,C,0.803,C,32.6,-93.5,61.8,108.6,118.5,16.6,17.2,0.729,0.204,0.066,0
84,T,0.792,C,57.7,-108.4,132.8,119.9,150.2,10.3,23.0,0.816,0.041,0.143,0
85,L,0.796,C,19.5,-89.2,135.1,117.7,-132.4,23.3,15.7,0.959,0.001,0.040,0
86,P,0.801,C,23.0,-68.3,151.3,115.7,-105.6,17.6,19.3,0.985,0.004,0.011,0
87,T,0.799,C,77.1,-77.9,137.0,113.1,-105.6,7.4,24.2,0.949,0.009,0.042,0
88,L,0.810,C,15.9,-82.7,139.4,117.8,-124.2,24.1,12.9,0.975,0.001,0.024,0
89,P,0.812,C,31.0,-69.1,150.3,113.8,-101.6,15.4,18.4,0.987,0.008,0.005,0
90,A,0.819,C,63.6,-71.5,140.7,110.4,-102.3,7.5,21.1,0.934,0.048,0.019,0
91,K,0.840,C,88.6,-81.6,124.8,111.4,-117.9,15.2,15.1,0.794,0.110,0.095,0
92,V,0.866,C,57.0,-112.5,135.6,120.6,-169.8,11.8,18.8,0.750,0.079,0.172,0
93,Y,0.877,C,78.6,-101.9,124.8,115.7,-147.3,13.8,18.7,0.830,0.083,0.087,0
94,V,0.866,C,50.7,-107.5,105.8,113.5,-173.9,14.2,16.6,0.883,0.083,0.034,0
95,G,0.860,C,39.2,84.4,-150.7,114.0,-47.9,6.6,17.3,0.909,0.081,0.010,0
96,V,0.872,C,91.8,-91.4,9.8,104.3,-66.6,8.2,15.9,0.874,0.114,0.011,0
97,K,0.888,C,108.4,-102.2,130.7,117.4,88.6,5.5,16.3,0.830,0.164,0.006,0
98,Q,0.900,H,102.1,-63.5,-32.9,95.5,-126.1,9.3,13.7,0.289,0.710,0.001,0
99,E,0.905,H,125.8,-66.7,-36.3,94.1,56.7,2.2,18.1,0.198,0.801,0.001,0
100,I,0.907,H,40.8,-66.6,-40.1,93.6,51.4,12.1,16.7,0.102,0.896,0.002,0
101,A,0.908,H,15.9,-64.2,-40.6,93.3,52.9,18.7,14.9,0.063,0.937,0.001,0
102,E,0.901,H,103.5,-64.8,-38.2,92.8,52.9,6.3,20.0,0.082,0.917,0.001,0
103,M,0.911,H,106.3,-68.0,-35.8,92.4,50.0,3.5,21.3,0.149,0.850,0.001,0
104,R,0.915,H,29.6,-86.2,-13.7,97.8,48.0,19.4,15.8,0.328,0.671,0.001,0
105,I,0.923,H,36.9,-61.0,-41.9,93.2,73.2,19.3,18.0,0.111,0.889,0.000,0
106,P,0.915,H,75.5,-63.9,-39.4,92.1,52.4,4.5,23.8,0.074,0.926,0.000,0
107,A,0.910,H,29.5,-67.2,-38.8,93.4,50.6,11.9,22.3,0.028,0.972,0.000,0
108,L,0.910,H,4.2,-64.8,-43.2,94.2,51.8,25.7,21.0,0.005,0.995,0.000,0
109,N,0.891,H,43.0,-62.6,-41.5,92.6,53.1,15.5,23.6,0.002,0.998,0.000,0
110,A,0.899,H,45.3,-65.0,-40.4,92.3,50.8,6.7,26.5,0.002,0.998,0.000,0
111,Y,0.896,H,13.1,-66.1,-43.0,94.2,50.2,21.6,23.3,0.003,0.997,0.000,0
112,M,0.906,H,2.6,-64.5,-43.0,93.8,51.4,26.8,23.7,0.002,0.998,0.000,0
113,K,0.893,H,78.8,-64.2,-40.2,92.5,52.7,12.2,25.8,0.004,0.996,0.000,0
114,S,0.887,H,29.7,-67.5,-36.5,92.8,51.0,12.7,25.7,0.013,0.987,0.000,0
115,L,0.877,H,1.3,-68.7,-38.9,94.7,50.9,27.3,21.8,0.054,0.946,0.000,0
116,L,0.878,H,15.3,-71.5,-28.4,94.6,56.8,22.9,22.4,0.330,0.670,0.000,0
117,S,0.896,C,58.1,-93.3,4.3,98.0,51.4,7.0,24.8,0.732,0.267,0.001,0
118,L,0.905,C,5.7,-77.0,140.5,118.7,125.9,25.8,13.3,0.998,0.001,0.001,0
119,P,0.918,C,34.4,-68.3,145.7,112.3,-103.2,12.9,21.7,0.991,0.009,0.000,0
120,V,0.944,H,67.8,-63.9,-32.3,94.2,-120.6,13.2,19.7,0.179,0.821,0.000,0
121,W,0.945,H,86.1,-67.4,-34.6,93.2,55.3,10.9,22.2,0.141,0.855,0.004,0
122,V,0.932,H,4.5,-67.2,-40.6,94.9,52.2,25.2,19.9,0.112,0.881,0.008,0
123,L,0.927,H,22.5,-68.9,-30.6,94.5,56.3,21.6,20.3,0.265,0.731,0.004,0
124,M,0.927,C,87.8,-88.7,0.1,96.2,52.3,8.5,23.3,0.696,0.303,0.001,0
125,D,0.927,C,21.7,-81.3,141.2,119.3,105.3,20.0,13.6,0.996,0.003,0.001,0
126,E,0.909,H,110.9,-64.3,-32.1,92.4,-129.8,6.4,21.3,0.086,0.914,0.000,0
127,D,0.914,H,30.6,-67.3,-37.9,93.5,53.4,15.8,20.0,0.075,0.924,0.000,0
128,V,0.911,H,4.3,-65.5,-41.2,93.9,51.7,25.7,18.7,0.042,0.957,0.000,0
129,R,0.916,H,69.4,-64.5,-38.0,92.6,54.0,14.9,22.9,0.079,0.919,0.002,0
130,I,0.924,H,59.9,-67.6,-36.9,93.0,52.0,9.2,24.9,0.187,0.808,0.005,0
131,F,0.935,H,8.6,-71.2,-35.6,95.4,49.2,23.6,21.8,0.340,0.638,0.021,0
132,F,0.921,C,10.8,-86.9,-9.1,99.6,51.1,24.0,21.6,0.557,0.360,0.083,0
133,Y,0.892,C,80.0,-106.1,131.5,117.7,81.4,12.1,23.3,0.782,0.095,0.123,0
134,Q,0.846,C,64.4,-84.2,128.2,112.7,-129.0,16.0,18.3,0.903,0.015,0.083,0
135,S,0.812,C,29.4,-97.7,137.8,118.7,-147.1,14.7,16.7,0.966,0.004,0.030,0
136,P,0.787,C,74.0,-68.7,-19.5,97.5,-129.6,9.8,17.1,0.872,0.120,0.008,0
137,Y,0.775,C,101.5,-86.9,0.3,100.0,55.0,10.2,16.1,0.819,0.165,0.017,0
138,D,0.790,C,57.4,-82.0,37.1,104.0,98.4,12.6,14.3,0.788,0.193,0.020,0
139,S,0.778,C,69.2,-83.8,-1.9,99.6,143.1,7.2,15.4,0.751,0.228,0.020,0
140,E,0.777,C,97.3,-88.9,119.9,111.1,99.5,8.5,14.5,0.803,0.174,0.023,0
141,Q,0.774,C,100.2,-93.1,129.1,114.9,-143.0,7.6,17.5,0.870,0.074,0.056,0
142,V,0.794,C,39.0,-89.8,136.1,117.5,-136.0,18.3,13.3,0.974,0.003,0.022,0
143,P,0.796,C,41.3,-68.2,150.9,114.4,-105.3,10.8,15.7,0.959,0.036,0.004,0
144,Q,0.798,H,125.4,-65.9,-28.0,95.7,-112.8,4.4,16.6,0.432,0.566,0.002,0
145,A,0.794,H,54.8,-72.2,-22.6,95.9,57.4,7.7,16.3,0.416,0.577,0.008,0
146,L,0.787,H,39.3,-88.1,12.7,103.7,65.6,18.2,12.3,0.373,0.582,0.045,0
147,R,0.785,C,106.8,-94.3,131.1,115.1,152.6,9.9,18.1,0.596,0.207,0.197,0
148,R,0.770,C,110.0,-104.0,138.9,120.6,-144.0,10.0,19.7,0.623,0.090,0.287,0
149,L,0.758,C,42.1,-84.8,133.3,114.6,-124.8,18.0,15.9,0.753,0.035,0.212,0
150,R,0.738,C,103.1,-105.8,134.7,120.0,-150.8,9.7,19.6,0.919,0.003,0.077,0
151,P,0.727,C,47.5,-70.5,144.3,111.0,-106.4,14.8,15.1,0.951,0.028,0.022,0
152,R,0.721,C,132.0,-79.0,118.2,107.8,-117.4,7.5,15.8,0.858,0.095,0.047,0
153,T,0.723,C,76.1,-91.2,89.2,109.3,-151.4,9.2,13.9,0.770,0.113,0.117,1
154,R,0.707,C,126.2,-94.4,121.5,112.5,169.9,8.3,13.4,0.729,0.086,0.185,0
155,K,0.712,C,121.5,-94.2,123.6,112.8,-155.5,6.6,14.5,0.726,0.054,0.221,0
156,V,0.704,C,68.6,-92.6,124.7,113.0,-159.0,11.9,11.3,0.813,0.036,0.151,0
157,K,0.692,C,132.0,-90.3,123.2,111.0,-144.7,5.4,13.7,0.891,0.017,0.092,0
158,S,0.673,C,68.3,-91.7,125.4,112.1,-145.3,7.8,13.1,0.915,0.008,0.077,0
159,V,0.650,C,82.5,-96.0,122.0,112.9,-153.2,8.9,14.2,0.942,0.006,0.052,0
160,S,0.632,C,47.5,-93.7,142.4,118.9,-139.9,9.9,14.3,0.973,0.001,0.026,0
161,P,0.608,C,78.2,-68.9,-15.9,99.2,-116.2,9.2,14.0,0.967,0.027,0.006,0
162,Q,0.589,C,124.2,-83.4,19.9,103.5,57.5,4.1,13.1,0.964,0.029,0.008,0
163,G,0.582,C,49.3,77.6,-119.1,108.8,-5.1,4.9,13.3,0.932,0.052,0.016,0
164,N,0.606,C,101.2,-89.3,96.8,108.7,-100.5,6.0,14.3,0.926,0.058,0.016,0
165,S,0.658,C,63.5,-83.7,56.5,106.8,-161.1,8.0,14.1,0.885,0.089,0.026,0
166,V,0.699,C,75.8,-80.4,-8.2,102.3,132.4,11.0,13.6,0.784,0.181,0.035,0
167,D,0.737,C,84.7,-81.7,6.7,103.1,75.6,7.6,15.0,0.761,0.211,0.028,0
168,R,0.747,C,123.3,-78.8,-6.1,100.6,84.7,8.6,15.1,0.713,0.259,0.029,0
169,M,0.738,C,80.4,-85.1,26.9,105.2,80.6,12.4,13.8,0.729,0.232,0.039,0
170,A,0.737,C,60.4,-90.3,83.3,108.8,103.6,8.6,16.3,0.850,0.090,0.059,0
171,A,0.746,C,37.5,-96.3,138.4,119.1,168.6,13.8,16.4,0.956,0.003,0.041,0
172,P,0.758,C,39.7,-74.3,139.6,112.0,-111.4,15.7,18.4,0.937,0.011,0.052,0
173,R,0.784,E,81.3,-121.3,141.1,126.3,-162.7,12.2,24.6,0.213,0.010,0.777,0
174,A,0.801,E,6.2,-129.4,145.4,131.8,-169.4,24.2,19.3,0.036,0.001,0.963,0
175,E,0.806,E,64.8,-114.9,131.0,121.4,-156.8,10.7,27.6,0.024,0.001,0.975,0
176,A,0.811,E,14.0,-80.9,127.7,112.9,-127.5,22.3,18.3,0.079,0.004,0.918,0
177,L,0.829,E,53.8,-89.9,-23.6,100.7,-175.3,14.0,19.5,0.308,0.019,0.673,0
178,F,0.851,E,38.0,-148.1,152.8,138.3,6.0,16.2,18.9,0.398,0.019,0.583,0
179,D,0.847,C,74.7,-96.4,116.7,112.2,-131.2,9.0,24.1,0.663,0.016,0.321,0
180,F,0.823,C,27.9,-107.3,132.4,119.9,-165.9,22.6,13.6,0.663,0.022,0.316,0
181,T,0.806,C,72.6,-115.7,137.7,121.1,-174.2,6.0,23.7,0.823,0.012,0.165,0
182,G,0.773,C,27.3,-66.4,-0.8,104.3,-127.3,17.5,13.3,0.883,0.064,0.053,0
183,N,0.771,C,107.7,-91.5,4.9,101.8,121.4,4.3,18.3,0.914,0.042,0.044,0
184,S,0.791,C,47.5,-94.9,145.2,119.0,101.4,10.1,13.2,0.904,0.035,0.061,0
185,K,0.811,C,142.9,-79.2,-6.3,100.1,-133.4,4.3,16.2,0.904,0.075,0.021,0
186,L,0.835,C,88.2,-86.0,38.9,106.2,75.1,7.9,14.4,0.865,0.099,0.036,0
187,E,0.854,C,92.8,-78.0,27.5,104.2,104.0,9.6,16.4,0.750,0.159,0.091,0
188,L,0.868,C,22.5,-93.2,95.4,110.2,71.8,22.2,13.5,0.763,0.112,0.125,0
189,N,0.885,C,81.4,-91.9,67.0,106.3,-166.3,8.0,23.3,0.799,0.055,0.147,0
190,F,0.885,C,12.4,-103.0,142.1,123.8,154.4,24.8,11.2,0.834,0.011,0.155,0
191,K,0.882,C,111.3,-114.0,149.2,127.4,-157.8,3.4,26.4,0.933,0.002,0.065,0
192,A,0.887,C,58.7,-61.8,137.7,110.7,-91.5,12.0,17.2,0.991,0.000,0.008,0
193,G,0.906,C,41.8,88.9,-5.8,93.5,25.5,4.2,20.8,0.997,0.000,0.002,0
194,D,0.937,C,36.1,-78.6,146.0,119.3,133.2,14.5,18.5,0.982,0.000,0.017,0
195,V,0.962,E,41.4,-100.1,126.5,116.4,-137.3,13.5,25.9,0.059,0.000,0.941,0
196,I,0.980,E,4.0,-112.7,128.7,121.4,-161.2,26.3,17.6,0.009,0.000,0.991,0
197,F,0.986,E,64.8,-108.7,124.8,117.7,-158.5,10.2,28.6,0.005,0.000,0.995,0
198,L,0.975,E,11.7,-80.6,123.1,111.4,-135.6,24.1,17.1,0.008,0.000,0.992,0
199,L,0.962,E,55.4,-94.5,-29.8,100.0,177.0,11.1,21.2,0.032,0.000,0.968,0
200,S,0.945,E,37.2,-158.7,158.4,144.2,-2.6,7.4,25.1,0.059,0.001,0.940,0
201,R,0.925,E,94.4,-108.8,132.6,120.5,-137.9,14.8,16.5,0.134,0.001,0.865,0
202,I,0.912,E,63.5,-109.5,134.5,116.9,-173.6,11.3,15.2,0.492,0.013,0.494,0
203,N,0.906,C,95.0,-105.9,133.6,114.6,-79.2,6.1,15.2,0.815,0.037,0.147,0
204,K,0.911,C,143.3,-73.7,-8.4,100.2,-79.8,4.8,14.9,0.927,0.049,0.025,0
205,D,0.916,C,80.8,-90.1,7.7,101.2,27.9,7.5,17.4,0.909,0.047,0.044,0
206,W,0.900,C,59.4,-118.6,145.2,127.2,80.7,12.9,19.4,0.530,0.016,0.455,0
207,L,0.883,E,13.7,-121.6,139.8,127.7,-161.0,22.5,19.4,0.103,0.001,0.896,0
208,E,0.857,E,43.1,-125.8,142.3,129.0,-167.5,11.9,28.0,0.025,0.000,0.975,0
209,G,0.835,E,3.4,-140.3,155.1,136.8,-179.3,24.2,19.5,0.016,0.000,0.984,0
210,T,0.831,E,40.7,-126.6,139.2,127.8,-153.7,10.1,26.7,0.009,0.000,0.991,0
211,V,0.827,E,17.3,-129.0,126.7,124.5,-173.0,20.7,15.4,0.037,0.000,0.963,0
212,R,0.820,C,152.5,54.8,41.5,94.0,-11.2,4.4,17.0,0.995,0.004,0.002,0
213,G,0.809,C,62.5,81.8,1.2,94.2,-51.3,1.4,15.4,0.997,0.002,0.001,0
214,A,0.804,E,40.5,-106.1,144.0,125.8,109.7,12.4,14.4,0.093,0.001,0.907,0
215,T,0.802,E,58.9,-120.0,141.6,126.4,-157.2,9.6,23.3,0.032,0.000,0.968,0
216,G,0.816,E,5.5,176.8,178.5,145.5,113.3,18.0,23.0,0.028,0.000,0.972,0
217,I,0.849,E,13.8,-112.9,139.2,124.6,-72.6,22.1,26.9,0.016,0.000,0.984,0
218,F,0.892,E,5.0,-134.3,149.4,134.1,-174.4,25.2,26.6,0.062,0.000,0.938,0
219,P,0.912,E,9.9,-71.0,147.7,116.3,-104.3,21.2,26.4,0.330,0.002,0.668,0
220,L,0.919,H,31.5,-64.6,-31.6,94.5,-120.5,20.6,21.4,0.211,0.785,0.004,0
221,S,0.917,H,51.7,-72.4,-19.3,91.6,61.1,9.7,24.6,0.240,0.757,0.003,0
222,F,0.931,H,16.6,-97.9,-7.7,98.9,43.6,21.3,21.1,0.228,0.760,0.011,0
223,V,0.947,E,1.8,-108.2,135.8,124.5,81.3,28.2,15.4,0.192,0.001,0.806,0
224,K,0.941,E,93.7,-122.5,138.3,126.3,-166.2,6.7,26.6,0.041,0.000,0.959,0
225,I,0.916,E,62.6,-74.3,128.8,111.4,-116.6,16.1,18.8,0.088,0.001,0.911,0
226,L,0.903,C,46.0,-89.3,-14.1,105.7,-160.5,17.0,14.2,0.651,0.021,0.328,0
227,K,0.893,C,108.7,-126.7,151.4,124.4,4.0,6.7,17.4,0.868,0.007,0.125,0
228,D,0.868,C,104.5,-83.2,111.1,108.8,-99.3,4.7,17.2,0.941,0.004,0.055,0
229,F,0.836,C,58.6,-96.3,134.7,117.6,-159.6,16.9,11.6,0.979,0.003,0.018,0
230,P,0.810,C,71.5,-69.5,147.7,109.7,-107.4,7.7,16.6,0.951,0.045,0.004,0
231,E,0.811,C,125.2,-73.0,-14.8,99.5,-117.2,6.5,13.2,0.809,0.185,0.006,0
232,E,0.820,C,132.8,-82.2,-2.6,101.6,66.1,3.4,13.4,0.801,0.193,0.006,0
233,D,0.826,C,85.7,-86.6,58.5,106.7,96.8,8.0,12.7,0.870,0.125,0.005,0
234,D,0.842,C,67.2,-95.8,118.2,113.4,169.4,9.4,15.9,0.945,0.048,0.007,0
235,P,0.838,C,62.5,-68.2,-17.6,97.5,-147.4,12.5,14.7,0.731,0.266,0.003,0
236,T,0.856,C,65.7,-77.0,-14.7,99.6,71.0,11.6,15.7,0.544,0.446,0.010,0
237,N,0.872,H,91.4,-77.2,-11.3,99.1,60.2,6.8,18.0,0.459,0.523,0.018,0
238,W,0.908,H,65.6,-82.9,-14.0,101.7,74.8,14.8,17.2,0.354,0.580,0.066,0
239,L,0.947,H,28.2,-91.9,94.9,110.1,77.6,20.6,16.8,0.323,0.560,0.117,0
240,R,0.971,H,71.1,-93.6,91.5,110.2,153.3,12.3,23.2,0.335,0.501,0.164,0
241,C,0.987,H,19.6,-97.3,120.1,113.3,177.5,21.0,19.6,0.404,0.489,0.107,0
242,Y,0.978,C,50.4,-103.4,122.8,115.0,-174.3,16.6,21.9,0.477,0.414,0.110,0
243,Y,0.962,C,51.3,-102.8,128.5,116.1,-165.1,17.2,19.3,0.632,0.292,0.076,0
244,Y,0.946,C,82.4,-97.5,114.3,112.1,-159.8,12.4,17.9,0.746,0.222,0.032,0
245,E,0.939,C,102.3,-84.7,12.2,105.1,-152.1,10.0,15.6,0.715,0.266,0.019,0
246,D,0.923,C,91.9,-86.6,15.9,104.5,73.3,6.6,15.6,0.673,0.303,0.024,0
247,T,0.904,C,67.4,-100.9,124.8,114.6,96.9,9.3,16.9,0.631,0.323,0.046,0
248,I,0.880,C,61.6,-90.1,94.2,109.3,-172.2,14.6,14.3,0.615,0.326,0.059,0
249,S,0.855,C,51.5,-96.6,131.7,112.8,-178.1,10.7,16.3,0.600,0.313,0.087,0
250,T,0.856,C,74.3,-96.6,126.8,113.5,-133.7,7.4,18.7,0.520,0.347,0.133,0
251,I,0.866,H,66.4,-85.7,75.6,107.9,-158.9,14.2,13.6,0.369,0.434,0.197,0
252,K,0.889,H,105.5,-82.4,-5.8,104.9,98.8,8.5,16.9,0.382,0.465,0.153,0
253,D,0.889,H,70.5,-79.1,8.4,103.7,72.4,9.4,16.8,0.383,0.469,0.148,0
254,I,0.872,H,51.7,-80.6,-7.7,104.5,121.9,13.4,16.2,0.312,0.466,0.222,0
255,A,0.859,H,33.5,-80.0,-18.0,104.8,85.9,12.0,17.8,0.320,0.450,0.230,0
256,V,0.842,H,39.9,-83.3,12.7,106.6,134.4,12.9,18.1,0.341,0.458,0.201,0
257,E,0.844,H,83.2,-72.0,-29.2,99.6,123.2,12.3,16.5,0.409,0.530,0.062,0
258,E,0.844,H,105.5,-71.8,-29.0,97.9,70.0,6.9,17.7,0.424,0.541,0.035,0
259,D,0.833,H,55.6,-74.0,-24.7,98.3,56.2,11.0,17.5,0.470,0.507,0.023,0
260,L,0.811,C,38.0,-70.7,-30.9,96.4,63.6,18.3,15.0,0.524,0.457,0.019,0
261,S,0.808,C,57.1,-74.0,-21.6,97.3,63.6,10.5,18.0,0.688,0.298,0.014,0
262,S,0.801,C,61.3,-90.3,1.7,102.4,56.9,7.5,18.2,0.772,0.215,0.013,0
263,T,0.817,C,40.9,-90.5,127.0,113.6,109.7,15.6,13.7,0.744,0.252,0.005,0
264,P,0.826,H,74.6,-67.5,-29.0,97.9,-141.3,8.2,18.4,0.466,0.528,0.006,0
265,L,0.837,H,53.4,-68.7,-35.0,95.9,59.8,11.9,18.4,0.242,0.752,0.006,0
266,L,0.874,H,17.1,-65.8,-40.2,94.4,53.5,22.1,16.3,0.058,0.941,0.001,0
267,K,0.886,H,89.1,-62.9,-40.3,93.2,56.6,11.5,20.4,0.016,0.984,0.000,0
268,D,0.892,H,78.2,-66.3,-38.8,92.8,50.3,4.3,24.0,0.011,0.989,0.000,0
269,L,0.885,H,18.1,-66.1,-42.4,93.9,50.0,18.3,19.6,0.007,0.993,0.000,0
270,L,0.872,H,16.5,-63.5,-42.2,93.4,51.6,21.9,20.0,0.005,0.995,0.000,0
271,E,0.867,H,94.0,-64.7,-40.2,92.7,51.0,5.8,23.6,0.007,0.993,0.000,0
272,L,0.861,H,49.0,-66.0,-41.2,93.2,50.1,8.3,21.8,0.011,0.989,0.000,0
273,T,0.856,H,12.9,-66.4,-42.2,94.1,49.4,19.0,16.7,0.020,0.980,0.000,0
274,R,0.849,H,92.7,-65.0,-38.9,93.3,52.2,13.3,17.6,0.025,0.975,0.000,0
275,R,0.844,H,152.4,-67.6,-35.8,92.3,50.7,2.1,19.5,0.049,0.951,0.000,0
276,E,0.839,H,88.5,-75.4,-32.1,95.1,46.0,7.9,17.5,0.135,0.864,0.000,0
277,F,0.830,C,49.2,-99.9,-2.5,101.6,37.0,16.0,11.6,0.504,0.492,0.003,0
278,Q,0.839,C,124.7,53.9,36.6,97.4,-120.6,3.8,19.0,0.942,0.055,0.003,0
279,R,0.861,C,109.5,-79.0,34.4,104.8,177.6,12.2,14.1,0.773,0.222,0.005,0
280,E,0.861,C,111.9,-88.8,17.9,104.9,138.2,7.2,17.7,0.577,0.410,0.013,0
281,D,0.877,H,51.8,-103.3,124.6,115.7,100.2,12.2,19.6,0.381,0.484,0.135,0
282,I,0.845,E,19.7,-106.0,133.0,119.8,-163.8,22.4,17.7,0.247,0.340,0.414,0
283,A,0.828,E,30.1,-110.9,133.4,120.6,-162.2,12.6,25.4,0.288,0.186,0.526,0
284,L,0.821,C,19.4,-107.0,131.4,120.1,-157.3,22.2,18.5,0.501,0.178,0.321,0
285,N,0.819,C,58.3,-94.2,111.8,110.9,-145.6,11.9,21.7,0.697,0.115,0.188,0
286,Y,0.825,C,59.5,-98.0,91.5,110.8,-165.2,16.9,16.4,0.661,0.111,0.228,0
287,R,0.821,C,122.3,-92.5,42.9,107.4,164.5,8.2,17.6,0.838,0.037,0.124,0
288,D,0.820,C,64.9,-96.9,139.6,116.1,127.5,10.2,14.6,0.908,0.037,0.055,0
289,A,0.803,C,68.6,-71.2,-18.4,98.9,-125.9,6.6,15.0,0.898,0.082,0.020,0
290,E,0.787,C,123.2,-80.6,32.2,103.4,67.2,4.7,15.0,0.928,0.049,0.023,0
291,G,0.782,C,37.1,87.2,-1.9,100.4,-30.8,8.6,17.8,0.965,0.009,0.027,0
292,D,0.799,C,38.5,-85.3,142.1,118.1,130.2,13.0,18.7,0.886,0.004,0.110,0
293,L,0.819,E,45.1,-101.4,129.6,118.0,-142.4,14.8,23.2,0.095,0.001,0.904,0
294,V,0.847,E,7.3,-103.5,128.0,118.5,-150.6,24.8,17.5,0.021,0.000,0.979,0
295,R,0.839,E,88.5,-111.3,129.4,120.0,-159.7,9.0,27.5,0.008,0.000,0.992,0
296,L,0.831,E,35.0,-88.7,127.6,114.8,-137.5,20.1,20.4,0.048,0.000,0.952,0
297,L,0.833,E,23.7,-113.8,144.7,124.5,-170.6,19.2,17.5,0.458,0.003,0.538,0
298,S,0.833,C,46.0,-80.3,156.8,119.5,-112.3,7.6,23.3,0.908,0.005,0.087,0
299,D,0.850,H,80.5,-63.4,-32.1,95.0,-106.2,12.0,15.3,0.273,0.727,0.000,0
300,E,0.862,H,127.7,-66.9,-34.9,93.4,56.3,2.2,20.0,0.227,0.773,0.000,0
301,D,0.881,H,39.5,-69.2,-35.4,94.1,51.1,12.4,17.2,0.172,0.828,0.000,0
302,V,0.867,H,18.3,-64.3,-40.9,93.5,52.4,20.1,16.4,0.054,0.946,0.000,0
303,A,0.857,H,47.8,-63.3,-40.5,92.7,53.5,8.6,21.2,0.022,0.978,0.000,0
304,L,0.855,H,62.3,-65.2,-40.7,92.8,50.9,5.9,22.5,0.009,0.991,0.000,0
305,M,0.865,H,18.6,-65.5,-42.9,93.9,49.8,18.2,19.1,0.011,0.989,0.001,0
306,V,0.879,H,17.9,-64.9,-40.8,93.9,50.6,20.7,18.8,0.027,0.971,0.002,0
307,R,0.864,H,120.6,-66.3,-38.1,93.1,51.3,6.0,22.3,0.082,0.915,0.002,0
308,Q,0.835,H,79.3,-70.1,-34.3,93.6,49.5,8.0,20.6,0.175,0.822,0.003,0
309,A,0.792,H,9.7,-81.9,-16.7,97.2,50.1,21.5,13.0,0.426,0.564,0.010,0
310,R,0.756,C,121.7,-70.4,88.8,105.0,110.8,9.2,17.1,0.732,0.230,0.038,0
311,G,0.730,C,55.8,81.2,2.5,98.2,16.2,2.4,18.7,0.951,0.043,0.005,0
312,L,0.721,C,44.6,-91.5,130.0,116.3,125.2,15.8,10.4,0.986,0.005,0.009,0
313,P,0.724,C,68.1,-71.6,133.8,107.5,-118.9,9.0,18.5,0.908,0.085,0.006,0
314,S,0.749,C,51.7,-92.3,78.8,109.3,-156.2,11.8,15.5,0.799,0.179,0.021,0
315,Q,0.760,C,96.9,-79.9,-2.3,102.2,126.7,9.6,16.1,0.732,0.231,0.037,0
316,K,0.775,C,106.3,-87.9,24.9,106.6,94.4,8.4,17.7,0.781,0.166,0.053,0
317,R,0.789,C,74.2,-98.7,46.6,107.9,44.3,12.6,18.7,0.830,0.085,0.086,0
318,L,0.812,C,30.4,-106.9,135.1,120.9,158.0,18.7,21.0,0.713,0.033,0.254,0
319,F,0.827,C,17.2,-106.8,133.8,121.2,-145.1,22.8,22.6,0.833,0.004,0.163,0
320,P,0.829,C,24.1,-78.2,116.7,108.1,-126.7,20.0,24.9,0.914,0.005,0.081,0
321,W,0.842,C,26.9,-123.0,146.7,128.5,174.2,22.3,19.9,0.533,0.010,0.457,0
322,K,0.834,E,84.9,-111.9,131.8,120.8,-146.1,10.2,26.0,0.177,0.003,0.819,0
323,L,0.837,E,10.9,-96.9,130.3,117.9,-145.1,24.5,18.4,0.099,0.001,0.900,0
324,H,0.844,E,47.7,-116.3,130.5,121.7,-165.0,11.5,25.9,0.024,0.000,0.975,0
325,I,0.827,E,19.8,-101.7,124.3,116.5,-152.9,21.1,20.1,0.043,0.000,0.957,0
326,T,0.806,E,52.1,-99.2,-16.4,107.0,-178.5,11.6,20.0,0.241,0.001,0.757,0
327,Q,0.791,C,74.8,-117.9,134.8,122.3,41.3,8.9,19.1,0.561,0.004,0.435,0
328,K,0.774,C,115.8,-65.4,-30.1,96.1,-123.6,9.7,14.5,0.909,0.053,0.038,0
329,D,0.762,C,117.7,-74.8,-18.7,94.1,51.8,1.5,17.2,0.939,0.050,0.012,0
330,N,0.736,C,71.4,-98.5,3.7,101.1,45.8,8.3,16.8,0.931,0.052,0.017,0
331,Y,0.716,C,34.4,-108.0,139.3,123.8,98.7,19.6,15.0,0.543,0.024,0.433,0
332,R,0.695,E,80.1,-127.3,144.8,129.3,-170.4,10.1,24.3,0.168,0.004,0.828,0
333,V,0.696,E,22.3,-121.5,138.9,126.8,-153.8,19.5,20.8,0.100,0.002,0.898,0
334,Y,0.673,E,37.1,-123.7,140.9,127.9,-168.5,16.0,21.2,0.163,0.004,0.833,0
335,N,0.620,E,37.9,-104.4,115.0,113.5,-153.5,12.4,19.8,0.487,0.006,0.507,0
336,T,0.549,C,67.6,-92.8,-5.0,102.7,-176.5,9.4,16.3,0.888,0.001,0.111,0
337,M,0.488,C,104.7,-105.6,133.2,120.4,86.7,5.1,14.0,0.985,0.000,0.015,0
338,P,0.446,C,114.5,-69.1,143.9,111.8,-97.9,3.0,11.4,0.999,0.000,0.001,0
