Q62418,SEQ,flexibility,SS,ASA,Phi,Psi,Theta(i-1=>i+1),Tau(i-2=>i+2),HSE_alpha_up,HSE_alpha_down,P(C),P(H),P(E),positive
0,M,0.431,C,149.2,-95.8,134.3,116.0,165.3,4.3,5.5,0.994,0.003,0.003,0
1,S,0.419,C,92.0,-95.5,136.5,115.4,-151.2,3.5,6.9,0.983,0.007,0.010,0
2,S,0.447,C,83.7,-88.9,126.2,110.8,-134.0,4.7,9.8,0.932,0.049,0.019,0
3,E,0.499,C,126.1,-87.7,97.1,108.5,-163.6,6.0,10.6,0.882,0.095,0.023,0
4,C,0.551,C,82.9,-93.1,118.7,111.5,156.0,6.8,10.5,0.865,0.087,0.048,0
5,D,0.577,C,89.9,-96.3,125.0,113.5,-175.0,5.7,14.5,0.812,0.117,0.071,0
6,V,0.571,C,79.4,-84.1,116.4,109.5,-139.4,10.9,11.8,0.788,0.159,0.054,0
7,G,0.569,C,52.7,62.3,-40.3,105.9,0.6,3.4,15.7,0.754,0.226,0.020,0
8,S,0.591,C,62.3,-78.5,-18.7,100.5,52.0,7.5,15.7,0.488,0.476,0.037,0
9,S,0.614,H,59.5,-74.6,-22.7,100.2,72.8,9.6,13.7,0.419,0.525,0.057,0
10,K,0.651,H,124.2,-73.3,-25.5,97.8,61.9,5.1,16.8,0.374,0.470,0.156,0
11,A,0.680,H,54.4,-79.0,-24.9,100.3,56.5,7.7,17.2,0.341,0.389,0.270,0
12,V,0.698,E,52.8,-89.5,77.6,108.4,93.6,13.5,15.0,0.317,0.175,0.507,0
13,V,0.695,E,58.3,-93.0,74.3,109.4,119.9,11.4,17.4,0.368,0.181,0.451,0
14,N,0.673,C,70.0,-84.0,21.6,102.3,45.4,11.0,17.8,0.772,0.095,0.133,0
15,G,0.647,C,36.2,82.6,8.4,106.1,-71.6,11.0,18.6,0.821,0.042,0.137,0
16,L,0.622,C,48.1,-86.4,51.0,106.8,106.3,15.4,13.8,0.727,0.046,0.227,0
17,A,0.595,C,55.1,-85.9,132.1,112.2,-139.4,10.0,16.0,0.829,0.014,0.157,0
18,S,0.574,C,75.4,-80.8,125.6,109.6,-113.6,6.2,13.8,0.873,0.055,0.072,0
19,G,0.554,C,53.3,64.1,3.3,104.9,2.5,3.9,15.1,0.880,0.074,0.046,0
20,N,0.563,C,96.0,-89.1,49.9,106.6,81.9,6.7,13.7,0.845,0.074,0.081,0
21,H,0.571,C,100.8,-89.5,18.3,103.1,160.2,10.0,15.0,0.910,0.044,0.046,0
22,G,0.600,C,30.3,154.8,178.3,124.9,178.9,9.5,16.2,0.910,0.012,0.078,0
23,P,0.625,C,64.4,-74.6,149.0,113.3,-68.3,11.2,15.3,0.937,0.026,0.037,0
24,D,0.666,C,83.3,-77.6,133.0,109.9,-105.9,7.6,16.8,0.897,0.060,0.043,0
25,K,0.684,C,119.2,-73.9,-17.5,98.8,-137.5,8.7,14.1,0.740,0.228,0.032,0
26,D,0.699,C,94.1,-87.4,17.1,103.1,68.6,5.1,17.9,0.702,0.239,0.059,0
27,M,0.714,C,47.2,-98.5,123.9,114.8,128.6,17.3,14.0,0.789,0.069,0.142,0
28,D,0.735,C,63.9,-92.7,117.2,112.1,-143.5,9.6,20.6,0.932,0.006,0.062,0
29,P,0.751,C,21.3,-70.6,-20.9,96.8,-145.5,22.2,16.1,0.667,0.318,0.015,0
30,T,0.759,C,66.9,-65.8,-33.3,94.5,73.6,11.3,18.5,0.533,0.389,0.079,0
31,K,0.777,H,103.1,-67.9,-34.7,93.4,53.2,5.7,22.7,0.421,0.426,0.153,0
32,I,0.788,C,25.0,-74.9,-32.7,95.8,48.9,18.4,17.9,0.473,0.304,0.223,0
33,C,0.777,C,9.3,-91.8,-3.9,101.2,45.5,23.2,15.5,0.659,0.194,0.147,0
34,T,0.743,C,86.4,-77.4,20.7,101.2,80.5,5.7,21.2,0.729,0.122,0.149,0
35,G,0.709,C,42.0,83.0,-2.2,100.1,3.5,7.5,19.2,0.829,0.060,0.111,0
36,K,0.695,C,88.3,-88.8,21.3,104.0,100.4,11.4,19.0,0.785,0.060,0.155,0
37,G,0.699,C,8.3,98.3,5.4,109.9,-109.1,20.4,24.6,0.783,0.039,0.178,0
38,T,0.728,C,12.6,-119.0,144.3,127.7,168.3,20.7,27.3,0.497,0.041,0.462,0
39,V,0.755,E,2.2,-123.8,139.0,128.0,-157.5,26.5,26.7,0.178,0.015,0.807,0
40,T,0.758,E,10.0,-108.8,134.3,121.5,-153.1,20.5,28.6,0.094,0.010,0.897,0
41,L,0.744,E,3.2,-106.4,129.8,119.8,-152.6,26.2,25.8,0.092,0.025,0.883,0
42,R,0.723,E,29.3,-114.9,135.1,123.0,-166.4,19.4,28.0,0.121,0.030,0.848,0
43,A,0.698,E,5.5,-117.1,137.3,124.6,-161.8,24.5,23.4,0.219,0.065,0.716,0
44,S,0.657,E,18.2,-118.1,149.9,127.0,-168.9,18.1,24.8,0.397,0.061,0.542,0
45,S,0.619,C,29.6,-77.4,41.1,105.6,-121.6,16.3,22.1,0.499,0.147,0.354,0
46,S,0.599,C,31.4,-84.7,-13.5,103.9,103.0,13.5,18.6,0.463,0.199,0.338,0
47,Y,0.582,C,76.6,-101.7,118.7,114.3,102.4,13.3,17.1,0.499,0.141,0.360,0
48,R,0.564,C,122.7,-97.9,115.3,112.5,-155.0,9.0,16.1,0.708,0.062,0.230,0
49,G,0.549,C,48.1,90.3,-170.6,113.3,-5.5,5.0,16.2,0.854,0.017,0.128,0
50,T,0.553,C,74.1,-101.8,108.7,112.2,-64.5,6.8,15.6,0.917,0.004,0.080,0
51,P,0.539,C,76.9,-66.8,-20.1,97.9,-157.1,10.7,12.3,0.891,0.074,0.036,0
52,S,0.537,C,86.9,-84.6,1.1,100.1,59.7,2.3,14.9,0.909,0.049,0.041,0
53,S,0.517,C,52.0,-87.9,96.8,109.3,101.0,9.4,12.3,0.908,0.021,0.071,0
54,S,0.526,C,52.8,-95.4,136.7,118.3,-166.8,9.0,14.3,0.930,0.003,0.067,0
55,P,0.536,C,69.0,-69.9,144.0,108.1,-104.9,10.8,14.9,0.960,0.006,0.034,0
56,V,0.549,C,85.9,-84.7,124.3,110.5,-120.9,8.6,15.8,0.914,0.011,0.075,0
57,S,0.552,C,44.8,-94.6,133.6,116.9,-148.8,12.0,13.8,0.930,0.004,0.066,0
58,P,0.546,C,76.6,-66.7,-18.9,99.5,-119.1,9.6,13.7,0.916,0.066,0.018,0
59,Q,0.529,C,110.9,-80.5,11.4,103.5,75.1,6.2,13.8,0.865,0.088,0.047,0
60,E,0.524,C,106.4,-85.0,56.7,106.7,101.2,7.8,14.2,0.900,0.054,0.046,0
61,S,0.521,C,51.9,-92.9,137.5,117.3,153.0,8.9,15.5,0.915,0.031,0.053,0
62,P,0.521,C,70.4,-69.6,125.2,105.6,-111.1,10.4,15.1,0.836,0.147,0.018,0
63,K,0.540,C,111.2,-75.1,-9.3,102.6,-129.4,9.0,14.7,0.769,0.198,0.033,0
64,H,0.560,C,111.1,-77.7,-11.4,100.8,78.7,7.6,15.3,0.741,0.215,0.044,0
65,E,0.570,C,99.3,-86.5,46.2,106.5,84.3,8.6,15.2,0.780,0.173,0.047,0
66,S,0.568,C,34.9,-91.5,133.8,115.3,116.4,16.3,11.9,0.858,0.082,0.060,0
67,K,0.579,C,111.8,-78.7,-0.8,103.1,-147.3,7.7,16.9,0.861,0.118,0.020,0
68,S,0.618,C,61.5,-79.2,-1.3,103.0,126.0,9.1,14.8,0.726,0.241,0.032,0
69,D,0.638,C,85.5,-81.5,1.5,102.6,79.8,7.9,15.1,0.718,0.248,0.034,0
70,E,0.655,C,102.3,-79.1,-7.2,101.7,84.3,8.1,16.1,0.693,0.262,0.045,0
71,W,0.669,C,72.6,-88.9,99.0,109.6,93.4,16.4,13.1,0.668,0.240,0.091,0
72,K,0.668,C,94.3,-95.0,119.4,112.5,160.1,9.7,18.6,0.716,0.133,0.151,0
73,L,0.659,C,61.1,-86.1,117.4,110.1,-144.2,14.0,15.7,0.795,0.088,0.116,0
74,S,0.650,C,56.4,-89.0,113.6,110.0,-154.6,9.9,16.7,0.788,0.139,0.074,0
75,S,0.623,C,64.0,-82.6,19.7,105.1,-144.6,8.9,15.5,0.717,0.221,0.062,0
76,S,0.602,C,70.7,-86.4,12.2,102.9,86.2,6.5,15.7,0.743,0.213,0.044,0
77,A,0.606,C,64.2,-81.6,5.2,103.5,104.8,8.5,14.4,0.742,0.199,0.058,0
78,D,0.600,C,80.9,-89.8,56.1,107.1,96.7,8.1,16.0,0.780,0.151,0.069,0
79,T,0.582,C,64.4,-80.2,2.0,102.9,122.5,11.5,16.1,0.750,0.162,0.088,0
80,N,0.546,C,61.5,-82.0,7.8,101.3,59.9,14.6,15.7,0.838,0.099,0.063,0
81,G,0.523,C,37.3,69.0,0.0,101.0,-100.3,12.4,16.8,0.891,0.047,0.062,0
82,N,0.539,C,91.5,-93.5,39.7,105.1,71.3,6.6,18.2,0.869,0.065,0.066,0
83,A,0.575,C,37.1,-81.1,69.1,106.9,158.0,17.0,12.9,0.895,0.040,0.065,0
84,Q,0.596,C,92.3,-99.6,135.0,119.2,145.1,7.3,18.9,0.922,0.008,0.070,0
85,P,0.608,C,75.1,-68.6,144.3,112.4,-101.2,9.5,18.8,0.916,0.058,0.026,0
86,S,0.630,C,22.7,-83.4,144.7,117.2,-118.9,19.8,12.7,0.847,0.120,0.033,0
87,P,0.630,C,68.2,-70.8,-21.6,98.7,-124.3,9.6,20.9,0.754,0.230,0.016,0
88,L,0.636,C,25.2,-70.8,-30.8,95.7,64.8,20.9,16.9,0.690,0.268,0.042,0
89,A,0.643,C,27.0,-67.6,-34.1,94.8,59.5,18.1,17.4,0.682,0.258,0.060,0
90,A,0.632,C,55.9,-71.4,-24.9,95.7,57.9,9.9,18.1,0.733,0.207,0.060,0
91,K,0.627,C,109.4,-87.9,3.0,99.1,46.9,7.4,17.2,0.765,0.146,0.089,0
92,G,0.625,C,28.6,97.2,2.8,110.1,-94.3,12.3,19.4,0.860,0.036,0.104,0
93,Y,0.628,C,38.7,-104.4,137.1,121.6,150.4,20.2,19.7,0.717,0.048,0.235,0
94,R,0.637,C,47.8,-107.5,128.7,117.8,-157.5,18.3,25.7,0.686,0.050,0.264,0
95,S,0.643,C,15.4,-111.1,135.5,121.8,-154.5,20.9,26.3,0.564,0.039,0.396,0
96,V,0.657,C,13.0,-111.0,131.9,120.6,-158.6,23.1,23.7,0.605,0.019,0.376,0
97,H,0.662,C,49.5,-116.1,133.1,123.0,-169.3,15.0,25.4,0.860,0.002,0.138,0
98,P,0.653,C,37.5,-70.9,137.0,109.0,-119.1,15.9,20.2,0.923,0.045,0.032,0
99,S,0.626,C,44.6,-87.0,74.0,105.9,-134.6,11.0,20.0,0.895,0.041,0.064,0
100,L,0.607,C,35.4,-89.3,124.4,112.5,-173.2,19.5,13.6,0.926,0.018,0.056,0
101,S,0.607,C,54.6,-84.5,150.7,116.0,-132.6,8.0,17.6,0.948,0.014,0.038,0
102,A,0.613,C,80.7,-69.2,-21.9,97.0,-117.0,5.0,13.6,0.959,0.023,0.018,0
103,D,0.611,C,109.4,-88.3,8.0,102.4,57.6,2.5,14.4,0.957,0.017,0.026,0
104,K,0.608,C,92.0,-94.8,125.4,115.6,113.9,9.9,10.3,0.971,0.001,0.028,0
105,P,0.585,C,77.9,-71.2,150.5,111.8,-113.5,7.2,14.5,0.973,0.006,0.021,0
106,Q,0.563,C,120.8,-83.4,135.2,112.0,-107.4,5.9,13.6,0.979,0.006,0.015,0
107,G,0.558,C,42.7,-165.8,172.9,118.3,-27.8,7.3,14.8,0.975,0.003,0.023,0
108,S,0.567,C,65.3,-91.0,140.0,117.9,-92.7,6.8,16.4,0.980,0.001,0.020,0
109,P,0.577,C,52.8,-68.5,148.6,113.1,-100.1,14.8,13.2,0.968,0.015,0.017,0
110,L,0.602,C,92.8,-87.1,133.0,114.0,-122.5,8.0,18.2,0.707,0.033,0.260,0
111,L,0.624,C,78.1,-94.8,128.0,114.2,-141.2,12.7,14.1,0.717,0.041,0.242,0
112,N,0.632,C,82.9,-104.6,125.9,115.4,-165.7,8.9,15.3,0.765,0.040,0.196,0
113,E,0.645,C,114.9,-94.6,125.2,113.6,-143.6,7.3,14.8,0.760,0.031,0.209,0
114,V,0.640,C,81.0,-100.4,126.8,115.0,-162.3,9.3,13.1,0.878,0.007,0.115,0
115,S,0.631,C,70.2,-88.2,124.4,110.8,-136.0,7.2,13.7,0.931,0.006,0.063,0
116,S,0.622,C,75.0,-88.6,33.9,106.0,-155.7,5.9,13.3,0.946,0.022,0.033,0
117,S,0.621,C,73.9,-87.4,79.8,107.7,166.7,5.9,12.6,0.938,0.034,0.028,0
118,H,0.629,C,120.6,-89.6,93.2,108.7,-179.8,6.3,13.6,0.913,0.029,0.058,0
119,I,0.635,C,89.4,-93.3,117.6,112.1,155.7,10.0,12.1,0.895,0.016,0.089,0
120,E,0.654,C,109.9,-99.2,133.0,115.4,-165.3,7.5,14.4,0.925,0.007,0.068,0
121,T,0.661,C,81.8,-86.2,44.7,106.5,-144.8,8.6,13.2,0.922,0.035,0.043,0
122,D,0.657,C,94.8,-83.4,29.1,104.5,162.4,6.5,13.5,0.904,0.062,0.034,0
123,S,0.634,C,65.2,-85.9,26.3,104.6,99.1,8.5,12.7,0.882,0.080,0.037,0
124,Q,0.624,C,103.8,-83.8,14.2,104.6,108.1,8.1,13.0,0.876,0.073,0.051,0
125,D,0.627,C,93.7,-87.9,30.9,104.7,87.2,5.8,15.2,0.910,0.026,0.065,0
126,F,0.627,C,75.5,-101.8,126.5,117.4,150.2,13.8,13.8,0.956,0.001,0.043,0
127,P,0.616,C,58.1,-74.0,147.4,114.5,-114.4,10.9,17.1,0.983,0.000,0.017,0
128,P,0.590,C,72.5,-70.3,147.1,112.7,-101.8,9.9,16.6,0.983,0.002,0.016,0
129,T,0.586,C,57.8,-88.7,137.7,113.6,-127.5,14.0,14.5,0.946,0.002,0.052,0
130,S,0.581,C,61.7,-85.5,86.8,107.7,-132.0,9.9,16.7,0.955,0.002,0.044,0
131,R,0.578,C,117.8,-105.9,133.1,119.9,-150.2,8.5,19.3,0.977,0.001,0.022,0
132,P,0.577,C,47.0,-69.4,149.0,114.6,-105.9,15.7,16.5,0.988,0.002,0.011,0
133,S,0.572,C,47.7,-76.2,99.0,105.9,-119.5,12.9,18.2,0.967,0.019,0.014,0
134,S,0.577,C,33.6,-86.6,125.6,110.9,-130.6,16.9,18.3,0.941,0.033,0.027,0
135,A,0.594,C,40.9,-78.2,-19.2,99.5,-161.0,15.2,19.6,0.943,0.028,0.029,0
136,Y,0.625,C,42.3,-110.7,119.7,118.2,53.9,19.3,17.2,0.961,0.002,0.038,0
137,P,0.649,C,23.9,-72.4,147.6,114.3,-119.7,20.3,21.7,0.989,0.003,0.008,0
138,S,0.665,C,24.3,-88.9,134.8,115.6,-127.9,18.5,23.6,0.978,0.010,0.012,0
139,T,0.690,C,27.6,-91.3,43.8,108.2,-145.8,20.2,22.0,0.870,0.119,0.011,0
140,T,0.710,C,57.4,-76.7,-18.9,99.4,120.5,14.8,22.4,0.772,0.195,0.033,0
141,I,0.745,C,49.6,-91.0,4.5,105.4,59.3,16.9,23.5,0.726,0.217,0.057,0
142,V,0.767,C,29.6,-97.1,97.7,111.3,77.9,19.5,22.1,0.742,0.196,0.062,0
143,N,0.792,C,22.3,-95.8,126.7,115.3,171.3,21.6,21.8,0.850,0.133,0.017,0
144,P,0.807,H,18.1,-68.6,-31.5,97.3,-145.2,22.1,23.9,0.348,0.645,0.007,0
145,T,0.817,H,21.5,-66.0,-40.9,94.6,53.7,19.8,25.7,0.261,0.702,0.037,0
146,I,0.834,H,13.4,-65.6,-42.3,94.8,51.4,22.9,25.9,0.111,0.827,0.063,0
147,V,0.837,H,18.1,-65.5,-41.6,94.2,51.3,20.8,26.5,0.069,0.815,0.116,0
148,L,0.828,H,24.5,-66.0,-41.1,94.0,51.0,18.5,26.7,0.067,0.824,0.109,0
149,L,0.811,H,14.7,-66.5,-42.0,94.7,50.7,21.4,25.5,0.104,0.806,0.090,0
150,Q,0.789,H,26.2,-65.8,-41.0,94.0,51.1,19.6,24.3,0.180,0.758,0.062,0
151,H,0.775,H,44.9,-66.7,-40.2,94.0,51.2,14.5,23.8,0.282,0.691,0.027,0
152,N,0.768,H,32.8,-67.9,-38.6,94.0,51.1,14.9,22.1,0.403,0.584,0.012,0
153,R,0.756,H,51.2,-67.2,-39.1,94.5,52.8,16.1,19.3,0.418,0.560,0.022,0
154,E,0.746,H,82.3,-67.1,-37.2,94.2,52.4,9.1,20.4,0.381,0.599,0.020,0
155,Q,0.725,H,64.2,-69.1,-35.0,94.0,52.1,11.4,18.6,0.414,0.564,0.023,0
156,Q,0.713,H,60.8,-70.7,-32.8,96.4,57.7,14.3,15.0,0.454,0.509,0.037,0
157,K,0.703,C,112.3,-67.5,-32.1,94.8,61.2,7.2,16.8,0.523,0.429,0.048,0
158,R,0.689,C,129.4,-72.9,-26.9,94.8,51.9,5.1,18.0,0.548,0.385,0.067,0
159,L,0.678,C,51.5,-78.4,-20.5,99.2,60.6,14.9,13.3,0.609,0.338,0.053,0
160,S,0.656,C,55.9,-73.3,-23.0,98.7,75.0,10.8,15.2,0.721,0.213,0.065,0
161,S,0.625,C,63.9,-81.5,-8.5,100.4,62.1,6.7,16.7,0.740,0.203,0.057,0
162,L,0.614,C,73.0,-80.2,-8.8,99.9,72.6,12.0,11.8,0.812,0.161,0.027,0
163,S,0.613,C,73.9,-77.2,-16.8,98.8,84.5,5.1,14.3,0.886,0.094,0.020,0
164,D,0.624,C,78.2,-101.5,111.9,113.6,68.7,6.8,14.6,0.969,0.012,0.019,0
165,P,0.598,C,75.6,-68.8,-10.3,101.1,-152.0,9.0,13.3,0.861,0.127,0.012,0
166,A,0.591,C,55.5,-85.1,89.2,108.2,119.3,10.2,13.0,0.705,0.254,0.040,0
167,S,0.574,C,61.4,-82.5,102.5,108.0,-169.3,8.1,14.5,0.657,0.297,0.046,0
168,E,0.572,C,106.6,-82.3,26.3,105.5,-168.2,8.0,14.1,0.658,0.272,0.071,0
169,R,0.578,C,129.4,-83.3,26.6,105.5,112.2,7.3,12.9,0.708,0.210,0.081,0
170,R,0.562,C,128.9,-87.4,103.1,109.2,154.9,7.4,13.3,0.739,0.148,0.113,0
171,A,0.540,C,69.8,-83.7,92.3,107.4,-154.0,7.2,11.7,0.818,0.104,0.078,0
172,G,0.524,C,53.2,78.8,-136.4,109.0,3.3,3.6,13.1,0.862,0.074,0.064,0
173,E,0.537,C,119.9,-91.3,122.6,111.9,-155.0,5.8,11.6,0.874,0.072,0.053,0
174,Q,0.550,C,110.2,-91.8,131.5,114.0,-158.8,6.5,11.4,0.896,0.033,0.072,0
175,D,0.571,C,84.8,-94.3,126.5,115.0,-131.8,6.9,14.3,0.938,0.006,0.056,0
176,P,0.569,C,79.4,-69.1,-13.5,101.3,-122.2,8.8,13.8,0.960,0.007,0.033,0
177,V,0.589,C,77.7,-102.5,124.2,116.9,94.1,8.1,14.7,0.954,0.002,0.045,0
178,P,0.583,C,56.6,-68.8,149.7,113.5,-110.4,13.7,12.4,0.976,0.001,0.023,0
179,T,0.610,C,83.4,-92.0,135.3,116.1,-123.2,5.2,17.8,0.968,0.002,0.030,0
180,P,0.623,C,78.4,-65.1,-23.5,100.3,-109.4,9.9,13.3,0.902,0.076,0.022,0
181,A,0.628,C,60.5,-74.4,-19.0,100.6,65.2,8.5,14.7,0.855,0.106,0.039,0
182,E,0.633,C,117.5,-88.4,99.8,109.4,80.6,4.8,15.8,0.822,0.061,0.117,0
183,L,0.636,C,66.0,-80.4,136.8,113.2,-123.2,14.2,13.7,0.886,0.014,0.100,0
184,T,0.635,C,55.2,-88.5,137.9,114.6,-131.1,12.7,15.5,0.913,0.005,0.082,0
185,S,0.610,C,58.9,-83.1,133.8,114.1,-115.1,7.8,17.4,0.974,0.001,0.025,0
186,P,0.587,C,69.4,-68.3,-18.0,97.6,-133.9,12.3,13.3,0.890,0.101,0.009,0
187,G,0.586,C,49.7,-67.3,-2.4,100.6,45.7,4.9,16.2,0.861,0.119,0.021,0
188,R,0.589,C,96.6,-88.7,133.0,114.0,107.1,10.9,12.3,0.807,0.134,0.059,0
189,A,0.607,C,61.7,-71.6,-9.1,102.0,-130.7,8.1,16.6,0.763,0.210,0.027,0
190,S,0.628,C,39.0,-75.5,-13.8,101.4,125.6,14.2,14.1,0.650,0.300,0.050,0
191,E,0.644,C,78.0,-76.3,-14.5,100.5,71.4,13.8,13.7,0.569,0.397,0.034,0
192,R,0.656,C,138.8,-83.8,9.6,104.9,93.9,5.3,15.7,0.563,0.375,0.062,0
193,R,0.669,C,119.3,-85.9,110.3,109.5,150.1,8.7,15.0,0.619,0.305,0.076,0
194,A,0.676,C,45.8,-89.3,133.2,113.6,-162.8,12.9,12.4,0.723,0.207,0.070,0
195,K,0.687,C,124.7,-88.0,119.0,110.3,-134.7,6.4,15.4,0.792,0.133,0.074,0
196,D,0.694,C,56.9,-93.9,137.7,116.8,-150.9,11.9,12.4,0.875,0.084,0.041,0
197,A,0.689,C,82.9,-70.5,-22.1,96.8,-137.0,3.6,14.0,0.860,0.115,0.025,0
198,S,0.679,C,74.0,-84.1,-6.4,99.9,53.5,4.1,14.6,0.806,0.104,0.090,0
199,R,0.679,C,88.7,-98.1,130.9,117.2,92.8,12.4,11.7,0.657,0.067,0.276,0
200,R,0.695,E,104.8,-111.0,137.0,121.1,-166.2,9.6,18.8,0.412,0.036,0.552,0
201,V,0.726,E,45.3,-110.1,131.7,120.7,-153.5,14.4,18.7,0.322,0.020,0.658,0
202,V,0.732,E,42.8,-99.4,129.5,117.1,-149.4,15.6,18.8,0.338,0.012,0.650,0
203,R,0.716,C,73.9,-117.5,140.5,125.0,-168.1,13.7,21.3,0.520,0.019,0.461,0
204,S,0.696,C,31.0,-75.8,141.7,114.0,-114.6,15.1,20.6,0.716,0.049,0.235,0
205,A,0.692,C,27.3,-72.9,-8.2,101.6,-117.5,19.1,17.5,0.749,0.069,0.181,0
206,Q,0.693,C,72.9,-96.8,96.0,111.1,111.1,11.4,19.8,0.661,0.069,0.270,0
207,D,0.702,C,42.8,-102.9,114.5,114.0,161.9,13.6,19.6,0.663,0.067,0.270,0
208,L,0.700,C,48.5,-81.9,-4.4,101.9,-163.4,17.0,18.1,0.828,0.044,0.128,0
209,S,0.706,C,33.2,89.9,-117.7,111.5,-86.4,14.9,19.5,0.872,0.021,0.107,0
210,D,0.705,C,76.6,-88.4,9.5,102.3,39.7,9.7,19.5,0.848,0.019,0.133,0
211,V,0.711,C,37.0,-109.3,137.3,121.7,97.8,15.9,17.0,0.886,0.004,0.110,0
212,S,0.733,C,42.5,-78.9,139.9,114.3,-121.1,11.4,20.4,0.915,0.005,0.080,0
213,T,0.753,C,38.7,-75.2,-12.6,100.3,-138.1,19.0,15.0,0.893,0.024,0.084,0
214,D,0.767,C,91.2,-87.2,-0.3,100.9,76.7,6.5,19.3,0.923,0.020,0.056,0
215,E,0.763,C,78.8,-100.3,127.3,116.0,93.0,12.0,17.7,0.895,0.036,0.070,0
216,V,0.753,C,61.3,-82.0,124.5,110.1,-136.7,12.4,20.2,0.850,0.033,0.117,0
217,G,0.732,C,19.4,97.0,-8.2,109.1,23.9,14.7,21.5,0.803,0.027,0.169,0
218,I,0.746,C,19.2,-102.6,131.4,119.9,134.5,22.2,20.1,0.652,0.019,0.330,0
219,P,0.737,C,17.8,-72.5,139.3,112.5,-113.4,21.0,23.9,0.522,0.024,0.454,0
220,L,0.735,C,23.6,-90.2,96.0,109.6,-144.7,21.9,20.5,0.483,0.054,0.463,0
221,R,0.739,C,62.7,-99.3,120.2,113.2,158.7,13.3,18.7,0.624,0.052,0.324,0
222,N,0.746,C,86.2,-100.8,57.6,109.3,-171.1,8.5,18.1,0.775,0.038,0.187,0
223,T,0.761,C,47.8,-106.2,152.3,120.9,148.4,11.8,12.4,0.784,0.086,0.130,0
224,E,0.763,C,139.1,-78.0,-8.7,99.2,-131.4,3.7,15.9,0.896,0.075,0.028,0
225,R,0.770,C,112.6,-104.7,107.1,113.4,64.9,7.4,15.4,0.869,0.100,0.031,0
226,S,0.772,C,46.4,-69.0,-21.1,98.7,-159.7,13.4,15.2,0.577,0.401,0.022,0
227,K,0.784,H,99.8,-65.2,-33.3,93.6,63.1,10.5,17.6,0.386,0.604,0.009,0
228,D,0.816,H,78.3,-66.9,-36.7,93.9,55.2,5.7,19.6,0.348,0.644,0.008,0
229,W,0.837,H,64.9,-67.1,-39.0,94.0,52.0,11.7,18.4,0.197,0.791,0.012,0
230,Y,0.851,H,22.4,-64.7,-41.2,93.7,52.7,22.0,17.6,0.113,0.879,0.008,0
231,K,0.848,H,72.5,-63.5,-40.2,93.1,53.2,13.5,20.7,0.066,0.927,0.007,0
232,T,0.848,H,65.5,-66.3,-39.5,92.7,50.2,5.2,23.8,0.076,0.900,0.024,0
233,M,0.850,H,22.2,-67.5,-40.9,94.0,49.3,17.5,20.5,0.074,0.900,0.026,0
234,F,0.841,H,9.9,-68.3,-38.6,95.0,49.7,24.4,18.7,0.113,0.839,0.048,0
235,K,0.843,H,89.9,-67.3,-31.6,93.2,57.2,11.7,21.4,0.177,0.762,0.061,0
236,Q,0.847,H,82.9,-78.7,-21.4,94.8,51.8,7.4,23.7,0.257,0.629,0.114,0
237,I,0.822,H,12.5,-78.3,-30.6,99.5,54.1,22.1,18.9,0.354,0.502,0.144,0
238,H,0.809,C,38.3,-92.1,8.3,103.6,48.0,19.1,19.1,0.520,0.285,0.195,0
239,K,0.779,C,58.2,-96.7,105.1,111.6,159.2,13.1,20.9,0.609,0.095,0.296,0
240,L,0.739,C,41.5,-95.5,127.9,114.8,-177.6,16.4,17.4,0.708,0.018,0.274,0
241,N,0.705,C,48.5,-84.4,140.8,113.2,-132.5,13.9,17.4,0.861,0.008,0.131,0
242,R,0.688,C,130.6,-78.2,8.9,104.5,-123.3,8.3,16.5,0.874,0.069,0.057,0
243,D,0.696,C,99.6,-79.1,16.8,102.7,47.9,4.9,14.9,0.892,0.083,0.025,0
244,D,0.679,C,83.5,-77.2,4.4,100.9,-140.0,9.9,14.6,0.868,0.112,0.020,0
245,D,0.668,C,79.9,-88.2,40.7,105.2,90.9,8.6,15.3,0.867,0.113,0.021,0
246,S,0.645,C,59.4,-83.0,11.7,103.5,143.3,10.1,15.6,0.822,0.138,0.041,0
247,D,0.650,C,68.3,-91.3,76.3,107.6,108.4,10.4,16.7,0.883,0.086,0.031,0
248,V,0.663,C,56.7,-80.1,-7.1,102.3,159.4,13.3,16.3,0.850,0.096,0.053,0
249,H,0.673,C,74.5,-94.7,50.6,108.1,94.0,11.9,16.9,0.838,0.048,0.114,0
250,S,0.678,C,46.5,-108.1,118.3,116.4,102.1,10.6,18.9,0.887,0.008,0.105,0
251,P,0.675,C,39.3,-72.4,142.6,112.0,-130.6,16.4,16.5,0.900,0.036,0.064,0
252,R,0.681,C,116.6,-93.7,128.3,114.0,-139.4,8.6,22.0,0.796,0.046,0.159,0
253,Y,0.672,C,39.2,-110.3,137.3,122.7,-159.2,20.5,15.1,0.738,0.059,0.203,0
254,S,0.666,C,54.1,-109.4,136.1,119.3,-165.0,9.0,22.8,0.767,0.034,0.198,0
255,F,0.664,C,53.2,-102.3,131.0,116.8,-152.7,18.1,14.5,0.830,0.021,0.150,0
256,S,0.662,C,64.8,-90.9,65.5,108.0,-157.8,8.0,17.0,0.893,0.018,0.088,0
257,D,0.672,C,87.0,-90.1,53.9,107.5,179.9,8.1,15.0,0.924,0.036,0.040,0
258,D,0.656,C,84.0,-91.4,87.9,107.5,-175.3,7.4,15.8,0.948,0.028,0.023,0
259,T,0.647,C,78.6,-76.9,-8.7,99.2,-173.4,9.1,13.4,0.941,0.033,0.027,0
260,K,0.629,C,135.0,-83.9,-0.3,101.6,71.5,4.1,15.1,0.941,0.015,0.045,0
261,S,0.628,C,44.1,-100.5,135.3,119.5,92.0,11.3,14.1,0.943,0.004,0.053,0
262,P,0.634,C,60.8,-70.5,146.0,112.2,-105.9,10.9,17.7,0.925,0.028,0.047,0
263,L,0.643,C,72.5,-85.9,138.0,115.8,-125.1,12.7,19.4,0.776,0.027,0.198,0
264,S,0.659,C,22.0,-83.1,139.2,115.9,-121.6,19.9,16.9,0.659,0.017,0.324,0
265,V,0.667,C,46.7,-121.0,136.4,125.1,-164.8,13.2,22.9,0.747,0.006,0.247,0
266,P,0.668,C,37.2,-68.5,143.1,112.8,-108.3,17.0,18.9,0.905,0.008,0.087,0
267,R,0.668,C,89.7,-77.7,129.6,109.3,-120.8,13.4,18.6,0.919,0.011,0.069,0
268,S,0.657,C,28.9,-83.2,141.8,115.9,-114.5,17.3,16.3,0.910,0.029,0.061,0
269,K,0.648,C,118.1,-87.5,8.1,102.7,-143.5,7.8,19.0,0.926,0.054,0.020,0
270,S,0.659,C,37.0,-93.7,147.1,119.6,114.8,12.7,14.6,0.867,0.095,0.038,0
271,E,0.675,C,107.4,-72.4,-17.1,97.7,-127.8,8.8,16.6,0.793,0.191,0.016,0
272,M,0.692,C,85.1,-76.2,-15.1,99.4,70.8,11.3,14.6,0.790,0.184,0.026,0
273,N,0.716,C,80.7,-82.0,8.6,103.0,73.6,8.7,15.7,0.784,0.185,0.031,0
274,Y,0.731,C,98.8,-89.2,26.2,104.7,77.2,11.3,14.7,0.786,0.145,0.070,0
275,I,0.744,C,72.3,-92.9,113.9,111.6,120.8,11.9,13.2,0.803,0.122,0.075,0
276,E,0.747,C,119.6,-89.0,99.9,108.7,-159.4,5.6,15.3,0.826,0.117,0.057,0
277,G,0.744,C,49.3,72.4,-33.2,106.4,-38.9,5.0,13.8,0.795,0.180,0.024,0
278,E,0.756,C,124.3,-82.8,3.1,103.5,75.0,5.2,13.9,0.729,0.248,0.024,0
279,K,0.760,C,115.7,-86.0,76.1,107.5,95.8,6.9,14.6,0.695,0.250,0.055,0
280,V,0.776,C,63.2,-90.6,118.9,111.8,152.0,13.3,14.0,0.727,0.175,0.098,0
281,V,0.779,C,57.4,-99.3,130.0,116.3,177.5,13.2,15.7,0.793,0.074,0.132,0
282,K,0.773,C,97.5,-91.8,130.4,115.0,-134.7,11.3,18.5,0.814,0.032,0.154,0
283,R,0.761,C,86.7,-96.6,123.9,113.3,-152.5,13.7,16.8,0.890,0.016,0.094,0
284,S,0.743,C,44.7,-92.7,139.8,117.0,-126.2,12.4,18.5,0.894,0.030,0.076,0
285,A,0.724,C,43.5,-77.7,-12.0,100.6,-138.3,14.6,16.7,0.931,0.047,0.022,0
286,T,0.708,C,68.8,-91.1,9.7,104.4,71.1,10.4,18.8,0.931,0.028,0.040,0
287,L,0.712,C,59.3,-98.3,135.2,119.5,108.7,13.1,16.4,0.962,0.002,0.037,0
288,P,0.694,C,62.0,-70.2,144.7,112.8,-106.6,11.2,20.1,0.976,0.001,0.023,0
289,L,0.683,C,35.3,-79.9,138.3,115.6,-113.1,20.0,15.1,0.972,0.001,0.027,0
290,P,0.670,C,42.5,-70.0,150.1,113.8,-103.1,13.3,16.8,0.989,0.005,0.006,0
291,A,0.661,C,65.3,-73.5,140.8,111.9,-101.2,7.1,20.6,0.965,0.014,0.021,0
292,R,0.664,C,95.1,-78.6,133.7,111.3,-116.3,15.4,14.0,0.952,0.021,0.027,0
293,S,0.643,C,54.5,-98.6,125.4,113.6,-155.3,10.3,17.6,0.951,0.021,0.028,0
294,S,0.626,C,45.1,-94.1,81.1,110.1,-158.8,13.4,14.8,0.923,0.061,0.016,0
295,S,0.603,C,64.8,-78.3,-3.2,101.4,-175.5,8.0,16.8,0.911,0.075,0.014,0
296,L,0.593,C,74.5,-84.8,9.6,103.0,83.8,12.6,13.7,0.913,0.071,0.017,0
297,K,0.590,C,110.3,-92.2,104.4,110.4,105.5,7.8,15.0,0.959,0.019,0.021,0
298,S,0.589,C,63.3,-91.3,118.0,111.3,-177.7,8.4,16.1,0.974,0.003,0.023,0
299,S,0.583,C,37.3,-96.9,133.7,117.2,-165.8,13.7,14.6,0.979,0.005,0.016,0
300,P,0.581,C,80.0,-68.1,-22.6,97.1,-141.9,8.5,16.0,0.896,0.098,0.006,0
301,E,0.587,C,115.2,-82.3,-6.0,98.9,55.3,5.4,16.9,0.850,0.136,0.014,0
302,R,0.613,C,75.9,-82.5,22.1,104.1,82.3,15.9,12.4,0.868,0.098,0.035,0
303,N,0.631,C,63.3,-88.4,61.7,107.7,98.0,11.6,16.0,0.920,0.035,0.045,0
304,D,0.669,C,87.4,-87.1,19.5,102.6,141.0,7.0,18.1,0.924,0.022,0.054,0
305,W,0.701,C,55.0,-84.2,61.8,107.4,106.0,18.1,13.1,0.910,0.012,0.078,0
306,E,0.717,C,93.0,-100.9,132.5,118.8,138.1,8.0,18.3,0.956,0.001,0.043,0
307,P,0.720,C,58.1,-68.4,144.4,111.8,-104.0,11.5,18.0,0.979,0.008,0.012,0
308,L,0.733,C,51.9,-69.3,-23.0,99.8,-121.9,16.7,14.9,0.865,0.116,0.019,0
309,D,0.758,C,70.9,-84.3,22.9,102.2,54.6,9.8,17.0,0.822,0.154,0.024,0
310,K,0.751,C,107.8,-77.0,-3.8,102.1,107.0,9.2,14.3,0.742,0.193,0.065,0
311,K,0.762,C,117.5,-86.3,36.6,105.8,97.6,6.5,15.9,0.720,0.152,0.128,0
312,V,0.778,C,44.7,-96.5,130.5,116.0,133.2,17.1,12.5,0.727,0.099,0.174,0
313,D,0.780,C,69.7,-97.4,111.9,111.6,-157.3,8.8,20.1,0.852,0.055,0.093,0
314,T,0.768,C,40.5,-86.5,-5.7,100.4,-177.9,16.9,13.3,0.734,0.207,0.058,0
315,R,0.759,C,134.5,-69.4,-26.2,96.5,77.9,6.2,16.7,0.718,0.232,0.049,0
316,K,0.750,C,112.5,-85.9,-4.8,103.3,64.9,6.2,16.9,0.677,0.210,0.113,0
317,Y,0.752,C,69.6,-97.3,132.6,117.6,113.5,16.4,12.3,0.717,0.107,0.175,0
318,R,0.748,C,121.4,-107.3,138.7,121.0,-160.3,6.9,18.3,0.778,0.041,0.181,0
319,A,0.746,C,53.4,-74.3,137.9,111.5,-109.0,12.1,17.4,0.855,0.017,0.128,0
320,E,0.746,C,71.0,-84.7,138.8,116.6,-125.1,14.5,15.3,0.929,0.002,0.069,0
321,P,0.728,C,29.9,-69.9,145.5,113.3,-104.1,18.1,15.0,0.954,0.006,0.039,0
322,K,0.728,C,111.0,-77.7,-0.5,103.9,-132.3,8.8,17.4,0.937,0.017,0.046,0
323,S,0.729,C,45.9,-102.5,134.4,117.8,-46.6,11.4,18.5,0.841,0.038,0.121,0
324,I,0.739,C,62.0,-78.8,-15.9,100.7,-143.9,15.3,15.4,0.774,0.128,0.098,0
325,Y,0.754,C,75.9,-102.0,120.9,114.2,75.2,14.2,16.3,0.739,0.149,0.112,0
326,E,0.767,C,100.2,-90.5,85.0,108.8,156.3,8.1,18.5,0.806,0.082,0.113,0
327,Y,0.752,C,57.8,-101.7,135.9,119.2,-174.8,18.2,13.1,0.804,0.044,0.152,0
328,Q,0.717,C,93.0,-104.9,118.3,114.9,-157.0,7.2,19.1,0.946,0.001,0.053,0
329,P,0.673,C,69.0,-68.9,127.7,106.4,-121.6,13.4,13.5,0.970,0.013,0.017,0
330,G,0.647,C,44.8,77.9,-9.1,103.7,16.9,6.1,16.0,0.947,0.029,0.025,0
331,K,0.651,C,128.5,-91.3,73.6,108.1,85.7,5.0,14.7,0.890,0.053,0.057,0
332,S,0.665,C,42.1,-89.0,135.7,113.4,-175.3,14.4,13.2,0.805,0.128,0.067,0
333,S,0.672,C,53.3,-77.8,-14.2,100.2,-155.6,11.0,17.3,0.726,0.203,0.071,0
334,V,0.692,C,45.2,-82.2,-12.0,101.9,64.5,14.4,14.4,0.668,0.256,0.076,0
335,L,0.711,C,64.9,-70.6,-30.2,98.6,71.2,12.7,14.7,0.702,0.243,0.055,0
336,T,0.721,C,98.7,-75.0,-20.2,97.8,72.4,3.4,16.1,0.756,0.215,0.029,0
337,N,0.711,C,98.6,-88.1,0.7,100.0,49.2,4.9,15.0,0.843,0.125,0.033,0
338,E,0.704,C,76.1,-84.3,120.4,110.5,110.4,12.4,11.0,0.895,0.057,0.048,0
339,K,0.698,C,119.2,-82.9,102.1,107.9,-142.4,6.4,16.1,0.868,0.041,0.091,0
340,M,0.685,C,82.0,-79.7,36.5,105.2,-146.7,12.4,14.0,0.878,0.053,0.069,0
341,S,0.676,C,64.2,-86.0,9.3,106.0,149.3,8.1,14.7,0.842,0.084,0.074,0
342,S,0.650,C,71.2,-81.5,-2.3,102.9,74.6,6.1,14.7,0.795,0.124,0.081,0
343,A,0.635,C,59.6,-82.7,32.0,104.9,95.4,9.2,14.7,0.896,0.052,0.052,0
344,V,0.634,C,63.0,-93.4,110.5,111.3,129.9,13.0,13.5,0.915,0.008,0.076,0
345,S,0.637,C,60.5,-102.7,122.8,116.2,-150.1,8.0,16.6,0.973,0.000,0.027,0
346,P,0.633,C,64.4,-71.7,147.9,113.5,-110.2,11.2,15.9,0.990,0.001,0.009,0
347,T,0.661,C,60.2,-75.1,141.9,114.0,-108.2,10.4,15.2,0.985,0.004,0.010,0
348,P,0.670,C,72.2,-69.3,74.1,103.7,-109.8,10.8,14.4,0.939,0.051,0.010,0
349,D,0.689,C,103.6,-84.7,85.9,106.6,-105.7,4.1,16.4,0.914,0.055,0.032,0
350,I,0.683,C,72.1,-94.7,113.4,111.8,173.2,13.0,11.7,0.916,0.034,0.050,0
351,T,0.685,C,83.4,-98.2,134.9,115.9,-166.3,5.8,15.8,0.937,0.012,0.052,0
352,S,0.672,C,67.3,-82.5,71.1,106.8,-133.8,8.9,14.1,0.965,0.007,0.028,0
353,E,0.662,C,95.1,-98.7,130.7,117.7,-162.0,8.5,16.1,0.982,0.001,0.017,0
354,P,0.661,C,65.0,-68.8,149.3,114.1,-106.1,9.6,15.8,0.993,0.001,0.006,0
355,P,0.661,C,70.3,-68.5,131.1,105.3,-102.9,11.9,14.7,0.943,0.053,0.004,0
356,G,0.659,C,42.0,71.7,-1.6,104.4,24.2,7.8,17.8,0.829,0.145,0.025,0
357,Y,0.688,C,69.3,-97.9,130.8,116.2,122.2,15.0,15.2,0.713,0.194,0.093,0
358,I,0.715,C,73.4,-92.1,29.6,107.0,-158.4,11.1,19.4,0.677,0.198,0.125,0
359,Y,0.728,C,59.1,-104.9,131.7,117.8,161.7,17.0,16.6,0.682,0.160,0.157,0
360,S,0.711,C,43.1,-110.1,140.9,120.6,-167.8,11.3,20.5,0.757,0.126,0.117,0
361,S,0.700,C,43.6,-78.3,-1.2,103.2,-139.4,14.0,16.4,0.706,0.217,0.076,0
362,N,0.715,C,87.2,-88.1,28.5,103.4,117.6,8.1,19.0,0.767,0.195,0.038,0
363,F,0.737,C,64.4,-83.7,9.5,104.5,126.1,16.4,14.7,0.736,0.207,0.057,0
364,H,0.754,C,90.9,-92.8,48.0,107.3,108.5,9.8,19.4,0.708,0.189,0.103,0
365,A,0.756,C,27.9,-76.1,62.6,106.1,141.6,14.0,16.7,0.652,0.185,0.163,0
366,V,0.744,C,39.6,-89.4,96.7,109.8,138.6,13.0,18.2,0.566,0.108,0.326,0
367,K,0.736,C,81.6,-86.4,92.2,108.7,171.2,11.0,17.5,0.610,0.069,0.321,0
368,R,0.720,C,81.7,-92.6,129.1,113.2,179.1,13.2,14.7,0.729,0.051,0.220,0
369,E,0.692,C,108.8,-83.9,120.2,109.6,-130.6,8.0,15.6,0.819,0.030,0.151,0
370,S,0.650,C,65.7,-82.8,40.2,106.0,-134.0,9.0,13.6,0.892,0.017,0.091,0
371,D,0.635,C,93.5,-89.2,34.5,105.6,131.0,6.3,14.2,0.935,0.009,0.056,0
372,G,0.617,C,40.9,92.8,-175.2,112.0,-78.4,7.6,14.9,0.936,0.006,0.058,0
373,T,0.625,C,75.1,-96.5,137.2,118.2,-82.2,7.0,16.3,0.970,0.001,0.028,0
374,P,0.613,C,72.0,-70.4,140.4,108.7,-104.9,11.5,14.9,0.961,0.022,0.017,0
375,G,0.625,C,40.2,-101.0,119.6,111.8,-170.6,8.8,17.3,0.936,0.037,0.027,0
376,G,0.637,C,31.0,-152.3,172.3,123.8,-160.7,10.0,18.6,0.893,0.081,0.026,0
377,L,0.673,C,69.6,-75.0,-15.1,99.5,-102.0,14.4,14.8,0.831,0.145,0.024,0
378,A,0.707,C,60.3,-78.8,-13.9,101.6,79.4,8.8,17.1,0.878,0.104,0.018,0
379,S,0.736,C,47.3,-95.2,147.5,118.4,72.0,8.3,18.0,0.930,0.053,0.017,0
380,L,0.751,H,80.0,-65.6,-29.2,95.6,-117.6,12.9,13.5,0.316,0.684,0.001,0
381,E,0.767,H,111.9,-68.1,-33.4,94.8,58.6,4.7,16.2,0.274,0.725,0.001,0
382,N,0.779,H,73.2,-72.4,-30.6,96.1,51.9,7.0,17.0,0.276,0.723,0.001,0
383,E,0.789,H,69.9,-68.3,-32.9,95.5,67.4,12.8,14.9,0.264,0.735,0.002,0
384,R,0.797,H,106.8,-66.3,-36.4,94.4,57.3,10.5,17.0,0.283,0.707,0.010,0
385,Q,0.810,H,97.4,-68.0,-36.2,94.4,54.6,4.9,19.1,0.315,0.659,0.026,0
386,I,0.832,H,47.0,-68.6,-37.6,94.5,52.4,13.0,17.7,0.365,0.566,0.068,0
387,Y,0.841,H,54.5,-71.1,-34.2,96.4,53.4,16.4,15.7,0.414,0.454,0.132,0
388,K,0.832,C,102.2,-68.6,-35.3,95.6,56.5,8.0,19.0,0.428,0.399,0.173,0
389,S,0.808,C,49.3,-70.0,-34.7,96.6,56.4,7.9,18.6,0.500,0.294,0.206,0
390,V,0.780,C,43.1,-70.5,-35.0,95.2,52.8,13.7,16.1,0.521,0.257,0.223,0
391,L,0.752,C,50.1,-75.3,-25.3,97.9,56.4,16.1,13.6,0.662,0.176,0.162,0
392,E,0.712,C,122.8,-74.0,-7.9,100.0,61.0,4.3,15.8,0.772,0.124,0.104,0
393,G,0.691,C,47.0,60.8,-3.5,100.9,28.0,5.1,16.5,0.889,0.058,0.053,0
394,G,0.690,C,34.0,60.7,171.1,112.8,164.9,10.5,13.6,0.905,0.049,0.046,0
395,D,0.723,C,98.9,-86.2,23.8,104.4,-133.2,5.0,16.4,0.890,0.042,0.068,0
396,I,0.747,C,56.7,-89.4,130.4,114.0,151.1,14.1,13.5,0.884,0.024,0.092,0
397,P,0.749,C,58.7,-71.9,114.0,105.6,-117.9,10.5,17.3,0.869,0.107,0.023,0
398,L,0.737,C,65.3,-72.1,-20.3,97.3,-155.3,15.0,14.3,0.739,0.225,0.035,0
399,Q,0.715,C,101.3,-71.6,-25.7,97.1,69.3,7.8,15.6,0.686,0.263,0.051,0
400,G,0.697,C,39.0,-63.9,-24.2,98.7,46.9,7.0,17.5,0.749,0.201,0.050,0
401,L,0.675,C,52.6,-79.3,-14.1,98.3,68.5,14.8,12.5,0.710,0.222,0.067,0
402,S,0.660,C,59.2,-75.6,-17.7,99.3,74.5,9.9,14.4,0.783,0.158,0.059,0
403,G,0.631,C,49.5,-54.1,-5.8,100.2,36.7,4.2,17.2,0.897,0.069,0.035,0
404,L,0.619,C,69.1,-87.5,119.8,111.1,104.6,12.5,10.7,0.906,0.037,0.057,0
405,K,0.624,C,115.2,-99.3,130.2,115.5,-160.9,6.6,16.4,0.895,0.014,0.092,0
406,R,0.620,C,110.4,-92.9,135.5,116.8,-132.2,10.5,16.1,0.951,0.002,0.047,0
407,P,0.601,C,53.3,-69.7,141.5,108.9,-104.9,14.1,14.8,0.972,0.009,0.019,0
408,S,0.573,C,63.6,-87.0,102.7,108.7,-138.5,8.3,16.9,0.946,0.023,0.031,0
409,S,0.558,C,51.0,-79.1,5.4,103.6,-154.3,12.8,13.5,0.914,0.065,0.021,0
410,S,0.552,C,72.2,-76.7,-10.2,98.0,106.2,5.7,16.6,0.884,0.099,0.016,0
411,A,0.553,C,43.0,-77.7,-14.6,100.9,73.8,12.8,13.0,0.852,0.129,0.019,0
412,S,0.549,C,51.8,-83.0,19.8,104.9,85.1,11.6,13.2,0.873,0.100,0.027,0
413,T,0.557,C,87.6,-82.9,-4.8,102.2,89.6,6.0,14.4,0.898,0.071,0.031,0
414,K,0.567,C,121.4,-86.0,23.2,105.2,76.7,6.0,14.1,0.903,0.051,0.047,0
415,D,0.576,C,69.7,-89.3,86.3,108.4,100.3,10.8,13.2,0.912,0.042,0.045,0
416,S,0.565,C,71.5,-76.5,-12.0,99.5,149.5,6.4,14.5,0.917,0.069,0.014,0
417,E,0.562,C,112.7,-85.6,5.2,102.8,71.6,6.3,15.8,0.941,0.046,0.013,0
418,S,0.578,C,29.2,-92.6,134.8,117.4,115.4,16.4,13.0,0.967,0.010,0.023,0
419,P,0.606,C,70.6,-72.4,-7.5,100.5,-136.7,9.7,18.5,0.912,0.074,0.013,0
420,R,0.647,C,74.6,-88.4,71.1,108.4,94.2,13.7,16.0,0.867,0.091,0.041,0
421,H,0.688,C,64.9,-98.2,87.9,110.7,157.5,12.1,19.1,0.871,0.054,0.075,0
422,F,0.714,C,40.3,-104.6,130.9,117.5,-173.9,18.1,19.2,0.859,0.019,0.122,0
423,I,0.725,C,35.7,-107.9,136.8,121.0,-162.2,15.8,20.5,0.922,0.005,0.072,0
424,P,0.731,C,34.6,-72.5,146.1,112.2,-112.8,14.3,19.4,0.901,0.085,0.014,0
425,A,0.736,H,54.8,-67.5,-29.1,96.9,-123.9,11.7,17.0,0.491,0.502,0.007,0
426,D,0.748,H,86.3,-71.2,-29.8,95.9,56.4,5.2,19.5,0.409,0.573,0.019,0
427,Y,0.730,H,53.6,-74.5,-26.3,96.2,59.9,15.7,14.9,0.365,0.612,0.023,0
428,L,0.731,H,53.6,-74.5,-23.7,98.0,64.4,15.7,14.6,0.476,0.500,0.023,0
429,E,0.725,C,108.7,-78.8,-17.2,100.9,67.4,6.3,17.2,0.708,0.269,0.023,0
430,S,0.732,C,48.2,-87.3,129.1,110.9,84.8,9.2,15.5,0.828,0.161,0.012,0
431,T,0.743,H,50.6,-70.2,-29.0,97.9,-173.5,13.5,14.8,0.481,0.513,0.005,0
432,E,0.761,H,100.7,-66.1,-34.3,94.8,63.6,7.4,16.5,0.240,0.755,0.004,0
433,E,0.771,H,103.6,-68.1,-36.1,94.3,53.7,4.3,17.9,0.200,0.781,0.019,0
434,F,0.774,H,64.4,-69.2,-36.4,94.7,52.4,11.8,15.9,0.180,0.760,0.061,0
435,I,0.767,H,55.5,-69.3,-35.4,95.6,55.0,13.4,14.5,0.254,0.633,0.113,0
436,R,0.763,H,128.3,-68.7,-33.5,95.4,57.8,5.3,15.8,0.395,0.522,0.083,0
437,R,0.749,C,128.6,-74.6,-24.9,97.5,56.9,5.2,14.2,0.541,0.398,0.061,0
438,R,0.751,C,113.3,-79.7,-8.6,102.1,70.6,9.6,11.6,0.711,0.251,0.038,0
439,H,0.751,C,105.8,-94.5,108.1,111.1,94.8,7.0,12.7,0.829,0.140,0.030,0
440,D,0.753,C,106.1,-72.9,-6.1,101.0,-120.2,4.2,13.1,0.899,0.090,0.011,0
441,D,0.746,C,119.6,-83.5,5.9,100.2,38.1,1.9,12.0,0.912,0.079,0.010,0
442,K,0.708,C,108.5,-94.2,139.4,118.3,110.4,7.1,11.1,0.878,0.081,0.041,0
443,E,0.701,C,120.5,-88.6,134.2,115.6,-126.7,5.6,15.6,0.791,0.055,0.153,0
444,M,0.708,C,66.2,-88.2,134.2,116.2,-130.4,15.8,12.8,0.664,0.038,0.298,0
445,R,0.728,C,106.0,-116.2,137.4,123.8,-162.0,8.6,20.1,0.539,0.023,0.437,0
446,P,0.742,E,59.8,-70.8,143.1,113.6,-107.6,12.5,21.0,0.371,0.021,0.607,0
447,A,0.769,E,8.0,-122.8,146.5,129.9,-163.5,23.6,16.4,0.124,0.016,0.860,0
448,R,0.766,E,98.0,-113.5,130.7,120.9,-153.4,9.3,26.9,0.068,0.005,0.927,0
449,A,0.777,E,12.4,-81.3,128.4,113.2,-126.9,22.9,17.6,0.153,0.018,0.829,0
450,K,0.804,E,75.3,-92.5,-19.2,103.1,-175.4,12.8,20.6,0.448,0.025,0.527,0
451,F,0.827,C,43.4,-139.0,147.8,131.1,9.3,17.5,18.9,0.525,0.023,0.452,0
452,D,0.846,C,60.8,-93.7,93.2,108.4,-141.6,11.3,23.6,0.725,0.021,0.254,0
453,F,0.831,C,23.3,-110.4,134.8,121.6,-171.4,23.1,16.3,0.590,0.028,0.382,0
454,K,0.818,C,106.1,-109.4,127.4,118.5,-163.7,6.5,25.8,0.675,0.015,0.311,0
455,A,0.821,C,18.9,-73.0,134.5,112.6,-118.6,21.7,15.0,0.876,0.014,0.109,0
456,Q,0.821,C,86.5,-92.5,-20.4,100.6,-172.2,9.0,21.4,0.954,0.006,0.040,0
457,T,0.822,C,60.9,-141.4,156.2,135.9,13.4,6.0,22.8,0.887,0.015,0.099,0
458,L,0.824,C,86.8,-67.1,-22.5,96.1,-108.5,13.1,16.3,0.801,0.189,0.010,0
459,K,0.829,C,135.9,-80.6,-9.2,97.8,61.1,3.6,19.9,0.815,0.178,0.008,0
460,E,0.825,C,61.0,-84.2,-1.5,103.3,72.0,13.0,17.3,0.729,0.242,0.028,0
461,L,0.819,C,11.9,-99.8,127.2,117.7,77.6,24.2,14.2,0.960,0.005,0.035,0
462,P,0.811,C,57.1,-81.2,127.8,110.9,-136.5,9.5,25.9,0.879,0.008,0.113,0
463,L,0.807,C,6.6,-118.7,142.2,128.0,-172.4,25.7,13.5,0.751,0.008,0.241,0
464,Q,0.803,C,91.2,-118.0,149.4,128.4,-162.3,4.6,26.9,0.921,0.002,0.077,0
465,K,0.810,C,98.7,-63.7,137.5,110.8,-88.7,12.7,20.1,0.987,0.001,0.012,0
466,G,0.838,C,34.6,88.9,-5.2,93.5,25.7,6.9,21.5,0.996,0.001,0.003,0
467,D,0.872,C,22.0,-79.8,148.0,120.9,132.8,17.9,21.3,0.972,0.000,0.027,0
468,V,0.903,E,19.1,-99.6,128.7,117.5,-133.3,19.1,27.0,0.050,0.000,0.949,0
469,V,0.933,E,2.1,-114.7,128.4,121.9,-160.8,27.0,22.5,0.006,0.000,0.994,0
470,Y,0.956,E,32.9,-109.2,125.8,118.6,-159.3,16.4,29.1,0.007,0.000,0.993,0
471,I,0.968,E,4.9,-95.4,121.0,113.8,-151.5,25.6,22.7,0.028,0.000,0.972,0
472,Y,0.958,E,57.5,-91.2,-24.8,102.6,179.1,17.3,23.6,0.311,0.005,0.684,0
473,R,0.941,C,91.2,-139.3,146.1,131.1,8.1,10.4,24.3,0.516,0.020,0.464,0
474,Q,0.921,C,69.6,-79.9,122.8,111.0,-118.6,16.3,18.6,0.683,0.020,0.297,0
475,I,0.903,C,54.5,-91.7,-24.5,101.8,178.2,14.4,17.9,0.816,0.015,0.168,0
476,D,0.876,C,48.5,-141.4,153.4,131.9,7.8,12.1,17.4,0.839,0.019,0.143,0
477,Q,0.839,C,113.8,-74.5,-14.3,96.7,-127.4,7.1,19.0,0.972,0.017,0.011,0
478,N,0.805,C,76.4,-96.3,3.3,100.7,49.4,8.8,19.9,0.957,0.017,0.027,0
479,W,0.782,E,45.3,-120.1,143.6,129.7,77.6,15.5,20.6,0.460,0.011,0.529,0
480,Y,0.783,E,18.8,-134.3,146.6,134.3,-174.3,21.2,22.5,0.068,0.001,0.932,0
481,E,0.769,E,34.8,-125.7,141.6,128.7,-157.3,16.0,27.4,0.024,0.000,0.976,0
482,G,0.751,E,3.0,-158.7,166.5,144.7,163.4,22.7,22.7,0.026,0.000,0.973,0
483,E,0.750,E,53.4,-122.9,140.9,127.1,-115.9,12.2,26.4,0.015,0.000,0.984,0
484,H,0.751,E,15.8,-129.3,125.2,124.2,-171.9,22.5,15.9,0.038,0.001,0.961,0
485,H,0.751,C,107.1,56.3,39.9,93.3,-11.0,8.0,18.6,0.996,0.003,0.001,0
486,G,0.752,C,51.1,82.9,2.0,94.5,-49.7,4.5,18.0,0.994,0.004,0.002,0
487,R,0.757,E,83.0,-109.8,143.3,127.3,109.0,12.4,16.7,0.052,0.000,0.948,0
488,V,0.763,E,34.7,-100.5,131.1,118.2,-141.5,15.9,23.7,0.040,0.000,0.960,0
489,G,0.770,E,3.4,-178.6,178.1,138.7,134.3,23.0,26.1,0.216,0.002,0.782,0
490,I,0.792,E,5.1,-106.5,134.7,121.2,-81.3,24.9,27.1,0.185,0.002,0.813,0
491,F,0.819,E,4.6,-128.0,146.2,131.0,-172.5,25.2,28.3,0.165,0.001,0.834,0
492,P,0.830,E,9.7,-69.0,144.2,114.8,-105.4,21.4,25.8,0.240,0.001,0.759,0
493,R,0.860,H,70.2,-64.5,-33.0,94.1,-127.7,17.8,20.8,0.164,0.835,0.002,0
494,T,0.871,H,66.9,-73.4,-19.1,92.2,61.2,8.6,23.5,0.194,0.804,0.002,0
495,Y,0.875,H,18.7,-99.8,-8.7,99.9,41.1,21.5,19.1,0.165,0.832,0.003,0
496,I,0.869,E,3.3,-113.6,137.0,126.3,72.8,27.0,15.3,0.483,0.004,0.512,0
497,E,0.844,E,85.0,-123.7,141.7,127.7,-167.5,7.3,25.8,0.160,0.002,0.838,0
498,L,0.830,E,68.3,-74.8,132.0,112.7,-113.7,15.9,19.1,0.283,0.003,0.714,0
499,L,0.817,C,26.5,-95.0,137.5,118.2,-144.3,20.2,13.7,0.918,0.000,0.082,0
500,P,0.808,C,75.7,-70.9,150.3,114.9,-103.4,5.6,21.0,0.989,0.000,0.011,0
501,P,0.778,C,66.0,-68.0,146.0,112.1,-100.9,12.6,14.7,0.968,0.027,0.004,0
502,A,0.772,C,64.3,-77.1,126.0,107.2,-120.2,8.4,14.3,0.892,0.099,0.008,0
503,E,0.764,C,121.2,-86.9,131.5,113.2,-110.4,6.5,13.9,0.856,0.125,0.020,0
504,K,0.765,C,121.7,-98.0,135.9,117.5,-143.4,7.5,13.8,0.915,0.055,0.030,0
505,A,0.757,C,52.3,-75.3,148.0,114.5,-106.7,10.7,14.6,0.980,0.006,0.014,0
506,Q,0.755,C,114.9,-90.4,133.7,116.1,-120.1,5.7,18.2,0.990,0.001,0.009,0
507,P,0.759,C,50.6,-68.7,150.2,113.9,-103.4,16.0,12.7,0.989,0.005,0.006,0
508,R,0.771,C,132.6,-84.1,140.9,114.7,-111.6,6.8,16.2,0.988,0.006,0.007,0
509,K,0.784,C,131.3,-80.5,137.8,114.1,-105.9,6.2,17.0,0.987,0.005,0.008,0
510,L,0.793,C,55.5,-78.6,145.8,115.4,-113.2,16.1,13.0,0.994,0.002,0.004,0
511,A,0.815,C,52.8,-73.8,148.3,113.7,-101.5,9.5,18.1,0.994,0.005,0.001,0
512,P,0.821,C,69.0,-69.3,146.5,112.5,-98.7,9.2,18.7,0.948,0.051,0.001,0
513,V,0.845,C,58.6,-81.7,124.8,109.5,-126.1,14.6,14.7,0.612,0.354,0.034,0
514,Q,0.848,H,89.8,-97.9,124.8,114.4,-143.5,9.5,19.6,0.356,0.406,0.239,0
515,V,0.862,E,49.9,-100.5,123.8,114.8,-155.5,15.4,16.1,0.297,0.226,0.477,0
516,L,0.855,E,62.1,-94.0,121.9,112.2,-159.3,13.1,17.2,0.344,0.228,0.427,0
517,E,0.839,C,99.8,-94.8,108.8,111.3,-159.2,8.6,19.2,0.434,0.204,0.361,0
518,Y,0.828,C,68.8,-107.2,116.7,114.9,168.9,14.9,17.1,0.546,0.163,0.291,0
519,G,0.826,C,19.0,126.6,-170.6,125.1,-42.9,13.1,20.2,0.663,0.030,0.306,0
520,E,0.836,E,74.6,-100.9,133.9,118.5,-54.8,11.6,25.0,0.359,0.024,0.617,0
521,A,0.845,E,4.6,-130.5,146.4,132.4,-176.3,24.9,19.0,0.060,0.002,0.938,0
522,I,0.844,E,38.9,-108.9,127.1,118.7,-148.6,13.2,28.2,0.023,0.001,0.976,0
523,A,0.838,E,7.0,-82.7,126.1,112.7,-133.7,24.3,19.5,0.064,0.004,0.931,0
524,K,0.827,E,72.2,-90.4,-21.8,100.1,-176.8,13.0,22.0,0.349,0.014,0.638,0
525,F,0.808,E,41.3,-150.0,154.3,138.4,6.0,16.6,21.1,0.448,0.017,0.535,0
526,N,0.780,C,63.6,-107.4,124.0,116.9,-139.0,12.0,23.4,0.587,0.009,0.404,0
527,F,0.760,E,30.2,-118.6,137.5,124.4,-173.3,21.3,16.1,0.481,0.016,0.504,0
528,N,0.748,C,83.9,-110.4,115.7,115.0,-168.5,7.3,24.0,0.553,0.007,0.439,0
529,G,0.771,C,17.8,-107.0,159.5,122.7,175.5,18.0,14.1,0.801,0.013,0.186,0
530,D,0.794,C,90.9,-91.8,9.4,103.6,-152.4,7.0,20.1,0.911,0.008,0.081,0
531,T,0.818,C,47.4,-121.8,152.8,127.7,77.6,11.6,16.4,0.883,0.014,0.102,0
532,Q,0.834,C,105.7,-79.4,-5.6,98.9,-133.1,8.4,19.5,0.950,0.012,0.037,0
533,V,0.843,C,60.3,-108.0,137.5,122.6,91.8,11.6,17.9,0.853,0.015,0.132,0
534,E,0.851,C,69.9,-80.3,129.8,112.6,-123.0,14.9,21.6,0.643,0.028,0.328,0
535,M,0.860,C,11.5,-107.9,135.0,120.7,-158.3,24.4,16.7,0.617,0.014,0.368,0
536,S,0.851,C,35.8,-106.4,131.1,118.6,-151.2,12.2,27.2,0.620,0.011,0.369,0
537,F,0.850,C,6.3,-127.3,146.3,131.9,-177.6,25.7,16.4,0.602,0.007,0.392,0
538,R,0.840,C,108.1,-121.2,149.5,129.6,-163.5,5.3,27.1,0.877,0.002,0.121,0
539,K,0.822,C,98.0,-61.8,137.5,110.7,-87.6,12.7,18.7,0.984,0.000,0.016,0
540,G,0.823,C,40.9,89.0,-5.3,93.0,25.6,4.8,20.9,0.996,0.001,0.003,0
541,E,0.829,C,51.2,-78.2,146.4,120.0,129.8,13.8,18.6,0.983,0.000,0.016,0
542,R,0.856,E,75.2,-94.3,126.7,115.2,-132.3,14.6,25.8,0.069,0.000,0.931,0
543,I,0.869,E,3.2,-116.2,131.4,123.6,-161.8,26.7,18.7,0.016,0.000,0.984,0
544,T,0.876,E,33.3,-112.3,127.3,119.7,-160.3,11.7,28.7,0.009,0.000,0.991,0
545,L,0.876,E,10.1,-82.5,123.5,111.8,-136.7,24.2,19.3,0.013,0.000,0.987,0
546,L,0.886,E,53.7,-93.1,-28.2,100.9,177.4,12.8,21.7,0.034,0.000,0.966,0
547,R,0.882,E,85.9,-150.3,151.1,138.5,2.5,8.6,25.0,0.051,0.001,0.948,0
548,Q,0.869,E,65.9,-85.2,123.4,112.5,-125.6,16.4,17.9,0.236,0.002,0.762,0
549,V,0.877,C,53.8,-92.9,-26.3,101.8,178.8,12.2,17.6,0.693,0.006,0.300,0
550,D,0.877,C,57.1,-155.9,166.0,137.0,-6.8,7.1,19.6,0.842,0.008,0.151,0
551,E,0.864,C,122.6,-69.4,-20.8,95.8,-88.5,7.4,17.1,0.983,0.010,0.007,0
552,N,0.847,C,76.3,-95.9,4.7,99.4,45.7,8.8,19.7,0.969,0.010,0.021,0
553,W,0.842,E,43.7,-116.7,143.8,129.1,84.2,15.4,20.5,0.435,0.006,0.559,0
554,Y,0.843,E,16.9,-134.7,147.3,134.8,-174.4,21.8,22.4,0.037,0.000,0.963,0
555,E,0.828,E,37.7,-125.1,141.8,128.7,-158.3,15.8,27.6,0.012,0.000,0.988,0
556,G,0.806,E,3.0,-158.1,166.6,144.4,163.9,23.0,23.4,0.021,0.000,0.979,0
557,R,0.784,E,74.0,-118.5,141.6,125.7,-113.7,12.5,26.8,0.026,0.000,0.974,0
558,I,0.770,C,16.8,-88.0,128.0,114.3,-131.1,22.7,18.8,0.539,0.002,0.459,0
559,P,0.747,C,52.0,-66.4,139.7,109.8,-100.8,14.2,18.4,0.895,0.022,0.083,0
560,G,0.730,C,54.8,81.7,-1.6,99.3,15.0,2.7,18.3,0.920,0.056,0.024,0
561,T,0.744,C,53.8,-104.4,131.0,116.4,94.9,11.9,14.1,0.865,0.069,0.066,0
562,S,0.735,C,70.1,-68.3,23.4,100.1,-137.1,7.2,20.8,0.891,0.043,0.066,0
563,R,0.738,C,69.8,-108.4,141.4,124.4,126.5,14.9,18.4,0.699,0.031,0.271,0
564,Q,0.748,E,58.9,-120.6,140.1,126.1,-161.0,13.4,25.1,0.309,0.010,0.681,0
565,G,0.770,E,4.2,-177.1,177.0,143.2,127.0,21.7,24.7,0.207,0.002,0.790,0
566,I,0.814,E,11.7,-110.2,136.8,122.6,-76.8,23.3,27.0,0.103,0.002,0.895,0
567,F,0.859,E,4.7,-125.8,141.8,129.4,-170.1,25.5,27.2,0.100,0.001,0.899,0
568,P,0.881,E,13.1,-70.6,139.6,113.0,-106.5,20.8,25.8,0.181,0.003,0.816,0
569,I,0.894,H,24.9,-66.9,-30.5,95.8,-138.5,21.9,20.8,0.277,0.656,0.067,0
570,T,0.909,H,59.6,-74.2,-19.1,94.1,64.3,11.1,24.4,0.270,0.622,0.108,0
571,Y,0.937,H,26.6,-95.3,-9.0,100.0,46.6,20.2,21.6,0.228,0.560,0.212,0
572,V,0.952,E,3.2,-110.5,137.5,124.9,81.8,26.8,16.8,0.230,0.035,0.735,0
573,D,0.948,E,51.6,-110.8,133.8,121.3,-160.6,10.8,27.0,0.167,0.024,0.809,0
574,V,0.930,E,30.6,-87.8,125.7,113.7,-135.4,19.7,20.3,0.257,0.027,0.716,0
575,L,0.899,C,39.6,-91.5,123.0,112.0,-151.8,17.7,16.0,0.636,0.032,0.332,0
576,K,0.890,C,114.2,-99.5,122.1,114.0,-131.8,8.4,17.6,0.853,0.012,0.135,0
577,R,0.874,C,114.9,-107.3,137.3,121.0,-151.9,9.3,16.2,0.944,0.005,0.052,0
578,P,0.848,C,65.3,-70.1,144.2,111.8,-102.0,11.0,16.3,0.937,0.046,0.017,0
579,L,0.835,C,84.9,-79.9,11.7,104.0,-132.3,10.9,15.3,0.892,0.073,0.034,0
580,V,0.833,C,70.3,-101.5,132.9,117.3,125.7,9.9,14.7,0.865,0.062,0.073,0
581,K,0.832,C,117.1,-95.7,131.2,114.7,-140.7,7.8,15.5,0.915,0.025,0.060,0
582,T,0.826,C,60.2,-102.2,134.2,118.6,-149.3,9.6,15.8,0.952,0.015,0.033,0
583,P,0.837,C,75.0,-67.7,-18.9,98.8,-116.2,10.2,14.8,0.904,0.082,0.014,0
584,V,0.850,C,84.0,-83.1,1.6,103.4,72.0,8.6,15.1,0.817,0.141,0.042,0
585,D,0.856,C,84.7,-84.2,24.2,104.3,71.1,6.9,15.7,0.825,0.127,0.048,0
586,Y,0.847,C,87.3,-87.7,19.4,104.6,91.5,12.9,14.1,0.810,0.130,0.060,0
587,I,0.829,C,59.0,-91.9,97.9,110.0,98.1,15.0,13.8,0.872,0.079,0.049,0
588,D,0.806,C,91.8,-89.0,93.5,107.8,-152.3,6.0,18.5,0.926,0.032,0.043,0
589,L,0.780,C,44.9,-94.7,134.7,117.8,-158.0,17.6,14.2,0.964,0.006,0.030,0
590,P,0.745,C,55.5,-70.8,135.0,107.5,-109.0,11.8,17.9,0.955,0.030,0.016,0
591,Y,0.702,C,91.4,-90.7,109.0,110.3,-144.8,12.6,16.9,0.899,0.052,0.049,0
592,S,0.662,C,40.6,-100.9,136.3,115.5,-179.0,12.9,16.2,0.923,0.016,0.061,1
593,S,0.631,C,65.9,-89.3,8.4,103.2,-156.1,8.4,17.9,0.963,0.005,0.032,0
594,S,0.608,C,44.0,-98.0,132.9,118.1,102.5,10.9,14.8,0.974,0.001,0.025,0
595,P,0.590,C,78.5,-67.3,-18.9,97.7,-132.3,9.5,15.0,0.932,0.063,0.006,0
596,S,0.588,C,71.1,-83.7,2.1,101.4,63.2,5.7,15.6,0.897,0.083,0.020,1
597,R,0.578,C,109.0,-89.6,94.5,109.3,97.2,10.2,13.8,0.833,0.105,0.062,0
598,S,0.574,C,49.9,-93.7,131.4,114.0,165.2,10.6,15.6,0.858,0.076,0.066,0
599,A,0.592,C,59.0,-78.4,-9.6,101.9,-147.1,10.7,15.1,0.905,0.064,0.031,0
600,T,0.612,C,79.6,-92.9,66.1,108.9,78.6,6.6,16.1,0.927,0.027,0.046,0
601,V,0.615,C,63.7,-92.3,117.5,111.9,156.2,12.5,13.6,0.957,0.005,0.038,0
602,S,0.623,C,46.8,-95.9,137.0,118.3,-148.3,10.4,15.6,0.981,0.001,0.018,0
603,P,0.611,C,77.5,-69.1,9.8,102.3,-113.3,9.4,15.0,0.968,0.028,0.004,0
604,Q,0.610,C,111.3,-87.9,114.3,110.1,-162.4,6.3,14.7,0.966,0.027,0.007,0
605,Q,0.617,C,81.6,-92.2,138.6,117.6,-142.5,10.6,14.4,0.966,0.021,0.013,0
606,P,0.619,C,66.2,-68.7,141.1,106.3,-104.8,11.1,15.1,0.894,0.103,0.003,0
607,Q,0.642,C,103.6,-73.8,-14.2,101.4,-112.6,7.6,16.3,0.740,0.250,0.011,0
608,A,0.658,C,60.8,-76.7,-0.3,102.7,94.7,9.5,13.4,0.657,0.329,0.014,0
609,Q,0.660,C,103.0,-87.2,58.8,107.0,97.3,7.9,13.3,0.670,0.301,0.029,0
610,Q,0.664,C,107.8,-90.5,115.5,111.0,153.6,7.1,13.2,0.728,0.229,0.043,0
611,R,0.673,C,124.9,-93.6,129.4,114.5,-150.4,9.0,14.0,0.819,0.131,0.050,0
612,R,0.679,C,126.8,-100.0,133.0,117.2,-145.7,8.2,16.4,0.903,0.028,0.070,0
613,V,0.673,C,55.4,-101.5,134.5,117.9,-150.6,14.1,14.8,0.948,0.002,0.050,0
614,T,0.675,C,62.8,-102.4,134.6,118.8,-144.3,9.5,17.6,0.983,0.001,0.016,0
615,P,0.671,C,71.0,-69.7,12.1,103.1,-120.3,10.7,15.1,0.925,0.071,0.004,0
616,D,0.674,C,95.8,-84.3,61.0,105.9,-149.6,5.5,15.4,0.868,0.120,0.013,0
617,R,0.653,C,124.9,-83.5,8.4,102.9,129.8,9.5,13.1,0.815,0.156,0.030,0
618,S,0.642,C,66.5,-88.1,46.6,106.8,99.4,7.1,14.4,0.898,0.061,0.042,0
619,Q,0.643,C,77.3,-98.2,122.8,115.2,121.7,10.6,13.6,0.961,0.006,0.033,0
620,P,0.651,C,71.7,-70.0,116.5,105.0,-128.0,9.4,15.5,0.952,0.037,0.011,0
621,S,0.681,C,73.8,-83.1,50.2,105.4,-118.5,5.5,15.9,0.905,0.069,0.027,0
622,L,0.703,C,73.7,-89.4,100.2,109.6,148.3,12.4,12.4,0.868,0.080,0.052,0
623,D,0.756,C,93.3,-87.3,71.9,106.4,-177.7,5.6,17.2,0.853,0.055,0.091,0
624,L,0.787,C,60.5,-95.2,127.7,114.6,-175.6,14.3,15.4,0.726,0.033,0.241,0
625,C,0.809,E,35.8,-124.4,148.5,127.7,179.6,13.7,19.3,0.466,0.015,0.520,0
626,S,0.810,E,45.7,-97.8,138.5,119.0,-127.8,11.3,21.9,0.295,0.013,0.692,0
627,Y,0.807,E,20.1,-132.4,147.6,133.2,-176.8,22.6,17.7,0.111,0.005,0.884,0
628,Q,0.797,E,74.0,-105.7,130.8,118.9,-142.1,9.8,26.6,0.083,0.004,0.913,0
629,A,0.794,E,12.7,-75.9,127.9,111.5,-118.8,22.6,17.0,0.294,0.037,0.669,0
630,L,0.802,C,58.5,-88.9,-21.7,99.8,-171.6,13.5,19.1,0.632,0.031,0.337,0
631,Y,0.804,C,59.0,-141.1,148.7,132.0,12.3,14.9,17.5,0.588,0.024,0.389,0
632,S,0.798,C,54.3,-102.4,115.5,113.7,-139.3,10.1,22.4,0.769,0.009,0.222,0
633,Y,0.787,C,28.6,-122.6,144.9,128.5,178.7,21.7,15.1,0.728,0.007,0.265,0
634,V,0.785,C,78.6,-113.3,124.6,118.5,-154.3,6.6,25.8,0.920,0.000,0.080,0
635,P,0.772,C,31.2,-70.0,141.1,113.5,-115.8,19.9,14.2,0.980,0.001,0.019,0
636,Q,0.775,C,96.1,-89.9,-12.3,101.0,-161.7,8.0,19.5,0.979,0.001,0.020,0
637,N,0.783,C,66.5,-141.7,161.0,134.3,19.7,7.0,17.7,0.960,0.001,0.039,0
638,D,0.815,C,106.8,-69.3,-22.9,96.8,-98.1,4.6,16.7,0.988,0.009,0.002,0
639,D,0.825,C,77.9,-89.1,5.7,100.6,51.8,7.8,17.7,0.981,0.014,0.005,0
640,E,0.812,C,45.2,-96.4,135.8,117.1,95.6,13.7,18.5,0.806,0.061,0.133,0
641,L,0.803,C,15.3,-90.3,128.2,114.2,-121.4,23.5,16.6,0.772,0.042,0.186,0
642,E,0.804,C,94.6,-96.4,128.5,115.5,-142.1,7.2,26.3,0.778,0.022,0.201,0
643,L,0.812,C,8.7,-104.0,136.9,122.3,-155.9,25.3,12.8,0.863,0.003,0.133,0
644,R,0.816,C,112.1,-117.9,151.7,129.1,-163.9,4.8,25.8,0.953,0.000,0.047,0
645,D,0.835,C,88.1,-62.1,137.0,110.4,-86.7,9.1,18.6,0.993,0.000,0.007,0
646,G,0.835,C,40.4,88.9,-6.1,93.4,25.9,4.7,20.7,0.997,0.001,0.002,0
647,D,0.851,C,34.5,-77.0,146.5,119.7,132.9,14.3,18.8,0.988,0.000,0.011,0
648,I,0.873,E,52.1,-100.1,127.0,116.6,-136.7,13.1,25.8,0.053,0.000,0.947,0
649,V,0.894,E,3.4,-116.2,130.5,123.2,-163.5,26.4,17.1,0.015,0.000,0.985,0
650,D,0.904,E,50.0,-107.6,123.8,116.8,-156.1,9.0,28.5,0.018,0.000,0.982,0
651,V,0.895,E,11.5,-83.7,123.2,112.1,-139.8,24.1,16.4,0.028,0.000,0.972,0
652,M,0.881,E,66.4,-93.6,-28.9,100.1,176.4,10.1,21.7,0.086,0.004,0.910,0
653,E,0.857,E,71.7,-154.2,155.3,142.3,0.0,6.2,25.3,0.109,0.006,0.885,0
654,K,0.862,E,88.0,-89.4,129.4,115.3,-122.2,14.6,18.5,0.205,0.008,0.787,0
655,C,0.867,C,30.2,-96.5,149.0,114.9,-158.6,17.6,13.4,0.529,0.035,0.437,0
656,D,0.869,C,92.8,-85.4,-0.8,104.8,-86.2,6.5,16.1,0.754,0.060,0.186,0
657,D,0.857,C,101.8,-75.0,14.8,98.9,13.7,4.2,15.7,0.904,0.067,0.028,0
658,G,0.834,C,37.4,86.0,1.0,100.1,-84.1,8.9,16.5,0.937,0.035,0.028,0
659,W,0.832,C,64.0,-100.2,136.5,116.4,114.8,12.0,20.5,0.594,0.015,0.392,0
660,F,0.840,E,16.8,-123.5,144.2,129.9,-168.5,23.0,18.9,0.077,0.000,0.922,0
661,V,0.852,E,34.5,-123.8,141.3,128.2,-163.1,13.1,27.6,0.013,0.000,0.987,0
662,G,0.840,E,3.6,-146.7,159.9,140.3,173.2,23.5,20.0,0.009,0.000,0.991,0
663,T,0.826,E,46.5,-119.2,139.3,125.4,-130.5,10.4,26.9,0.007,0.000,0.993,0
664,S,0.814,E,13.7,-81.5,123.8,111.1,-126.2,21.3,16.7,0.158,0.001,0.840,0
665,R,0.813,C,123.8,-71.0,-27.3,95.2,-151.9,7.8,17.5,0.911,0.055,0.035,0
666,R,0.810,C,137.5,-72.3,-33.7,93.8,49.2,3.5,17.1,0.906,0.086,0.008,0
667,T,0.813,C,55.5,-105.5,-8.2,102.3,31.1,9.2,12.4,0.908,0.085,0.007,0
668,R,0.797,C,163.5,61.3,31.1,90.3,-121.1,3.1,19.3,0.976,0.013,0.010,0
669,Q,0.772,C,55.1,-109.6,145.9,126.7,132.1,11.3,17.7,0.533,0.009,0.458,0
670,F,0.756,E,74.3,-122.0,140.5,127.0,-156.1,12.4,23.9,0.094,0.000,0.906,0
671,G,0.744,E,5.8,172.2,-179.7,144.5,112.8,17.5,23.4,0.053,0.000,0.947,0
672,T,0.741,E,17.7,-117.5,140.8,126.3,-70.5,20.4,26.6,0.013,0.000,0.987,0
673,F,0.730,E,5.9,-133.8,149.1,133.9,-174.4,24.9,26.1,0.032,0.000,0.968,0
674,P,0.710,E,14.2,-70.0,144.9,114.6,-100.2,20.3,25.9,0.193,0.000,0.807,0
675,G,0.690,H,12.3,-65.1,-32.0,95.3,-129.2,21.3,20.2,0.267,0.729,0.004,0
676,N,0.699,H,76.4,-71.6,-21.5,92.0,60.3,8.5,24.1,0.263,0.733,0.003,0
677,Y,0.715,H,27.8,-95.0,-9.0,97.9,45.5,19.9,19.6,0.238,0.752,0.010,0
678,V,0.742,E,3.7,-102.7,135.2,122.4,86.1,26.9,14.2,0.347,0.005,0.648,0
679,K,0.739,E,94.2,-121.4,138.1,125.5,-168.3,7.5,24.4,0.208,0.003,0.789,0
680,P,0.706,E,68.6,-69.0,139.0,112.6,-107.6,12.5,19.4,0.240,0.002,0.758,0
681,L,0.636,C,45.1,-95.1,129.4,114.7,-145.5,18.6,11.8,0.690,0.013,0.297,0
682,Y,0.589,C,143.0,-92.6,118.0,111.5,-135.4,6.3,16.9,0.844,0.006,0.150,0
683,L,0.560,C,105.4,-97.6,113.4,112.3,-173.0,10.6,10.1,0.994,0.000,0.006,0
