Q76LL6,SEQ,flexibility,SS,ASA,Phi,Psi,Theta(i-1=>i+1),Tau(i-2=>i+2),HSE_alpha_up,HSE_alpha_down,P(C),P(H),P(E),positive
0,M,0.427,C,119.6,-95.9,128.6,114.8,-177.7,8.4,10.9,0.987,0.011,0.001,0
1,G,0.419,C,46.4,103.9,-171.4,116.1,0.7,5.3,14.3,0.944,0.052,0.004,0
2,N,0.456,C,83.8,-98.3,120.1,113.5,-96.5,9.1,16.6,0.823,0.171,0.006,0
3,T,0.533,H,47.8,-75.4,-17.2,98.9,-152.6,15.7,16.9,0.458,0.540,0.002,0
4,T,0.615,H,43.1,-67.3,-34.2,95.4,66.0,15.7,17.5,0.376,0.622,0.001,0
5,T,0.671,H,62.0,-66.6,-38.3,95.1,58.3,9.2,20.9,0.229,0.769,0.002,0
6,K,0.712,H,71.5,-66.4,-38.6,93.3,51.5,10.4,22.6,0.046,0.954,0.000,0
7,F,0.756,H,5.7,-63.9,-43.4,93.5,51.0,25.6,20.2,0.009,0.991,0.000,0
8,R,0.775,H,52.1,-62.1,-41.9,92.3,52.7,17.1,23.2,0.003,0.997,0.000,0
9,K,0.778,H,92.4,-64.1,-40.7,92.0,51.0,6.0,27.8,0.002,0.998,0.000,0
10,A,0.767,H,10.7,-64.8,-43.0,92.9,49.7,16.9,23.0,0.002,0.998,0.000,0
11,L,0.754,H,3.1,-65.5,-42.9,94.1,50.1,26.0,20.4,0.005,0.995,0.000,0
12,I,0.745,H,53.0,-66.5,-37.8,92.7,49.9,15.1,23.2,0.059,0.941,0.000,0
13,N,0.743,C,85.2,-95.0,-0.3,96.9,43.7,6.1,22.8,0.621,0.379,0.000,0
14,G,0.755,C,16.0,74.5,13.7,95.6,-112.9,18.0,17.8,0.998,0.002,0.000,0
15,D,0.790,C,53.1,-97.2,94.4,107.3,156.6,9.4,22.2,0.998,0.001,0.001,0
16,E,0.798,H,39.6,-65.8,-34.6,93.9,-174.5,21.3,17.6,0.020,0.980,0.000,0
17,N,0.799,H,82.7,-63.4,-39.9,91.6,55.8,6.7,24.2,0.004,0.996,0.000,0
18,L,0.822,H,22.0,-65.5,-42.2,93.4,50.6,17.1,23.6,0.001,0.999,0.000,0
19,A,0.849,H,0.9,-63.4,-44.2,93.2,51.5,27.9,22.5,0.000,1.000,0.000,0
20,C,0.874,H,21.1,-62.6,-42.5,92.7,52.4,18.2,24.6,0.001,0.999,0.000,0
21,Q,0.863,H,59.1,-64.7,-41.1,92.2,50.3,8.5,27.5,0.001,0.999,0.000,0
22,I,0.854,H,5.4,-65.1,-44.1,93.6,50.0,22.6,21.7,0.002,0.998,0.000,0
23,Y,0.829,H,10.9,-65.8,-41.5,94.2,50.2,24.2,18.8,0.007,0.993,0.000,0
24,E,0.809,H,95.0,-68.5,-34.4,93.3,51.3,9.4,19.9,0.090,0.910,0.000,0
25,N,0.785,H,81.5,-93.9,-10.8,98.5,42.4,7.6,18.8,0.494,0.506,0.000,0
26,N,0.766,C,34.0,-124.2,84.4,112.3,31.5,16.3,12.1,0.994,0.005,0.000,0
27,P,0.747,H,85.4,-64.3,-30.3,92.8,-168.1,6.0,16.3,0.238,0.762,0.000,0
28,Q,0.746,H,93.8,-68.1,-33.4,93.2,55.8,5.7,19.1,0.219,0.781,0.000,0
29,L,0.745,H,8.5,-65.7,-40.5,93.8,53.8,24.1,14.1,0.101,0.899,0.000,0
30,K,0.738,H,87.6,-64.9,-36.0,92.9,56.5,13.2,18.4,0.128,0.871,0.001,0
31,E,0.733,H,123.4,-69.3,-32.1,92.6,52.9,3.0,22.4,0.232,0.767,0.001,0
32,S,0.722,H,35.9,-96.1,-5.7,99.5,45.1,13.8,18.1,0.418,0.579,0.004,0
33,L,0.713,C,11.1,-89.8,132.8,115.2,92.5,24.8,15.1,0.904,0.011,0.085,0
34,D,0.719,C,45.8,-94.9,98.9,107.8,-145.5,10.7,24.5,0.967,0.000,0.032,0
35,P,0.702,C,18.4,-71.5,-21.6,95.5,-165.5,22.8,17.9,0.909,0.072,0.019,0
36,N,0.695,C,80.3,-87.2,1.8,95.2,61.1,8.7,21.7,0.913,0.061,0.026,0
37,I,0.690,C,35.8,-86.0,138.1,118.6,104.8,17.6,14.6,0.904,0.031,0.065,0
38,S,0.666,C,60.4,-84.4,129.7,112.4,-122.9,8.1,24.0,0.900,0.033,0.066,0
39,Y,0.667,C,47.2,-85.9,2.7,102.1,-155.4,20.7,14.9,0.882,0.064,0.054,0
40,G,0.647,C,33.1,94.4,-156.7,113.9,-101.4,9.9,18.6,0.936,0.031,0.033,0
41,E,0.663,C,96.4,-95.5,135.6,117.1,-12.7,8.6,18.9,0.923,0.025,0.053,0
42,P,0.680,C,59.3,-69.6,9.3,102.0,-94.7,11.6,17.6,0.814,0.164,0.022,0
43,Y,0.684,C,59.1,-80.4,-0.8,100.5,62.4,18.5,16.7,0.766,0.212,0.022,0
44,Q,0.683,C,66.9,-87.2,12.4,101.7,79.8,13.1,21.3,0.790,0.187,0.023,0
45,H,0.704,C,57.3,-56.0,26.3,101.6,21.0,15.5,21.4,0.870,0.099,0.031,0
46,N,0.709,C,16.8,-103.8,130.1,118.1,147.6,21.7,23.8,0.881,0.029,0.090,0
47,T,0.731,C,8.5,-97.2,158.5,124.0,-146.2,22.8,27.1,0.950,0.028,0.022,0
48,P,0.735,H,2.5,-64.7,-35.0,94.1,-103.5,26.7,26.8,0.033,0.967,0.000,0
49,L,0.749,H,1.2,-64.9,-43.1,94.0,51.9,27.8,29.0,0.002,0.998,0.000,0
50,H,0.764,H,9.5,-64.6,-42.5,93.6,52.4,23.6,29.1,0.001,0.999,0.000,0
51,Y,0.771,H,21.6,-65.1,-42.6,93.5,50.5,19.9,29.6,0.001,0.999,0.000,0
52,A,0.778,H,1.1,-64.2,-44.2,93.5,50.1,26.2,27.6,0.001,0.999,0.000,0
53,A,0.765,H,2.9,-65.3,-42.7,94.2,50.8,25.3,25.8,0.004,0.996,0.000,0
54,R,0.760,H,80.5,-67.5,-37.1,92.8,51.1,14.5,26.4,0.048,0.952,0.000,0
55,H,0.737,C,60.0,-98.1,-0.6,97.7,42.0,15.9,21.3,0.684,0.316,0.000,0
56,G,0.721,C,24.8,77.1,14.8,94.1,-110.5,15.4,23.1,0.995,0.004,0.001,0
57,M,0.739,C,14.8,-98.7,49.4,104.7,143.5,22.1,18.1,0.994,0.005,0.001,0
58,N,0.757,H,42.8,-63.5,-39.1,93.9,151.2,19.6,20.2,0.046,0.954,0.000,0
59,R,0.782,H,109.2,-65.6,-37.8,92.1,55.1,7.2,26.2,0.013,0.987,0.000,0
60,I,0.800,H,8.4,-66.7,-42.4,94.3,50.3,22.3,23.8,0.002,0.998,0.000,0
61,L,0.811,H,2.0,-66.2,-42.4,94.5,51.0,27.0,23.3,0.003,0.997,0.000,0
62,G,0.827,H,15.0,-63.8,-41.7,93.6,53.3,17.5,24.2,0.028,0.972,0.000,0
63,T,0.839,H,38.4,-66.9,-39.4,93.4,50.9,12.5,26.3,0.045,0.955,0.000,0
64,F,0.838,H,9.5,-68.4,-40.6,95.0,49.3,23.0,23.3,0.070,0.929,0.001,0
65,L,0.814,H,4.6,-69.0,-39.3,95.7,50.7,25.4,21.8,0.166,0.830,0.004,0
66,F,0.768,H,57.3,-75.9,-26.2,97.6,52.2,15.5,20.6,0.374,0.613,0.013,0
67,G,0.740,C,42.2,-77.3,-17.0,97.1,48.1,7.0,20.8,0.631,0.354,0.015,0
68,R,0.717,C,80.1,-97.2,13.6,104.2,51.7,14.8,16.2,0.861,0.117,0.022,0
69,D,0.686,C,84.7,47.5,37.6,99.3,-116.6,9.0,22.4,0.939,0.041,0.020,0
70,G,0.655,C,10.7,-102.8,152.8,121.5,155.0,21.6,17.3,0.915,0.012,0.073,0
71,N,0.634,C,52.2,-95.0,101.7,108.8,-141.1,11.9,26.6,0.919,0.006,0.075,0
72,P,0.621,C,5.6,-72.4,-22.3,95.6,-161.7,25.4,19.0,0.752,0.195,0.053,0
73,N,0.641,C,54.1,-88.5,-2.7,95.0,58.6,13.9,21.3,0.739,0.183,0.078,0
74,K,0.655,C,74.9,-84.8,139.7,119.8,105.6,11.4,18.6,0.737,0.046,0.217,0
75,R,0.669,E,109.7,-97.4,133.1,118.5,-133.8,11.7,19.8,0.489,0.006,0.505,0
76,N,0.692,C,20.7,-90.2,172.1,125.8,-137.1,17.9,15.0,0.922,0.003,0.075,0
77,V,0.707,C,87.1,-67.9,-22.9,93.4,-92.8,8.8,17.6,0.971,0.024,0.005,0
78,H,0.730,C,92.3,-93.2,1.0,96.0,47.4,7.6,14.9,0.977,0.020,0.003,0
79,N,0.750,C,99.1,68.2,20.6,93.3,-111.7,7.0,18.3,0.973,0.019,0.007,0
80,E,0.757,C,50.3,-89.9,147.1,121.6,138.9,13.0,20.0,0.900,0.012,0.088,0
81,T,0.769,C,14.9,-85.6,155.0,122.6,-124.5,19.3,26.0,0.733,0.071,0.196,0
82,S,0.782,H,2.5,-63.3,-35.3,92.8,-108.9,26.4,24.6,0.171,0.822,0.007,0
83,M,0.794,H,1.6,-65.1,-42.5,94.1,52.9,27.6,28.6,0.031,0.966,0.004,0
84,H,0.807,H,8.7,-64.9,-42.1,93.5,52.7,23.9,29.2,0.015,0.980,0.005,0
85,L,0.826,H,6.2,-66.0,-42.1,94.2,51.4,23.8,29.5,0.015,0.981,0.004,0
86,L,0.830,H,1.8,-68.3,-39.2,94.8,51.4,26.6,28.6,0.067,0.929,0.004,0
87,C,0.823,H,2.3,-83.8,-19.3,97.6,50.2,25.7,26.8,0.352,0.644,0.004,0
88,M,0.788,C,23.6,-92.4,27.6,106.3,67.8,21.8,25.3,0.774,0.211,0.015,0
89,G,0.773,C,8.1,137.3,-178.5,127.7,-140.4,20.8,25.0,0.888,0.093,0.020,0
90,P,0.746,C,29.7,-75.5,125.8,107.6,-55.6,19.1,25.3,0.725,0.249,0.026,0
91,Q,0.751,C,40.5,-95.1,97.4,110.0,-158.8,18.1,24.7,0.565,0.277,0.158,0
92,I,0.754,C,16.8,-100.0,128.4,116.0,-175.1,23.0,20.5,0.388,0.333,0.280,0
93,M,0.752,E,46.4,-100.6,121.2,114.2,-155.6,14.6,25.7,0.358,0.229,0.413,0
94,I,0.756,C,21.1,-99.1,125.7,115.4,-161.1,22.6,18.3,0.469,0.261,0.270,0
95,S,0.737,C,33.5,-102.5,143.2,118.3,-158.5,12.8,20.4,0.584,0.267,0.149,0
96,E,0.713,C,103.6,-73.3,45.3,104.0,-112.0,10.0,17.6,0.579,0.368,0.054,0
97,G,0.689,C,37.6,46.4,-12.3,102.0,31.9,9.1,19.0,0.607,0.348,0.045,0
98,T,0.703,C,40.2,-86.5,-2.2,104.1,77.1,13.0,18.1,0.618,0.316,0.066,0
99,L,0.726,C,29.0,-91.4,90.5,109.9,79.6,20.6,15.9,0.790,0.154,0.056,0
100,H,0.759,C,62.7,-97.5,123.2,114.8,-160.2,12.2,18.8,0.918,0.062,0.021,0
101,P,0.774,C,73.7,-66.4,-25.3,96.4,-136.3,10.8,16.8,0.545,0.448,0.007,0
102,R,0.777,C,126.8,-72.8,-23.9,95.2,55.9,6.0,18.2,0.499,0.477,0.024,0
103,L,0.768,C,40.0,-83.1,-14.1,100.6,58.2,17.2,14.5,0.523,0.446,0.031,0
104,A,0.762,C,38.6,-83.1,48.4,105.9,75.3,14.4,15.5,0.775,0.197,0.028,0
105,R,0.760,C,95.5,-99.5,128.7,116.7,130.9,11.2,18.1,0.910,0.072,0.018,0
106,P,0.778,C,53.5,-71.0,140.1,109.2,-114.2,12.2,17.8,0.817,0.173,0.010,0
107,V,0.802,C,59.5,-75.0,-12.9,102.5,-130.0,13.4,16.0,0.578,0.412,0.010,0
108,E,0.831,H,92.4,-77.8,-7.3,102.4,92.0,10.2,17.1,0.488,0.505,0.007,0
109,D,0.853,H,59.2,-80.7,5.9,103.1,80.2,12.3,16.7,0.415,0.581,0.004,0
110,D,0.854,H,71.3,-77.2,-4.0,99.7,91.2,11.5,17.5,0.351,0.646,0.003,0
111,F,0.841,H,69.3,-90.4,21.4,103.6,70.1,14.5,18.8,0.373,0.620,0.006,0
112,R,0.846,H,63.1,-86.3,22.6,104.3,120.5,15.4,21.5,0.288,0.704,0.008,0
113,R,0.850,H,31.2,-69.3,-37.9,98.2,87.5,21.9,22.5,0.071,0.928,0.001,0
114,A,0.878,H,16.4,-63.3,-40.6,93.6,58.0,20.4,24.1,0.014,0.986,0.000,0
115,D,0.913,H,42.7,-65.5,-40.5,93.4,53.2,13.2,27.6,0.007,0.993,0.000,0
116,C,0.932,H,3.0,-65.0,-43.9,94.2,50.8,24.9,26.0,0.003,0.997,0.000,0
117,L,0.930,H,1.6,-64.5,-43.7,94.0,51.2,27.3,27.2,0.001,0.999,0.000,0
118,Q,0.918,H,35.7,-64.0,-42.1,93.0,52.3,17.4,27.9,0.001,0.999,0.000,0
119,M,0.910,H,12.8,-65.2,-42.8,93.6,50.3,20.5,28.2,0.001,0.999,0.000,0
120,I,0.899,H,1.1,-64.9,-43.9,94.0,49.8,27.3,27.3,0.003,0.997,0.000,0
121,L,0.908,H,6.0,-67.0,-40.1,94.7,50.6,24.8,25.4,0.010,0.990,0.000,0
122,Q,0.904,H,66.6,-70.5,-31.8,93.2,52.3,12.7,25.2,0.102,0.898,0.000,0
123,W,0.890,H,18.7,-85.1,-12.8,99.9,52.7,22.4,19.0,0.378,0.616,0.006,0
124,K,0.845,C,83.8,-78.7,15.3,103.1,80.5,14.2,18.8,0.755,0.208,0.036,0
125,G,0.810,C,39.6,81.6,1.7,103.1,-60.5,8.8,20.0,0.917,0.067,0.015,0
126,A,0.795,C,22.7,-88.8,142.4,118.0,139.4,19.7,13.4,0.802,0.118,0.079,0
127,K,0.789,C,108.3,-87.7,117.5,110.2,-130.1,7.0,23.2,0.524,0.094,0.381,0
128,L,0.792,C,30.2,-87.5,129.7,111.9,-156.5,20.8,11.9,0.620,0.185,0.195,0
129,D,0.786,C,93.7,-81.9,31.8,103.9,-134.2,6.0,16.6,0.705,0.207,0.088,0
130,Q,0.766,C,112.5,-80.9,8.5,99.9,-4.8,6.7,14.6,0.769,0.195,0.036,0
131,G,0.766,C,45.4,82.6,-0.4,101.2,-87.9,5.7,15.6,0.834,0.144,0.022,0
132,E,0.781,C,105.7,-91.0,44.7,107.6,97.2,7.1,15.4,0.674,0.201,0.125,0
133,Y,0.796,C,75.1,-98.7,126.1,115.3,128.0,15.8,14.1,0.483,0.232,0.285,0
134,E,0.819,C,80.8,-101.4,120.3,113.9,-172.4,11.8,18.8,0.498,0.230,0.273,0
135,R,0.829,C,100.6,-104.9,129.7,117.2,-147.7,12.0,21.2,0.508,0.208,0.284,0
136,A,0.829,C,13.4,-99.2,136.4,119.4,-147.7,22.8,17.0,0.543,0.175,0.281,0
137,A,0.827,C,35.7,-92.2,111.6,110.3,-141.3,12.0,26.1,0.610,0.137,0.253,0
138,I,0.830,C,12.1,-82.6,-6.4,102.1,-165.7,24.4,19.4,0.612,0.204,0.184,0
139,D,0.828,C,66.4,-87.5,13.4,98.6,61.5,10.1,23.5,0.708,0.143,0.149,0
140,A,0.824,C,11.5,-85.8,143.0,119.0,130.0,22.5,16.0,0.743,0.055,0.202,0
141,V,0.813,E,63.2,-112.4,134.1,121.6,-153.2,9.3,24.9,0.493,0.014,0.493,0
142,D,0.786,C,26.4,-88.6,160.4,116.8,-147.0,19.7,15.7,0.872,0.010,0.118,0
143,N,0.758,C,95.5,-74.3,-14.0,96.8,-121.0,7.6,20.0,0.946,0.044,0.011,0
144,K,0.737,C,96.9,-90.2,1.1,97.8,56.9,8.6,17.5,0.954,0.036,0.010,0
145,K,0.720,C,100.5,63.9,24.0,98.3,-110.3,11.8,20.3,0.952,0.032,0.016,0
146,N,0.727,C,26.3,-96.4,135.0,116.9,137.8,17.9,22.5,0.884,0.024,0.092,0
147,T,0.750,C,9.8,-96.7,156.6,124.1,-141.2,22.9,26.3,0.840,0.088,0.072,0
148,P,0.774,H,2.8,-64.8,-34.1,94.0,-103.8,26.4,26.8,0.248,0.748,0.004,0
149,L,0.798,H,0.9,-65.2,-42.8,94.1,52.2,28.4,29.2,0.052,0.948,0.001,0
150,H,0.823,H,8.1,-64.8,-42.6,93.7,52.5,24.1,28.9,0.011,0.989,0.000,0
151,Y,0.822,H,25.9,-65.2,-42.3,93.5,50.7,19.3,29.5,0.006,0.993,0.000,0
152,A,0.815,H,1.8,-64.6,-44.0,93.7,50.1,25.0,27.3,0.007,0.993,0.000,0
153,A,0.788,H,2.6,-65.1,-43.2,94.1,50.5,25.4,25.5,0.021,0.979,0.000,0
154,A,0.753,H,32.8,-67.4,-35.6,92.4,51.3,15.8,25.3,0.174,0.826,0.000,0
155,S,0.725,C,37.4,-91.6,-3.4,95.0,49.1,15.3,21.5,0.712,0.288,0.001,0
156,G,0.715,C,26.8,83.3,9.2,95.5,-107.1,15.3,23.6,0.976,0.022,0.001,0
157,M,0.739,C,8.4,-78.8,-14.7,100.8,135.8,24.6,19.1,0.907,0.089,0.004,0
158,K,0.774,H,64.0,-62.4,-41.0,93.0,92.0,17.4,23.7,0.032,0.968,0.000,0
159,A,0.821,H,37.5,-64.7,-40.6,92.2,52.5,9.5,28.0,0.006,0.994,0.000,0
160,C,0.870,H,2.5,-64.8,-44.3,93.9,50.4,24.9,24.7,0.001,0.999,0.000,0
161,V,0.889,H,1.4,-64.1,-43.7,93.8,51.3,27.5,26.0,0.001,0.999,0.000,0
162,E,0.883,H,55.3,-63.8,-41.8,92.6,52.1,14.0,27.2,0.000,1.000,0.000,0
163,L,0.854,H,21.7,-64.9,-42.6,93.1,50.3,16.3,26.8,0.000,1.000,0.000,0
164,L,0.830,H,1.5,-65.1,-43.9,93.9,49.6,26.6,23.2,0.001,0.999,0.000,0
165,V,0.820,H,10.2,-65.4,-41.1,94.1,50.5,23.5,20.7,0.004,0.996,0.000,0
166,K,0.784,H,109.9,-69.3,-32.5,92.3,51.6,6.3,22.1,0.076,0.924,0.000,0
167,H,0.740,C,71.3,-90.8,-0.9,96.8,50.2,13.9,16.8,0.786,0.213,0.001,0
168,G,0.719,C,41.3,86.1,8.8,98.3,-100.0,7.4,22.5,0.996,0.003,0.001,0
169,G,0.723,C,7.2,-87.4,154.2,124.1,144.1,22.6,15.8,0.987,0.002,0.011,0
170,D,0.742,C,47.9,-86.0,110.5,108.7,-123.5,12.6,27.2,0.924,0.010,0.066,0
171,L,0.761,C,5.8,-74.7,-23.2,97.2,-158.3,25.4,21.8,0.761,0.166,0.073,0
172,F,0.764,C,27.6,-89.9,-3.9,97.3,54.8,20.8,22.5,0.760,0.172,0.068,0
173,A,0.748,C,21.2,-78.3,142.3,117.6,111.7,18.5,18.9,0.814,0.058,0.128,0
174,E,0.740,C,96.1,-100.7,129.5,117.4,-136.0,9.2,23.3,0.762,0.018,0.221,0
175,N,0.715,C,30.2,-88.6,155.6,119.1,-140.7,19.0,13.5,0.927,0.007,0.065,0
176,E,0.713,C,127.2,-72.5,-20.7,96.3,-121.1,4.7,18.0,0.956,0.040,0.004,0
177,N,0.715,C,83.3,-92.0,2.6,97.8,50.3,6.8,15.4,0.949,0.047,0.003,0
178,R,0.730,C,127.1,65.9,19.5,96.9,-111.6,9.7,18.8,0.935,0.052,0.013,0
179,D,0.754,C,40.8,-87.2,127.6,112.4,135.5,13.4,21.0,0.929,0.031,0.041,0
180,T,0.760,C,18.9,-97.3,157.7,124.8,-153.5,19.6,25.9,0.949,0.035,0.017,0
181,P,0.768,H,2.3,-63.3,-35.9,92.8,-106.1,26.9,25.3,0.106,0.894,0.000,0
182,C,0.784,H,1.1,-65.2,-42.6,94.3,52.0,27.7,28.0,0.022,0.978,0.000,0
183,D,0.791,H,18.0,-64.7,-41.8,93.4,53.0,20.0,28.0,0.006,0.994,0.000,0
184,C,0.797,H,15.3,-65.4,-42.0,93.4,50.6,17.7,27.4,0.004,0.996,0.000,0
185,A,0.776,H,2.9,-65.6,-43.4,94.1,50.5,24.2,24.0,0.004,0.996,0.000,0
186,E,0.749,H,21.8,-65.2,-41.1,93.9,51.5,21.3,23.0,0.011,0.989,0.000,0
187,K,0.740,H,93.3,-68.5,-35.2,92.6,50.5,9.4,23.7,0.080,0.920,0.000,0
188,Q,0.751,C,73.1,-94.8,0.6,96.2,45.2,12.1,18.6,0.696,0.304,0.000,0
189,Q,0.767,C,94.5,65.4,29.0,94.1,-112.8,10.1,22.0,0.978,0.022,0.000,0
190,H,0.782,C,26.5,-98.7,52.5,105.1,149.0,19.9,18.3,0.950,0.049,0.001,0
191,K,0.797,H,64.6,-63.9,-38.3,94.6,156.7,17.9,19.8,0.090,0.910,0.000,0
192,D,0.805,H,67.2,-65.3,-38.7,92.4,54.1,7.6,26.3,0.046,0.954,0.000,0
193,L,0.794,H,8.4,-66.4,-42.7,94.2,50.6,22.1,23.5,0.010,0.990,0.000,0
194,A,0.772,H,1.6,-64.1,-43.3,93.6,51.6,26.8,23.6,0.006,0.994,0.000,0
195,L,0.749,H,49.0,-64.3,-40.8,92.8,52.3,14.5,25.9,0.011,0.989,0.000,0
196,S,0.743,H,26.6,-66.4,-39.7,92.9,50.9,12.5,25.9,0.036,0.964,0.000,0
197,L,0.743,H,4.0,-68.0,-40.8,94.7,50.3,24.5,21.4,0.075,0.925,0.000,0
198,E,0.742,H,22.4,-65.4,-40.2,94.1,53.0,21.8,21.4,0.200,0.798,0.002,0
199,S,0.731,H,50.3,-69.5,-30.2,93.3,54.4,10.6,22.8,0.372,0.624,0.004,0
200,Q,0.733,C,67.8,-91.1,-7.9,99.9,48.6,12.0,20.2,0.558,0.434,0.008,0
201,M,0.734,C,43.6,53.4,34.5,103.1,-100.3,18.6,19.7,0.718,0.264,0.018,0
202,V,0.741,C,35.8,-85.8,7.9,105.6,137.5,15.5,20.0,0.625,0.322,0.053,0
203,F,0.737,C,50.3,-94.6,30.2,106.3,61.5,14.6,18.5,0.693,0.256,0.051,0
204,S,0.727,C,32.1,-98.1,132.2,114.2,127.5,12.8,17.4,0.840,0.101,0.060,0
205,R,0.721,C,127.5,-88.9,12.2,102.5,-162.8,8.8,17.8,0.946,0.036,0.018,0
206,D,0.718,C,56.9,-91.2,120.3,113.2,110.5,11.4,14.1,0.979,0.012,0.009,0
207,P,0.695,H,84.0,-63.8,-29.5,94.5,-139.8,6.3,16.0,0.444,0.555,0.001,0
208,E,0.678,H,93.5,-68.7,-33.2,94.3,54.3,6.8,17.8,0.392,0.607,0.001,0
209,A,0.686,H,20.4,-64.9,-40.1,93.7,56.3,16.8,14.3,0.204,0.795,0.000,0
210,E,0.696,H,97.6,-64.9,-38.4,93.5,55.3,7.1,18.5,0.147,0.852,0.001,0
211,E,0.729,H,100.9,-66.9,-37.8,93.2,51.2,4.1,20.4,0.155,0.844,0.001,0
212,I,0.757,H,29.2,-67.5,-39.3,94.1,50.7,16.0,16.6,0.161,0.836,0.003,0
213,E,0.772,H,53.0,-65.3,-39.2,94.0,53.8,15.1,17.6,0.174,0.823,0.003,0
214,A,0.784,H,60.6,-66.2,-37.9,93.2,52.0,4.5,20.9,0.150,0.848,0.002,0
215,E,0.793,H,79.9,-69.1,-36.3,94.2,50.7,8.3,19.1,0.182,0.815,0.003,0
216,Y,0.793,H,45.0,-71.8,-34.0,96.0,50.3,17.2,15.2,0.217,0.777,0.007,0
217,A,0.794,H,49.8,-66.8,-33.7,94.8,58.5,10.2,17.5,0.276,0.718,0.006,0
218,A,0.789,H,56.7,-71.4,-29.4,95.9,56.4,6.9,18.0,0.406,0.582,0.013,0
219,L,0.783,C,58.6,-81.6,-4.3,102.8,70.8,14.1,12.4,0.565,0.409,0.026,0
220,D,0.781,C,91.5,-79.4,9.4,101.9,100.9,6.6,15.7,0.715,0.262,0.022,0
221,K,0.760,C,121.9,-82.8,10.8,102.0,72.0,6.7,14.6,0.757,0.215,0.028,0
222,R,0.747,C,121.0,-89.6,89.7,109.1,104.5,8.7,14.6,0.855,0.106,0.040,0
223,E,0.739,C,90.2,-99.0,133.3,118.0,177.6,9.7,17.4,0.935,0.008,0.056,0
224,P,0.734,C,53.0,-73.6,135.9,109.9,-115.5,12.7,19.6,0.944,0.008,0.048,0
225,Y,0.745,C,24.9,-107.2,134.4,121.6,-148.5,23.0,17.1,0.783,0.012,0.205,0
226,E,0.735,C,71.1,-121.5,138.6,125.4,-169.8,10.2,26.4,0.504,0.009,0.487,0
227,G,0.716,C,9.1,-99.4,143.8,122.2,-145.0,22.0,20.6,0.548,0.002,0.450,0
228,L,0.726,C,12.2,-83.6,130.2,113.0,-114.5,23.6,18.6,0.922,0.000,0.078,0
229,R,0.739,C,96.9,-92.9,155.3,124.1,-133.4,6.4,26.5,0.995,0.000,0.005,0
230,P,0.758,H,40.0,-58.5,-37.7,90.6,-110.6,19.6,15.1,0.026,0.974,0.000,0
231,Q,0.772,H,112.1,-64.1,-38.1,91.9,55.1,3.2,22.1,0.013,0.987,0.000,0
232,D,0.804,H,49.1,-67.7,-38.1,93.4,50.4,9.3,20.1,0.008,0.992,0.000,0
233,L,0.806,H,3.8,-64.8,-42.9,93.9,51.9,25.9,16.8,0.006,0.994,0.000,0
234,R,0.816,H,90.2,-62.1,-41.3,92.4,53.4,14.1,21.8,0.009,0.991,0.000,0
235,R,0.814,H,128.7,-65.1,-39.5,91.7,50.0,3.2,25.3,0.010,0.990,0.000,0
236,L,0.844,H,22.8,-66.6,-41.6,93.5,49.2,16.2,20.5,0.008,0.992,0.000,0
237,K,0.865,H,17.2,-64.4,-42.1,93.8,51.4,22.6,20.1,0.005,0.995,0.000,0
238,D,0.865,H,58.1,-63.3,-41.0,92.7,52.0,12.6,23.3,0.005,0.995,0.000,0
239,M,0.860,H,83.5,-66.0,-40.0,92.5,49.9,6.1,25.1,0.008,0.992,0.000,0
240,L,0.855,H,11.4,-66.9,-42.0,94.0,49.6,20.8,21.7,0.009,0.991,0.000,0
241,I,0.865,H,3.7,-64.4,-43.1,93.9,51.4,26.1,22.2,0.002,0.998,0.000,0
242,V,0.877,H,53.6,-63.5,-41.0,92.3,51.9,11.2,25.0,0.001,0.999,0.000,0
243,E,0.891,H,70.6,-65.9,-40.3,92.3,49.9,7.8,25.5,0.002,0.998,0.000,0
244,T,0.888,H,2.7,-65.7,-43.7,94.0,49.8,24.8,20.6,0.001,0.999,0.000,0
245,A,0.877,H,12.4,-63.9,-40.8,93.2,52.1,21.7,20.2,0.001,0.999,0.000,0
246,D,0.868,H,82.9,-66.1,-37.7,92.3,51.5,4.8,24.5,0.004,0.996,0.000,0
247,M,0.856,H,43.3,-67.8,-39.8,93.3,49.9,13.5,21.4,0.016,0.984,0.000,0
248,L,0.847,H,5.5,-91.5,-11.5,99.2,40.5,24.1,17.5,0.219,0.781,0.000,0
249,Q,0.850,C,105.7,61.8,37.1,95.6,-120.2,6.7,24.2,0.995,0.003,0.002,0
250,A,0.856,C,7.9,-116.5,151.9,131.0,141.2,22.9,16.3,0.995,0.000,0.005,0
251,P,0.847,C,46.1,-69.6,148.1,115.5,-104.3,9.6,25.8,0.997,0.000,0.003,0
252,L,0.861,H,33.2,-60.5,-37.0,92.2,-111.8,21.4,19.1,0.020,0.980,0.000,0
253,F,0.866,H,79.3,-64.5,-38.7,92.5,55.3,11.8,25.2,0.008,0.992,0.000,0
254,T,0.872,H,13.1,-66.0,-41.5,93.8,51.3,20.3,26.1,0.003,0.997,0.000,0
255,A,0.877,H,0.8,-64.5,-43.7,93.9,52.1,28.0,25.0,0.002,0.998,0.000,0
256,E,0.867,H,30.3,-64.2,-41.8,93.4,53.0,19.1,26.9,0.001,0.999,0.000,0
257,A,0.860,H,14.7,-64.7,-42.2,93.0,50.9,17.2,28.0,0.000,1.000,0.000,0
258,L,0.848,H,2.0,-64.7,-44.0,93.8,49.9,25.7,26.9,0.000,1.000,0.000,0
259,L,0.840,H,3.8,-65.1,-43.0,94.2,50.3,25.6,25.4,0.000,1.000,0.000,0
260,R,0.832,H,71.2,-66.0,-40.0,92.7,50.6,13.9,25.1,0.002,0.998,0.000,0
261,A,0.839,H,24.8,-70.1,-37.3,93.7,47.9,14.8,21.1,0.041,0.959,0.000,0
262,H,0.846,C,27.3,-102.6,1.4,99.8,37.5,19.2,15.0,0.804,0.195,0.000,0
263,D,0.865,C,93.8,58.5,38.4,93.6,-119.4,5.5,22.8,0.996,0.003,0.001,0
264,W,0.870,C,43.8,-68.7,64.8,104.9,-153.3,20.8,16.0,0.989,0.003,0.008,0
265,D,0.874,C,54.1,-97.2,74.9,105.3,177.9,9.2,22.0,0.989,0.003,0.008,0
266,R,0.855,H,49.4,-65.8,-34.7,94.8,178.3,21.2,15.9,0.026,0.974,0.000,0
267,E,0.848,H,105.4,-63.8,-38.9,92.3,56.5,6.3,21.1,0.007,0.993,0.000,0
268,K,0.829,H,95.6,-67.2,-38.6,93.1,50.3,6.3,22.6,0.003,0.997,0.000,0
269,L,0.830,H,5.2,-65.3,-43.6,94.2,51.1,24.4,19.6,0.002,0.998,0.000,0
270,L,0.839,H,16.3,-62.8,-42.3,93.1,51.9,21.7,21.7,0.002,0.998,0.000,0
271,E,0.841,H,91.3,-64.5,-40.4,92.4,50.9,5.7,25.6,0.004,0.996,0.000,0
272,A,0.819,H,21.4,-66.0,-41.9,93.4,50.0,12.9,21.8,0.007,0.993,0.000,0
273,W,0.791,H,11.2,-66.5,-41.6,94.3,49.9,23.9,18.0,0.029,0.971,0.000,0
274,M,0.767,H,48.0,-66.4,-36.1,93.0,51.8,15.9,18.4,0.167,0.833,0.000,0
275,S,0.736,H,74.1,-78.1,-26.5,94.4,47.0,3.2,21.3,0.459,0.540,0.000,0
276,N,0.725,C,63.4,-132.0,78.7,112.7,21.1,9.2,18.5,0.997,0.002,0.000,0
277,P,0.717,H,21.1,-62.6,-35.3,92.3,-175.2,22.7,14.1,0.042,0.958,0.000,0
278,E,0.727,H,105.1,-62.2,-40.0,91.3,56.2,6.5,21.1,0.010,0.990,0.000,0
279,N,0.752,H,77.0,-66.3,-39.0,92.7,50.4,5.3,23.1,0.005,0.995,0.000,0
280,C,0.763,H,5.2,-65.2,-43.6,94.0,51.0,23.2,18.7,0.003,0.997,0.000,0
281,C,0.763,H,8.4,-64.0,-41.1,93.3,51.9,23.7,19.1,0.004,0.996,0.000,0
282,Q,0.733,H,100.8,-65.2,-38.3,92.3,51.9,5.7,23.2,0.007,0.993,0.000,0
283,R,0.697,H,109.5,-70.7,-33.7,92.7,49.3,7.4,22.3,0.028,0.972,0.000,0
284,S,0.652,H,7.5,-88.4,-7.6,96.6,48.5,21.7,15.8,0.448,0.551,0.000,0
285,G,0.632,C,37.4,84.7,11.1,97.0,-103.4,9.2,24.7,0.992,0.005,0.003,0
286,V,0.630,C,6.7,-92.6,134.0,118.4,144.6,25.3,12.6,0.950,0.002,0.049,0
287,Q,0.606,C,91.9,-97.1,135.2,117.9,-141.9,7.2,25.5,0.877,0.004,0.120,0
288,M,0.609,C,59.7,-80.8,132.8,114.5,-119.2,18.2,18.0,0.965,0.000,0.034,0
289,P,0.589,C,34.9,-69.8,148.1,112.0,-106.6,18.0,15.5,0.987,0.000,0.013,0
290,T,0.593,C,79.6,-96.9,136.3,117.3,-113.7,6.8,20.4,0.985,0.000,0.015,0
291,P,0.589,C,78.1,-70.8,146.9,113.7,-99.2,8.6,18.6,0.994,0.000,0.006,0
292,P,0.586,C,52.2,-69.2,147.9,113.9,-102.3,14.9,14.5,0.996,0.000,0.003,0
293,P,0.575,C,49.3,-69.3,148.6,111.9,-100.9,13.6,14.7,0.984,0.012,0.005,0
294,S,0.571,C,77.0,-79.2,125.4,108.3,-108.6,5.5,16.6,0.945,0.044,0.011,0
295,G,0.569,C,48.3,72.1,-1.9,103.9,13.8,5.3,16.6,0.893,0.097,0.011,0
296,Y,0.602,C,76.3,-87.8,40.4,105.8,94.2,15.3,12.4,0.730,0.237,0.033,0
297,N,0.641,C,79.1,-84.1,37.9,105.3,127.8,9.9,16.3,0.654,0.306,0.039,0
298,A,0.681,C,56.7,-78.6,-5.9,101.8,127.6,9.7,16.2,0.571,0.388,0.041,0
299,W,0.714,C,91.4,-84.3,13.6,104.6,94.4,14.3,13.1,0.586,0.361,0.052,0
300,D,0.727,C,91.3,-83.3,8.2,102.6,108.1,6.8,15.9,0.683,0.281,0.036,0
301,T,0.711,C,79.4,-91.6,39.9,106.6,89.9,7.4,15.6,0.817,0.134,0.050,0
302,L,0.688,C,58.9,-95.3,131.6,117.5,147.0,13.6,13.5,0.972,0.001,0.027,0
303,P,0.649,C,71.8,-69.7,144.3,110.8,-105.1,8.6,18.3,0.987,0.001,0.012,0
304,S,0.624,C,34.4,-81.8,142.7,116.6,-118.5,15.7,14.2,0.984,0.002,0.014,0
305,P,0.612,C,75.4,-68.4,5.7,101.8,-107.6,9.5,16.3,0.969,0.023,0.007,0
306,R,0.624,C,131.2,-88.1,116.6,110.7,-117.4,7.6,16.1,0.957,0.016,0.027,0
307,T,0.625,C,52.0,-96.7,131.2,117.1,-143.2,12.6,14.9,0.966,0.010,0.023,0
308,P,0.630,C,71.0,-68.6,141.9,107.9,-105.9,9.7,16.0,0.931,0.059,0.010,0
309,R,0.634,C,126.6,-83.9,114.6,109.0,-123.5,9.0,16.4,0.858,0.099,0.043,0
310,T,0.644,C,59.4,-97.1,118.1,112.8,-168.7,12.6,14.8,0.857,0.095,0.048,0
311,T,0.656,C,74.7,-95.5,93.4,110.2,-174.6,9.1,16.5,0.859,0.091,0.050,0
312,R,0.645,C,115.2,-95.6,114.8,112.1,167.6,10.2,16.7,0.814,0.127,0.059,0
313,S,0.648,C,41.1,-97.1,133.4,115.4,-164.0,14.3,15.1,0.815,0.122,0.063,0
314,S,0.648,C,61.1,-91.4,21.3,105.0,-153.6,9.3,19.2,0.854,0.091,0.055,0
315,V,0.648,C,46.7,-98.0,129.0,115.4,132.4,16.0,13.8,0.911,0.029,0.061,0
316,T,0.665,C,77.8,-100.5,96.4,111.2,-173.7,7.6,18.6,0.951,0.007,0.043,0
317,S,0.682,C,47.6,-105.1,132.6,119.4,-163.9,10.8,17.1,0.976,0.004,0.020,0
318,P,0.699,C,61.4,-70.0,45.8,103.6,-118.5,12.7,14.8,0.650,0.348,0.001,0
319,D,0.717,H,89.2,-82.7,21.2,104.8,-152.1,7.1,17.2,0.479,0.511,0.010,0
320,E,0.724,H,101.5,-89.5,86.4,108.7,83.8,8.0,16.7,0.377,0.583,0.040,0
321,I,0.701,H,50.2,-94.9,122.4,113.5,144.1,17.3,12.8,0.431,0.471,0.098,0
322,S,0.691,C,60.2,-99.1,120.3,113.2,-179.6,8.0,19.5,0.646,0.226,0.127,0
323,L,0.679,C,56.9,-94.8,128.4,114.3,-167.6,15.1,14.5,0.887,0.040,0.073,0
324,S,0.671,C,53.1,-90.1,143.7,118.8,-134.5,7.9,17.0,0.972,0.002,0.026,0
325,P,0.665,C,84.4,-67.7,139.7,107.7,-99.9,8.2,14.4,0.949,0.045,0.005,0
326,G,0.676,C,52.5,70.4,-14.4,105.8,16.3,3.9,14.5,0.914,0.078,0.008,0
327,D,0.725,C,91.8,-88.1,77.6,107.0,53.2,5.9,14.5,0.864,0.121,0.014,0
328,L,0.764,C,79.0,-81.9,3.7,103.5,168.0,12.2,12.7,0.775,0.209,0.016,0
329,D,0.796,C,95.0,-85.5,9.2,103.4,84.6,5.7,16.2,0.724,0.254,0.023,0
330,T,0.811,C,58.0,-97.8,121.4,113.6,120.0,12.1,16.3,0.648,0.283,0.068,0
331,S,0.826,C,36.0,-100.8,133.6,117.3,-158.6,14.7,18.7,0.601,0.225,0.174,0
332,L,0.859,C,38.6,-107.7,133.6,119.7,-157.1,17.2,22.2,0.577,0.138,0.285,0
333,C,0.906,C,14.3,-88.6,133.8,115.9,-123.1,22.6,20.5,0.831,0.043,0.126,0
334,D,0.941,C,37.8,-79.9,-10.2,101.7,-143.1,16.9,25.5,0.788,0.122,0.090,0
335,I,0.934,C,9.0,-74.0,-33.9,98.3,69.7,24.0,24.7,0.660,0.208,0.132,0
336,C,0.927,C,14.8,-81.1,-13.4,99.9,53.5,22.4,23.8,0.644,0.223,0.133,0
337,M,0.920,C,31.7,-84.5,-0.3,99.2,67.2,20.3,23.6,0.635,0.220,0.145,0
338,C,0.923,C,34.7,-95.2,145.2,121.3,102.6,16.1,18.0,0.765,0.101,0.134,0
339,S,0.902,C,67.0,-87.8,53.1,105.3,-129.5,7.5,22.8,0.847,0.044,0.109,0
340,I,0.887,C,34.9,-109.3,140.2,123.0,152.5,18.7,14.2,0.914,0.008,0.077,0
341,S,0.862,C,52.1,-77.9,143.0,114.5,-118.1,7.9,21.2,0.965,0.012,0.023,0
342,V,0.866,C,57.1,-67.8,-23.5,96.0,-125.3,16.3,15.0,0.852,0.139,0.009,0
343,F,0.874,C,124.0,-84.0,-2.4,98.9,57.3,6.9,17.3,0.820,0.170,0.010,0
344,E,0.866,C,92.2,-86.8,112.4,109.8,92.6,9.0,14.8,0.809,0.175,0.016,0
345,D,0.862,C,78.5,-97.4,108.4,111.1,-108.3,7.9,19.3,0.923,0.040,0.037,0
346,P,0.837,C,34.5,-73.8,140.7,111.4,-136.9,19.8,15.4,0.843,0.025,0.132,0
347,V,0.826,E,42.2,-101.2,122.6,113.8,-160.1,14.3,19.1,0.243,0.007,0.750,0
348,D,0.811,E,59.5,-105.9,127.5,117.0,-171.9,11.7,20.9,0.186,0.004,0.810,0
349,M,0.807,C,22.8,-94.4,151.1,122.2,-151.3,21.7,14.5,0.965,0.001,0.034,0
350,P,0.796,C,84.3,-66.3,-21.9,93.5,-100.8,6.2,22.2,0.986,0.009,0.005,0
351,C,0.801,C,40.7,-93.2,-2.5,96.3,46.3,13.6,14.0,0.978,0.013,0.008,0
352,G,0.824,C,43.7,85.4,10.3,96.3,-103.4,6.0,22.0,0.961,0.003,0.036,0
353,H,0.864,C,17.5,-91.5,143.6,121.9,140.2,22.4,16.3,0.849,0.002,0.149,0
354,D,0.900,E,49.8,-90.4,130.7,115.3,-131.2,12.1,27.4,0.197,0.001,0.803,0
355,F,0.932,E,3.6,-146.0,158.3,141.7,171.9,25.5,22.7,0.138,0.000,0.861,0
356,C,0.930,C,16.1,-73.1,143.6,113.8,-100.0,20.3,25.2,0.668,0.012,0.320,0
357,R,0.914,H,77.2,-63.1,-36.8,94.2,-114.2,18.0,21.1,0.099,0.901,0.000,0
358,G,0.912,H,32.5,-65.0,-39.5,92.5,53.2,7.4,26.0,0.023,0.977,0.000,0
359,C,0.946,H,19.6,-66.6,-41.1,93.8,50.6,16.5,22.0,0.004,0.996,0.000,0
360,W,0.968,H,3.7,-64.4,-43.5,93.9,51.3,26.8,22.0,0.002,0.998,0.000,0
361,E,0.991,H,58.1,-62.9,-41.7,92.7,52.6,15.3,24.2,0.001,0.999,0.000,0
362,A,0.978,H,44.7,-64.9,-40.4,92.2,50.5,6.4,26.3,0.001,0.999,0.000,0
363,F,0.972,H,20.5,-66.2,-42.5,93.9,50.0,18.3,22.9,0.002,0.998,0.000,0
364,L,0.951,H,2.7,-65.3,-43.2,94.2,50.3,26.3,22.2,0.001,0.999,0.000,0
365,N,0.932,H,41.4,-63.7,-41.1,93.0,52.2,16.1,23.5,0.002,0.998,0.000,0
366,L,0.907,H,66.4,-66.3,-39.9,92.8,50.5,7.5,24.7,0.003,0.997,0.000,0
367,K,0.899,H,39.0,-68.2,-39.5,93.9,49.5,15.1,21.3,0.005,0.995,0.000,0
368,I,0.875,H,8.9,-66.9,-40.4,94.7,51.0,24.1,18.0,0.009,0.991,0.000,0
369,Q,0.850,H,87.7,-69.2,-32.5,94.1,53.4,10.2,20.0,0.089,0.911,0.000,0
370,E,0.831,H,108.5,-87.4,-8.7,97.9,50.5,5.4,20.0,0.498,0.499,0.003,0
371,G,0.818,C,36.4,83.3,2.5,103.6,-101.0,10.8,17.5,0.928,0.069,0.003,0
372,E,0.825,C,90.9,-84.4,-8.7,100.5,118.5,10.0,19.8,0.794,0.181,0.025,0
373,A,0.833,C,16.0,-102.6,129.0,117.0,73.4,21.9,16.3,0.653,0.241,0.106,0
374,H,0.860,C,61.4,-104.8,114.5,113.8,-179.1,14.4,23.6,0.588,0.206,0.205,0
375,N,0.885,C,57.3,-90.7,65.8,105.6,17.2,13.1,25.1,0.577,0.146,0.276,0
376,I,0.913,C,2.7,-105.6,132.1,121.3,175.4,27.1,20.4,0.544,0.019,0.437,0
377,F,0.925,C,43.3,-124.5,145.0,128.7,-171.3,15.6,28.2,0.534,0.014,0.452,0
378,C,0.939,C,15.7,-83.6,124.3,112.3,-118.8,21.7,23.4,0.942,0.002,0.056,0
379,P,0.926,C,9.5,-74.4,117.8,107.2,-129.5,24.1,22.4,0.936,0.046,0.018,0
380,A,0.922,C,24.5,-94.2,138.8,117.7,-144.9,17.3,22.7,0.897,0.076,0.027,0
381,Y,0.928,C,95.4,-73.9,-10.1,101.3,-127.5,13.6,19.4,0.911,0.079,0.009,0
382,E,0.944,C,105.1,-82.4,5.3,99.6,45.8,7.2,19.7,0.914,0.075,0.011,0
383,C,0.954,C,23.6,-95.8,128.2,115.8,103.0,20.7,13.5,0.915,0.060,0.025,0
384,F,0.939,C,110.5,-86.1,2.9,99.6,-156.0,9.6,22.3,0.922,0.042,0.037,0
385,Q,0.926,C,50.3,-101.6,143.1,124.0,105.5,15.0,20.5,0.849,0.005,0.146,0
386,L,0.923,C,45.9,-83.8,129.9,113.8,-126.1,16.9,24.4,0.516,0.002,0.482,0
387,V,0.932,C,5.6,-107.3,132.4,121.0,-150.6,25.2,16.5,0.854,0.000,0.146,0
388,P,0.936,C,32.8,-71.2,147.1,115.7,-111.9,11.1,26.0,0.984,0.000,0.016,0
389,V,0.932,H,41.5,-60.7,-35.6,92.4,-115.4,19.2,17.3,0.037,0.963,0.000,0
390,D,0.937,H,88.0,-65.2,-37.1,92.3,55.4,4.1,23.2,0.027,0.973,0.000,0
391,V,0.934,H,19.7,-66.6,-41.1,93.9,50.9,17.7,20.2,0.009,0.991,0.000,0
392,I,0.918,H,3.0,-64.8,-42.0,93.8,52.2,26.8,18.6,0.012,0.988,0.000,0
393,E,0.911,H,84.2,-65.9,-34.3,92.3,54.8,12.3,21.6,0.051,0.949,0.000,0
394,S,0.898,H,59.3,-72.7,-26.8,93.3,53.7,6.7,23.2,0.206,0.794,0.000,0
395,V,0.891,H,8.7,-88.8,-21.0,99.2,43.7,22.3,18.6,0.400,0.600,0.001,0
396,V,0.893,C,4.6,-106.1,135.5,123.3,74.6,26.3,14.3,0.984,0.003,0.013,0
397,S,0.887,C,45.8,-72.3,156.5,118.1,-111.9,6.6,21.6,0.999,0.000,0.001,0
398,K,0.870,H,133.2,-60.7,-36.1,92.4,-107.3,6.1,14.9,0.052,0.948,0.000,0
399,E,0.871,H,125.6,-65.5,-37.5,92.3,53.9,2.0,20.2,0.033,0.967,0.000,0
400,M,0.896,H,27.2,-66.4,-40.4,93.6,50.7,16.9,16.7,0.008,0.992,0.000,0
401,D,0.910,H,21.9,-62.6,-41.4,92.8,53.1,19.2,18.2,0.003,0.997,0.000,0
402,K,0.920,H,106.7,-64.0,-39.9,92.4,52.1,5.8,23.5,0.002,0.998,0.000,0
403,R,0.926,H,81.0,-65.8,-40.9,92.8,50.2,9.1,23.9,0.001,0.999,0.000,0
404,Y,0.931,H,8.3,-65.6,-43.0,94.2,49.7,24.1,21.8,0.002,0.998,0.000,0
405,L,0.952,H,21.7,-63.5,-42.1,93.3,51.9,20.3,23.7,0.001,0.999,0.000,0
406,Q,0.962,H,53.5,-64.5,-41.5,92.8,51.3,12.9,26.6,0.001,0.999,0.000,0
407,F,0.960,H,27.3,-65.4,-42.4,93.5,50.2,17.5,26.0,0.001,0.999,0.000,0
408,D,0.965,H,9.2,-66.0,-42.6,94.3,50.3,22.1,25.4,0.002,0.998,0.000,0
409,I,0.936,H,5.4,-65.3,-42.9,94.4,50.5,25.0,24.9,0.002,0.998,0.000,0
410,K,0.909,H,56.2,-64.0,-41.7,92.8,52.0,15.8,25.7,0.001,0.999,0.000,0
411,A,0.891,H,25.0,-65.6,-41.5,92.9,50.5,12.3,25.7,0.002,0.998,0.000,0
412,F,0.887,H,9.7,-66.7,-42.6,94.4,49.6,22.4,22.4,0.003,0.997,0.000,0
413,V,0.874,H,6.0,-65.9,-41.2,94.2,50.9,24.9,20.3,0.007,0.993,0.000,0
414,E,0.851,H,95.1,-68.6,-31.8,92.8,53.3,9.3,22.5,0.083,0.917,0.000,0
415,N,0.812,H,67.9,-92.2,-9.5,97.7,46.9,10.8,21.2,0.407,0.592,0.000,0
416,N,0.811,C,12.6,-112.6,101.8,113.5,61.3,22.8,13.2,0.999,0.000,0.001,0
417,P,0.807,C,73.2,-69.2,-23.8,93.7,-166.0,8.8,19.8,0.989,0.010,0.001,0
418,A,0.824,C,40.2,-88.7,-4.2,95.3,58.1,12.8,22.3,0.981,0.012,0.007,0
419,I,0.840,C,5.7,-88.9,132.4,117.9,99.7,25.8,18.6,0.758,0.006,0.235,0
420,K,0.864,E,30.7,-129.2,147.3,130.7,-179.4,19.2,27.3,0.359,0.002,0.638,0
421,W,0.876,E,22.5,-89.2,129.6,114.9,-126.1,22.5,26.3,0.384,0.003,0.613,0
422,C,0.884,C,8.1,-82.6,122.0,111.0,-125.7,23.8,19.2,0.932,0.001,0.067,0
423,P,0.865,C,39.8,-78.3,-22.1,98.1,-158.2,16.3,24.1,0.978,0.005,0.017,0
424,T,0.837,C,31.4,-130.1,142.8,129.5,33.5,16.2,22.3,0.947,0.005,0.048,0
425,A,0.808,C,49.2,-65.1,136.7,109.8,-98.3,13.5,22.5,0.956,0.019,0.025,0
426,G,0.806,C,35.8,81.2,6.0,97.8,18.6,8.6,22.0,0.959,0.025,0.017,0
427,C,0.829,C,13.4,-87.6,120.4,112.7,133.6,23.1,15.5,0.927,0.008,0.065,0
428,E,0.845,C,84.7,-88.3,-13.5,98.2,-167.3,10.5,24.9,0.914,0.006,0.079,0
429,R,0.849,C,32.8,-126.2,141.3,127.1,50.1,19.8,25.7,0.574,0.011,0.415,0
430,A,0.837,E,4.0,-117.2,137.6,125.2,-163.3,25.0,25.7,0.062,0.000,0.937,0
431,V,0.827,E,5.9,-120.8,134.8,125.6,-166.0,24.7,25.0,0.012,0.000,0.988,0
432,R,0.812,E,73.8,-90.8,127.6,114.5,-135.0,13.5,27.4,0.045,0.000,0.954,0
433,L,0.794,E,13.2,-91.4,126.3,114.6,-143.6,24.0,16.5,0.455,0.013,0.533,0
434,T,0.774,C,67.1,-94.5,56.3,108.3,-162.5,9.8,20.4,0.740,0.049,0.211,0
435,K,0.726,C,100.9,-108.4,136.0,119.1,41.0,9.1,17.6,0.782,0.080,0.139,0
436,Q,0.683,C,107.9,-81.8,122.8,109.7,-120.9,8.2,15.3,0.835,0.099,0.066,0
437,G,0.634,C,47.3,79.3,-72.8,108.8,-0.6,5.6,15.3,0.884,0.069,0.047,0
438,S,0.598,C,63.6,-90.7,101.7,109.7,-154.0,8.8,14.8,0.913,0.038,0.049,0
439,N,0.584,C,82.3,-95.8,112.3,111.9,-134.0,8.6,16.6,0.928,0.021,0.051,0
440,P,0.581,C,70.6,-71.4,-4.4,101.4,-150.3,12.0,13.3,0.894,0.085,0.022,0
441,S,0.583,C,73.3,-86.4,17.4,104.0,72.4,5.4,15.1,0.883,0.092,0.025,0
442,G,0.603,C,47.7,76.9,3.8,104.6,-77.0,6.3,14.8,0.880,0.101,0.019,0
443,S,0.656,C,67.2,-88.7,103.7,109.3,121.7,6.6,12.6,0.812,0.164,0.024,0
444,D,0.704,C,96.7,-84.7,22.4,104.5,-153.6,6.2,14.3,0.726,0.252,0.023,0
445,T,0.743,C,78.7,-88.4,39.3,106.3,107.1,7.9,14.5,0.649,0.304,0.048,0
446,L,0.780,C,71.1,-88.2,83.0,108.4,114.0,12.9,13.3,0.690,0.265,0.045,0
447,S,0.798,C,63.8,-93.5,80.4,108.7,155.0,7.6,18.1,0.803,0.145,0.051,0
448,F,0.825,C,48.7,-104.0,130.3,119.1,174.0,17.6,15.5,0.919,0.054,0.027,0
449,P,0.825,C,50.9,-72.2,136.9,109.3,-116.5,12.4,19.3,0.823,0.161,0.016,0
450,L,0.816,C,59.1,-87.2,102.1,108.6,-142.2,14.4,19.2,0.694,0.247,0.059,0
451,L,0.820,C,38.0,-102.0,128.6,116.6,-163.3,18.5,18.1,0.642,0.231,0.127,0
452,R,0.809,C,101.8,-102.0,127.6,116.6,-145.6,11.4,24.0,0.682,0.100,0.219,0
453,A,0.790,C,9.5,-103.6,136.7,121.5,-149.0,23.6,18.1,0.889,0.006,0.106,0
454,P,0.767,C,29.0,-72.1,142.7,112.0,-112.0,17.5,24.2,0.850,0.024,0.126,0
455,A,0.778,C,27.5,-93.0,134.3,117.1,-123.1,16.8,25.4,0.537,0.027,0.436,0
456,V,0.786,E,5.5,-126.1,141.1,129.7,-169.2,25.2,18.3,0.114,0.001,0.886,0
457,D,0.786,E,65.2,-109.5,126.3,118.0,-149.9,7.6,27.6,0.179,0.002,0.819,0
458,C,0.761,C,8.1,-105.6,151.2,126.8,-163.7,23.7,12.4,0.892,0.011,0.097,0
459,G,0.740,C,46.0,-68.5,-20.3,94.9,-100.2,6.0,21.4,0.968,0.024,0.007,0
460,K,0.741,C,91.0,-92.6,0.2,96.3,48.9,8.8,16.5,0.960,0.027,0.013,0
461,G,0.767,C,32.1,88.7,6.2,99.8,-98.5,11.7,20.5,0.960,0.008,0.033,0
462,H,0.829,C,24.1,-90.8,143.3,120.2,140.6,20.9,20.7,0.910,0.002,0.088,0
463,L,0.885,E,23.9,-107.5,133.6,121.3,-145.5,19.2,25.8,0.101,0.001,0.898,0
464,F,0.940,E,10.6,-138.2,152.5,136.1,-179.2,22.9,26.4,0.063,0.000,0.936,0
465,C,0.973,E,11.7,-81.2,128.4,112.3,-116.0,22.3,24.9,0.336,0.004,0.659,0
466,W,0.974,C,19.8,-80.6,-4.9,101.9,-143.7,23.7,21.5,0.786,0.090,0.124,0
467,E,0.949,C,54.0,-80.7,-23.7,101.6,73.3,14.0,23.5,0.894,0.067,0.039,0
468,C,0.903,C,29.9,-94.2,2.7,101.4,45.3,17.0,16.8,0.933,0.049,0.018,0
469,L,0.850,C,80.0,65.4,16.6,99.9,-112.9,12.9,19.2,0.930,0.055,0.015,0
470,G,0.815,C,31.6,-171.4,-173.6,122.2,144.8,8.8,18.6,0.948,0.023,0.030,0
471,E,0.793,C,107.8,-88.5,139.2,115.6,-49.6,7.0,21.6,0.841,0.041,0.118,0
472,A,0.791,C,32.5,-77.8,136.0,113.3,-110.6,18.2,17.5,0.814,0.075,0.111,0
473,H,0.815,C,30.9,-109.3,137.7,121.5,-154.1,20.0,18.1,0.756,0.022,0.222,0
474,E,0.833,C,88.3,-81.6,141.3,116.2,-116.4,8.9,24.9,0.913,0.004,0.084,0
475,P,0.846,C,41.6,-70.2,141.3,113.0,-93.5,18.6,21.0,0.901,0.004,0.095,0
476,C,0.860,C,13.6,-142.1,160.0,137.7,172.7,21.0,19.6,0.759,0.002,0.239,0
477,D,0.885,C,49.9,-81.5,147.2,118.4,-104.2,9.5,26.6,0.902,0.005,0.093,0
478,C,0.902,H,22.3,-59.5,-36.2,91.3,-112.5,22.0,14.9,0.073,0.927,0.000,0
479,Q,0.900,H,103.9,-64.3,-38.7,92.3,55.9,4.4,22.8,0.029,0.971,0.000,0
480,T,0.900,H,39.7,-67.0,-39.7,93.4,50.6,9.9,20.5,0.019,0.981,0.000,1
481,W,0.913,H,11.1,-64.5,-42.3,93.6,51.5,24.6,16.7,0.008,0.992,0.000,0
482,K,0.924,H,91.8,-63.5,-40.6,92.9,53.0,9.7,21.8,0.005,0.995,0.000,0
483,N,0.937,H,80.7,-65.7,-39.7,92.5,49.8,4.2,23.9,0.006,0.994,0.000,0
484,W,0.948,H,22.8,-65.4,-43.0,93.6,50.0,18.1,18.2,0.004,0.996,0.000,0
485,L,0.937,H,30.3,-64.2,-40.7,93.4,51.6,17.9,18.2,0.003,0.997,0.000,0
486,Q,0.926,H,103.6,-65.4,-39.1,92.3,51.0,3.3,22.9,0.007,0.993,0.000,0
487,K,0.922,H,83.1,-67.8,-38.6,93.1,49.7,7.7,20.4,0.021,0.979,0.000,0
488,I,0.906,H,15.1,-67.8,-38.2,94.3,50.7,21.3,13.6,0.067,0.932,0.000,0
489,T,0.887,H,73.6,-70.0,-27.7,93.9,56.5,9.2,17.6,0.232,0.768,0.000,0
490,E,0.859,H,134.4,-86.1,-8.9,96.2,49.7,2.0,18.4,0.438,0.561,0.001,0
491,M,0.830,C,39.8,-81.3,141.6,117.8,103.2,18.5,7.1,0.959,0.040,0.001,0
492,K,0.822,C,115.7,-79.9,149.3,116.8,-116.7,3.8,19.5,0.990,0.009,0.001,0
493,P,0.817,H,84.5,-61.4,-29.2,94.0,-110.4,9.8,12.9,0.213,0.786,0.000,0
494,E,0.824,H,127.4,-73.6,-19.1,95.6,58.1,3.5,16.2,0.140,0.859,0.001,0
495,E,0.830,H,95.3,-81.9,-3.7,102.1,62.1,7.9,15.4,0.146,0.852,0.002,0
496,L,0.825,H,62.2,-86.5,61.1,107.3,84.0,14.2,12.2,0.233,0.763,0.004,0
497,V,0.837,H,71.8,-93.2,101.8,110.4,110.1,9.8,15.5,0.439,0.553,0.008,0
498,G,0.820,C,38.3,-7.0,166.6,111.7,-9.9,8.0,18.2,0.633,0.364,0.004,0
499,V,0.829,H,55.3,-79.0,-4.0,103.9,-150.1,14.2,14.8,0.471,0.518,0.011,0
500,S,0.831,H,52.5,-74.1,-33.5,102.7,89.0,9.7,16.8,0.414,0.581,0.004,0
501,E,0.828,H,105.6,-68.0,-33.1,95.8,32.6,6.1,19.0,0.272,0.723,0.004,0
502,A,0.826,H,34.6,-67.2,-39.5,95.1,53.0,11.1,18.2,0.186,0.811,0.003,0
503,Y,0.849,H,64.3,-67.3,-39.0,95.1,52.0,13.9,18.3,0.153,0.843,0.005,0
504,E,0.852,H,82.9,-66.9,-38.3,94.4,51.7,9.6,22.4,0.147,0.850,0.003,0
505,D,0.863,H,38.7,-68.2,-37.8,94.7,51.2,13.7,21.3,0.190,0.806,0.004,0
506,A,0.854,H,17.8,-65.8,-40.3,94.5,52.9,19.3,20.4,0.112,0.886,0.002,0
507,A,0.858,H,32.1,-65.5,-39.9,93.5,52.2,13.5,25.2,0.113,0.882,0.005,0
508,N,0.878,H,25.3,-67.0,-39.4,94.1,51.0,18.5,24.9,0.135,0.858,0.007,0
509,C,0.917,H,11.3,-65.0,-41.9,94.1,52.3,22.2,24.2,0.088,0.905,0.007,0
510,L,0.929,H,42.9,-65.1,-40.3,93.3,51.9,14.2,26.8,0.072,0.918,0.010,0
511,W,0.923,H,26.5,-65.5,-42.3,93.7,51.0,18.6,25.7,0.048,0.934,0.018,0
512,L,0.919,H,2.9,-65.9,-43.1,94.5,51.0,25.8,24.0,0.050,0.933,0.017,0
513,L,0.910,H,34.4,-65.3,-38.0,93.1,52.6,19.2,24.0,0.092,0.896,0.011,0
514,T,0.877,H,54.7,-70.6,-31.9,93.2,52.2,11.2,25.5,0.258,0.730,0.012,0
515,N,0.842,C,28.5,-98.8,-1.7,99.6,41.9,18.7,22.6,0.522,0.468,0.009,0
516,S,0.802,C,4.1,-86.4,141.6,120.8,100.4,25.6,17.3,0.707,0.019,0.274,0
517,K,0.796,E,55.2,-127.8,143.3,129.6,-173.1,14.1,24.4,0.395,0.002,0.603,0
518,P,0.795,E,57.7,-70.1,142.2,114.8,-103.9,10.4,25.0,0.195,0.000,0.804,0
519,C,0.798,C,9.6,-72.1,130.7,110.7,-111.3,23.4,12.1,0.946,0.001,0.053,0
520,A,0.789,C,65.0,-69.3,-27.6,95.9,-142.5,6.9,17.8,0.989,0.007,0.003,0
521,N,0.787,C,104.1,-73.5,-29.6,93.6,46.2,2.8,17.3,0.989,0.008,0.004,0
522,C,0.802,C,44.7,-103.8,-5.8,99.8,35.4,11.1,10.6,0.984,0.009,0.007,0
523,K,0.806,C,141.5,60.7,33.0,90.7,-122.9,3.5,19.3,0.988,0.002,0.011,0
524,S,0.803,C,30.6,-119.2,147.0,129.8,127.2,11.8,17.5,0.923,0.001,0.076,0
525,P,0.778,E,45.6,-73.1,141.6,114.1,-108.0,13.0,25.1,0.317,0.003,0.680,0
526,I,0.778,E,5.8,-99.5,129.1,117.7,-140.2,25.8,16.5,0.289,0.024,0.687,0
527,Q,0.773,E,64.6,-118.6,140.3,125.3,-167.2,10.2,26.4,0.359,0.056,0.585,0
528,K,0.766,C,60.7,-81.7,125.6,111.7,-123.6,19.0,18.4,0.536,0.120,0.344,0
529,N,0.742,C,63.7,-105.6,71.6,111.0,170.4,11.4,19.1,0.751,0.110,0.139,0
530,E,0.741,C,88.9,-110.2,85.4,110.7,-2.9,11.3,20.9,0.812,0.116,0.072,0
531,G,0.753,C,21.8,98.7,-140.2,113.7,-45.6,14.5,21.4,0.827,0.087,0.086,0
532,C,0.783,C,21.8,-102.3,133.0,117.6,-118.6,20.6,22.0,0.759,0.092,0.149,0
533,N,0.800,C,27.1,-97.4,46.6,107.3,-153.4,20.3,24.4,0.731,0.094,0.175,0
534,H,0.832,E,32.7,-107.2,133.0,119.2,138.5,18.5,25.3,0.439,0.058,0.502,0
535,M,0.868,E,8.2,-121.8,140.1,127.7,-170.0,24.5,22.5,0.248,0.005,0.747,0
536,Q,0.894,E,63.9,-107.9,132.0,120.2,-146.9,9.8,27.9,0.141,0.002,0.857,0
537,C,0.920,C,8.7,-74.8,127.5,111.2,-120.7,23.1,15.2,0.854,0.008,0.138,0
538,A,0.935,C,60.6,-70.4,-29.6,94.1,-152.0,7.9,19.7,0.982,0.012,0.006,0
539,K,0.930,C,117.1,-75.9,-31.9,93.9,43.6,4.2,18.9,0.983,0.012,0.005,0
540,C,0.941,C,36.5,-108.2,-5.8,100.6,33.8,14.0,11.8,0.981,0.011,0.008,0
541,K,0.960,C,107.8,66.9,28.0,92.2,-121.2,8.1,23.3,0.988,0.001,0.011,0
542,Y,0.980,C,9.0,-109.9,150.4,129.3,134.9,23.9,22.9,0.880,0.002,0.119,0
543,D,1.026,E,6.7,-103.7,138.8,121.7,-134.3,23.1,28.4,0.134,0.001,0.865,0
544,F,1.037,E,1.5,-139.3,153.2,136.2,-175.3,27.3,27.9,0.099,0.001,0.900,0
545,C,1.046,E,6.1,-75.8,132.5,111.6,-106.3,23.6,26.2,0.426,0.012,0.562,0
546,W,1.043,C,15.9,-68.0,-28.0,94.4,-130.3,23.7,25.1,0.763,0.075,0.162,0
547,I,1.033,C,16.7,-70.6,-35.6,95.3,53.0,21.5,24.6,0.890,0.056,0.055,0
548,C,1.021,C,17.0,-94.7,-4.1,99.7,39.1,20.7,20.5,0.939,0.041,0.020,0
549,L,0.995,C,38.6,75.7,11.5,93.7,-111.7,17.2,21.0,0.941,0.043,0.017,0
550,E,0.961,C,78.2,-86.0,151.2,123.2,129.0,9.0,19.9,0.903,0.021,0.076,0
551,E,0.923,E,93.4,-70.7,135.7,111.5,-101.9,9.2,23.4,0.354,0.009,0.637,0
552,W,0.886,H,27.1,-67.8,-22.6,98.2,-127.6,24.1,13.3,0.415,0.534,0.050,0
553,K,0.865,H,112.8,-70.9,-30.0,96.8,70.7,8.1,19.4,0.365,0.596,0.039,0
554,K,0.834,H,117.1,-77.6,-24.4,98.0,52.5,4.9,20.8,0.382,0.577,0.040,0
555,H,0.805,C,40.7,-86.5,-9.4,101.1,54.8,18.0,14.3,0.499,0.432,0.068,0
556,S,0.773,C,41.3,-84.4,-17.0,106.5,82.6,13.0,15.9,0.758,0.163,0.079,0
557,S,0.727,C,63.7,-87.9,-0.8,105.2,128.6,7.8,17.1,0.763,0.169,0.069,0
558,S,0.694,C,72.5,-84.5,-7.8,102.2,55.7,5.8,15.6,0.811,0.141,0.048,0
559,T,0.677,C,73.6,-93.4,4.4,103.2,46.1,8.6,15.3,0.851,0.100,0.050,0
560,G,0.679,C,42.3,83.4,3.6,102.7,-97.7,7.3,17.5,0.892,0.071,0.038,0
561,G,0.703,C,30.1,121.4,171.2,115.4,-140.0,11.7,18.8,0.854,0.065,0.081,0
562,Y,0.763,C,67.5,-98.3,132.3,115.8,-119.7,14.8,18.6,0.806,0.063,0.131,0
563,Y,0.816,C,41.5,-102.4,129.0,117.5,-146.2,19.6,18.7,0.774,0.065,0.161,0
564,R,0.867,C,98.9,-99.4,102.5,110.8,-156.0,10.2,24.4,0.793,0.092,0.115,0
565,C,0.885,C,18.3,-97.1,135.0,118.1,-170.9,21.2,14.3,0.749,0.214,0.037,0
566,T,0.871,H,70.7,-70.0,-30.5,97.1,-147.9,7.3,21.8,0.206,0.793,0.001,0
567,R,0.871,H,60.9,-66.7,-38.4,93.7,53.9,13.4,17.7,0.075,0.925,0.000,0
568,Y,0.847,H,50.8,-65.6,-39.7,94.1,52.8,15.8,16.9,0.049,0.951,0.000,0
569,E,0.842,H,107.2,-66.1,-38.5,93.1,51.9,3.7,21.0,0.052,0.947,0.001,0
570,V,0.849,H,58.9,-67.7,-39.2,93.8,50.7,7.1,18.8,0.086,0.912,0.002,0
571,I,0.843,H,40.6,-66.9,-39.5,94.3,51.8,14.5,15.6,0.102,0.896,0.001,0
572,Q,0.835,H,93.5,-65.8,-38.5,93.8,52.4,6.0,19.1,0.117,0.883,0.001,0
573,H,0.837,H,109.5,-67.3,-37.8,93.1,50.0,3.0,19.3,0.148,0.851,0.001,0
574,V,0.822,H,46.4,-67.1,-39.8,93.9,51.4,10.1,16.0,0.135,0.864,0.001,0
575,E,0.802,H,88.7,-66.2,-38.4,94.4,52.8,8.4,16.7,0.124,0.876,0.000,0
576,E,0.780,H,117.0,-66.8,-37.6,93.2,51.0,2.3,17.6,0.146,0.854,0.000,0
577,Q,0.759,H,92.5,-69.1,-36.1,94.1,50.5,4.9,16.2,0.175,0.824,0.000,0
578,S,0.748,H,45.5,-66.9,-38.7,95.1,54.3,8.7,14.1,0.208,0.791,0.000,0
579,K,0.740,H,126.8,-66.0,-37.1,93.9,53.1,2.9,16.8,0.179,0.821,0.000,0
580,E,0.756,H,113.7,-67.7,-37.0,93.4,50.7,2.6,16.7,0.175,0.824,0.000,0
581,M,0.776,H,67.8,-68.2,-37.9,94.7,51.5,9.2,14.6,0.150,0.850,0.000,0
582,T,0.792,H,72.1,-65.6,-38.5,94.2,53.5,5.5,17.1,0.147,0.852,0.000,0
583,V,0.798,H,86.1,-66.2,-39.2,93.4,51.1,2.9,18.4,0.121,0.879,0.000,0
584,E,0.793,H,81.3,-67.0,-39.0,93.8,50.5,6.9,17.6,0.078,0.922,0.000,0
585,A,0.786,H,39.4,-64.8,-40.5,93.5,52.0,9.0,16.6,0.048,0.952,0.000,0
586,E,0.784,H,106.9,-65.4,-39.3,92.9,51.5,3.3,18.9,0.048,0.952,0.000,0
587,K,0.791,H,103.7,-66.9,-38.4,93.2,49.9,4.5,18.7,0.052,0.948,0.000,0
588,K,0.788,H,84.5,-66.1,-39.4,93.7,51.3,8.7,17.4,0.048,0.952,0.000,0
589,H,0.792,H,93.6,-65.7,-39.4,93.9,51.5,6.6,18.4,0.055,0.945,0.000,0
590,K,0.802,H,110.1,-66.1,-38.9,92.9,50.7,3.8,20.0,0.053,0.947,0.000,0
591,R,0.795,H,82.2,-66.6,-39.6,93.7,51.2,9.3,18.4,0.049,0.951,0.000,0
592,F,0.794,H,76.8,-65.5,-39.6,93.7,51.8,11.2,18.2,0.034,0.966,0.000,0
593,Q,0.787,H,92.7,-66.0,-39.1,93.2,51.2,5.2,21.0,0.020,0.980,0.000,0
594,E,0.785,H,62.3,-66.8,-39.6,93.7,51.1,9.2,19.8,0.012,0.988,0.000,0
595,L,0.795,H,39.3,-65.4,-40.5,93.7,51.8,15.1,18.5,0.006,0.994,0.000,0
596,D,0.805,H,69.5,-65.5,-39.2,93.3,51.6,7.7,22.3,0.004,0.996,0.000,0
597,R,0.808,H,79.7,-66.2,-39.9,93.4,50.8,9.4,20.9,0.002,0.998,0.000,0
598,F,0.809,H,37.6,-65.8,-41.0,94.2,50.8,17.0,19.4,0.002,0.998,0.000,0
599,M,0.816,H,62.5,-65.6,-39.8,93.5,51.7,10.9,22.1,0.002,0.998,0.000,0
600,H,0.830,H,59.7,-66.0,-40.5,93.5,51.0,8.7,22.8,0.003,0.997,0.000,0
601,Y,0.835,H,31.7,-64.4,-43.1,93.6,51.1,17.3,19.7,0.007,0.993,0.000,0
602,Y,0.826,H,47.5,-64.3,-41.4,93.6,51.5,15.7,20.2,0.018,0.982,0.000,0
603,T,0.803,H,59.3,-65.4,-40.3,92.8,50.5,6.3,23.4,0.033,0.967,0.000,0
604,R,0.769,H,50.3,-65.9,-41.5,93.5,50.8,12.6,20.5,0.031,0.969,0.000,0
605,Y,0.752,H,39.9,-64.3,-41.6,93.7,51.0,17.2,18.6,0.035,0.965,0.000,0
606,K,0.724,H,104.0,-65.2,-39.4,92.7,51.1,5.5,22.8,0.053,0.947,0.000,0
607,N,0.727,H,57.5,-66.7,-39.5,93.4,50.4,8.2,21.0,0.129,0.871,0.000,0
608,H,0.738,H,31.7,-66.2,-40.6,94.1,50.7,17.1,17.7,0.232,0.768,0.000,0
609,E,0.744,H,84.5,-64.8,-39.5,93.5,52.2,9.7,20.4,0.140,0.860,0.000,0
610,H,0.767,H,107.3,-66.4,-38.5,92.8,50.4,3.7,22.3,0.112,0.888,0.000,0
611,S,0.776,H,19.8,-66.2,-41.3,93.7,51.6,14.7,18.2,0.114,0.885,0.000,0
612,Y,0.782,H,56.5,-64.6,-40.3,93.5,52.6,15.9,18.1,0.038,0.962,0.000,0
613,Q,0.793,H,100.0,-65.2,-39.3,92.6,51.3,3.6,22.5,0.020,0.980,0.000,0
614,L,0.810,H,52.2,-66.8,-39.9,93.4,50.4,9.4,19.7,0.012,0.988,0.000,0
615,E,0.828,H,29.8,-65.5,-40.5,93.7,51.4,18.5,16.3,0.010,0.990,0.000,0
616,Q,0.828,H,86.3,-64.6,-39.6,93.4,52.6,8.9,20.0,0.009,0.991,0.000,0
617,R,0.822,H,131.6,-65.8,-38.7,92.0,49.7,2.7,22.5,0.017,0.983,0.000,0
618,L,0.822,H,29.8,-66.8,-40.8,93.8,50.0,15.2,17.8,0.021,0.979,0.000,0
619,L,0.822,H,36.1,-63.1,-41.3,93.1,52.3,17.3,17.9,0.016,0.984,0.000,0
620,K,0.821,H,119.5,-64.5,-39.4,92.1,50.8,2.9,23.1,0.018,0.982,0.000,0
621,T,0.805,H,54.1,-66.4,-40.1,93.0,49.9,6.8,21.7,0.020,0.980,0.000,0
622,A,0.794,H,10.1,-65.1,-42.6,93.7,50.4,20.3,17.0,0.004,0.996,0.000,0
623,K,0.787,H,85.8,-63.2,-40.7,92.9,52.4,11.8,20.8,0.002,0.998,0.000,0
624,E,0.775,H,111.2,-65.0,-39.7,91.7,49.8,2.3,23.9,0.003,0.997,0.000,0
625,K,0.778,H,47.3,-67.1,-40.4,93.3,49.5,12.3,19.7,0.004,0.996,0.000,0
626,M,0.788,H,17.9,-64.5,-41.8,93.6,50.8,21.4,17.3,0.002,0.998,0.000,0
627,E,0.788,H,93.9,-64.6,-39.6,92.7,51.1,6.7,21.9,0.002,0.998,0.000,0
628,Q,0.781,H,88.8,-66.4,-39.4,92.7,49.9,4.8,22.0,0.004,0.996,0.000,0
629,L,0.778,H,20.9,-66.7,-41.4,93.9,49.7,17.2,17.2,0.009,0.991,0.000,0
630,S,0.777,H,33.3,-65.1,-39.3,93.7,52.8,14.2,17.6,0.035,0.965,0.000,0
631,R,0.765,H,146.0,-66.6,-36.9,92.3,51.5,2.1,20.6,0.058,0.942,0.000,0
632,A,0.752,H,41.2,-68.5,-36.6,93.5,50.8,9.3,17.5,0.112,0.888,0.000,0
633,L,0.738,H,46.5,-73.1,-30.1,96.0,51.9,15.4,13.2,0.291,0.708,0.001,0
634,K,0.727,C,118.1,-74.2,-21.9,97.7,58.0,6.5,15.5,0.524,0.473,0.003,0
635,E,0.716,C,129.0,-83.4,-3.2,101.0,55.8,3.7,14.1,0.651,0.342,0.008,0
636,T,0.685,C,72.9,-89.8,69.5,107.9,85.0,9.2,10.7,0.715,0.272,0.013,0
637,E,0.656,C,134.9,-79.9,59.2,104.5,-145.3,4.1,13.4,0.833,0.160,0.007,0
638,G,0.632,C,51.2,75.9,2.2,104.6,-23.4,4.5,14.8,0.934,0.061,0.005,0
639,G,0.643,C,38.9,-99.0,154.9,113.8,138.7,9.2,16.4,0.956,0.031,0.012,0
640,C,0.691,C,36.2,-92.0,136.3,116.7,-105.7,16.0,15.4,0.877,0.111,0.012,0
641,P,0.735,H,45.9,-71.8,28.5,103.9,-130.1,11.9,20.1,0.486,0.501,0.013,0
642,D,0.781,H,33.0,-69.2,-35.4,96.9,68.3,16.5,19.4,0.204,0.793,0.002,0
643,T,0.811,H,19.0,-64.3,-38.8,93.8,58.6,21.3,20.2,0.078,0.919,0.003,0
644,T,0.836,H,59.3,-65.0,-39.1,93.1,54.9,9.2,24.5,0.036,0.963,0.001,0
645,F,0.853,H,26.8,-65.5,-42.4,94.0,51.7,18.2,23.4,0.008,0.992,0.000,0
646,I,0.886,H,3.0,-64.2,-43.7,94.0,51.8,26.4,23.6,0.001,0.999,0.000,0
647,E,0.903,H,55.5,-63.2,-41.7,92.4,52.3,15.2,25.6,0.001,0.999,0.000,0
648,D,0.917,H,54.0,-65.3,-40.1,92.1,50.3,9.0,28.3,0.002,0.998,0.000,0
649,A,0.924,H,2.6,-65.2,-44.1,94.2,50.6,24.4,24.0,0.001,0.999,0.000,0
650,V,0.936,H,3.0,-64.3,-43.4,94.0,51.5,26.1,26.2,0.001,0.999,0.000,0
651,H,0.943,H,66.7,-64.0,-41.1,92.2,52.2,12.5,28.2,0.001,0.999,0.000,0
652,V,0.948,H,13.7,-65.4,-42.4,93.3,50.7,19.4,27.0,0.001,0.999,0.000,0
653,L,0.946,H,0.9,-64.4,-44.3,93.9,50.4,28.0,27.3,0.001,0.999,0.000,0
654,L,0.944,H,13.1,-63.7,-42.6,93.1,51.6,22.2,27.2,0.001,0.999,0.000,0
655,K,0.943,H,63.2,-64.6,-40.7,92.2,51.0,13.3,29.3,0.002,0.998,0.000,0
656,T,0.946,H,2.6,-65.3,-43.4,94.1,50.5,25.0,27.9,0.004,0.996,0.000,0
657,R,0.938,H,3.6,-65.1,-43.0,94.0,51.5,26.2,29.1,0.003,0.997,0.000,0
658,R,0.932,H,24.9,-64.9,-41.5,93.1,52.3,20.9,29.9,0.005,0.995,0.000,0
659,I,0.921,H,2.1,-65.2,-43.4,94.0,50.7,26.0,30.2,0.013,0.987,0.000,0
660,L,0.914,H,0.8,-65.4,-43.4,94.4,50.9,28.3,30.2,0.024,0.976,0.000,0
661,K,0.904,H,7.0,-65.7,-42.0,94.2,51.8,24.6,30.1,0.039,0.961,0.000,0
662,C,0.892,H,3.1,-66.0,-42.0,94.2,51.0,24.9,30.3,0.105,0.895,0.000,0
663,S,0.869,H,1.3,-65.9,-42.9,94.4,51.3,26.5,29.5,0.134,0.866,0.000,0
664,Y,0.862,H,4.3,-65.6,-42.9,94.4,51.2,25.8,29.8,0.035,0.965,0.000,0
665,P,0.853,H,2.0,-65.5,-42.9,94.1,51.0,26.1,30.0,0.019,0.980,0.000,0
666,Y,0.848,H,3.1,-66.0,-42.6,94.5,50.5,26.1,29.3,0.018,0.982,0.000,0
667,G,0.850,H,2.3,-68.1,-38.1,94.8,51.2,24.6,28.2,0.048,0.952,0.000,0
668,F,0.856,H,13.6,-75.0,-30.2,96.4,50.0,22.5,27.3,0.217,0.782,0.001,0
669,F,0.866,H,9.5,-95.1,-8.3,100.1,43.6,23.2,24.5,0.420,0.574,0.005,0
670,L,0.861,C,7.7,-85.9,138.7,117.8,97.8,25.2,18.0,0.846,0.109,0.044,0
671,E,0.841,C,69.5,-77.4,140.4,113.8,-119.2,11.3,22.7,0.960,0.026,0.014,0
672,P,0.813,C,71.3,-65.9,77.0,103.0,-109.4,12.4,16.3,0.866,0.130,0.004,0
673,K,0.805,C,137.9,-84.0,9.7,101.1,46.5,3.7,16.4,0.877,0.120,0.002,0
674,S,0.796,C,46.0,-86.9,148.3,114.0,112.8,10.8,12.6,0.816,0.182,0.002,0
675,T,0.802,H,63.2,-69.5,-28.8,97.1,-133.1,10.5,18.2,0.349,0.650,0.001,0
676,K,0.811,H,46.6,-67.1,-36.3,94.1,54.1,17.5,17.0,0.091,0.908,0.000,0
677,K,0.847,H,69.3,-64.1,-39.6,93.6,55.8,14.5,20.0,0.043,0.957,0.001,0
678,E,0.859,H,82.5,-66.2,-39.3,93.4,51.4,7.8,23.8,0.029,0.970,0.001,0
679,I,0.875,H,19.5,-66.0,-42.2,94.2,50.3,19.6,23.0,0.025,0.975,0.000,0
680,F,0.890,H,9.3,-65.2,-42.2,94.2,50.4,24.4,22.8,0.029,0.971,0.000,0
681,E,0.886,H,47.1,-64.2,-41.2,93.1,52.0,15.1,25.3,0.035,0.965,0.000,0
682,L,0.861,H,49.5,-66.3,-39.7,93.2,50.2,10.0,25.4,0.068,0.932,0.000,0
683,M,0.860,H,14.2,-67.4,-40.7,94.5,50.6,21.3,22.2,0.081,0.919,0.000,0
684,Q,0.867,H,22.1,-62.5,-42.4,93.1,53.3,21.3,22.6,0.023,0.977,0.000,0
685,T,0.870,H,57.1,-64.5,-40.2,92.3,51.6,8.0,26.1,0.012,0.988,0.000,0
686,D,0.880,H,40.0,-66.7,-39.9,92.8,49.8,11.6,24.7,0.008,0.992,0.000,0
687,L,0.879,H,3.5,-65.5,-43.6,94.4,51.0,25.4,21.7,0.003,0.997,0.000,0
688,E,0.871,H,38.6,-62.9,-41.8,92.9,52.4,17.7,23.4,0.004,0.996,0.000,0
689,M,0.872,H,78.9,-65.3,-40.0,92.4,50.7,6.8,26.3,0.003,0.997,0.000,0
690,V,0.880,H,17.4,-66.4,-41.9,93.6,49.9,17.5,23.3,0.002,0.998,0.000,0
691,T,0.897,H,3.1,-65.1,-42.8,94.1,50.8,25.8,22.6,0.002,0.998,0.000,0
692,E,0.900,H,54.5,-63.6,-40.7,92.6,52.3,14.1,24.3,0.002,0.998,0.000,0
693,D,0.883,H,62.7,-66.0,-39.4,92.3,50.1,6.7,26.2,0.004,0.996,0.000,0
694,L,0.854,H,5.3,-65.7,-43.7,94.1,50.6,23.4,22.0,0.005,0.995,0.000,0
695,A,0.829,H,11.1,-63.3,-42.2,93.4,52.4,21.9,21.6,0.014,0.986,0.000,0
696,Q,0.805,H,82.6,-65.7,-38.3,92.8,51.6,8.2,24.6,0.015,0.985,0.000,0
697,K,0.800,H,67.6,-68.9,-36.5,93.3,50.5,11.5,23.2,0.032,0.967,0.000,0
698,V,0.791,H,8.4,-74.5,-34.2,96.6,47.9,23.0,20.5,0.187,0.813,0.000,0
699,N,0.792,C,36.9,-91.3,-1.3,100.9,47.9,18.5,19.4,0.635,0.361,0.004,0
700,R,0.788,C,92.6,-85.1,116.0,110.1,107.8,11.7,17.3,0.853,0.144,0.003,0
701,P,0.776,C,72.7,-71.0,-6.5,100.9,-129.7,9.2,18.6,0.665,0.333,0.002,0
702,Y,0.786,C,52.0,-87.2,-17.4,101.1,50.8,16.8,17.4,0.620,0.377,0.003,0
703,L,0.794,C,29.7,-91.9,94.0,109.7,78.7,20.9,14.9,0.669,0.324,0.007,0
704,R,0.797,C,134.2,-84.5,-15.0,100.6,156.2,7.0,20.1,0.849,0.149,0.002,0
705,T,0.800,C,54.6,-113.6,143.4,122.9,58.3,9.9,20.7,0.854,0.143,0.003,0
706,P,0.801,H,29.1,-65.7,-33.8,95.8,-119.2,20.2,19.4,0.252,0.747,0.001,0
707,R,0.830,H,33.6,-63.4,-40.5,93.2,54.9,21.0,19.1,0.042,0.958,0.000,0
708,H,0.857,H,88.1,-64.6,-39.6,92.9,52.7,9.6,23.3,0.024,0.976,0.000,0
709,K,0.874,H,76.6,-66.6,-39.7,92.9,50.6,9.2,24.9,0.013,0.987,0.000,0
710,I,0.899,H,2.6,-65.1,-44.0,94.1,50.3,26.0,22.2,0.006,0.994,0.000,0
711,I,0.907,H,24.2,-63.1,-42.0,92.9,52.0,20.1,24.1,0.003,0.997,0.000,0
712,R,0.909,H,101.2,-64.6,-40.1,92.3,50.8,7.0,27.5,0.005,0.995,0.000,0
713,A,0.899,H,8.2,-65.3,-42.9,93.5,50.6,20.1,25.1,0.002,0.998,0.000,0
714,A,0.890,H,2.8,-65.4,-42.9,94.4,51.0,25.5,24.5,0.003,0.997,0.000,0
715,C,0.895,H,36.8,-64.7,-41.0,93.0,52.1,13.2,27.0,0.002,0.998,0.000,0
716,L,0.873,H,21.4,-65.7,-42.1,93.5,50.7,17.5,25.9,0.001,0.999,0.000,0
717,V,0.848,H,2.4,-65.2,-43.6,94.1,50.4,26.2,22.6,0.001,0.999,0.000,0
718,Q,0.831,H,51.7,-62.9,-41.9,92.6,52.4,16.1,24.7,0.002,0.998,0.000,0
719,Q,0.820,H,78.5,-65.0,-40.1,91.9,49.8,6.1,27.7,0.004,0.996,0.000,0
720,K,0.817,H,10.6,-65.7,-43.2,93.7,50.3,21.4,23.1,0.003,0.997,0.000,0
721,R,0.827,H,8.4,-64.5,-43.0,94.1,51.6,24.9,23.4,0.002,0.998,0.000,0
722,Q,0.838,H,71.6,-63.7,-41.1,92.2,51.9,10.8,26.4,0.001,0.999,0.000,0
723,E,0.846,H,47.8,-66.0,-40.6,92.6,49.9,11.9,26.0,0.002,0.998,0.000,0
724,F,0.838,H,2.1,-64.9,-44.1,93.9,49.6,26.4,23.5,0.002,0.998,0.000,0
725,L,0.830,H,8.7,-63.9,-42.9,93.8,51.0,24.0,24.4,0.001,0.999,0.000,0
726,A,0.822,H,47.2,-64.4,-40.6,92.1,51.0,6.6,27.3,0.001,0.999,0.000,0
727,S,0.798,H,13.4,-66.2,-41.8,93.4,50.1,16.5,22.6,0.003,0.997,0.000,0
728,V,0.768,H,3.8,-66.2,-42.0,94.2,50.0,25.4,18.5,0.009,0.991,0.000,0
729,A,0.753,H,41.6,-66.7,-34.9,92.7,51.9,14.0,19.2,0.068,0.932,0.000,0
730,R,0.728,C,130.7,-89.3,-2.6,95.2,50.4,4.8,20.3,0.753,0.241,0.005,0
731,G,0.719,C,34.8,85.7,8.6,98.7,-102.3,12.2,20.9,0.992,0.005,0.003,0
732,V,0.714,C,19.3,-90.8,17.5,106.0,125.0,21.4,15.9,0.940,0.003,0.057,0
733,A,0.716,C,21.2,-94.7,145.8,121.4,100.6,17.9,16.9,0.939,0.001,0.060,0
734,P,0.718,C,63.8,-68.8,147.2,113.4,-101.2,7.8,21.9,0.960,0.008,0.033,0
735,A,0.706,C,52.8,-64.7,-23.9,95.1,-113.9,15.1,13.6,0.966,0.014,0.020,0
736,D,0.690,C,111.3,-88.0,2.4,96.8,54.9,2.3,18.1,0.970,0.008,0.022,0
737,S,0.681,C,30.5,-82.1,143.6,118.4,115.4,12.7,11.5,0.969,0.001,0.030,0
738,P,0.669,C,92.3,-63.9,-26.3,94.5,-123.5,5.5,15.7,0.924,0.070,0.006,0
739,D,0.670,C,92.8,-81.5,-7.0,97.9,55.8,5.0,16.6,0.876,0.105,0.018,0
740,A,0.671,C,28.5,-81.4,38.6,105.8,79.6,16.8,13.4,0.823,0.141,0.036,0
741,P,0.675,C,44.3,-71.5,16.7,103.8,50.2,12.9,17.6,0.720,0.208,0.073,0
742,R,0.675,C,84.3,-76.6,1.7,103.0,69.3,12.1,17.1,0.693,0.181,0.126,0
743,R,0.678,C,77.8,-83.0,42.7,105.8,84.1,14.5,16.2,0.667,0.199,0.133,0
744,S,0.691,C,49.5,-88.8,51.2,108.4,108.5,9.9,19.4,0.649,0.174,0.177,0
745,F,0.675,C,45.0,-86.7,16.5,105.1,111.1,18.4,15.0,0.684,0.175,0.141,0
746,A,0.657,C,55.1,-79.0,76.8,105.7,87.6,11.4,16.3,0.814,0.108,0.077,0
747,G,0.647,C,47.3,74.2,0.8,103.6,9.2,5.6,16.8,0.896,0.044,0.060,0
748,G,0.667,C,37.5,86.1,-0.8,108.3,-63.6,9.7,16.4,0.882,0.020,0.098,0
749,T,0.723,C,70.7,-99.3,93.0,111.1,109.1,9.1,19.2,0.809,0.028,0.163,0
750,W,0.783,C,45.6,-96.0,130.4,116.3,-176.1,20.5,14.8,0.707,0.068,0.225,0
751,D,0.842,C,58.8,-97.2,104.6,110.7,-158.8,10.1,22.3,0.713,0.094,0.193,0
752,W,0.867,C,61.8,-72.5,-19.2,99.1,-155.8,19.0,16.1,0.452,0.440,0.108,0
753,E,0.879,H,92.6,-70.8,-29.5,97.3,73.9,8.8,19.7,0.390,0.457,0.153,0
754,Y,0.852,C,54.0,-75.1,-27.1,96.5,59.6,15.3,17.1,0.431,0.430,0.139,0
755,L,0.835,C,45.7,-86.1,-4.0,100.4,63.5,17.0,15.8,0.599,0.309,0.092,0
756,G,0.810,C,36.0,81.9,2.1,105.8,-90.5,10.0,19.1,0.800,0.135,0.066,0
757,F,0.787,C,56.3,-95.4,105.0,111.4,129.0,16.7,15.7,0.776,0.129,0.095,0
758,A,0.762,C,46.1,-96.3,137.0,116.2,164.3,11.0,18.3,0.923,0.022,0.055,0
759,S,0.748,C,35.6,-82.3,144.0,116.8,-112.4,11.8,19.3,0.975,0.009,0.016,0
760,P,0.729,C,61.8,-64.8,-29.8,96.3,-112.4,13.6,15.3,0.610,0.389,0.001,0
761,E,0.732,H,113.0,-70.5,-29.7,96.3,58.3,5.1,18.2,0.474,0.523,0.002,0
762,Y,0.735,H,73.2,-72.7,-31.6,97.0,59.8,13.3,15.5,0.395,0.595,0.011,0
763,R,0.736,H,81.3,-74.2,-26.3,99.0,61.5,13.4,15.7,0.384,0.592,0.024,0
764,R,0.738,H,101.7,-75.3,-23.3,100.8,60.7,9.1,17.5,0.382,0.600,0.018,0
765,R,0.747,H,93.9,-70.9,-31.6,98.1,61.4,9.7,18.3,0.418,0.558,0.024,0
766,H,0.747,H,54.3,-72.3,-32.1,97.0,53.7,14.4,16.5,0.473,0.497,0.030,0
767,R,0.729,C,96.9,-73.3,-24.7,97.8,55.9,11.1,17.6,0.594,0.367,0.039,0
768,Q,0.712,C,100.4,-80.0,-1.7,100.9,60.1,7.4,17.0,0.614,0.324,0.062,0
769,Q,0.682,C,104.2,-87.3,15.8,103.5,59.6,7.0,15.4,0.680,0.213,0.107,0
770,R,0.656,C,108.7,-91.5,103.7,110.3,90.4,10.1,13.8,0.754,0.134,0.112,0
771,R,0.633,C,111.4,-91.3,96.8,109.2,-176.8,9.6,16.3,0.806,0.086,0.108,0
772,R,0.617,C,109.7,-82.0,18.4,103.6,-174.8,11.0,14.6,0.859,0.054,0.087,0
773,G,0.629,C,45.6,77.3,-10.5,104.3,-63.4,6.1,15.6,0.905,0.036,0.059,0
774,D,0.658,C,77.0,-92.5,93.8,109.2,55.5,8.8,16.9,0.892,0.057,0.051,0
775,V,0.677,C,39.0,-99.5,133.6,117.8,-169.6,16.7,17.4,0.762,0.159,0.079,0
776,H,0.688,C,48.9,-104.6,133.8,118.5,-171.7,15.9,19.0,0.658,0.192,0.150,0
777,S,0.670,C,29.7,-103.3,131.7,117.1,-158.7,13.9,23.0,0.594,0.186,0.220,0
778,L,0.649,C,26.0,-85.6,4.2,103.8,-151.8,21.7,18.6,0.619,0.220,0.161,0
779,L,0.628,C,51.2,-94.2,73.2,109.8,117.2,13.9,19.1,0.713,0.136,0.151,0
780,S,0.610,C,42.9,-96.3,43.7,109.2,156.1,12.1,18.4,0.813,0.035,0.152,0
781,N,0.609,C,57.4,-101.5,108.5,112.6,138.6,13.0,16.6,0.907,0.008,0.085,0
782,P,0.609,C,65.6,-74.2,118.9,106.4,-140.3,10.8,15.9,0.955,0.003,0.042,0
783,T,0.624,C,74.4,-83.4,43.4,106.3,-143.1,9.0,16.1,0.952,0.006,0.042,0
784,D,0.645,C,74.8,-93.2,94.6,108.8,65.0,8.8,15.7,0.956,0.004,0.040,0
785,L,0.649,C,88.1,-73.1,-15.2,97.7,-173.9,10.8,12.3,0.938,0.039,0.023,0
786,D,0.650,C,118.1,-85.2,1.3,98.7,57.3,1.7,13.8,0.933,0.040,0.027,0
787,E,0.642,C,85.5,-91.4,131.2,116.4,105.1,8.5,12.0,0.947,0.012,0.041,0
788,P,0.623,C,72.4,-69.3,141.7,107.7,-117.4,8.7,15.4,0.881,0.102,0.017,0
789,S,0.616,C,47.3,-87.2,139.7,112.4,-139.5,11.5,14.6,0.745,0.204,0.051,0
790,E,0.631,C,113.1,-73.1,-17.8,98.2,-136.5,7.6,15.5,0.589,0.379,0.032,0
791,S,0.648,C,59.9,-73.8,-22.9,98.1,66.8,8.1,16.0,0.569,0.385,0.046,0
792,T,0.674,C,49.5,-83.3,-13.4,99.9,58.5,12.7,15.2,0.596,0.335,0.069,0
793,F,0.696,C,66.7,-86.1,42.5,106.3,76.6,14.8,13.8,0.698,0.223,0.079,0
794,D,0.706,C,79.3,-91.6,85.4,108.5,108.6,7.9,17.5,0.834,0.077,0.089,0
795,L,0.683,C,58.0,-90.1,128.5,113.7,-160.6,14.1,14.2,0.862,0.058,0.080,0
796,P,0.639,C,64.4,-74.1,133.7,108.4,-118.9,10.2,16.0,0.829,0.119,0.052,0
797,E,0.613,C,124.0,-83.8,111.1,108.4,-124.6,5.8,14.4,0.785,0.117,0.098,0
798,G,0.575,C,47.9,73.7,-51.9,107.2,-25.8,5.4,13.6,0.865,0.079,0.056,0
799,S,0.552,C,81.9,-84.4,31.0,105.1,6.8,4.1,12.1,0.888,0.066,0.046,0
800,S,0.536,C,86.4,-82.7,4.5,102.8,79.1,3.2,10.8,0.830,0.101,0.068,0
801,G,0.529,C,51.1,-81.4,12.4,104.0,45.6,4.8,10.9,0.877,0.070,0.054,0
802,R,0.539,C,140.7,-90.2,113.8,110.5,126.1,5.5,12.4,0.889,0.033,0.078,0
803,R,0.567,C,99.4,-92.0,128.9,115.5,-135.1,10.9,13.4,0.928,0.006,0.065,0
804,P,0.578,C,86.5,-66.9,142.7,109.6,-101.2,7.4,13.3,0.913,0.064,0.023,0
805,G,0.585,C,50.5,77.6,-3.3,103.0,9.4,4.0,16.7,0.879,0.086,0.035,0
806,A,0.606,C,28.3,-96.4,140.7,120.7,137.6,17.2,13.0,0.750,0.180,0.070,0
807,S,0.632,C,53.4,-83.2,136.6,113.7,-123.2,9.0,21.8,0.688,0.222,0.090,0
808,V,0.659,C,41.3,-97.2,130.0,116.6,-139.2,17.3,18.7,0.618,0.206,0.176,0
809,V,0.663,C,47.5,-96.4,126.3,113.7,-156.6,13.6,18.2,0.678,0.180,0.143,0
810,S,0.658,C,50.0,-98.1,136.2,115.6,-147.9,11.5,17.7,0.764,0.132,0.104,0
811,S,0.636,C,58.0,-91.4,14.0,106.2,-154.3,10.6,16.1,0.792,0.151,0.057,0
812,A,0.620,C,51.3,-87.0,37.6,107.5,142.2,10.8,15.6,0.710,0.223,0.066,0
813,S,0.628,C,47.6,-89.3,130.3,111.6,135.2,10.0,18.8,0.614,0.250,0.136,0
814,M,0.642,H,54.8,-66.2,-33.7,95.0,-125.4,17.5,15.2,0.353,0.449,0.198,0
815,S,0.656,H,55.0,-67.1,-35.3,94.2,58.6,9.2,18.2,0.342,0.409,0.249,0
816,V,0.671,H,65.1,-68.4,-36.5,93.9,51.5,8.2,19.8,0.332,0.355,0.314,0
817,L,0.685,E,44.4,-68.5,-37.8,94.8,52.0,14.3,18.2,0.352,0.202,0.447,0
818,H,0.694,E,60.6,-72.3,-32.9,96.3,52.2,13.0,18.2,0.405,0.131,0.464,0
819,S,0.672,C,49.3,-74.8,-29.3,97.3,53.5,9.4,19.1,0.571,0.158,0.272,0
820,S,0.650,C,41.4,-87.8,32.3,108.0,78.6,11.3,16.6,0.655,0.162,0.183,0
821,S,0.634,C,37.1,-97.1,96.8,111.3,104.9,11.6,18.3,0.732,0.134,0.134,0
822,L,0.633,C,63.0,-92.6,113.3,111.3,-168.8,13.1,16.7,0.785,0.137,0.078,0
823,R,0.650,C,115.1,-96.7,124.2,113.2,164.9,9.2,15.8,0.837,0.100,0.064,0
824,D,0.666,C,78.0,-93.8,119.8,112.2,-151.0,9.6,17.3,0.863,0.054,0.083,0
825,Y,0.663,C,76.6,-100.0,128.5,115.9,-157.6,15.5,14.1,0.849,0.045,0.105,0
826,S,0.660,C,52.2,-100.9,133.9,118.1,-172.6,8.7,18.8,0.897,0.017,0.085,0
827,P,0.629,C,66.8,-66.8,16.6,102.4,-113.9,11.9,13.0,0.779,0.198,0.022,0
828,A,0.630,C,69.7,-79.5,7.2,103.6,-158.9,6.5,15.6,0.713,0.245,0.041,0
829,S,0.627,C,62.8,-86.9,91.0,108.5,94.1,7.8,14.1,0.736,0.213,0.051,0
830,R,0.616,C,132.1,-77.9,-7.8,100.4,-156.5,8.4,13.9,0.742,0.213,0.045,0
831,S,0.604,C,72.7,-80.8,-6.2,101.9,69.3,5.1,13.7,0.734,0.211,0.055,0
832,A,0.608,C,68.6,-76.8,-10.9,100.7,80.4,6.4,14.6,0.768,0.208,0.024,0
833,N,0.630,C,79.6,-91.1,56.7,106.2,71.5,8.9,15.4,0.802,0.164,0.034,0
834,Q,0.657,C,86.2,-73.0,-14.9,98.9,143.2,11.5,14.0,0.694,0.263,0.043,0
835,D,0.680,C,87.7,-75.4,-12.0,99.1,67.5,6.7,16.2,0.652,0.312,0.036,0
836,S,0.691,C,54.6,-77.6,-10.2,100.4,78.6,10.2,15.7,0.544,0.398,0.058,0
837,L,0.697,C,60.5,-88.7,86.5,108.8,93.2,13.7,15.0,0.502,0.396,0.102,0
838,Q,0.702,C,71.6,-95.6,110.8,111.4,166.8,11.2,19.4,0.454,0.360,0.186,0
839,A,0.710,C,28.2,-92.3,128.4,113.0,-148.9,16.5,17.2,0.554,0.289,0.157,0
840,L,0.703,C,54.8,-95.2,114.5,111.6,-155.4,15.0,18.1,0.647,0.236,0.118,0
841,S,0.696,C,53.7,-97.9,110.4,111.7,-165.5,10.8,17.8,0.688,0.193,0.118,0
842,S,0.678,C,47.3,-94.8,74.2,109.3,162.7,11.6,18.3,0.716,0.179,0.104,0
843,L,0.682,C,48.0,-92.4,116.5,112.1,167.4,17.2,16.0,0.835,0.112,0.052,0
844,D,0.714,C,60.6,-94.0,121.8,112.4,-153.9,11.0,19.5,0.866,0.103,0.031,0
845,E,0.733,C,92.0,-68.1,-25.1,96.6,-134.2,13.1,17.2,0.802,0.186,0.011,0
846,D,0.750,C,65.8,-80.2,-11.5,96.9,59.2,11.6,20.7,0.791,0.195,0.014,0
847,D,0.766,C,29.7,-89.6,83.5,108.2,79.5,19.4,20.8,0.875,0.119,0.006,0
848,P,0.762,H,22.5,-67.5,-34.5,97.0,-177.1,21.6,22.9,0.354,0.641,0.005,0
849,N,0.784,H,14.6,-66.7,-38.5,95.0,56.3,22.8,27.1,0.319,0.659,0.022,0
850,I,0.811,H,2.8,-65.5,-42.7,94.6,53.1,26.5,28.4,0.124,0.812,0.064,0
851,L,0.837,H,4.3,-65.0,-42.5,93.9,52.2,25.4,29.8,0.049,0.876,0.075,0
852,L,0.853,H,7.9,-65.2,-42.7,93.9,51.3,23.4,30.4,0.023,0.932,0.045,0
853,A,0.864,H,1.8,-65.7,-43.2,94.4,50.7,25.5,29.8,0.019,0.949,0.032,0
854,I,0.854,H,1.1,-65.7,-43.3,94.5,50.3,27.6,30.4,0.029,0.929,0.042,0
855,Q,0.842,H,5.5,-66.5,-41.4,94.7,51.2,24.5,29.7,0.047,0.917,0.035,0
856,L,0.827,H,6.9,-67.3,-41.2,95.1,51.4,23.5,29.0,0.054,0.929,0.017,0
857,S,0.799,H,6.0,-68.3,-39.8,95.8,51.9,23.0,27.8,0.170,0.814,0.015,0
858,L,0.788,H,7.6,-67.5,-41.2,95.6,51.2,23.7,27.0,0.177,0.817,0.006,0
859,Q,0.765,H,31.8,-67.6,-38.5,94.9,51.9,18.7,24.6,0.317,0.674,0.009,0
860,E,0.741,H,41.2,-67.8,-36.9,94.3,51.6,15.5,23.8,0.433,0.549,0.018,0
861,S,0.705,C,23.2,-77.8,-21.5,96.1,54.3,18.7,20.1,0.682,0.276,0.042,0
862,G,0.682,C,31.0,80.4,11.0,100.8,-103.3,13.9,22.9,0.896,0.071,0.033,0
863,L,0.690,C,33.3,-80.1,-1.3,102.1,115.1,20.3,14.6,0.866,0.072,0.062,0
864,D,0.717,C,81.6,-81.3,19.0,102.6,103.7,8.4,18.8,0.861,0.072,0.067,0
865,M,0.734,C,86.5,-85.1,8.5,104.0,135.9,12.0,14.3,0.901,0.059,0.040,0
866,D,0.744,C,79.4,-92.4,107.7,110.6,91.5,8.2,15.8,0.913,0.065,0.022,0
867,E,0.753,C,116.1,-76.1,-9.5,100.3,-134.6,7.5,15.2,0.767,0.223,0.010,0
868,E,0.764,C,101.5,-86.0,57.3,107.3,90.5,7.8,15.2,0.720,0.269,0.011,0
869,T,0.777,C,55.9,-78.6,0.6,102.7,106.4,12.2,15.2,0.615,0.373,0.012,0
870,R,0.796,C,102.1,-68.7,-30.2,97.0,83.0,13.0,15.2,0.506,0.468,0.026,0
871,D,0.810,C,87.9,-74.5,-24.0,98.0,58.2,5.6,18.3,0.503,0.459,0.038,0
872,F,0.792,C,69.4,-72.4,-30.6,98.0,59.3,11.7,17.7,0.478,0.415,0.107,0
873,L,0.766,C,45.7,-77.5,-18.0,100.1,63.5,16.4,15.6,0.586,0.304,0.110,0
874,S,0.748,C,46.0,-88.9,36.7,107.4,89.9,11.2,17.2,0.716,0.211,0.073,0
875,N,0.728,C,87.2,-91.9,40.0,105.8,121.0,8.6,17.9,0.793,0.166,0.041,0
876,E,0.714,C,81.9,-91.5,99.1,109.8,150.8,12.7,14.7,0.781,0.191,0.028,0
877,T,0.715,C,53.3,-99.6,132.1,115.9,-176.2,12.2,18.0,0.722,0.245,0.033,0
878,S,0.697,C,32.7,-87.6,137.5,114.4,-128.4,14.0,19.2,0.722,0.224,0.055,0
879,L,0.676,C,57.9,-70.0,-24.3,97.1,-130.7,16.1,17.0,0.759,0.204,0.037,0
880,G,0.652,C,29.6,-61.5,-32.3,97.3,51.1,10.9,19.4,0.757,0.169,0.074,0
881,A,0.657,C,29.7,-70.2,-32.3,95.4,57.5,14.9,16.3,0.651,0.214,0.135,0
882,I,0.648,C,55.5,-79.6,-15.1,99.1,57.3,16.1,15.2,0.733,0.134,0.133,0
883,G,0.633,C,40.9,76.8,-1.1,104.0,5.3,8.5,17.8,0.898,0.025,0.077,0
884,S,0.628,C,58.9,-94.4,110.9,111.3,99.0,8.9,15.4,0.879,0.019,0.102,0
885,S,0.631,C,57.1,-93.3,103.0,110.6,136.7,9.8,17.5,0.872,0.015,0.112,0
886,L,0.636,C,43.5,-96.3,136.4,119.1,-147.1,17.4,15.9,0.944,0.003,0.054,0
887,P,0.635,C,38.5,-69.3,147.1,112.5,-106.2,14.4,19.4,0.948,0.039,0.013,0
888,S,0.644,C,32.9,-78.0,125.8,108.7,-122.7,15.2,19.0,0.809,0.109,0.082,0
889,R,0.648,C,65.2,-84.5,2.6,104.0,-166.3,13.9,18.4,0.722,0.118,0.160,0
890,L,0.657,C,51.7,-78.2,-16.2,99.5,69.4,16.5,15.0,0.725,0.142,0.133,0
891,D,0.671,C,71.1,-90.7,77.8,108.0,85.0,9.8,16.4,0.842,0.061,0.098,0
892,S,0.660,C,71.2,-79.7,5.7,102.9,-168.0,7.1,14.1,0.916,0.027,0.057,0
893,V,0.653,C,79.1,-100.9,129.2,117.9,114.9,7.8,14.7,0.927,0.005,0.069,0
894,P,0.634,C,76.2,-68.0,143.5,111.2,-103.4,10.4,13.5,0.955,0.013,0.031,0
895,R,0.628,C,116.6,-95.2,134.4,115.0,-138.7,10.0,14.6,0.909,0.009,0.082,0
896,S,0.636,C,58.5,-90.6,137.1,115.4,-128.9,8.1,15.8,0.912,0.013,0.075,0
897,T,0.644,C,78.9,-72.4,-16.8,96.9,-146.3,9.7,12.0,0.902,0.057,0.040,0
898,E,0.643,C,142.0,-81.5,-5.5,99.7,64.0,2.3,13.5,0.940,0.041,0.019,0
899,S,0.645,C,57.5,-96.6,109.9,112.3,72.3,8.0,14.0,0.932,0.048,0.021,0
900,P,0.643,C,52.6,-69.0,143.5,108.4,-136.2,14.4,13.9,0.804,0.186,0.011,0
901,R,0.662,C,102.2,-73.1,-3.7,102.6,-128.1,11.2,18.6,0.660,0.297,0.043,0
902,A,0.680,C,26.9,-74.4,1.2,103.7,74.1,17.0,16.5,0.507,0.456,0.037,0
903,A,0.673,C,37.8,-74.3,-1.3,101.2,75.8,13.6,18.9,0.494,0.461,0.045,0
904,L,0.680,C,46.9,-90.9,20.1,103.8,76.7,15.6,19.9,0.552,0.384,0.064,0
905,S,0.684,C,22.4,-91.4,134.2,113.3,122.0,17.8,20.1,0.640,0.293,0.067,0
906,S,0.693,C,24.4,-77.2,-15.9,103.3,-161.7,18.6,21.4,0.560,0.402,0.038,0
907,S,0.701,H,31.4,-67.8,-35.9,95.5,64.8,16.3,24.3,0.355,0.626,0.019,0
908,E,0.716,H,43.4,-67.0,-39.6,94.5,53.4,16.4,24.7,0.161,0.833,0.007,0
909,L,0.730,H,10.9,-65.6,-42.4,94.8,52.3,23.6,24.3,0.080,0.911,0.009,0
910,L,0.734,H,32.7,-64.5,-41.2,93.6,52.5,18.3,25.0,0.050,0.941,0.008,0
911,E,0.732,H,59.0,-65.5,-39.9,92.7,51.0,10.5,27.5,0.057,0.936,0.007,0
912,L,0.736,H,9.9,-67.3,-41.5,94.8,49.9,22.1,25.4,0.066,0.931,0.003,0
913,G,0.737,H,4.3,-64.9,-42.6,94.7,52.6,23.9,24.3,0.170,0.828,0.002,0
914,D,0.744,H,42.1,-65.4,-40.2,93.6,53.0,14.9,26.8,0.117,0.882,0.001,0
915,S,0.724,H,25.5,-66.5,-38.8,93.0,50.6,14.1,26.2,0.145,0.852,0.004,0
916,L,0.714,H,5.7,-67.1,-42.1,94.9,50.2,24.1,23.5,0.089,0.903,0.008,0
917,M,0.698,H,27.4,-66.5,-39.5,94.4,53.0,20.9,23.3,0.111,0.866,0.023,0
918,R,0.688,H,100.0,-69.1,-31.8,93.0,52.2,9.1,23.9,0.248,0.697,0.055,0
919,L,0.669,C,45.4,-81.7,-14.1,97.9,57.4,16.8,19.2,0.488,0.453,0.059,0
920,G,0.654,C,23.1,100.5,-176.4,118.0,-112.1,14.0,19.9,0.791,0.122,0.087,0
921,A,0.661,C,50.6,-82.8,26.8,103.6,55.7,11.6,18.6,0.819,0.115,0.066,0
922,D,0.675,C,66.8,-92.8,94.3,109.4,119.8,11.4,17.1,0.885,0.033,0.081,0
923,S,0.663,C,56.0,-86.9,6.1,103.0,-177.2,11.5,16.6,0.929,0.008,0.063,0
924,D,0.658,C,66.7,-94.3,119.6,112.6,115.6,10.6,17.4,0.947,0.007,0.046,0
925,P,0.644,C,67.7,-72.7,-11.2,100.2,-152.1,11.7,17.3,0.920,0.047,0.033,0
926,F,0.646,C,60.0,-90.4,42.4,105.9,75.3,16.6,15.6,0.860,0.041,0.099,0
927,S,0.666,C,51.3,-94.8,112.2,111.6,125.1,9.9,18.5,0.876,0.012,0.112,0
928,T,0.699,C,60.3,-79.0,-9.5,101.3,179.9,13.2,15.4,0.844,0.091,0.064,0
929,D,0.720,C,88.0,-80.2,-0.6,101.1,78.1,7.4,16.8,0.849,0.096,0.055,0
930,T,0.710,C,58.8,-90.5,13.9,104.6,68.8,10.7,17.4,0.810,0.087,0.103,0
931,L,0.688,C,45.6,-79.2,-15.2,100.8,87.9,17.0,15.0,0.822,0.084,0.095,0
932,S,0.659,C,52.2,-84.5,10.6,104.7,79.7,10.8,16.9,0.866,0.043,0.091,0
933,S,0.648,C,51.6,-83.0,3.6,102.0,95.7,10.9,16.5,0.880,0.043,0.078,0
934,R,0.652,C,86.2,-100.8,129.7,117.7,105.0,12.8,15.7,0.894,0.016,0.090,0
935,P,0.647,C,62.5,-71.8,140.9,110.4,-116.7,10.5,18.8,0.905,0.038,0.056,0
936,L,0.644,C,62.7,-83.0,102.6,108.3,-134.6,15.1,14.9,0.854,0.075,0.072,0
937,S,0.640,C,56.8,-93.0,117.2,111.6,-148.6,9.9,16.8,0.852,0.078,0.070,0
938,E,0.637,C,116.8,-82.3,16.6,103.1,-147.0,7.7,14.9,0.871,0.089,0.040,0
939,T,0.638,C,81.1,-93.1,91.7,109.8,94.2,6.6,15.4,0.851,0.098,0.051,0
940,R,0.663,C,123.4,-89.2,61.8,107.4,167.7,9.1,16.4,0.841,0.090,0.068,0
941,S,0.671,C,37.1,-100.7,138.8,117.0,154.3,14.3,14.2,0.869,0.038,0.093,0
942,D,0.680,C,87.6,-84.8,29.6,104.0,-140.0,7.7,18.7,0.901,0.024,0.075,0
943,F,0.676,C,59.9,-98.1,132.3,116.4,139.8,14.8,17.1,0.859,0.017,0.125,0
944,C,0.687,C,29.9,-104.4,132.2,119.2,-156.9,17.4,17.6,0.922,0.002,0.075,0
945,P,0.653,C,42.1,-76.7,144.1,112.5,-123.4,14.3,18.1,0.958,0.005,0.036,0
946,S,0.637,C,56.8,-83.1,5.1,104.0,-137.8,11.1,17.2,0.934,0.028,0.039,0
947,S,0.629,C,52.1,-87.1,62.8,107.7,176.3,11.0,15.4,0.920,0.045,0.034,0
948,S,0.620,C,77.0,-77.5,-8.0,99.6,-133.3,5.5,15.3,0.920,0.060,0.019,0
949,D,0.641,C,91.7,-91.1,35.1,105.2,65.6,5.3,14.5,0.913,0.068,0.019,0
950,L,0.654,C,88.6,-79.8,9.8,102.6,158.1,10.8,12.2,0.862,0.103,0.035,0
951,D,0.655,C,93.7,-89.9,93.1,108.8,112.0,4.8,14.9,0.866,0.107,0.028,0
952,S,0.613,C,54.7,-78.6,-8.5,101.8,-172.8,11.9,12.6,0.776,0.193,0.032,0
953,A,0.591,C,73.3,-78.1,-13.1,99.2,73.6,5.1,15.2,0.727,0.248,0.025,0
954,G,0.594,C,40.8,-80.0,3.8,102.2,55.6,8.8,14.6,0.742,0.226,0.032,0
955,Q,0.637,C,90.5,-88.0,32.7,106.0,112.1,10.2,15.8,0.832,0.129,0.038,0
956,D,0.656,C,62.7,-98.0,117.3,113.6,124.0,10.5,18.6,0.934,0.042,0.025,0
957,P,0.652,C,40.6,-63.9,-29.3,94.6,-135.2,19.4,15.9,0.506,0.487,0.007,0
958,S,0.642,H,55.1,-66.1,-35.4,94.1,60.5,10.1,21.4,0.435,0.561,0.005,0
959,A,0.654,H,33.6,-68.4,-36.7,93.8,51.8,13.6,21.7,0.367,0.626,0.007,0
960,N,0.687,H,24.6,-68.1,-36.4,95.0,54.2,20.9,21.1,0.415,0.570,0.015,0
961,D,0.731,H,55.9,-68.0,-33.7,94.1,55.3,14.2,24.2,0.391,0.591,0.018,0
962,N,0.733,H,41.8,-76.3,-25.5,96.2,53.1,15.6,25.2,0.459,0.495,0.046,0
963,L,0.741,C,9.2,-67.9,-40.4,95.9,54.0,23.5,24.7,0.490,0.412,0.099,0
964,L,0.745,C,7.3,-66.4,-41.3,95.5,54.3,24.7,25.1,0.558,0.366,0.075,0
965,G,0.752,C,17.0,-64.6,-42.2,94.5,55.2,17.4,26.7,0.587,0.345,0.068,0
966,N,0.771,C,29.5,-67.0,-38.4,94.1,51.4,17.1,27.5,0.491,0.390,0.119,0
967,I,0.801,H,4.9,-66.6,-42.9,95.0,50.3,24.2,26.3,0.307,0.372,0.321,0
968,M,0.819,H,9.7,-67.7,-40.4,95.4,50.6,23.9,26.8,0.256,0.403,0.341,0
969,A,0.833,H,16.6,-67.1,-39.9,94.8,52.3,19.2,27.6,0.258,0.447,0.295,0
970,W,0.840,H,27.8,-68.4,-39.2,95.2,51.9,19.9,27.0,0.254,0.470,0.277,0
971,F,0.854,H,7.2,-69.3,-40.0,96.2,50.9,24.3,25.9,0.283,0.496,0.221,0
972,H,0.846,H,32.1,-69.0,-31.8,95.7,52.9,20.8,24.9,0.399,0.456,0.146,0
973,D,0.829,C,53.5,-84.8,5.6,98.9,49.4,12.5,25.0,0.542,0.380,0.079,0
974,M,0.791,C,21.8,-94.0,88.4,109.1,80.1,22.4,24.3,0.794,0.148,0.058,0
975,N,0.761,C,15.7,-99.6,113.0,113.3,144.0,22.0,25.7,0.916,0.024,0.060,0
976,P,0.743,C,9.6,-69.8,-20.7,99.0,-139.1,24.3,23.7,0.834,0.131,0.035,0
977,Q,0.749,C,52.2,-80.6,-16.3,99.3,67.1,17.8,25.6,0.653,0.214,0.132,0
978,S,0.761,C,11.7,-110.7,100.3,115.1,54.5,22.1,26.5,0.557,0.199,0.244,0
979,I,0.761,E,2.2,-115.4,133.4,123.5,-169.6,26.9,26.6,0.317,0.113,0.570,0
980,A,0.766,E,5.5,-116.8,135.9,124.0,-166.7,23.3,28.5,0.254,0.130,0.616,0
981,L,0.774,E,6.6,-104.6,127.7,118.5,-152.3,24.3,28.1,0.346,0.086,0.569,0
982,I,0.775,C,9.4,-112.1,121.8,118.6,-165.3,23.8,25.2,0.625,0.017,0.359,0
983,P,0.757,C,20.7,-75.6,148.4,116.5,-124.1,18.9,24.8,0.925,0.001,0.074,0
984,P,0.737,C,40.2,-71.9,143.5,112.9,-103.7,15.4,23.7,0.939,0.011,0.050,0
985,A,0.724,C,38.2,-76.6,78.4,106.1,-126.0,17.1,16.8,0.904,0.063,0.034,0
986,A,0.721,C,63.5,-85.1,10.8,105.0,-154.2,9.2,17.8,0.874,0.072,0.054,0
987,T,0.747,C,65.2,-103.8,133.1,117.1,93.5,9.6,17.0,0.894,0.058,0.048,0
988,T,0.763,C,79.3,-77.0,-12.5,100.0,-153.5,9.4,14.8,0.878,0.085,0.037,0
989,E,0.757,C,119.8,-84.8,8.8,103.6,70.8,5.2,15.6,0.886,0.079,0.035,0
990,I,0.739,C,80.0,-82.7,14.3,104.1,91.4,12.0,12.2,0.870,0.099,0.031,0
991,S,0.725,C,62.1,-84.9,90.9,108.1,109.4,7.9,14.8,0.877,0.094,0.029,0
992,A,0.721,C,67.9,-79.2,-7.3,100.7,153.0,7.6,14.1,0.830,0.143,0.027,0
993,E,0.725,C,101.9,-94.4,117.4,113.0,91.5,7.6,13.6,0.831,0.140,0.028,0
994,P,0.725,C,76.5,-70.5,125.4,106.2,-133.6,9.6,14.0,0.808,0.167,0.026,0
995,Q,0.733,C,108.3,-87.8,116.9,110.2,-130.5,7.2,15.8,0.835,0.110,0.055,0
996,L,0.742,C,59.3,-88.5,137.1,116.5,-137.3,14.5,12.9,0.917,0.027,0.055,0
997,P,0.737,C,65.3,-69.7,143.6,108.1,-111.4,9.6,17.1,0.875,0.078,0.047,0
998,C,0.756,C,54.2,-82.9,87.9,107.7,-137.3,12.4,15.0,0.789,0.068,0.143,0
999,I,0.750,C,72.7,-91.0,111.3,110.6,-177.9,11.8,14.7,0.750,0.067,0.184,0
1000,R,0.740,C,136.0,-86.5,108.1,109.0,-147.4,6.8,14.5,0.793,0.081,0.126,0
1001,D,0.710,C,92.4,-78.3,94.1,106.4,-118.2,6.9,14.0,0.788,0.140,0.072,0
1002,G,0.671,C,50.3,75.9,-5.8,104.0,-21.7,4.4,13.9,0.785,0.171,0.044,0
1003,S,0.644,C,67.8,-86.3,94.8,108.5,104.2,6.2,12.1,0.758,0.189,0.054,0
1004,E,0.635,C,125.1,-83.9,69.5,106.4,-160.3,5.2,12.8,0.812,0.146,0.042,0
1005,G,0.643,C,44.8,85.4,-124.2,109.7,-29.7,5.7,14.6,0.862,0.092,0.046,0
1006,V,0.676,C,74.1,-92.6,129.6,113.8,151.0,8.9,12.1,0.790,0.129,0.080,0
1007,R,0.705,C,130.2,-80.6,104.1,107.5,-138.5,6.9,14.5,0.726,0.201,0.073,0
1008,D,0.720,C,85.1,-84.9,76.7,105.5,-103.5,7.1,15.6,0.756,0.196,0.048,0
1009,M,0.707,C,92.9,-83.8,20.0,105.0,154.3,10.3,11.9,0.696,0.210,0.094,0
1010,E,0.693,C,119.9,-92.8,129.2,114.0,140.5,4.9,14.9,0.750,0.126,0.124,0
1011,L,0.681,C,79.5,-81.2,136.3,114.1,-118.4,11.6,14.0,0.863,0.026,0.111,0
1012,V,0.677,C,62.2,-91.5,135.0,116.6,-135.1,12.5,15.3,0.947,0.003,0.050,0
1013,P,0.663,C,40.7,-71.0,146.1,113.9,-108.0,14.3,14.1,0.982,0.006,0.012,0
1014,P,0.654,C,76.9,-73.8,140.0,108.4,-110.9,8.1,16.1,0.939,0.052,0.009,0
1015,E,0.647,C,124.9,-77.0,17.0,103.8,-119.3,6.4,13.1,0.838,0.144,0.019,0
1016,D,0.637,C,98.5,-82.6,14.0,102.4,55.4,5.2,14.7,0.832,0.140,0.028,0
1017,S,0.622,C,60.1,-82.7,20.3,104.5,100.9,9.2,12.6,0.828,0.148,0.024,0
1018,V,0.613,C,82.0,-82.7,26.5,105.3,132.6,8.8,14.7,0.823,0.145,0.032,0
1019,S,0.614,C,56.0,-86.7,85.1,107.7,146.2,9.9,15.4,0.781,0.171,0.048,0
1020,K,0.619,C,109.9,-84.4,14.5,105.5,166.0,9.2,13.8,0.736,0.200,0.064,0
1021,D,0.621,C,88.1,-85.4,63.8,106.1,99.8,6.8,15.3,0.725,0.203,0.072,0
1022,T,0.614,C,70.3,-79.6,0.3,101.9,159.5,10.7,14.3,0.696,0.255,0.049,0
1023,G,0.619,C,35.8,73.8,-3.2,108.4,-24.3,10.1,16.6,0.712,0.200,0.089,0
1024,V,0.629,C,63.4,-96.4,125.6,114.3,125.5,11.4,15.1,0.689,0.167,0.143,0
1025,H,0.650,C,88.3,-92.0,130.6,113.8,-147.1,9.8,16.0,0.732,0.161,0.107,0
1026,E,0.664,C,123.2,-72.5,94.5,105.0,-119.4,5.9,14.3,0.706,0.240,0.054,0
1027,G,0.665,C,47.6,77.0,-6.9,103.4,21.5,4.5,15.9,0.742,0.209,0.049,0
1028,E,0.673,C,88.0,-85.9,98.0,108.7,97.8,10.3,13.4,0.669,0.259,0.072,0
1029,R,0.685,C,126.0,-70.8,-20.5,99.3,-164.0,7.9,15.8,0.631,0.310,0.058,0
1030,A,0.691,C,52.1,-73.9,-27.5,98.7,61.5,9.2,16.0,0.630,0.287,0.083,0
1031,Q,0.683,C,68.5,-73.4,-24.2,98.3,58.9,11.9,15.6,0.597,0.288,0.115,0
1032,M,0.689,C,81.3,-84.8,8.2,104.0,66.8,10.9,14.8,0.649,0.214,0.137,0
1033,E,0.698,C,86.4,-89.0,122.5,111.5,103.4,9.3,14.0,0.766,0.123,0.111,0
1034,E,0.710,C,109.1,-88.9,124.6,112.0,-147.0,7.9,15.6,0.820,0.074,0.106,0
1035,N,0.712,C,63.0,-100.0,123.1,115.1,-155.2,12.0,14.8,0.925,0.031,0.044,0
1036,P,0.723,C,65.2,-70.7,138.5,106.9,-122.8,10.1,14.9,0.692,0.281,0.027,0
1037,L,0.740,C,88.1,-76.3,-8.3,102.6,-131.5,9.3,15.7,0.563,0.399,0.038,0
1038,E,0.751,H,97.2,-75.3,-13.3,100.4,89.7,9.9,13.7,0.473,0.497,0.030,0
1039,E,0.763,H,108.6,-75.5,-20.3,100.3,80.5,7.1,14.7,0.442,0.518,0.040,0
1040,N,0.763,C,93.7,-86.4,11.7,102.6,50.6,5.4,16.8,0.507,0.464,0.030,0
1041,I,0.777,C,63.4,-79.7,-13.8,102.2,99.8,13.2,13.7,0.472,0.454,0.074,0
1042,L,0.786,C,72.9,-90.3,98.0,109.6,108.1,11.1,15.0,0.499,0.449,0.052,0
1043,A,0.794,C,56.5,-83.0,121.1,109.2,-145.0,8.2,16.7,0.502,0.479,0.019,0
1044,R,0.780,H,121.3,-72.4,-20.1,100.1,-134.8,10.2,14.3,0.412,0.568,0.020,0
1045,E,0.756,H,110.3,-74.5,-20.2,99.5,71.4,6.8,15.2,0.400,0.577,0.023,0
1046,E,0.730,H,101.7,-84.2,8.3,103.8,71.6,7.7,15.9,0.432,0.526,0.042,0
1047,L,0.696,C,62.2,-90.9,108.0,110.6,101.5,13.9,12.5,0.495,0.456,0.049,0
1048,S,0.649,C,54.6,-79.9,89.2,106.9,-178.8,9.3,16.2,0.526,0.426,0.048,0
1049,Q,0.603,C,98.7,-73.8,-16.7,99.5,-145.8,9.0,15.0,0.536,0.416,0.048,0
1050,A,0.571,C,53.7,-79.4,-11.4,100.6,67.5,10.6,13.1,0.660,0.292,0.048,0
1051,G,0.560,C,43.7,25.4,-0.9,105.3,25.8,7.3,15.8,0.834,0.112,0.054,0
1052,D,0.576,C,95.9,-87.0,52.1,106.3,81.2,5.3,13.6,0.867,0.080,0.052,0
1053,S,0.564,C,60.4,-88.8,99.9,109.4,161.2,9.0,13.4,0.889,0.075,0.035,0
1054,S,0.563,C,56.9,-86.2,14.0,106.0,136.5,9.9,13.9,0.873,0.095,0.032,0
1055,N,0.570,C,96.6,-77.7,-15.8,100.5,90.0,6.4,14.6,0.803,0.162,0.035,0
1056,E,0.596,C,122.4,-76.7,-16.8,99.8,62.8,4.5,14.7,0.704,0.243,0.053,0
1057,A,0.609,C,60.7,-80.0,-13.3,100.9,63.1,8.2,13.9,0.721,0.211,0.067,0
1058,V,0.602,C,65.2,-89.4,50.1,107.1,84.8,12.0,12.2,0.766,0.142,0.092,0
1059,G,0.593,C,43.4,-83.1,54.7,107.5,32.2,7.3,15.3,0.835,0.079,0.085,0
1060,R,0.593,C,138.6,-88.6,101.8,109.0,174.4,6.5,14.1,0.835,0.071,0.093,0
1061,G,0.598,C,49.1,78.2,-20.6,106.5,-21.0,4.8,14.5,0.907,0.047,0.045,0
1062,D,0.620,C,94.6,-87.4,42.9,105.9,4.5,6.2,14.6,0.890,0.033,0.077,0
1063,R,0.625,C,117.3,-94.3,112.4,111.8,134.7,8.4,14.4,0.914,0.027,0.060,0
1064,P,0.633,C,74.0,-70.1,-12.9,102.1,-144.1,9.8,14.5,0.891,0.090,0.019,0
1065,D,0.631,C,84.5,-86.6,82.4,106.5,-109.6,6.7,17.9,0.833,0.140,0.026,0
1066,A,0.616,C,35.6,-70.1,-23.5,95.9,-160.5,17.0,11.6,0.646,0.334,0.019,0
1067,A,0.595,C,66.2,-70.6,-23.1,95.6,63.7,7.9,15.5,0.626,0.351,0.024,0
1068,S,0.582,C,77.2,-81.8,-9.3,98.6,55.7,3.6,16.7,0.659,0.321,0.021,0
1069,Q,0.578,C,90.1,-89.0,54.5,107.2,79.5,9.6,13.1,0.854,0.114,0.032,0
1070,T,0.595,C,51.5,-99.6,138.5,117.9,176.5,12.4,14.2,0.933,0.013,0.054,0
1071,P,0.598,C,79.4,-72.7,-10.9,100.7,-135.0,9.5,15.5,0.927,0.057,0.015,0
1072,Q,0.599,C,118.7,-92.5,60.9,108.2,90.1,4.8,16.8,0.909,0.058,0.033,0
1073,T,0.599,C,49.3,-100.2,142.1,119.8,179.7,13.5,14.3,0.893,0.069,0.038,0
1074,S,0.607,C,44.6,-78.8,159.5,113.4,-121.7,11.2,16.4,0.831,0.156,0.013,0
1075,S,0.627,C,75.4,-68.3,-23.7,96.3,-118.6,5.4,16.1,0.601,0.394,0.004,0
1076,D,0.641,C,82.1,-72.4,-25.7,95.9,58.7,6.2,17.5,0.507,0.487,0.006,0
1077,W,0.635,H,45.9,-75.2,-30.5,98.2,52.5,17.5,14.0,0.388,0.563,0.049,0
1078,L,0.629,H,58.3,-69.4,-31.1,95.8,58.3,13.7,17.3,0.370,0.567,0.063,0
1079,E,0.621,H,96.4,-86.0,-6.8,100.5,53.7,8.1,19.7,0.381,0.511,0.108,0
1080,Q,0.613,H,60.2,-95.8,107.0,111.8,78.1,12.2,18.9,0.302,0.438,0.260,0
1081,V,0.590,E,28.0,-105.5,131.2,118.0,163.1,19.4,18.4,0.258,0.346,0.395,0
1082,H,0.539,E,47.2,-103.9,129.0,117.0,-157.3,15.6,20.8,0.263,0.342,0.394,0
1083,S,0.486,C,22.9,-95.4,127.4,114.8,-148.9,19.7,19.9,0.480,0.155,0.365,0
1084,V,0.449,C,46.7,-110.2,130.9,118.7,-167.6,14.9,19.6,0.813,0.010,0.177,0
