Q8BX02,SEQ,flexibility,SS,ASA,Phi,Psi,Theta(i-1=>i+1),Tau(i-2=>i+2),HSE_alpha_up,HSE_alpha_down,P(C),P(H),P(E),positive
0,M,0.363,C,152.8,-94.4,132.0,114.4,161.6,3.7,5.4,0.994,0.004,0.003,0
1,S,0.351,C,92.5,-93.4,132.5,113.9,-148.3,3.3,7.0,0.982,0.007,0.010,0
2,R,0.380,C,158.5,-90.8,126.0,111.9,-136.1,5.1,9.1,0.978,0.009,0.013,0
3,S,0.433,C,62.9,-87.6,148.3,117.3,-131.4,6.1,10.5,0.985,0.006,0.009,0
4,P,0.467,C,99.3,-66.4,-23.4,96.2,-118.7,4.6,11.4,0.957,0.042,0.001,0
5,D,0.499,C,106.3,-82.1,-3.5,99.7,54.8,2.9,12.3,0.909,0.088,0.003,0
6,A,0.519,C,69.0,-75.2,-13.8,98.8,72.4,6.2,9.8,0.831,0.164,0.004,0
7,K,0.565,C,150.9,-82.3,-1.2,100.6,61.9,2.4,11.6,0.813,0.179,0.008,0
8,E,0.611,C,126.7,-86.1,49.4,106.1,86.3,4.6,9.8,0.832,0.160,0.008,0
9,D,0.664,C,101.2,-92.3,121.8,112.8,146.2,4.2,12.4,0.871,0.120,0.009,0
10,P,0.685,C,83.1,-68.0,130.4,106.1,-111.5,8.0,12.9,0.844,0.146,0.010,0
11,V,0.721,C,82.9,-91.2,94.3,109.4,-163.6,9.0,14.6,0.822,0.142,0.036,0
12,E,0.764,C,96.8,-101.9,130.4,116.8,133.7,8.3,19.6,0.726,0.096,0.178,0
13,C,0.797,C,17.7,-82.4,132.7,114.4,-120.6,21.8,14.5,0.937,0.010,0.053,0
14,P,0.813,C,47.2,-71.8,-16.6,95.6,-145.4,13.0,22.7,0.883,0.075,0.042,0
15,L,0.833,C,21.8,-71.2,-30.4,96.2,73.0,21.6,19.9,0.763,0.082,0.156,0
16,C,0.845,C,27.7,-85.3,-7.1,99.4,52.5,17.7,19.1,0.785,0.087,0.128,0
17,M,0.853,C,53.4,-78.3,-15.5,101.1,104.8,12.5,17.9,0.865,0.018,0.116,0
18,E,0.852,C,80.5,-113.3,137.2,123.2,117.0,9.4,17.8,0.962,0.000,0.038,0
19,P,0.845,C,83.8,-68.0,141.8,113.1,-101.7,6.6,20.8,0.809,0.008,0.183,0
20,L,0.857,C,24.0,-78.6,141.6,116.4,-117.4,22.0,10.9,0.878,0.006,0.116,0
21,E,0.872,C,99.4,-86.9,116.8,109.6,-121.3,6.1,22.1,0.925,0.002,0.073,0
22,I,0.892,C,66.5,-66.8,-25.0,93.5,-145.8,17.0,12.9,0.965,0.018,0.018,0
23,D,0.924,C,109.9,-81.8,-7.2,94.3,62.0,2.4,18.0,0.957,0.019,0.025,0
24,D,0.932,C,47.5,-85.0,117.3,110.9,96.6,13.2,12.4,0.918,0.043,0.039,0
25,I,0.920,C,96.9,-74.0,-20.3,97.8,-172.5,9.2,15.8,0.855,0.110,0.035,0
26,N,0.921,C,87.4,-87.7,4.5,98.6,59.0,6.8,19.6,0.834,0.092,0.074,0
27,F,0.934,C,30.1,-89.9,135.0,118.3,110.5,20.6,14.2,0.683,0.044,0.273,0
28,F,0.948,C,70.6,-122.5,140.1,126.5,-169.2,10.9,24.3,0.583,0.017,0.399,0
29,P,0.957,C,41.6,-72.5,138.8,113.9,-110.4,17.8,19.6,0.608,0.003,0.388,0
30,C,0.963,C,13.5,-79.4,148.6,118.9,-115.7,20.8,13.3,0.961,0.001,0.038,0
31,T,0.954,C,88.9,-67.8,-23.6,92.2,-123.9,5.2,22.1,0.992,0.006,0.002,0
32,C,0.942,C,52.7,-90.9,-3.3,95.7,52.8,10.7,16.5,0.986,0.008,0.006,0
33,G,0.917,C,30.6,88.0,7.5,97.6,-102.6,13.1,20.2,0.937,0.008,0.055,0
34,Y,0.929,C,33.9,-85.2,144.4,118.6,135.8,18.4,21.7,0.836,0.008,0.156,0
35,Q,0.960,E,23.3,-102.3,130.0,118.4,-140.9,20.1,26.6,0.195,0.007,0.798,0
36,I,0.975,E,3.9,-117.5,135.8,124.8,-166.4,25.9,24.8,0.217,0.006,0.776,0
37,C,0.979,C,11.6,-76.7,142.4,114.6,-113.1,21.6,25.5,0.617,0.036,0.347,0
38,R,0.984,H,62.7,-65.1,-34.8,94.5,-127.9,18.1,23.4,0.318,0.655,0.027,0
39,F,0.998,H,72.1,-66.4,-38.5,92.7,53.4,10.0,26.8,0.121,0.877,0.002,0
40,C,0.999,H,9.2,-67.4,-40.7,94.5,51.1,21.7,22.3,0.075,0.923,0.002,0
41,W,0.998,H,19.2,-63.8,-42.3,93.7,52.5,23.1,21.3,0.024,0.975,0.000,0
42,H,0.975,H,76.3,-65.7,-38.2,93.0,51.8,10.5,23.1,0.031,0.968,0.001,0
43,R,0.936,H,91.3,-69.1,-35.7,93.4,50.8,9.0,22.3,0.089,0.909,0.001,0
44,I,0.914,H,8.7,-69.8,-36.6,95.2,52.8,23.5,15.7,0.188,0.804,0.009,0
45,R,0.895,H,75.8,-71.4,-27.9,95.6,55.9,15.5,16.2,0.374,0.607,0.019,0
46,T,0.878,C,90.1,-88.5,-5.6,99.5,49.7,4.5,18.2,0.539,0.442,0.019,0
47,D,0.846,C,67.5,-100.4,123.1,115.5,78.1,9.5,13.1,0.758,0.216,0.026,0
48,E,0.792,C,124.3,-74.9,-13.2,99.1,-162.4,6.0,14.6,0.725,0.235,0.040,0
49,N,0.751,C,108.3,-85.1,10.6,99.2,47.7,3.8,16.8,0.795,0.178,0.027,0
50,G,0.737,C,29.0,81.1,6.4,101.6,-100.7,14.6,16.9,0.889,0.072,0.039,0
51,L,0.769,C,52.0,-93.4,137.2,118.5,146.3,11.2,22.8,0.805,0.026,0.169,0
52,C,0.800,C,10.7,-74.2,128.4,110.8,-110.3,23.0,16.3,0.956,0.014,0.029,0
53,P,0.797,C,45.4,-66.4,-30.8,91.6,-148.8,13.6,21.0,0.523,0.463,0.014,0
54,A,0.785,C,28.4,-68.4,-35.1,93.6,53.3,14.2,17.0,0.527,0.445,0.028,0
55,C,0.778,C,39.3,-96.4,-4.6,98.5,43.2,13.7,14.6,0.605,0.363,0.033,0
56,R,0.758,C,125.8,64.3,23.1,92.4,-119.0,10.1,17.3,0.963,0.017,0.020,0
57,K,0.737,C,99.6,-106.1,145.0,126.6,121.4,5.3,17.6,0.959,0.000,0.040,0
58,P,0.716,C,84.3,-67.5,143.7,114.4,-101.8,6.2,20.1,0.608,0.000,0.392,0
59,Y,0.719,C,47.0,-78.0,138.7,114.7,-113.8,20.3,11.0,0.976,0.000,0.024,0
60,P,0.711,C,50.9,-71.0,151.0,114.1,-104.7,9.4,16.1,0.992,0.000,0.008,0
61,E,0.725,C,155.5,-68.8,-24.4,93.4,-124.3,2.0,15.1,0.994,0.001,0.005,0
62,D,0.728,C,86.0,-104.5,119.6,116.3,69.5,4.4,15.3,0.987,0.001,0.012,0
63,P,0.709,C,66.0,-69.7,142.1,110.9,-119.9,11.4,16.2,0.929,0.020,0.051,0
64,A,0.717,C,25.8,-90.2,134.9,116.0,-120.1,19.1,14.2,0.826,0.020,0.154,0
65,V,0.723,C,74.6,-110.5,127.8,118.7,-158.4,7.6,22.2,0.751,0.020,0.229,0
66,Y,0.737,C,60.9,-97.6,131.5,117.5,-149.8,18.9,13.3,0.769,0.014,0.217,0
67,K,0.749,C,102.0,-116.1,132.1,121.8,-165.0,6.8,19.7,0.911,0.002,0.087,0
68,P,0.741,C,69.6,-69.9,143.7,113.8,-106.7,11.3,18.5,0.925,0.004,0.071,0
69,L,0.734,C,27.4,-80.1,142.4,115.8,-113.2,20.3,12.0,0.988,0.002,0.010,0
70,S,0.725,C,54.0,-80.1,162.9,122.1,-119.5,3.9,21.3,0.994,0.004,0.002,0
71,Q,0.730,H,120.5,-59.3,-36.9,91.3,-106.7,6.3,12.4,0.057,0.943,0.000,0
72,E,0.734,H,135.4,-64.9,-37.5,92.2,54.6,1.2,17.7,0.049,0.951,0.000,0
73,E,0.751,H,61.1,-66.6,-39.0,93.0,50.8,9.1,16.1,0.024,0.976,0.000,0
74,L,0.757,H,30.4,-63.9,-40.4,92.7,52.2,16.8,14.6,0.011,0.989,0.000,0
75,Q,0.761,H,100.9,-64.4,-39.4,92.6,52.6,4.0,19.6,0.013,0.987,0.000,0
76,R,0.756,H,121.8,-66.3,-39.1,92.4,49.9,3.4,20.4,0.021,0.979,0.000,0
77,I,0.756,H,30.2,-66.1,-41.1,93.7,50.6,15.7,16.0,0.027,0.973,0.000,0
78,K,0.739,H,94.5,-63.8,-40.0,93.1,52.2,9.6,18.8,0.026,0.974,0.000,0
79,N,0.731,H,92.9,-65.6,-39.2,92.5,50.2,2.6,20.8,0.034,0.966,0.000,0
80,E,0.725,H,69.0,-66.8,-39.6,93.3,50.5,8.2,18.3,0.036,0.964,0.000,0
81,K,0.695,H,77.2,-65.9,-39.0,93.8,51.9,11.5,16.5,0.046,0.954,0.000,0
82,K,0.689,H,110.6,-65.8,-38.4,93.2,51.2,4.5,18.3,0.071,0.928,0.000,0
83,Q,0.683,H,95.6,-66.6,-38.7,93.3,50.4,4.3,18.6,0.093,0.907,0.000,0
84,K,0.680,H,80.6,-66.5,-39.1,93.7,51.2,8.7,16.3,0.111,0.889,0.000,0
85,Q,0.683,H,85.4,-65.8,-38.8,93.6,51.6,7.1,17.1,0.117,0.883,0.000,0
86,N,0.695,H,87.7,-66.5,-38.1,93.5,51.1,4.1,17.6,0.145,0.854,0.000,0
87,E,0.713,H,102.0,-67.0,-38.2,93.4,51.0,4.3,16.9,0.146,0.853,0.001,0
88,R,0.726,H,104.2,-67.8,-36.2,93.8,51.3,8.1,14.8,0.173,0.826,0.001,0
89,K,0.731,H,109.1,-67.1,-36.1,94.0,52.8,5.9,15.3,0.207,0.791,0.002,0
90,Q,0.737,H,108.2,-69.1,-34.1,94.4,52.4,3.6,16.0,0.257,0.740,0.004,0
91,K,0.726,H,104.4,-72.2,-29.5,95.9,53.3,6.4,15.1,0.324,0.671,0.005,0
92,I,0.715,H,66.0,-82.3,-14.4,101.6,55.9,11.7,12.5,0.388,0.598,0.014,0
93,S,0.703,H,58.8,-78.7,-19.8,103.3,71.2,7.2,13.9,0.493,0.500,0.007,0
94,E,0.688,C,121.0,-76.1,-20.2,99.6,76.6,4.5,14.1,0.574,0.418,0.008,0
95,N,0.694,C,91.0,-89.4,24.6,103.7,47.4,6.3,14.8,0.735,0.258,0.007,0
96,R,0.706,C,102.6,-76.4,-6.8,100.6,113.8,12.3,11.6,0.624,0.364,0.012,0
97,K,0.727,C,122.7,-74.8,-22.2,99.3,80.7,5.3,16.0,0.549,0.436,0.015,0
98,H,0.751,C,92.6,-84.5,4.2,102.9,59.9,9.0,16.6,0.545,0.432,0.023,0
99,L,0.772,C,37.9,-80.2,-12.8,99.7,72.7,18.1,13.2,0.554,0.408,0.038,0
100,A,0.781,C,57.4,-68.7,-29.4,97.3,96.4,9.9,16.7,0.733,0.240,0.027,0
101,S,0.798,C,74.9,-88.4,6.4,98.9,45.7,4.1,19.4,0.859,0.116,0.025,0
102,V,0.815,C,30.1,-94.6,135.6,119.5,113.3,18.5,13.9,0.866,0.013,0.120,0
103,R,0.813,C,86.9,-100.7,127.7,116.6,-148.1,11.6,24.9,0.649,0.011,0.340,0
104,V,0.821,C,13.7,-96.1,127.2,116.5,-143.6,23.8,18.0,0.525,0.009,0.466,0
105,V,0.832,C,38.3,-108.3,123.9,117.3,-162.9,14.3,24.7,0.557,0.017,0.426,0
106,Q,0.848,C,33.8,-85.0,120.5,111.5,-137.9,20.9,20.3,0.733,0.023,0.244,0
107,K,0.855,C,71.2,-101.2,50.3,110.3,179.7,13.1,24.0,0.856,0.019,0.125,0
108,N,0.858,C,31.2,-100.2,29.5,106.1,53.0,19.3,23.3,0.816,0.022,0.162,0
109,L,0.884,E,16.1,-113.6,136.6,124.6,124.7,20.9,25.3,0.179,0.001,0.820,0
110,V,0.914,E,2.5,-116.1,130.5,123.0,-159.8,26.4,25.6,0.019,0.000,0.981,0
111,F,0.927,E,11.9,-111.2,129.0,120.6,-160.9,21.6,29.1,0.008,0.000,0.992,0
112,V,0.915,E,1.7,-112.1,124.5,119.5,-162.6,27.1,25.7,0.035,0.000,0.965,0
113,V,0.895,E,24.1,-122.1,142.0,127.4,-173.1,17.1,27.7,0.279,0.002,0.720,0
114,G,0.859,C,24.1,74.9,21.5,98.3,14.2,13.6,25.8,0.879,0.004,0.117,0
115,L,0.849,C,7.1,-89.4,140.4,119.2,146.5,25.2,16.8,0.952,0.001,0.048,0
116,S,0.844,C,29.1,-73.6,142.8,113.4,-109.1,12.6,24.1,0.986,0.006,0.008,0
117,Q,0.834,H,89.1,-65.0,-28.1,94.9,-119.7,13.1,17.7,0.485,0.513,0.002,0
118,R,0.823,C,144.4,-75.3,-17.2,94.3,60.7,4.0,21.2,0.499,0.495,0.006,0
119,L,0.836,H,29.0,-88.7,-3.3,101.7,61.8,19.2,15.3,0.473,0.516,0.010,0
120,A,0.847,C,25.4,-83.8,139.8,113.7,106.0,18.2,16.6,0.894,0.092,0.014,0
121,D,0.861,C,64.5,-85.7,120.9,110.8,-121.6,9.5,19.8,0.975,0.022,0.003,0
122,P,0.860,H,79.7,-62.1,-32.0,92.9,-138.7,10.2,14.8,0.113,0.887,0.000,0
123,E,0.861,H,118.0,-67.5,-31.8,92.7,57.4,3.3,19.3,0.083,0.915,0.002,0
124,V,0.862,H,26.5,-69.1,-36.4,94.4,51.7,16.5,16.1,0.073,0.925,0.002,0
125,L,0.859,H,18.2,-76.3,-23.0,96.7,53.4,22.4,15.6,0.238,0.757,0.005,0
126,K,0.855,C,112.2,-77.5,-18.8,97.0,62.2,7.7,19.4,0.615,0.372,0.013,0
127,R,0.850,C,101.8,-99.9,114.7,113.9,77.5,9.0,16.8,0.910,0.083,0.007,0
128,P,0.851,C,69.1,-65.4,-25.2,96.0,-149.2,13.1,15.5,0.555,0.440,0.005,0
129,E,0.854,H,114.8,-68.0,-28.4,94.5,62.4,4.7,20.2,0.446,0.544,0.010,0
130,Y,0.840,H,38.0,-71.1,-34.0,95.4,59.5,18.1,18.4,0.367,0.614,0.019,0
131,F,0.823,H,12.5,-82.5,-16.6,98.5,52.5,23.9,16.6,0.387,0.568,0.045,0
132,G,0.804,H,29.4,-62.0,-40.2,95.9,82.0,13.1,19.3,0.452,0.517,0.032,0
133,K,0.801,H,109.8,-75.3,-29.3,95.1,48.3,6.4,22.2,0.485,0.488,0.027,0
134,F,0.798,C,32.7,-102.0,-7.5,103.8,33.8,19.8,17.3,0.556,0.418,0.027,0
135,G,0.807,C,9.9,110.3,-174.7,129.3,-118.0,16.7,24.1,0.870,0.006,0.124,0
136,K,0.819,C,78.7,-87.2,130.8,115.0,-34.8,12.5,25.8,0.586,0.006,0.408,0
137,I,0.850,E,3.7,-78.8,125.8,111.7,-124.3,26.4,18.0,0.121,0.000,0.879,0
138,H,0.876,E,69.6,-95.1,-29.9,99.2,-178.6,10.1,24.9,0.078,0.000,0.922,0
139,K,0.879,E,39.7,-154.5,148.8,142.3,3.7,13.6,27.6,0.011,0.000,0.989,0
140,V,0.878,E,2.5,-128.0,135.3,128.5,-163.2,27.0,20.3,0.004,0.000,0.996,0
141,V,0.851,E,23.8,-114.5,128.4,121.0,-163.1,15.0,28.6,0.006,0.000,0.994,0
142,I,0.820,E,6.8,-110.1,125.4,119.5,-162.9,25.0,23.3,0.041,0.000,0.958,0
143,N,0.792,E,29.5,-97.6,123.3,114.9,-152.1,17.5,23.8,0.323,0.003,0.675,0
144,N,0.767,C,57.1,-95.2,40.2,105.6,-160.9,13.3,19.7,0.783,0.012,0.205,0
145,S,0.744,C,40.9,-93.1,121.3,112.3,137.6,11.9,16.8,0.892,0.021,0.087,0
146,T,0.743,C,81.8,-86.7,2.7,104.1,-158.3,8.2,16.8,0.850,0.108,0.042,0
147,S,0.740,C,64.5,-89.3,33.1,106.5,71.3,7.1,16.9,0.844,0.112,0.044,0
148,Y,0.719,C,89.4,-87.1,10.4,104.0,99.0,14.1,14.2,0.780,0.136,0.084,0
149,A,0.704,C,64.0,-82.1,36.9,104.5,98.2,8.5,15.2,0.864,0.090,0.045,0
150,G,0.674,C,48.9,78.6,-4.4,104.7,-28.6,5.0,15.8,0.876,0.083,0.041,0
151,S,0.652,C,54.7,-91.2,114.5,111.2,127.1,10.6,14.6,0.849,0.072,0.079,0
152,Q,0.647,C,101.4,-90.7,19.5,104.0,-167.5,8.0,18.4,0.878,0.038,0.084,0
153,G,0.658,C,21.1,141.9,-179.5,129.2,-135.7,12.2,19.5,0.886,0.012,0.102,0
154,P,0.677,C,28.4,-76.8,140.5,112.0,-48.9,19.4,21.8,0.909,0.015,0.076,0
155,S,0.704,C,27.8,-98.3,77.2,110.5,-160.9,16.7,25.6,0.785,0.011,0.204,0
156,A,0.722,E,5.7,-132.0,149.4,131.2,179.3,24.1,24.8,0.466,0.004,0.531,0
157,S,0.756,E,4.2,-134.2,149.1,133.3,-172.7,23.4,28.8,0.116,0.000,0.884,0
158,A,0.791,E,1.1,-132.5,143.3,132.0,-159.9,27.0,28.7,0.020,0.000,0.980,0
159,Y,0.832,E,6.2,-116.2,131.9,122.9,-158.5,24.6,29.4,0.003,0.000,0.997,0
160,V,0.873,E,1.8,-113.6,127.0,120.9,-161.8,26.9,26.8,0.002,0.000,0.998,0
161,T,0.896,E,16.5,-109.7,128.6,119.9,-159.7,18.1,28.4,0.019,0.000,0.981,0
162,Y,0.902,E,10.8,-117.2,137.5,125.5,-168.4,24.4,21.2,0.281,0.001,0.719,0
163,I,0.886,C,64.8,-83.3,-22.9,97.9,-156.2,12.4,24.5,0.983,0.000,0.016,0
164,R,0.875,C,91.7,-137.1,147.2,134.7,22.4,7.2,25.4,0.997,0.001,0.003,0
165,S,0.880,H,47.4,-59.0,-37.3,91.8,-116.9,16.2,16.0,0.023,0.977,0.000,0
166,E,0.880,H,120.1,-63.7,-38.4,91.2,54.9,2.7,23.2,0.005,0.995,0.000,0
167,D,0.878,H,27.1,-66.6,-40.1,93.4,50.8,15.0,19.9,0.002,0.998,0.000,0
168,A,0.867,H,3.0,-63.0,-43.0,93.0,52.5,25.8,18.5,0.000,1.000,0.000,0
169,L,0.874,H,48.2,-62.8,-41.2,92.1,52.6,14.1,24.7,0.001,0.999,0.000,0
170,R,0.882,H,99.4,-64.6,-40.3,91.8,50.8,6.5,28.5,0.001,0.999,0.000,0
171,A,0.901,H,1.9,-64.7,-44.2,93.6,50.3,24.9,23.0,0.001,0.999,0.000,0
172,I,0.919,H,2.5,-64.9,-42.6,93.9,51.2,26.8,25.0,0.001,0.999,0.000,0
173,Q,0.942,H,80.9,-66.3,-36.1,92.2,53.1,10.3,26.6,0.008,0.992,0.000,0
174,C,0.937,H,28.3,-81.4,-20.2,96.0,49.7,17.1,24.9,0.080,0.920,0.000,0
175,V,0.919,H,2.5,-89.7,-6.7,101.0,52.7,26.0,21.3,0.426,0.572,0.003,0
176,N,0.901,C,27.5,-77.0,109.8,108.4,112.0,20.5,23.4,0.879,0.087,0.033,0
177,N,0.890,C,74.8,70.5,20.2,96.1,1.2,10.2,24.1,0.983,0.007,0.010,0
178,V,0.896,C,13.8,-104.7,143.4,125.4,130.3,22.2,16.6,0.905,0.001,0.094,0
179,V,0.908,E,62.4,-99.0,126.6,115.9,-138.1,8.6,26.7,0.083,0.000,0.916,0
180,V,0.914,E,6.4,-123.7,123.8,122.0,-171.7,24.7,12.8,0.061,0.000,0.939,0
181,D,0.905,C,93.6,55.8,40.1,92.7,-12.5,5.9,18.5,0.999,0.001,0.001,0
182,G,0.879,C,57.6,81.9,2.8,93.3,-47.9,2.5,16.8,0.999,0.000,0.000,0
183,R,0.858,E,82.5,-108.4,142.1,126.7,113.0,12.2,16.0,0.038,0.000,0.962,0
184,T,0.852,E,42.3,-79.9,131.8,113.5,-124.2,13.7,25.0,0.017,0.000,0.983,0
185,L,0.852,E,3.3,-111.4,133.0,122.5,-159.3,26.4,19.2,0.041,0.000,0.959,0
186,K,0.850,E,38.4,-109.5,130.0,120.1,-153.0,14.8,28.9,0.027,0.000,0.973,0
187,A,0.837,E,0.8,-127.5,141.3,130.6,-168.2,28.1,24.3,0.028,0.000,0.972,0
188,S,0.802,E,9.2,-127.0,143.0,129.6,-171.4,20.2,29.1,0.063,0.002,0.935,0
189,L,0.777,E,9.1,-102.5,129.4,118.2,-141.6,23.9,27.0,0.252,0.013,0.735,0
190,G,0.781,C,7.2,-114.5,149.8,123.6,-166.5,22.5,24.7,0.572,0.020,0.408,0
191,T,0.809,C,29.9,-112.4,142.2,121.9,-145.4,17.7,25.3,0.735,0.066,0.199,0
192,T,0.839,C,35.6,-91.1,69.0,109.1,-136.9,17.6,22.2,0.790,0.161,0.050,0
193,K,0.875,C,62.7,-94.1,52.4,109.0,126.9,14.2,22.3,0.729,0.214,0.058,0
194,Y,0.904,C,57.1,-96.4,83.3,110.4,120.2,16.3,22.4,0.714,0.243,0.043,0
195,C,0.942,C,21.1,-89.8,61.3,107.1,91.2,21.1,20.5,0.685,0.291,0.024,0
196,S,0.955,H,21.7,-80.2,-15.0,102.3,134.5,19.0,21.6,0.330,0.661,0.009,0
197,Y,0.956,H,69.3,-69.0,-31.3,95.9,80.9,14.7,22.9,0.170,0.825,0.005,0
198,F,0.928,H,39.3,-69.7,-31.9,95.5,59.8,17.8,23.8,0.163,0.820,0.016,0
199,L,0.913,H,5.1,-93.1,0.3,100.5,49.2,24.7,19.4,0.287,0.641,0.072,0
200,K,0.880,C,71.8,-76.3,131.3,113.1,132.1,14.5,21.2,0.916,0.054,0.030,0
201,N,0.838,C,88.6,71.7,22.5,95.5,9.3,7.1,22.7,0.981,0.016,0.002,0
202,M,0.823,C,47.6,-105.7,142.2,124.5,121.8,15.8,17.1,0.958,0.003,0.039,0
203,Q,0.810,C,97.6,-81.5,131.2,113.0,-119.1,7.0,25.0,0.810,0.002,0.187,0
204,C,0.817,C,10.6,-83.0,134.0,115.4,-128.3,24.1,12.3,0.978,0.000,0.022,0
205,P,0.801,C,81.6,-84.2,-10.6,98.0,-153.6,7.3,22.3,0.992,0.003,0.005,0
206,K,0.807,C,69.1,-104.6,105.4,111.9,71.7,12.7,15.7,0.985,0.004,0.011,0
207,P,0.822,C,71.1,-69.1,-24.2,96.0,-166.1,10.5,18.3,0.892,0.106,0.003,0
208,D,0.840,C,70.0,-86.4,1.0,97.2,60.3,8.9,21.6,0.852,0.141,0.007,0
209,C,0.843,C,11.7,-88.3,125.6,113.1,101.3,23.3,17.7,0.689,0.244,0.066,0
210,M,0.849,C,26.3,-90.7,13.6,106.6,-166.8,21.2,25.7,0.510,0.300,0.190,0
211,Y,0.835,C,26.3,-95.0,43.7,107.9,94.4,21.8,26.0,0.379,0.321,0.300,0
212,L,0.835,E,7.4,-91.2,94.5,109.6,136.0,24.9,24.0,0.380,0.224,0.396,0
213,H,0.830,C,21.3,-103.6,121.9,114.9,107.1,22.3,23.7,0.489,0.170,0.340,0
214,E,0.814,C,53.1,-98.7,132.8,116.4,-144.9,14.3,26.3,0.587,0.115,0.298,0
215,L,0.786,C,39.9,-73.2,131.4,110.6,-111.9,20.4,19.6,0.797,0.051,0.152,0
216,G,0.767,C,28.3,88.8,-6.3,105.8,26.8,12.8,19.6,0.949,0.015,0.036,0
217,D,0.760,C,63.1,-97.7,131.1,117.4,94.8,10.2,19.3,0.964,0.012,0.024,0
218,E,0.743,H,114.7,-63.5,-28.0,93.4,-131.7,8.7,15.4,0.443,0.556,0.002,0
219,A,0.734,H,69.8,-71.5,-19.8,93.2,63.1,5.1,19.3,0.461,0.536,0.003,0
220,A,0.727,C,22.9,-86.8,-8.7,98.9,59.0,17.4,16.4,0.506,0.484,0.010,0
221,S,0.736,C,20.9,-92.2,138.3,114.5,99.3,15.4,19.6,0.644,0.158,0.198,0
222,F,0.754,E,28.3,-114.2,144.0,123.9,-179.8,20.6,17.1,0.437,0.012,0.551,0
223,T,0.757,C,52.3,-84.0,157.9,120.5,-128.9,8.1,22.5,0.856,0.011,0.132,0
224,K,0.753,H,108.7,-62.2,-35.2,93.9,-106.8,10.9,15.2,0.028,0.972,0.000,0
225,E,0.746,H,121.9,-66.2,-36.9,93.0,54.1,2.6,19.3,0.014,0.986,0.000,0
226,E,0.726,H,57.1,-68.1,-37.2,93.7,51.0,11.5,16.7,0.009,0.991,0.000,0
227,M,0.697,H,43.1,-66.3,-38.6,94.0,52.9,15.9,16.3,0.023,0.977,0.000,0
228,Q,0.679,H,91.8,-66.9,-37.7,94.0,52.6,6.9,20.2,0.083,0.916,0.000,0
229,A,0.675,H,43.7,-67.1,-38.3,94.0,52.1,8.6,19.4,0.128,0.872,0.000,0
230,G,0.674,H,19.8,-66.5,-38.3,95.0,53.2,13.8,17.4,0.222,0.778,0.000,0
231,K,0.706,H,100.4,-67.8,-35.8,95.3,57.7,7.9,20.2,0.246,0.754,0.000,0
232,H,0.741,H,50.3,-69.8,-35.0,95.4,52.4,13.4,18.3,0.264,0.735,0.001,0
233,Q,0.775,H,66.4,-65.0,-38.1,94.1,62.4,13.5,17.5,0.094,0.906,0.000,0
234,E,0.811,H,103.2,-66.2,-38.5,93.5,52.2,4.8,21.3,0.051,0.949,0.000,0
235,Y,0.830,H,74.5,-67.5,-38.9,94.0,50.7,10.0,19.1,0.042,0.958,0.000,0
236,E,0.847,H,34.5,-65.9,-40.2,94.1,51.9,18.1,17.2,0.022,0.978,0.000,0
237,Q,0.843,H,79.5,-64.5,-39.7,93.3,52.5,10.3,20.5,0.013,0.987,0.000,0
238,K,0.842,H,108.5,-65.6,-39.7,92.5,50.0,3.6,22.7,0.016,0.984,0.000,0
239,L,0.855,H,30.5,-66.7,-41.0,93.7,49.9,14.2,18.6,0.014,0.986,0.000,0
240,L,0.873,H,30.4,-65.1,-40.4,93.7,51.3,17.7,17.7,0.011,0.989,0.000,0
241,Q,0.870,H,95.8,-65.3,-39.0,93.0,51.3,5.2,21.3,0.014,0.986,0.000,0
242,E,0.858,H,95.2,-67.3,-38.3,93.1,50.0,5.1,20.5,0.023,0.977,0.000,0
243,L,0.857,H,28.5,-68.9,-38.2,94.3,49.3,16.2,15.8,0.048,0.952,0.000,0
244,Y,0.851,H,72.6,-69.4,-34.1,94.7,51.7,14.0,16.3,0.155,0.844,0.001,0
245,K,0.835,H,128.7,-69.6,-29.0,94.0,53.4,3.3,18.6,0.386,0.612,0.002,0
246,L,0.807,C,76.4,-77.9,-21.0,98.0,55.7,9.2,14.6,0.615,0.383,0.002,0
247,N,0.798,C,66.8,-101.8,94.9,110.1,49.8,11.4,13.1,0.970,0.025,0.005,0
248,P,0.782,C,83.5,-70.1,-18.9,97.7,-174.3,7.6,14.4,0.856,0.143,0.002,0
249,N,0.773,C,90.1,-88.6,16.9,103.4,63.6,6.5,16.7,0.792,0.205,0.003,0
250,F,0.777,H,57.7,-79.7,-0.4,104.7,108.2,15.0,12.1,0.403,0.585,0.012,0
251,L,0.772,H,80.8,-88.4,97.0,109.1,152.5,10.3,15.1,0.414,0.568,0.018,0
252,Q,0.755,C,101.6,-91.8,101.5,109.7,167.5,7.0,16.3,0.495,0.484,0.021,0
253,L,0.739,C,69.6,-92.4,122.7,113.0,179.9,12.9,12.2,0.683,0.256,0.061,0
254,S,0.725,C,48.1,-86.3,143.2,115.1,-135.3,10.9,14.0,0.853,0.121,0.026,0
255,T,0.710,C,95.0,-82.6,52.6,105.7,-125.8,5.1,14.9,0.797,0.173,0.030,0
256,G,0.686,C,48.1,20.7,1.3,103.1,21.2,5.4,14.4,0.862,0.124,0.015,0
257,S,0.698,C,61.5,-87.0,51.1,107.2,99.4,7.4,13.5,0.803,0.139,0.058,0
258,V,0.711,C,70.2,-74.6,-23.5,99.4,94.0,11.8,11.6,0.738,0.150,0.113,0
259,D,0.728,C,96.4,-77.2,-16.8,99.5,66.0,4.3,13.6,0.822,0.111,0.068,0
260,K,0.711,C,123.2,-77.5,-18.0,99.9,67.8,5.0,13.0,0.817,0.128,0.055,0
261,N,0.683,C,90.9,-81.1,-1.5,102.3,75.0,7.2,10.5,0.822,0.130,0.049,0
262,K,0.678,C,120.9,-74.3,-20.3,98.7,81.6,6.1,11.8,0.836,0.138,0.026,0
263,N,0.686,C,107.3,-81.7,-1.6,100.9,65.1,4.0,12.3,0.867,0.106,0.027,0
264,K,0.704,C,126.2,-86.2,28.5,105.1,80.3,5.1,12.0,0.917,0.039,0.044,0
265,V,0.724,C,82.3,-96.5,131.3,116.4,124.6,8.0,10.8,0.924,0.007,0.069,0
266,T,0.728,C,78.2,-93.7,133.4,116.4,-138.0,7.0,13.7,0.971,0.004,0.026,0
267,P,0.721,C,74.4,-72.0,147.9,111.4,-109.0,8.9,12.3,0.940,0.042,0.018,0
268,L,0.714,C,110.4,-79.8,69.7,105.7,-118.8,6.0,11.8,0.928,0.040,0.032,0
269,Q,0.692,C,118.4,-94.1,135.1,116.5,163.9,4.8,9.7,0.954,0.010,0.037,0
270,S,0.684,C,66.1,-96.3,140.2,119.0,-130.9,6.3,14.8,0.965,0.002,0.034,0
271,P,0.673,C,66.5,-70.4,145.2,111.1,-98.8,11.8,12.5,0.963,0.021,0.016,0
272,I,0.689,C,95.9,-87.0,122.4,110.1,-133.9,8.6,13.7,0.912,0.037,0.051,0
273,D,0.688,C,106.4,-85.5,97.5,107.6,-119.0,4.3,14.0,0.941,0.022,0.037,0
274,K,0.672,C,109.1,-96.9,135.7,117.9,-164.4,8.1,11.6,0.961,0.005,0.033,0
275,P,0.656,C,71.2,-67.4,150.2,112.3,-102.1,7.3,13.5,0.980,0.010,0.010,0
276,S,0.652,C,76.4,-67.6,-25.6,97.3,-118.0,5.5,12.9,0.812,0.182,0.006,0
277,D,0.653,C,112.2,-81.2,-5.5,99.6,52.8,2.3,13.6,0.743,0.242,0.015,0
278,S,0.639,C,56.8,-85.9,84.4,108.1,88.7,7.9,11.4,0.718,0.251,0.031,0
279,L,0.621,C,78.5,-76.9,-18.7,100.0,131.8,11.3,12.4,0.719,0.235,0.046,0
280,S,0.597,C,60.5,-84.4,38.6,106.3,89.2,8.1,13.6,0.757,0.170,0.073,0
281,I,0.573,C,91.6,-86.6,30.4,106.3,113.5,8.9,12.7,0.784,0.157,0.059,0
282,G,0.534,C,39.4,-75.2,167.3,110.1,-19.9,8.2,15.5,0.841,0.110,0.049,0
283,N,0.529,C,87.9,-86.6,49.1,104.9,-123.4,8.2,14.8,0.853,0.100,0.046,0
284,G,0.538,C,39.7,35.3,-19.9,103.6,-96.3,9.1,14.1,0.841,0.117,0.042,0
285,D,0.559,C,104.0,-77.3,-17.4,99.9,66.9,3.1,14.7,0.773,0.187,0.039,0
286,N,0.574,C,70.4,-84.6,-1.6,100.9,70.8,10.4,12.1,0.768,0.200,0.031,0
287,S,0.582,C,62.2,-71.0,-24.8,97.0,89.8,8.4,11.3,0.739,0.226,0.035,0
288,Q,0.589,C,127.2,-74.5,-23.0,96.9,60.7,2.5,13.4,0.781,0.188,0.032,0
289,Q,0.588,C,109.2,-83.7,-9.0,100.0,56.6,4.7,12.1,0.833,0.120,0.047,0
290,I,0.592,C,85.2,-86.4,46.2,106.2,82.5,9.6,8.9,0.878,0.061,0.061,0
291,S,0.569,C,77.3,-85.9,69.1,107.0,107.7,4.2,11.6,0.900,0.057,0.042,0
292,N,0.556,C,110.2,-83.8,8.6,103.0,178.5,4.8,10.9,0.898,0.074,0.028,0
293,S,0.550,C,81.4,-83.9,4.4,103.2,95.6,3.6,10.0,0.890,0.070,0.041,0
294,D,0.542,C,105.9,-86.3,30.7,104.2,84.7,3.7,10.6,0.962,0.018,0.019,0
295,T,0.544,C,86.9,-94.3,135.2,117.4,129.2,4.5,10.9,0.957,0.001,0.041,0
296,P,0.515,C,85.6,-71.5,146.2,112.9,-104.0,7.0,11.8,0.978,0.001,0.021,0
297,S,0.509,C,61.7,-76.9,145.9,115.1,-106.3,8.7,11.7,0.975,0.000,0.024,0
298,P,0.494,C,73.4,-70.0,152.0,113.8,-100.1,8.4,11.7,0.993,0.000,0.007,0
299,P,0.505,C,80.6,-67.2,151.4,113.2,-98.5,5.8,12.2,0.994,0.003,0.004,0
300,P,0.512,C,95.0,-66.1,138.9,106.1,-98.6,4.9,13.0,0.950,0.044,0.005,0
301,G,0.510,C,56.2,57.6,-5.1,101.0,10.9,2.8,12.9,0.869,0.099,0.032,0
302,L,0.527,C,99.6,-84.3,1.0,102.0,69.9,6.4,8.7,0.828,0.129,0.044,0
303,S,0.543,C,75.7,-81.4,-1.0,103.0,79.4,4.0,11.1,0.851,0.102,0.047,0
304,K,0.567,C,133.7,-84.9,29.4,105.5,92.2,4.2,10.0,0.914,0.045,0.041,0
305,S,0.566,C,79.1,-88.3,122.6,111.0,-157.1,4.2,10.2,0.944,0.017,0.039,0
306,N,0.595,C,98.2,-91.2,120.9,112.9,-126.1,5.9,11.2,0.963,0.012,0.025,0
307,P,0.609,C,96.4,-67.4,-13.6,100.1,-137.5,5.2,10.0,0.957,0.027,0.016,0
308,V,0.638,C,115.2,-87.3,39.0,105.7,78.9,2.4,10.3,0.922,0.014,0.064,0
309,I,0.653,C,76.7,-93.6,128.0,115.8,146.7,10.9,9.3,0.946,0.002,0.052,0
310,P,0.631,C,77.4,-68.8,144.7,110.6,-105.9,6.6,14.9,0.983,0.009,0.008,0
311,I,0.619,C,103.7,-81.2,16.8,104.8,-135.4,8.0,11.9,0.881,0.067,0.051,0
312,S,0.590,C,65.1,-95.0,126.6,112.4,134.7,6.2,13.7,0.864,0.069,0.067,1
313,S,0.561,C,70.8,-73.5,-18.8,99.9,-136.7,7.0,12.2,0.791,0.159,0.050,0
314,S,0.560,C,77.5,-76.7,-16.2,99.5,67.2,3.9,12.5,0.814,0.149,0.038,1
315,N,0.571,C,100.2,-85.2,6.9,100.9,50.7,4.9,13.2,0.829,0.142,0.029,0
316,H,0.579,C,94.5,-77.3,-16.0,100.2,85.5,10.2,10.7,0.771,0.176,0.053,0
317,S,0.586,C,78.0,-75.8,-17.5,98.0,69.2,3.8,13.5,0.753,0.170,0.077,0
318,A,0.591,C,70.4,-80.2,-10.9,101.6,70.5,4.6,13.0,0.766,0.124,0.110,0
319,R,0.596,C,113.3,-87.0,49.6,106.3,82.2,9.6,12.5,0.860,0.036,0.104,0
320,S,0.614,C,46.8,-89.7,134.9,114.7,140.6,10.1,14.3,0.876,0.028,0.096,0
321,P,0.618,C,69.9,-67.8,-24.5,97.8,-122.4,9.5,15.9,0.773,0.201,0.026,0
322,F,0.625,C,63.0,-77.4,-19.9,97.7,58.7,15.2,12.2,0.719,0.216,0.065,0
323,E,0.622,C,106.8,-76.7,-14.9,100.7,65.8,7.2,14.8,0.722,0.209,0.069,0
324,G,0.618,C,46.9,62.7,-14.1,103.1,26.4,4.7,16.5,0.817,0.146,0.037,0
325,A,0.644,C,51.3,-71.3,-28.1,98.3,71.2,9.1,13.4,0.768,0.180,0.052,0
326,V,0.673,C,61.8,-73.6,-26.4,98.4,65.6,12.9,12.5,0.673,0.249,0.079,0
327,T,0.695,C,83.0,-74.5,-24.0,98.7,63.1,5.8,15.1,0.681,0.261,0.058,0
328,E,0.696,C,115.4,-76.7,-16.9,99.3,60.1,5.2,14.7,0.676,0.263,0.061,0
329,S,0.680,C,50.7,-78.1,-15.3,100.1,67.2,10.8,12.7,0.694,0.223,0.083,0
330,Q,0.664,C,97.7,-72.4,-22.3,98.2,77.3,9.3,13.3,0.737,0.211,0.052,0
331,S,0.663,C,66.3,-69.0,-27.1,96.8,73.2,5.8,15.3,0.758,0.171,0.071,0
332,L,0.660,C,76.5,-74.5,-24.5,96.7,57.4,10.1,14.4,0.855,0.113,0.033,0
333,F,0.671,C,75.4,-82.2,-10.8,100.0,59.4,13.7,12.6,0.845,0.092,0.063,0
334,S,0.671,C,67.0,-81.5,-6.6,101.7,70.3,6.7,14.3,0.861,0.084,0.054,0
335,D,0.660,C,94.6,-83.8,10.7,102.9,67.1,5.6,13.7,0.903,0.071,0.026,0
336,N,0.643,C,93.2,-87.8,44.9,105.0,84.6,6.8,13.3,0.907,0.067,0.026,0
337,F,0.643,C,106.0,-84.9,25.0,104.6,110.9,10.2,11.7,0.873,0.067,0.060,0
338,R,0.643,C,144.1,-84.8,8.4,104.2,99.3,5.1,12.7,0.932,0.012,0.056,0
339,H,0.644,C,101.1,-100.6,127.5,116.7,111.2,7.5,13.1,0.955,0.003,0.042,0
340,P,0.616,C,90.9,-68.4,-17.1,98.1,-132.3,5.9,13.0,0.974,0.009,0.017,0
341,N,0.599,C,76.9,-96.5,115.4,113.2,80.6,8.5,12.2,0.970,0.003,0.027,0
342,P,0.587,C,77.9,-68.3,145.4,111.3,-112.1,7.2,14.9,0.967,0.003,0.030,0
343,I,0.581,C,77.8,-77.4,140.1,114.0,-109.2,12.2,12.7,0.964,0.002,0.034,0
344,P,0.555,C,64.2,-67.2,150.6,112.0,-100.6,10.5,12.7,0.979,0.011,0.010,0
345,S,0.539,C,81.2,-75.3,130.1,107.9,-102.4,4.7,13.6,0.957,0.024,0.019,0
346,G,0.524,C,57.3,77.1,-1.6,102.5,9.3,2.3,14.2,0.971,0.010,0.019,0
347,L,0.530,C,79.1,-92.1,135.1,117.7,128.0,9.3,9.6,0.977,0.000,0.023,0
348,P,0.532,C,77.1,-68.5,151.0,113.3,-101.9,5.9,14.6,0.991,0.000,0.009,0
349,P,0.544,C,92.4,-69.9,144.5,110.9,-97.8,5.3,15.1,0.987,0.001,0.012,0
350,F,0.541,C,87.9,-87.8,132.4,114.4,-119.9,13.1,11.3,0.980,0.000,0.020,0
351,P,0.535,C,65.8,-69.9,148.9,109.0,-103.9,10.4,13.0,0.993,0.001,0.005,0
352,S,0.522,C,92.9,-76.5,-14.6,97.8,-124.8,2.2,14.3,0.986,0.003,0.011,0
353,S,0.506,C,61.8,-109.1,134.2,121.1,65.8,5.1,14.2,0.976,0.001,0.023,0
354,P,0.510,C,81.8,-68.1,142.9,106.6,-102.9,8.4,12.0,0.988,0.003,0.009,0
355,Q,0.525,C,122.2,-85.9,83.6,107.3,-124.4,5.0,13.6,0.968,0.002,0.030,0
356,T,0.544,C,79.1,-100.1,129.6,117.0,179.8,6.2,13.6,0.968,0.001,0.031,0
357,P,0.557,C,86.0,-68.2,2.5,101.9,-117.0,7.6,12.6,0.975,0.013,0.011,0
358,S,0.580,C,77.4,-82.5,0.1,103.2,100.6,4.8,13.0,0.964,0.022,0.014,0
359,D,0.598,C,96.1,-88.3,39.5,105.3,85.7,4.8,14.2,0.956,0.026,0.018,0
360,W,0.618,C,90.8,-92.0,123.4,113.4,133.1,14.1,11.2,0.937,0.016,0.047,0
361,P,0.642,C,73.2,-69.6,32.9,103.4,-123.4,9.2,15.8,0.972,0.011,0.016,0
362,T,0.649,C,80.5,-92.7,110.8,111.0,145.3,6.8,17.5,0.935,0.009,0.055,0
363,A,0.658,C,28.1,-81.7,142.4,117.1,-124.9,18.3,12.0,0.961,0.001,0.038,0
364,P,0.665,C,63.7,-68.4,151.8,112.2,-104.1,8.5,17.3,0.980,0.003,0.017,0
365,E,0.682,C,122.5,-78.3,133.7,112.3,-95.5,5.9,18.3,0.967,0.006,0.026,0
366,P,0.694,C,63.1,-69.2,134.6,106.5,-107.9,14.4,13.1,0.934,0.054,0.012,0
367,Q,0.700,C,98.1,-79.1,94.7,106.8,-124.3,9.2,16.0,0.885,0.085,0.030,0
368,S,0.697,C,56.1,-84.7,91.4,107.9,-143.7,10.1,16.6,0.877,0.078,0.044,0
369,L,0.700,C,70.0,-76.3,-14.9,98.4,-155.6,13.2,14.4,0.895,0.079,0.026,0
370,F,0.712,C,96.3,-91.0,21.3,104.7,65.3,11.1,13.9,0.875,0.085,0.040,0
371,T,0.718,C,76.5,-94.0,103.0,110.6,102.8,7.0,13.5,0.848,0.108,0.045,0
372,S,0.709,C,79.1,-83.5,-2.5,102.6,-167.7,5.1,12.2,0.818,0.153,0.029,0
373,E,0.704,C,131.6,-82.9,2.0,102.8,86.2,4.3,12.3,0.834,0.136,0.030,0
374,T,0.714,C,81.9,-91.7,69.9,108.3,86.3,6.2,13.8,0.804,0.075,0.121,0
375,I,0.726,C,38.0,-94.1,129.2,116.3,156.8,19.0,12.3,0.870,0.009,0.121,0
376,P,0.728,C,59.6,-74.4,137.4,110.4,-119.2,10.7,19.9,0.927,0.014,0.059,0
377,V,0.715,C,47.4,-97.7,130.3,117.0,-146.5,17.5,16.3,0.812,0.045,0.142,0
378,S,0.693,C,35.6,-111.0,152.8,123.8,-170.9,12.9,18.7,0.851,0.036,0.114,0
379,S,0.688,C,49.3,-84.0,-2.1,102.9,-139.8,12.2,17.5,0.833,0.117,0.050,0
380,S,0.690,C,63.0,-78.0,-11.6,100.0,105.2,9.7,16.8,0.821,0.150,0.028,0
381,T,0.733,C,72.1,-78.7,-16.4,100.1,66.9,9.3,18.1,0.778,0.183,0.038,0
382,D,0.766,C,53.5,-79.7,-9.2,103.2,75.5,11.7,17.8,0.753,0.225,0.022,0
383,W,0.774,C,59.6,-67.9,-33.1,95.1,76.5,18.2,17.5,0.589,0.360,0.052,0
384,Q,0.768,C,48.1,-67.0,-33.5,93.9,57.8,17.4,19.5,0.505,0.418,0.077,0
385,A,0.766,C,32.3,-66.9,-36.4,94.2,54.0,13.6,21.4,0.507,0.388,0.105,0
386,A,0.758,C,25.6,-70.7,-32.2,94.8,54.2,16.7,22.2,0.560,0.297,0.143,0
387,F,0.738,C,18.9,-90.4,-5.5,101.4,48.8,22.7,20.5,0.596,0.209,0.195,0
388,G,0.709,C,21.7,97.5,31.7,111.2,-121.1,15.3,23.1,0.758,0.053,0.189,0
389,F,0.686,C,36.9,-98.9,127.4,115.2,178.5,20.2,18.6,0.709,0.064,0.227,0
390,G,0.659,C,23.4,-140.7,173.5,116.8,167.4,13.6,19.7,0.801,0.043,0.156,0
391,S,0.655,C,58.6,-91.2,68.9,108.4,-119.1,10.2,18.1,0.797,0.075,0.128,0
392,S,0.645,C,61.8,-84.9,31.6,105.5,178.7,10.1,14.9,0.850,0.058,0.092,0
393,K,0.647,C,129.5,-89.4,44.6,106.3,101.6,5.4,15.6,0.894,0.023,0.083,0
394,Q,0.657,C,73.4,-95.7,128.7,116.1,147.0,12.7,13.7,0.943,0.006,0.051,0
395,P,0.671,C,66.3,-75.6,135.0,109.2,-120.2,10.1,16.4,0.918,0.052,0.029,0
396,E,0.703,C,104.1,-77.4,-0.3,102.1,-137.9,9.8,15.3,0.807,0.176,0.017,0
397,D,0.725,C,75.0,-87.2,42.2,104.9,96.4,9.9,16.2,0.757,0.225,0.018,0
398,D,0.721,C,66.7,-84.5,51.4,104.3,135.4,10.7,17.1,0.716,0.262,0.023,0
399,L,0.710,C,54.0,-81.0,-9.6,99.4,141.3,15.5,14.9,0.763,0.215,0.022,0
400,G,0.715,C,38.5,74.9,2.3,102.9,-88.4,9.8,18.5,0.882,0.055,0.063,0
401,F,0.747,C,55.1,-87.6,70.5,108.0,107.5,16.0,15.1,0.874,0.029,0.097,0
402,D,0.790,C,61.3,-94.0,101.4,109.1,130.8,10.7,18.6,0.959,0.008,0.033,0
403,P,0.812,C,37.7,-70.8,-22.9,96.9,-160.6,17.4,16.3,0.799,0.192,0.009,0
404,F,0.831,C,72.7,-70.6,-25.6,95.3,63.6,14.4,16.9,0.584,0.410,0.006,0
405,D,0.848,H,86.5,-72.6,-27.9,96.6,58.6,5.6,19.2,0.320,0.679,0.001,0
406,V,0.847,H,50.7,-67.9,-36.6,94.9,58.6,10.4,18.7,0.154,0.844,0.002,0
407,T,0.841,H,25.0,-67.2,-39.5,94.9,53.6,18.1,17.0,0.108,0.890,0.002,0
408,R,0.830,H,101.8,-64.4,-39.5,93.9,54.9,11.3,20.1,0.023,0.977,0.000,0
409,K,0.829,H,101.6,-66.0,-39.3,93.4,50.4,5.5,22.4,0.010,0.990,0.000,0
410,A,0.836,H,22.9,-65.9,-41.6,93.9,50.6,12.6,19.5,0.006,0.994,0.000,0
411,L,0.835,H,18.9,-65.0,-41.7,94.0,50.9,20.2,18.7,0.004,0.996,0.000,0
412,A,0.850,H,31.3,-64.2,-41.0,93.3,51.9,11.3,21.0,0.003,0.997,0.000,0
413,D,0.851,H,70.2,-66.2,-39.7,93.1,50.1,5.2,22.5,0.005,0.995,0.000,0
414,L,0.840,H,32.2,-66.8,-41.1,93.7,49.8,13.7,18.6,0.008,0.992,0.000,0
415,I,0.830,H,36.4,-65.8,-40.1,93.9,51.1,15.7,17.4,0.015,0.985,0.000,0
416,E,0.821,H,99.7,-66.4,-38.3,93.5,51.4,5.3,19.0,0.036,0.964,0.000,0
417,K,0.812,H,115.2,-67.8,-36.8,92.7,50.0,3.2,18.1,0.087,0.913,0.000,0
418,E,0.795,H,59.6,-70.0,-34.2,94.4,51.2,12.0,13.6,0.178,0.821,0.001,0
419,L,0.783,H,78.4,-69.1,-32.2,94.7,53.4,9.9,14.4,0.262,0.736,0.002,0
420,S,0.765,H,78.9,-74.4,-22.1,95.5,53.0,2.6,15.4,0.442,0.554,0.004,0
421,V,0.752,C,80.5,-84.9,-5.0,101.3,60.0,7.9,11.3,0.577,0.415,0.007,0
422,Q,0.743,C,110.1,-80.3,-1.3,102.3,80.3,6.7,10.9,0.756,0.233,0.011,0
423,D,0.738,C,114.1,-85.6,11.1,102.6,61.1,2.4,12.6,0.862,0.127,0.011,0
424,Q,0.718,C,92.2,-94.3,125.5,114.6,128.7,9.2,10.5,0.942,0.050,0.008,0
425,P,0.675,C,81.0,-72.2,140.8,109.5,-118.0,7.9,12.9,0.937,0.055,0.008,0
426,S,0.645,C,82.7,-87.4,116.5,109.3,-127.3,4.3,13.0,0.934,0.051,0.016,0
427,L,0.635,C,93.4,-89.7,106.4,109.8,-163.7,9.6,11.9,0.977,0.010,0.013,0
428,S,0.651,C,58.8,-94.3,130.3,115.6,-146.6,8.2,14.8,0.988,0.002,0.010,0
429,P,0.653,C,81.9,-69.3,-14.5,100.3,-128.9,8.8,13.6,0.949,0.048,0.003,0
430,T,0.641,C,90.7,-84.1,2.2,102.6,65.9,4.8,13.7,0.918,0.076,0.006,0
431,S,0.628,C,66.8,-82.5,46.1,105.7,93.1,7.0,13.0,0.861,0.123,0.016,0
432,L,0.602,C,87.2,-85.1,36.5,105.7,105.4,10.0,11.3,0.837,0.140,0.023,0
433,Q,0.596,C,110.1,-84.0,87.7,107.5,122.2,6.2,13.0,0.895,0.091,0.013,0
434,N,0.589,C,93.7,-89.6,92.7,108.6,167.7,7.4,14.2,0.922,0.059,0.019,0
435,A,0.587,C,68.8,-78.8,20.9,104.2,-169.9,7.5,12.4,0.935,0.047,0.017,0
436,S,0.586,C,72.4,-85.0,47.5,105.7,98.6,5.9,13.4,0.936,0.053,0.011,0
437,S,0.593,C,69.9,-78.5,-7.4,101.0,-178.6,7.2,13.3,0.907,0.085,0.009,0
438,H,0.617,C,106.8,-86.1,16.4,103.7,77.6,8.5,13.3,0.852,0.121,0.027,0
439,T,0.636,C,75.1,-87.8,51.1,107.1,96.7,8.3,13.8,0.820,0.135,0.045,0
440,T,0.647,C,79.6,-90.3,61.2,107.8,109.1,7.4,14.2,0.835,0.117,0.048,0
441,T,0.622,C,69.7,-91.5,95.8,109.6,115.9,9.6,14.2,0.859,0.097,0.044,0
442,A,0.601,C,58.5,-82.1,33.4,105.8,159.0,9.9,14.1,0.849,0.101,0.050,0
443,K,0.573,C,116.4,-92.4,87.5,109.1,126.9,7.1,15.2,0.852,0.069,0.079,0
444,G,0.554,C,28.4,175.3,177.4,124.9,-175.4,10.7,16.6,0.919,0.027,0.054,0
445,P,0.533,C,81.6,-71.4,30.8,103.1,-66.7,8.5,16.0,0.887,0.088,0.025,0
446,G,0.534,C,45.9,65.6,-3.4,103.4,22.1,6.2,16.1,0.873,0.098,0.029,0
447,S,0.544,C,66.5,-84.4,68.1,107.1,103.0,6.7,14.3,0.811,0.152,0.037,0
448,G,0.568,C,44.6,66.7,3.7,104.4,-27.5,7.3,15.9,0.841,0.134,0.024,0
449,F,0.620,C,105.5,-88.4,68.7,107.6,98.0,9.7,13.9,0.824,0.147,0.029,0
450,L,0.677,C,88.1,-89.1,98.3,109.2,125.8,9.2,14.3,0.854,0.122,0.024,0
451,H,0.697,C,103.6,-88.1,105.4,109.5,176.7,9.2,14.0,0.863,0.111,0.026,0
452,S,0.687,C,77.5,-82.9,49.3,105.7,-148.6,4.8,13.2,0.887,0.094,0.020,0
453,A,0.679,C,70.1,-87.3,104.1,109.1,134.8,6.9,11.5,0.915,0.071,0.015,0
454,A,0.674,C,63.8,-91.7,132.0,114.3,-161.5,7.7,13.3,0.920,0.056,0.024,0
455,P,0.660,C,83.3,-72.7,120.3,106.4,-114.4,8.1,13.9,0.938,0.042,0.020,0
456,T,0.653,C,78.6,-90.3,111.9,110.3,-151.5,8.2,13.4,0.889,0.072,0.039,0
457,N,0.646,C,89.3,-87.4,74.9,107.7,-177.2,8.2,13.2,0.885,0.079,0.035,0
458,A,0.634,C,69.4,-76.3,-14.9,99.6,156.4,6.4,12.6,0.884,0.093,0.023,0
459,N,0.649,C,90.7,-83.4,20.4,103.4,75.2,7.4,12.3,0.902,0.078,0.021,0
460,S,0.668,C,69.1,-80.9,3.4,102.2,101.9,6.5,12.6,0.892,0.082,0.026,0
461,L,0.693,C,94.9,-83.9,26.8,105.2,97.4,8.5,11.1,0.911,0.056,0.033,0
462,N,0.731,C,106.1,-85.9,56.6,105.8,92.1,4.5,12.7,0.914,0.051,0.035,0
463,S,0.749,C,70.7,-82.3,11.4,104.7,146.2,6.4,10.7,0.919,0.054,0.027,0
464,T,0.775,C,95.2,-83.4,-4.2,102.5,88.0,3.7,12.7,0.889,0.067,0.044,0
465,F,0.789,C,97.0,-85.7,28.9,105.0,82.0,11.0,9.3,0.882,0.081,0.037,0
466,S,0.803,C,72.9,-77.2,-11.2,101.8,101.5,4.9,13.1,0.909,0.066,0.024,0
467,V,0.811,C,94.7,-83.1,-3.3,102.8,81.4,5.7,13.4,0.922,0.044,0.034,0
468,L,0.803,C,73.5,-91.0,112.8,111.4,90.9,11.3,10.8,0.965,0.020,0.015,0
469,P,0.805,C,75.6,-69.9,26.2,103.5,-135.9,8.3,13.9,0.909,0.086,0.005,0
470,Q,0.789,C,106.4,-75.2,0.2,102.5,-177.4,6.7,13.6,0.851,0.133,0.015,0
471,R,0.780,C,121.5,-78.2,-10.7,101.1,81.1,7.9,14.8,0.854,0.118,0.028,0
472,F,0.784,C,64.6,-91.3,90.5,109.0,72.6,14.9,11.5,0.905,0.077,0.019,0
473,P,0.782,C,84.5,-65.4,-28.4,95.6,175.9,5.7,15.4,0.801,0.195,0.004,0
474,Q,0.784,C,96.3,-71.9,-27.1,95.9,56.9,6.1,16.0,0.749,0.243,0.007,0
475,F,0.772,C,62.4,-73.5,-27.3,96.6,59.1,14.5,12.9,0.644,0.337,0.019,0
476,Q,0.776,C,89.1,-67.1,-32.8,95.0,65.1,9.8,15.5,0.680,0.277,0.043,0
477,Q,0.794,C,111.3,-70.1,-27.9,95.1,58.7,3.9,16.2,0.732,0.205,0.063,0
478,H,0.802,C,77.4,-79.4,-16.0,98.7,59.6,11.1,13.4,0.784,0.139,0.077,0
479,R,0.806,C,103.6,-76.1,-20.9,100.4,74.3,11.1,12.7,0.869,0.053,0.078,0
480,A,0.817,C,64.5,-72.4,-21.6,99.3,67.0,6.7,14.9,0.896,0.027,0.077,0
481,V,0.818,C,76.4,-87.0,74.7,107.8,83.5,9.0,14.3,0.894,0.010,0.096,0
482,Y,0.809,C,117.0,-93.2,88.8,109.1,128.0,9.1,15.8,0.917,0.007,0.076,0
483,N,0.795,C,67.8,-94.4,89.8,109.1,173.8,11.5,14.7,0.949,0.014,0.037,0
484,S,0.769,C,56.6,-76.7,-8.9,101.4,-165.5,10.1,16.1,0.924,0.037,0.039,0
485,F,0.747,C,78.0,-85.6,11.2,104.3,92.2,13.6,14.2,0.906,0.036,0.057,0
486,G,0.737,C,38.2,-84.4,8.8,107.1,76.2,8.7,16.3,0.932,0.008,0.060,0
487,F,0.740,C,78.4,-93.7,124.5,113.9,151.0,11.7,14.9,0.963,0.002,0.035,0
488,P,0.723,C,78.7,-67.5,-21.0,98.8,-120.1,9.4,14.8,0.945,0.049,0.007,0
489,G,0.729,C,44.5,-72.8,-19.6,97.6,47.1,5.4,15.1,0.898,0.089,0.012,0
490,Q,0.741,C,105.6,-74.3,-22.2,97.8,58.7,6.0,14.3,0.820,0.160,0.020,0
491,A,0.745,C,63.1,-80.8,-7.1,101.7,65.1,7.7,13.5,0.867,0.122,0.011,0
492,A,0.780,C,51.9,-79.3,107.3,107.8,110.5,10.7,12.5,0.897,0.092,0.011,0
493,R,0.797,C,128.2,-85.1,17.2,103.6,103.7,7.5,16.6,0.943,0.045,0.013,0
494,Y,0.824,C,66.8,-95.1,112.9,112.4,91.3,16.3,11.7,0.943,0.033,0.023,0
495,P,0.828,C,76.4,-69.3,-21.8,97.4,-154.4,8.7,16.4,0.821,0.171,0.007,0
496,W,0.830,C,102.8,-78.8,-15.8,98.0,59.7,11.8,15.4,0.778,0.210,0.012,0
497,M,0.829,C,67.2,-85.4,25.7,105.4,70.5,13.6,14.3,0.734,0.244,0.022,0
498,A,0.808,C,49.7,-86.9,90.2,108.6,117.3,9.7,16.9,0.863,0.105,0.032,0
499,F,0.802,C,72.1,-94.8,132.2,116.5,-164.4,14.0,15.6,0.961,0.020,0.019,0
500,P,0.782,C,56.9,-71.7,138.4,108.4,-109.6,11.9,15.6,0.946,0.045,0.009,0
501,R,0.758,C,130.4,-74.6,47.4,104.3,-119.1,8.1,14.8,0.881,0.105,0.014,0
502,N,0.735,C,98.5,-83.0,42.1,105.1,140.2,7.1,13.1,0.862,0.122,0.016,0
503,S,0.737,C,62.0,-84.9,35.8,105.1,151.7,8.5,15.3,0.820,0.137,0.042,0
504,I,0.741,C,79.6,-77.6,-6.8,101.3,122.2,12.1,13.9,0.811,0.131,0.058,0
505,M,0.746,C,99.3,-78.7,-7.3,101.9,84.4,8.9,16.3,0.826,0.112,0.062,0
506,H,0.747,C,95.5,-83.4,25.5,104.5,83.5,10.1,16.1,0.820,0.108,0.072,0
507,L,0.733,C,66.9,-81.5,0.8,102.6,93.2,12.2,16.0,0.803,0.118,0.078,0
508,N,0.724,C,54.8,-85.7,40.7,104.6,85.7,12.6,16.9,0.873,0.078,0.049,0
509,H,0.721,C,82.9,-78.7,0.3,101.6,113.8,12.4,15.6,0.870,0.082,0.048,0
510,T,0.703,C,81.4,-82.8,-3.5,101.2,83.2,7.3,16.8,0.843,0.082,0.075,0
511,A,0.670,C,47.4,-82.4,8.5,104.7,92.6,11.4,14.4,0.889,0.043,0.068,0
512,N,0.658,C,80.1,-98.6,100.1,110.3,45.4,8.6,16.3,0.935,0.011,0.055,0
513,P,0.650,C,72.7,-71.4,83.5,105.0,-148.1,10.9,14.1,0.944,0.038,0.018,0
514,T,0.660,C,83.2,-89.7,38.9,107.0,175.8,7.4,15.5,0.912,0.058,0.030,0
515,S,0.655,C,68.0,-91.4,66.9,108.2,94.4,7.2,16.5,0.873,0.066,0.061,0
516,N,0.663,C,64.5,-94.2,66.8,107.6,131.3,12.4,15.0,0.879,0.065,0.056,0
517,S,0.682,C,53.7,-75.4,-12.6,100.1,143.6,11.7,15.4,0.815,0.129,0.056,0
518,N,0.708,C,80.0,-75.9,-14.3,98.7,74.3,9.1,18.1,0.840,0.119,0.041,0
519,F,0.742,C,51.0,-77.6,-21.7,98.5,69.5,16.1,15.5,0.738,0.168,0.093,0
520,L,0.758,C,44.2,-85.3,8.8,103.1,63.8,17.7,14.6,0.709,0.193,0.098,0
521,D,0.764,C,72.5,-93.2,76.3,106.8,96.4,8.7,18.0,0.765,0.149,0.087,0
522,L,0.734,C,88.1,-75.2,-12.4,98.7,175.6,10.7,13.0,0.853,0.122,0.025,0
523,N,0.711,C,109.1,-87.7,5.7,100.0,55.9,3.7,15.5,0.917,0.051,0.032,0
524,L,0.697,C,62.8,-90.8,134.6,117.5,116.7,12.7,11.6,0.959,0.001,0.040,0
525,P,0.687,C,67.3,-68.4,151.2,114.3,-104.4,7.5,16.6,0.989,0.001,0.010,0
526,P,0.678,C,76.6,-68.3,144.9,109.4,-100.3,9.3,16.1,0.962,0.029,0.009,0
527,Q,0.685,C,95.4,-78.3,132.5,109.8,-112.9,10.8,13.8,0.892,0.045,0.064,0
528,H,0.689,C,91.2,-98.0,128.8,114.7,-143.1,10.5,16.5,0.826,0.057,0.117,0
529,N,0.683,C,64.3,-85.7,102.3,108.0,-137.0,12.8,16.2,0.832,0.062,0.106,0
530,T,0.661,C,65.6,-83.2,-6.6,99.3,-171.9,11.5,15.4,0.841,0.086,0.073,0
531,G,0.634,C,44.3,76.6,0.0,100.5,-90.3,7.1,16.9,0.849,0.073,0.078,0
532,L,0.627,C,80.9,-89.6,2.5,102.3,67.3,10.2,13.9,0.822,0.062,0.116,0
533,G,0.617,C,40.0,87.0,-1.1,106.8,-84.5,7.3,16.0,0.866,0.021,0.112,0
534,G,0.636,C,37.5,103.5,175.3,115.1,-80.2,8.6,17.1,0.835,0.021,0.144,0
535,I,0.679,C,64.5,-100.6,129.8,117.9,-131.6,12.8,14.4,0.775,0.028,0.197,0
536,P,0.695,C,71.3,-70.9,141.6,110.4,-111.2,8.2,18.3,0.834,0.058,0.108,0
537,I,0.699,C,75.4,-84.6,48.0,106.7,-144.8,12.6,13.3,0.767,0.103,0.131,0
538,A,0.694,C,64.8,-88.6,105.3,109.4,-153.8,8.0,15.4,0.772,0.121,0.107,0
539,G,0.698,C,50.3,71.2,-4.1,106.8,-12.1,4.6,14.4,0.848,0.115,0.037,0
540,E,0.714,C,114.6,-90.9,95.2,109.3,121.2,6.3,13.2,0.848,0.122,0.031,0
541,E,0.733,C,109.0,-90.3,123.3,111.7,174.5,7.1,13.6,0.818,0.140,0.042,0
542,E,0.750,C,109.3,-94.7,131.8,114.8,-140.5,6.9,15.0,0.761,0.117,0.122,0
543,V,0.766,C,66.7,-104.1,137.5,118.8,-165.3,11.8,11.4,0.618,0.086,0.296,0
544,K,0.764,E,122.2,-97.3,126.9,113.9,-148.5,5.8,16.9,0.473,0.039,0.488,0
545,V,0.755,E,60.3,-104.9,132.2,117.5,-162.9,13.4,13.0,0.377,0.038,0.584,0
546,S,0.745,E,55.6,-108.5,142.6,120.1,-165.1,9.5,14.8,0.449,0.028,0.523,0
547,T,0.728,C,77.5,-95.9,95.0,110.2,-157.6,7.9,14.8,0.533,0.039,0.427,0
548,M,0.709,C,67.1,-102.7,134.4,119.9,-176.1,13.0,11.4,0.699,0.017,0.284,0
549,P,0.684,C,90.2,-70.1,142.9,112.2,-108.6,4.6,15.1,0.832,0.030,0.138,0
550,L,0.675,C,74.0,-83.0,143.0,115.3,-121.3,12.7,11.5,0.857,0.042,0.100,0
551,S,0.662,C,73.4,-88.3,140.7,114.8,-125.8,4.9,14.5,0.851,0.033,0.116,0
552,A,0.655,C,66.3,-80.0,65.6,106.2,-129.8,8.5,10.2,0.877,0.060,0.063,0
553,S,0.655,C,70.1,-91.1,121.2,111.0,-150.2,6.1,12.2,0.887,0.046,0.067,0
554,S,0.655,C,76.5,-83.6,4.7,103.8,-144.5,5.3,12.0,0.886,0.075,0.038,0
555,H,0.648,C,115.7,-88.2,39.7,106.5,79.5,6.2,9.3,0.838,0.119,0.043,0
556,S,0.637,C,78.9,-79.6,-8.8,101.8,96.0,3.7,11.0,0.777,0.150,0.073,0
557,L,0.619,C,123.7,-86.8,16.5,104.7,70.5,2.9,7.8,0.773,0.168,0.058,0
558,Q,0.597,C,132.6,-86.5,26.4,105.2,67.3,3.1,8.4,0.739,0.167,0.094,0
559,Q,0.572,C,139.2,-88.0,35.5,105.8,70.7,2.4,7.7,0.827,0.104,0.070,0
560,G,0.544,C,54.5,78.8,46.1,108.4,-12.2,3.2,12.1,0.924,0.029,0.048,0
561,Q,0.535,C,142.2,-100.3,139.1,116.7,170.0,2.1,7.1,0.842,0.027,0.131,0
562,Q,0.541,C,138.7,-99.2,137.5,119.6,-139.1,2.8,8.4,0.924,0.003,0.073,0
563,P,0.532,C,76.1,-68.0,149.6,114.1,-102.9,9.6,9.7,0.949,0.016,0.035,0
564,T,0.532,C,78.6,-100.3,145.4,118.5,-149.9,6.6,14.6,0.813,0.081,0.107,0
565,S,0.524,C,67.5,-89.7,135.5,114.8,-120.4,7.3,14.5,0.757,0.121,0.122,0
566,L,0.541,C,80.2,-90.2,80.9,108.2,-147.0,11.5,12.5,0.742,0.137,0.121,0
567,H,0.562,C,109.0,-97.7,125.1,113.9,-168.9,7.2,13.8,0.659,0.113,0.228,0
568,T,0.567,C,86.1,-96.6,121.1,112.5,-161.1,6.3,12.6,0.598,0.087,0.315,0
569,T,0.515,C,84.7,-94.9,118.0,111.9,-157.6,6.8,12.6,0.543,0.049,0.408,0
570,V,0.473,C,88.2,-97.5,131.6,115.2,-164.2,7.6,12.6,0.737,0.018,0.245,0
571,A,0.441,C,90.2,-83.5,132.1,111.4,-118.4,3.6,11.0,0.990,0.000,0.010,0
