Q8BXL9_2,SEQ,flexibility,SS,ASA,Phi,Psi,Theta(i-1=>i+1),Tau(i-2=>i+2),HSE_alpha_up,HSE_alpha_down,P(C),P(H),P(E),positive
0,M,0.474,C,137.5,-97.3,137.3,117.3,159.6,6.0,7.1,0.989,0.001,0.010,0
1,A,0.472,C,80.7,-91.3,134.0,115.1,-131.7,5.5,10.8,0.904,0.003,0.093,0
2,Q,0.502,C,89.4,-106.1,136.9,120.4,-157.5,10.2,12.6,0.738,0.003,0.259,0
3,V,0.540,C,86.5,-105.3,134.2,119.0,-153.7,7.5,17.0,0.585,0.003,0.412,0
4,L,0.580,C,67.3,-103.7,129.7,116.1,-158.3,13.0,13.8,0.640,0.006,0.354,0
5,H,0.600,C,93.0,-100.4,122.7,114.7,-147.2,10.4,17.0,0.672,0.007,0.321,0
6,V,0.617,C,45.8,-107.0,131.1,119.9,-166.7,15.2,14.9,0.815,0.003,0.181,0
7,P,0.604,C,61.7,-72.6,139.2,111.0,-111.7,11.1,17.2,0.939,0.004,0.057,0
8,A,0.599,C,45.0,-91.8,150.5,118.3,-140.6,11.6,15.1,0.952,0.005,0.043,0
9,P,0.568,C,83.6,-74.5,129.3,108.0,-96.9,6.4,17.4,0.935,0.010,0.055,0
10,F,0.554,C,76.3,-91.9,121.9,113.0,-136.6,14.4,12.2,0.948,0.002,0.050,0
11,P,0.526,C,78.1,-69.2,127.1,105.8,-112.9,8.7,14.7,0.977,0.003,0.019,0
12,G,0.521,C,60.0,74.2,0.9,102.0,-13.3,2.0,13.6,0.977,0.008,0.015,0
13,T,0.532,C,71.5,-96.6,122.6,114.9,96.2,6.7,10.4,0.968,0.002,0.030,0
14,P,0.534,C,94.1,-66.3,78.9,102.7,-128.8,5.5,12.7,0.960,0.023,0.017,0
15,G,0.542,C,52.8,62.3,-2.8,102.2,27.3,3.3,13.4,0.935,0.039,0.026,0
16,Q,0.550,C,101.9,-86.2,118.5,110.5,107.3,6.9,11.4,0.911,0.047,0.042,0
17,A,0.568,C,70.3,-87.6,126.5,111.7,-138.2,6.1,13.8,0.938,0.016,0.046,0
18,S,0.584,C,41.5,-86.6,143.1,118.2,-129.4,12.8,12.0,0.966,0.001,0.033,0
19,P,0.588,C,69.8,-69.2,145.9,107.6,-104.7,9.0,14.2,0.968,0.023,0.009,0
20,A,0.607,C,72.7,-69.4,-23.4,99.7,-107.7,5.5,13.9,0.941,0.040,0.019,0
21,A,0.617,C,78.8,-82.9,24.5,104.4,56.0,3.7,13.7,0.947,0.025,0.028,0
22,F,0.618,C,88.4,-94.7,127.2,115.6,144.6,11.1,9.3,0.975,0.003,0.022,0
23,P,0.619,C,84.2,-69.2,148.4,110.4,-111.6,5.4,13.9,0.934,0.048,0.018,0
24,S,0.610,C,86.7,-78.2,47.9,105.1,-105.1,3.6,12.2,0.908,0.065,0.027,0
25,K,0.584,C,132.0,-94.8,133.6,115.0,141.2,4.7,11.3,0.923,0.035,0.043,0
26,E,0.592,C,126.7,-85.8,134.8,115.3,-116.6,4.7,12.7,0.951,0.004,0.044,0
27,P,0.603,C,82.0,-69.9,146.4,110.5,-104.8,8.3,12.3,0.967,0.006,0.027,0
28,D,0.632,C,107.2,-88.1,130.0,112.2,-114.7,4.0,15.0,0.961,0.002,0.037,0
29,P,0.641,C,63.5,-75.6,149.1,116.1,-99.1,10.3,13.0,0.984,0.001,0.015,0
30,P,0.650,C,77.2,-69.9,133.0,106.6,-102.3,7.7,16.9,0.981,0.009,0.010,0
31,Y,0.682,C,86.7,-96.3,134.8,117.1,-127.5,14.9,14.3,0.890,0.019,0.090,0
32,S,0.701,C,41.1,-109.2,134.2,119.3,-162.5,12.9,20.8,0.774,0.027,0.199,0
33,V,0.727,C,30.5,-114.5,138.6,125.0,-164.1,18.0,16.8,0.765,0.016,0.219,0
34,E,0.747,C,89.3,-101.6,131.9,118.1,-146.6,8.8,22.6,0.869,0.005,0.125,0
35,T,0.763,C,16.8,-101.7,160.3,128.4,-146.5,19.4,13.0,0.929,0.006,0.065,0
36,P,0.763,C,89.4,-65.9,-21.6,93.1,-98.0,6.3,17.6,0.856,0.134,0.011,0
37,Y,0.768,C,105.4,-90.2,-2.7,96.5,48.5,8.3,14.4,0.781,0.177,0.042,0
38,G,0.783,C,37.5,89.9,3.9,102.7,-100.7,7.5,16.1,0.747,0.126,0.127,0
39,Y,0.809,C,82.0,-96.4,137.7,119.1,125.2,12.2,16.1,0.600,0.171,0.229,0
40,R,0.843,C,93.4,-100.4,127.8,116.5,-144.8,12.0,20.5,0.519,0.165,0.316,0
41,L,0.863,C,33.3,-96.0,124.1,113.7,-153.7,18.3,18.6,0.548,0.213,0.239,0
42,D,0.895,C,38.9,-100.9,128.8,115.4,-158.8,13.5,22.0,0.583,0.245,0.172,0
43,L,0.894,H,36.1,-76.6,-21.1,100.8,-152.5,19.9,19.6,0.380,0.456,0.164,0
44,D,0.902,H,43.7,-78.2,-17.7,101.5,106.7,12.0,22.9,0.320,0.448,0.232,0
45,F,0.896,H,34.7,-67.7,-37.1,95.5,53.7,19.1,21.1,0.262,0.412,0.326,0
46,L,0.895,H,36.4,-65.7,-38.2,94.7,60.4,18.8,20.2,0.243,0.395,0.363,0
47,K,0.892,H,80.7,-68.0,-38.1,95.4,56.8,9.4,22.5,0.259,0.380,0.361,0
48,Y,0.891,E,49.7,-68.1,-39.7,95.4,51.9,15.2,21.3,0.214,0.386,0.400,0
49,V,0.901,E,21.4,-65.9,-40.4,94.9,60.4,20.8,18.2,0.205,0.388,0.407,0
50,D,0.899,H,64.2,-67.1,-37.3,94.4,54.7,9.7,20.1,0.228,0.404,0.368,0
51,D,0.872,H,66.5,-68.9,-35.6,93.6,50.4,6.2,20.7,0.203,0.405,0.392,0
52,I,0.824,E,43.3,-68.3,-38.5,94.3,51.4,13.5,16.3,0.197,0.376,0.427,0
53,E,0.794,E,78.5,-74.0,-28.8,96.2,51.1,11.3,15.2,0.287,0.336,0.377,0
54,K,0.775,C,130.6,-82.9,-6.1,98.3,50.9,3.7,14.8,0.542,0.223,0.235,0
55,G,0.793,C,46.9,82.1,-0.6,102.9,-85.0,5.9,14.0,0.839,0.078,0.083,0
56,H,0.825,C,119.8,-84.0,10.5,104.1,107.1,5.8,11.8,0.851,0.074,0.074,0
57,T,0.847,C,79.4,-94.9,117.1,111.9,95.9,4.6,14.3,0.655,0.076,0.269,0
58,L,0.867,C,72.2,-90.1,123.4,112.4,170.2,12.1,9.8,0.559,0.124,0.316,0
59,R,0.869,C,141.8,-99.2,137.7,116.9,-160.5,5.2,13.9,0.571,0.104,0.325,0
60,R,0.878,C,145.1,-92.3,131.0,115.0,-126.6,6.7,14.7,0.592,0.080,0.328,0
61,V,0.881,C,55.1,-106.0,138.3,121.3,-163.4,13.0,10.0,0.581,0.076,0.343,0
62,A,0.880,C,76.1,-75.2,140.7,113.3,-111.9,3.4,17.6,0.707,0.050,0.243,0
63,V,0.867,C,69.9,-97.6,133.8,116.8,-143.1,12.7,8.9,0.716,0.053,0.231,0
64,Q,0.845,C,125.3,-100.9,138.2,118.1,-152.9,4.0,12.9,0.732,0.029,0.239,0
65,R,0.825,C,147.5,-88.6,134.9,114.1,-126.1,6.8,11.3,0.856,0.015,0.129,0
66,R,0.799,C,142.1,-88.6,143.0,116.7,-125.1,6.0,10.0,0.930,0.009,0.060,0
67,P,0.763,C,96.0,-67.9,148.3,111.8,-99.4,4.1,11.4,0.907,0.067,0.026,0
68,R,0.732,C,163.8,-78.8,132.4,108.8,-104.0,4.4,10.4,0.876,0.081,0.044,0
69,L,0.694,C,125.9,-85.0,88.8,107.1,-120.6,3.9,8.1,0.884,0.075,0.041,0
70,G,0.665,C,61.7,-66.1,100.3,107.9,-49.5,2.2,9.1,0.947,0.032,0.021,0
71,S,0.644,C,87.5,-90.0,107.6,109.4,98.9,2.9,10.1,0.950,0.014,0.037,0
72,L,0.633,C,90.4,-90.6,132.5,115.9,-134.4,9.1,9.3,0.983,0.001,0.016,0
73,P,0.632,C,85.9,-69.6,150.3,112.0,-101.6,5.5,13.0,0.984,0.006,0.010,0
74,R,0.615,C,155.1,-83.8,133.6,111.6,-109.0,5.7,12.7,0.969,0.003,0.028,0
75,G,0.591,C,34.8,-87.0,143.8,116.3,-120.9,10.7,11.5,0.978,0.001,0.021,0
76,P,0.589,C,93.5,-72.2,-13.8,100.0,-116.8,6.0,13.5,0.981,0.013,0.006,0
77,G,0.619,C,44.5,-84.0,15.1,107.6,41.8,6.7,12.2,0.959,0.021,0.020,0
78,S,0.660,C,87.2,-77.1,-7.5,100.3,-92.6,3.1,12.4,0.939,0.036,0.026,0
79,W,0.712,C,165.8,-82.7,-4.2,100.3,54.7,4.2,13.3,0.916,0.030,0.053,0
80,W,0.759,C,94.3,-90.9,103.6,110.2,83.3,13.9,9.9,0.879,0.028,0.093,0
81,T,0.778,C,75.3,-102.3,129.8,114.3,161.8,6.6,16.9,0.858,0.029,0.113,0
82,S,0.789,C,49.3,-80.7,48.2,106.3,-155.4,12.0,14.9,0.839,0.090,0.072,0
83,T,0.780,C,70.2,-86.7,1.9,103.8,130.7,10.3,16.5,0.750,0.205,0.045,0
84,E,0.762,C,81.3,-83.2,56.3,106.7,96.2,11.7,14.9,0.640,0.294,0.066,0
85,S,0.763,C,42.3,-79.6,-6.9,104.0,113.1,10.7,17.9,0.633,0.256,0.111,0
86,L,0.754,C,41.1,-75.0,-25.5,97.0,65.2,15.9,15.9,0.642,0.231,0.127,0
87,C,0.752,C,38.6,-80.6,-6.7,102.9,71.7,16.2,14.0,0.755,0.144,0.101,0
88,S,0.733,C,62.3,-74.3,-16.4,99.8,98.0,8.8,15.8,0.859,0.086,0.056,0
89,D,0.686,C,98.6,-81.4,-3.4,100.4,60.4,4.8,15.0,0.878,0.093,0.028,0
90,A,0.639,C,64.7,-82.3,5.1,102.4,75.6,8.0,12.4,0.899,0.083,0.018,0
91,S,0.611,C,66.6,-78.9,-9.2,101.8,92.7,7.5,12.7,0.893,0.087,0.020,0
92,G,0.601,C,47.6,-35.1,-13.3,103.6,-15.0,5.4,14.0,0.825,0.162,0.012,0
93,D,0.635,C,91.1,-80.6,0.1,102.1,71.8,6.5,12.6,0.756,0.231,0.013,0
94,S,0.668,C,69.6,-76.8,-10.4,100.2,80.9,6.6,12.1,0.705,0.280,0.015,0
95,R,0.690,C,125.4,-76.7,-17.7,99.7,75.0,7.6,14.1,0.702,0.279,0.020,0
96,H,0.713,C,98.3,-86.6,25.1,105.2,74.1,9.3,13.5,0.735,0.233,0.033,0
97,S,0.741,C,56.5,-79.4,13.5,105.5,109.0,9.1,13.8,0.801,0.176,0.023,0
98,A,0.755,C,62.6,-73.9,-20.5,98.9,77.6,8.1,15.7,0.777,0.207,0.016,0
99,Y,0.764,C,92.2,-87.0,36.9,105.9,69.2,12.5,13.3,0.740,0.235,0.025,0
100,S,0.772,C,61.2,-82.1,11.5,105.0,106.9,7.9,16.6,0.762,0.197,0.041,0
101,Y,0.764,C,80.9,-80.0,-10.2,101.9,107.9,14.3,15.1,0.742,0.193,0.065,0
102,C,0.755,C,52.8,-81.7,-8.1,101.9,72.8,14.0,14.4,0.784,0.159,0.057,0
103,G,0.726,C,40.4,-71.4,8.9,105.4,62.4,9.4,15.8,0.830,0.118,0.051,0
104,R,0.713,C,122.7,-83.9,25.1,104.4,86.6,9.2,14.5,0.855,0.094,0.051,0
105,G,0.732,C,40.7,87.4,-115.3,110.3,-39.4,7.9,16.3,0.905,0.036,0.059,0
106,F,0.757,C,99.4,-99.0,128.7,115.1,-160.3,10.2,15.9,0.907,0.015,0.077,0
107,Y,0.773,C,82.3,-100.0,129.6,117.3,-154.7,14.1,14.3,0.968,0.002,0.031,0
108,P,0.785,C,72.0,-71.1,135.0,106.4,-116.8,9.3,15.8,0.953,0.042,0.006,0
109,Q,0.775,C,111.0,-81.3,51.5,105.5,-121.8,6.8,15.0,0.911,0.081,0.008,0
110,Y,0.770,C,124.8,-85.1,25.1,105.1,118.8,9.5,13.1,0.858,0.130,0.012,0
111,G,0.751,C,42.6,34.3,-45.6,107.6,-16.8,7.7,14.8,0.884,0.106,0.010,0
112,A,0.756,C,71.1,-73.1,-22.2,99.1,51.3,5.2,14.1,0.833,0.158,0.009,0
113,L,0.769,C,87.8,-80.6,-6.4,101.9,70.9,9.3,11.7,0.807,0.183,0.010,0
114,E,0.790,C,110.6,-77.2,-13.3,101.0,77.2,7.4,13.3,0.794,0.197,0.009,0
115,T,0.796,C,88.4,-80.6,-7.8,102.1,70.6,5.1,13.7,0.785,0.201,0.014,0
116,R,0.771,C,137.2,-81.9,-2.3,102.5,68.4,5.8,13.5,0.793,0.181,0.026,0
117,I,0.735,C,79.7,-88.3,32.7,105.7,78.0,11.7,10.9,0.844,0.130,0.026,0
118,G,0.712,C,45.0,101.0,173.9,113.0,-136.9,5.9,16.5,0.912,0.054,0.034,0
119,S,0.701,C,71.1,-89.9,108.6,109.8,-118.3,7.2,13.4,0.958,0.018,0.024,0
120,N,0.716,C,64.1,-89.9,119.1,112.1,-152.3,10.5,12.1,0.980,0.015,0.005,0
121,P,0.740,H,91.5,-62.3,-32.6,92.8,-146.0,4.3,15.3,0.178,0.822,0.000,0
122,R,0.772,H,118.4,-67.3,-36.9,93.4,52.9,5.0,16.9,0.074,0.926,0.000,0
123,V,0.810,H,30.8,-66.0,-40.0,93.7,51.9,15.3,15.2,0.030,0.970,0.000,0
124,E,0.835,H,89.5,-64.8,-39.5,93.5,52.8,8.2,18.0,0.016,0.984,0.000,0
125,R,0.841,H,133.6,-66.0,-38.8,92.7,50.7,2.6,20.0,0.015,0.985,0.000,0
126,T,0.841,H,44.4,-67.4,-39.4,93.8,50.0,9.1,17.9,0.031,0.969,0.000,0
127,L,0.847,H,35.4,-65.6,-40.3,93.8,51.2,15.3,16.8,0.014,0.986,0.000,0
128,L,0.852,H,78.1,-65.3,-39.4,93.4,51.4,7.1,19.9,0.011,0.989,0.000,0
129,D,0.857,H,78.2,-66.4,-39.2,92.6,50.1,3.3,20.9,0.018,0.982,0.000,0
130,A,0.841,H,23.8,-67.0,-39.9,93.7,50.4,13.1,15.9,0.021,0.979,0.000,0
131,R,0.819,H,101.2,-65.0,-39.1,93.7,52.6,10.7,17.5,0.027,0.973,0.000,0
132,R,0.794,H,140.4,-65.2,-38.8,92.3,50.6,2.2,19.8,0.032,0.968,0.000,0
133,R,0.776,H,117.2,-67.1,-38.0,92.7,49.9,4.3,17.8,0.047,0.953,0.000,0
134,L,0.772,H,51.7,-66.7,-39.0,93.5,50.9,11.9,14.5,0.039,0.961,0.000,0
135,E,0.770,H,102.8,-65.9,-37.7,93.4,51.9,5.5,16.9,0.071,0.929,0.000,0
136,D,0.758,H,99.7,-67.9,-34.7,92.5,50.9,1.9,15.5,0.112,0.887,0.000,0
137,Q,0.725,H,94.5,-70.6,-31.7,94.3,51.6,6.0,12.6,0.167,0.833,0.001,0
138,A,0.697,H,64.8,-70.4,-27.7,94.8,56.1,6.6,11.0,0.331,0.666,0.003,0
139,A,0.669,C,82.4,-82.3,-7.9,99.0,55.8,2.1,13.3,0.545,0.446,0.009,0
140,A,0.657,C,55.5,-84.9,128.3,113.3,110.5,9.2,8.9,0.897,0.097,0.007,0
141,P,0.629,C,79.1,-67.8,137.5,107.2,-113.0,7.3,12.4,0.881,0.115,0.004,0
142,S,0.603,C,76.7,-84.0,62.1,106.4,-141.8,5.1,12.8,0.835,0.152,0.014,0
143,S,0.562,C,82.0,-77.9,-8.6,100.5,-145.8,4.4,11.4,0.848,0.138,0.015,0
144,G,0.524,C,50.7,-76.8,-8.4,101.0,50.0,4.5,12.4,0.910,0.074,0.016,0
145,G,0.521,C,45.3,-72.6,-9.8,103.6,45.7,5.6,12.6,0.914,0.063,0.023,0
146,L,0.533,C,99.2,-74.1,-18.4,97.8,70.1,7.0,10.2,0.912,0.070,0.019,0
147,G,0.551,C,51.6,-72.3,-14.7,98.1,54.5,3.9,12.6,0.934,0.053,0.014,0
148,S,0.582,C,79.7,-82.3,-3.9,100.1,67.7,3.5,11.0,0.942,0.043,0.015,0
149,L,0.603,C,105.1,-88.7,91.0,108.5,92.4,6.2,8.1,0.981,0.011,0.008,0
150,T,0.630,C,89.5,-91.6,129.9,115.1,-158.0,4.7,11.4,0.991,0.002,0.006,0
151,P,0.626,C,88.9,-68.4,34.4,103.0,-121.9,7.2,11.7,0.955,0.042,0.004,0
152,S,0.610,C,80.6,-77.7,-11.6,101.5,-121.3,4.1,11.3,0.881,0.102,0.017,0
153,A,0.585,C,79.8,-78.1,-14.1,99.4,61.8,3.7,9.8,0.836,0.133,0.031,0
154,A,0.570,C,74.0,-83.8,-0.5,101.7,61.4,4.7,10.6,0.895,0.081,0.024,0
155,G,0.582,C,53.3,67.8,3.5,105.6,6.9,3.7,13.0,0.954,0.028,0.018,0
156,S,0.592,C,73.3,-86.3,71.5,107.1,113.8,5.9,9.4,0.953,0.024,0.024,0
157,T,0.611,C,99.3,-78.9,-14.0,100.0,127.1,3.7,10.6,0.925,0.048,0.027,0
158,S,0.634,C,71.8,-75.6,-20.8,99.6,70.2,5.3,10.8,0.928,0.052,0.020,0
159,S,0.643,C,74.5,-75.4,-18.2,98.5,63.4,4.2,11.7,0.908,0.064,0.028,0
160,L,0.644,C,92.2,-76.9,-20.0,98.4,59.5,7.4,11.2,0.901,0.075,0.024,0
161,A,0.651,C,70.3,-77.5,-12.2,100.2,62.8,6.2,11.8,0.922,0.055,0.022,0
162,G,0.657,C,54.0,-6.1,-5.2,103.3,32.2,3.4,13.4,0.944,0.025,0.031,0
163,V,0.657,C,95.5,-85.3,0.7,102.2,62.5,5.8,11.5,0.923,0.037,0.039,0
164,G,0.655,C,49.8,78.1,-3.8,105.1,-42.3,4.5,14.3,0.954,0.014,0.033,0
165,L,0.657,C,98.8,-90.2,79.8,108.5,93.2,6.8,12.1,0.952,0.006,0.043,0
166,L,0.658,C,91.3,-97.0,133.7,117.9,-165.6,7.6,11.9,0.970,0.000,0.030,0
167,P,0.647,C,86.1,-73.2,146.4,114.1,-104.6,5.9,14.1,0.988,0.000,0.012,0
168,P,0.632,C,79.8,-69.4,147.0,112.1,-100.3,8.7,13.6,0.991,0.001,0.008,0
169,T,0.645,C,56.8,-82.8,141.3,116.0,-118.4,10.7,13.6,0.981,0.001,0.019,0
170,P,0.631,C,62.1,-63.8,-26.8,94.5,-112.3,12.8,12.9,0.969,0.026,0.005,0
171,R,0.623,C,134.0,-68.6,-29.1,94.7,60.2,6.5,13.4,0.929,0.051,0.021,0
172,S,0.606,C,77.5,-73.6,-21.2,95.9,57.7,3.6,14.0,0.897,0.069,0.034,0
173,S,0.575,C,67.2,-84.5,-4.6,98.9,55.2,6.1,13.6,0.926,0.049,0.025,0
174,G,0.563,C,48.1,81.3,5.4,101.4,-99.0,5.2,16.0,0.947,0.034,0.019,0
175,L,0.577,C,85.2,-86.2,34.4,105.6,103.5,9.5,10.7,0.934,0.035,0.031,0
176,S,0.589,C,64.9,-86.8,40.5,106.7,116.6,7.9,13.8,0.950,0.013,0.037,0
177,T,0.609,C,67.4,-103.8,131.5,119.2,133.2,8.2,14.4,0.942,0.005,0.054,0
178,P,0.613,C,70.5,-69.1,139.9,108.2,-106.6,10.4,14.8,0.959,0.014,0.027,0
179,V,0.629,C,72.7,-92.1,131.9,115.1,-130.0,11.1,14.1,0.946,0.010,0.044,0
180,A,0.628,C,63.6,-91.9,132.1,115.4,-131.8,7.9,17.0,0.971,0.004,0.025,0
181,P,0.608,C,57.8,-73.4,143.1,110.3,-111.5,14.0,12.4,0.988,0.006,0.006,0
182,S,0.607,C,58.7,-81.8,153.4,117.0,-114.2,5.8,18.7,0.974,0.020,0.006,0
183,A,0.600,H,68.0,-62.4,-31.6,94.1,-109.7,9.0,12.9,0.277,0.723,0.000,0
184,G,0.616,H,49.6,-67.5,-32.2,94.1,56.2,2.9,16.9,0.269,0.731,0.000,0
185,H,0.665,H,80.0,-71.5,-31.7,95.2,52.5,8.9,15.2,0.192,0.808,0.000,0
186,L,0.701,H,39.1,-65.9,-37.1,93.7,55.3,16.8,14.0,0.124,0.876,0.000,0
187,A,0.745,H,57.7,-63.9,-38.8,93.3,57.1,6.9,19.3,0.116,0.883,0.000,0
188,H,0.769,H,99.5,-67.2,-38.6,93.5,50.6,4.3,20.6,0.110,0.889,0.000,0
189,V,0.792,H,26.4,-66.0,-41.2,93.8,50.9,16.1,17.2,0.038,0.962,0.000,0
190,R,0.800,H,62.7,-63.5,-40.6,93.2,52.5,15.5,18.3,0.017,0.983,0.000,0
191,E,0.788,H,104.8,-65.1,-39.3,92.4,50.3,3.8,23.0,0.024,0.976,0.000,0
192,Q,0.771,H,78.3,-67.2,-38.6,93.0,49.3,6.7,21.1,0.040,0.960,0.000,0
193,M,0.759,H,23.1,-66.1,-41.0,93.9,50.2,19.0,17.2,0.017,0.983,0.000,0
194,A,0.759,H,35.6,-63.6,-41.1,93.3,52.1,11.4,20.4,0.004,0.996,0.000,0
195,G,0.754,H,37.7,-65.3,-40.0,92.3,50.3,3.6,23.0,0.002,0.998,0.000,0
196,A,0.767,H,18.6,-66.2,-41.1,93.1,50.1,13.3,17.9,0.001,0.999,0.000,0
197,L,0.795,H,38.5,-64.9,-40.3,93.6,52.1,15.9,17.4,0.001,0.999,0.000,0
198,R,0.818,H,134.9,-65.5,-38.1,92.7,51.0,3.5,20.6,0.002,0.998,0.000,0
199,K,0.822,H,106.3,-68.7,-34.6,92.6,49.7,4.8,18.9,0.007,0.993,0.000,0
200,L,0.816,H,37.3,-68.9,-37.4,95.1,52.8,15.4,14.6,0.015,0.985,0.000,0
201,R,0.815,H,119.1,-65.1,-37.7,93.9,54.9,6.6,17.9,0.026,0.974,0.000,0
202,Q,0.816,H,96.3,-67.5,-36.7,93.4,51.3,4.0,19.0,0.050,0.950,0.000,0
203,L,0.818,H,38.3,-67.0,-39.5,94.0,52.1,14.0,15.9,0.030,0.970,0.000,0
204,E,0.838,H,76.7,-65.5,-38.0,94.0,53.1,11.3,17.5,0.042,0.958,0.000,0
205,E,0.842,H,103.9,-67.2,-36.4,93.5,51.9,4.3,19.3,0.059,0.941,0.000,0
206,Q,0.850,H,71.8,-69.2,-35.9,94.1,51.5,9.1,17.4,0.101,0.899,0.000,0
207,V,0.859,H,44.8,-71.3,-34.6,97.8,55.1,13.7,14.7,0.228,0.771,0.002,0
208,K,0.871,H,115.4,-69.2,-32.4,96.1,65.8,5.2,18.1,0.442,0.556,0.002,0
209,L,0.877,H,64.0,-72.0,-35.6,97.6,52.1,9.1,18.5,0.461,0.536,0.003,0
210,I,0.884,H,42.1,-72.1,-33.1,100.1,73.7,15.2,15.4,0.095,0.905,0.000,0
211,P,0.897,H,69.8,-65.5,-36.6,94.4,60.8,7.1,18.6,0.025,0.975,0.000,0
212,V,0.900,H,72.6,-67.8,-37.7,94.2,50.6,6.1,20.1,0.007,0.993,0.000,0
213,L,0.903,H,38.7,-67.6,-39.0,94.7,52.1,15.3,16.2,0.004,0.996,0.000,0
214,Q,0.907,H,83.0,-64.7,-38.7,94.2,55.6,10.2,18.2,0.010,0.990,0.000,0
215,V,0.897,H,84.9,-67.0,-38.6,93.7,51.3,3.5,20.0,0.020,0.980,0.000,0
216,K,0.881,H,77.4,-68.8,-37.5,94.6,50.5,9.1,18.2,0.047,0.953,0.000,0
217,L,0.878,H,34.8,-65.0,-40.6,93.9,52.5,16.7,16.3,0.047,0.953,0.000,0
218,S,0.866,H,58.4,-66.1,-38.1,93.8,53.3,5.9,19.8,0.058,0.942,0.000,0
219,V,0.849,H,69.3,-67.5,-38.7,93.6,50.3,5.7,20.6,0.052,0.948,0.000,0
220,L,0.847,H,33.0,-66.2,-40.7,94.0,51.6,15.8,16.7,0.022,0.978,0.000,0
221,Q,0.837,H,79.4,-64.1,-39.7,93.4,52.7,10.0,19.4,0.009,0.991,0.000,0
222,E,0.828,H,109.7,-65.5,-39.4,92.4,50.2,2.5,21.4,0.005,0.995,0.000,0
223,E,0.816,H,48.0,-67.4,-39.3,93.5,50.2,11.5,17.9,0.007,0.993,0.000,0
224,K,0.813,H,53.6,-64.9,-39.4,93.4,52.3,16.0,16.2,0.008,0.992,0.000,0
225,R,0.820,H,126.9,-65.7,-38.2,93.2,51.6,4.7,19.9,0.019,0.981,0.000,0
226,Q,0.823,H,93.7,-67.3,-38.0,92.8,49.9,4.2,20.4,0.031,0.969,0.000,0
227,L,0.836,H,30.6,-67.3,-39.6,93.8,50.3,15.0,16.2,0.023,0.977,0.000,0
228,T,0.852,H,40.3,-65.1,-39.5,93.9,52.6,13.5,17.6,0.026,0.974,0.000,0
229,V,0.836,H,81.6,-65.9,-39.3,93.1,51.5,3.4,20.2,0.034,0.966,0.000,0
230,Q,0.820,H,75.6,-68.0,-38.0,93.3,50.3,6.9,17.9,0.064,0.936,0.000,0
231,L,0.809,H,30.8,-67.4,-38.1,93.9,51.0,16.7,12.8,0.124,0.875,0.000,0
232,K,0.788,H,112.7,-66.5,-34.7,93.3,53.9,6.2,15.8,0.262,0.738,0.001,0
233,S,0.756,H,76.5,-73.1,-26.3,94.2,52.0,2.6,15.9,0.416,0.582,0.002,0
234,Q,0.730,C,81.5,-80.5,-11.8,100.9,62.3,10.1,11.0,0.535,0.456,0.009,0
235,K,0.705,C,125.1,-74.2,-16.5,99.8,102.7,5.4,14.2,0.563,0.401,0.036,0
236,F,0.690,C,117.6,-82.0,-4.9,100.5,55.0,6.6,13.3,0.606,0.354,0.040,0
237,L,0.677,C,85.3,-83.0,1.1,102.5,85.6,9.9,10.5,0.744,0.212,0.044,0
238,G,0.645,C,47.1,51.0,26.6,106.9,-45.1,6.0,14.6,0.920,0.039,0.041,0
239,H,0.628,C,99.3,-99.6,125.0,115.5,126.8,7.3,12.2,0.949,0.006,0.045,0
240,P,0.609,C,89.2,-70.5,37.6,103.1,-127.2,6.6,13.3,0.960,0.022,0.018,0
241,S,0.587,C,78.9,-84.7,11.7,101.9,37.7,4.3,13.0,0.947,0.033,0.020,0
242,G,0.584,C,47.1,83.4,-1.8,104.0,-85.0,5.1,14.3,0.948,0.022,0.029,0
243,T,0.595,C,81.5,-95.5,123.1,113.2,108.0,6.5,12.0,0.892,0.023,0.085,0
244,R,0.621,C,114.5,-100.1,136.2,118.6,-151.7,9.7,14.7,0.860,0.031,0.109,0
245,S,0.641,C,49.9,-92.0,139.3,116.8,-132.9,11.1,16.5,0.850,0.074,0.076,0
246,R,0.669,C,72.3,-91.7,115.5,111.0,-143.6,15.7,15.7,0.751,0.200,0.050,0
247,S,0.704,C,45.6,-102.4,135.2,116.5,-162.4,11.4,18.4,0.614,0.343,0.042,0
248,E,0.732,C,63.1,-92.9,110.1,111.0,-148.6,14.2,17.5,0.503,0.433,0.064,0
249,L,0.753,C,55.6,-98.9,112.9,112.3,-162.3,13.7,18.5,0.522,0.378,0.101,0
250,C,0.773,C,43.6,-103.4,127.7,116.4,-152.1,13.2,18.3,0.603,0.269,0.128,0
251,L,0.766,C,55.1,-94.6,100.5,110.9,-161.0,14.6,15.7,0.743,0.159,0.099,0
252,D,0.756,C,95.3,-90.2,100.3,108.6,-121.0,5.2,18.9,0.877,0.054,0.070,0
253,L,0.736,C,53.4,-94.9,127.3,115.8,-155.4,16.0,12.7,0.958,0.004,0.038,0
254,P,0.719,C,62.8,-68.6,149.2,109.7,-111.8,10.6,14.6,0.972,0.012,0.016,0
255,E,0.698,C,131.7,-86.0,133.3,112.3,-107.3,4.5,16.3,0.965,0.008,0.027,0
256,A,0.691,C,60.9,-84.3,135.7,115.3,-112.0,8.9,13.8,0.988,0.001,0.011,0
257,P,0.702,C,77.4,-67.1,140.7,106.4,-104.4,10.1,11.1,0.991,0.005,0.004,0
258,D,0.719,C,103.8,-85.3,122.2,109.2,-109.5,4.9,13.4,0.990,0.003,0.007,0
259,D,0.722,C,83.9,-93.5,119.6,113.2,-80.5,5.8,14.4,0.993,0.003,0.004,0
260,P,0.713,C,79.3,-64.5,-21.1,98.6,-134.8,9.8,11.1,0.926,0.071,0.003,0
261,A,0.707,C,74.0,-76.8,-16.4,100.9,67.4,4.8,14.6,0.780,0.193,0.028,0
262,A,0.708,C,62.7,-81.4,55.9,106.8,75.8,6.8,14.7,0.719,0.215,0.066,0
263,L,0.734,C,68.8,-90.8,123.4,112.4,-176.5,12.8,13.8,0.564,0.228,0.209,0
264,E,0.751,C,85.1,-96.2,131.4,115.5,-160.7,10.8,17.1,0.438,0.193,0.370,0
265,T,0.768,E,50.9,-107.7,133.3,118.8,-160.0,14.4,17.4,0.297,0.119,0.585,0
266,R,0.765,E,67.7,-118.2,140.2,124.5,-172.9,15.2,20.2,0.288,0.096,0.616,0
267,S,0.756,E,31.1,-97.8,133.5,117.2,-141.9,14.2,23.1,0.315,0.144,0.540,0
268,V,0.752,E,18.7,-92.1,19.9,107.3,-156.7,22.4,20.8,0.271,0.280,0.450,0
269,G,0.762,E,15.7,-105.4,-163.9,114.2,164.8,18.1,23.7,0.328,0.296,0.377,0
270,T,0.793,E,29.3,-93.8,73.4,110.2,-162.6,18.1,22.2,0.261,0.291,0.448,0
271,W,0.808,E,54.2,-88.6,21.4,108.8,113.8,13.8,22.2,0.196,0.303,0.501,0
272,V,0.842,E,26.5,-91.1,103.6,110.5,144.0,17.7,20.2,0.193,0.276,0.531,0
273,R,0.847,E,59.3,-92.2,131.6,112.5,-165.3,12.6,21.2,0.245,0.317,0.438,0
274,E,0.853,H,47.0,-72.3,-29.6,99.7,-144.9,18.6,16.4,0.290,0.462,0.248,0
275,R,0.833,H,130.2,-68.0,-35.3,95.0,57.8,6.1,18.4,0.343,0.558,0.099,0
276,D,0.797,H,82.6,-73.1,-26.5,94.5,50.7,5.9,17.5,0.465,0.485,0.051,0
277,L,0.758,C,54.2,-90.4,-4.1,97.4,47.2,13.8,12.5,0.735,0.247,0.018,0
278,G,0.725,C,51.6,81.3,8.5,99.5,-104.5,3.0,18.2,0.983,0.011,0.006,0
279,I,0.731,C,50.9,-96.0,124.0,115.3,141.6,15.7,12.2,0.984,0.004,0.012,0
280,P,0.731,C,67.9,-70.8,155.7,109.6,-119.3,8.6,15.5,0.956,0.040,0.003,0
281,D,0.764,C,108.6,-71.9,-22.1,98.9,-106.3,3.6,15.9,0.737,0.261,0.002,0
282,G,0.766,H,38.2,-76.0,-25.7,104.3,42.9,6.3,16.6,0.490,0.507,0.003,0
283,E,0.773,H,67.1,-64.9,-36.3,94.2,51.1,15.3,14.3,0.086,0.913,0.000,0
284,A,0.795,H,62.5,-64.4,-38.8,93.2,55.6,5.2,19.8,0.038,0.962,0.000,0
285,A,0.825,H,45.6,-66.7,-38.8,93.4,51.3,7.0,19.7,0.014,0.986,0.000,0
286,L,0.854,H,20.7,-65.9,-40.9,93.9,51.4,19.5,17.0,0.005,0.995,0.000,0
287,V,0.889,H,38.6,-62.4,-41.5,93.0,53.3,15.4,20.4,0.003,0.997,0.000,0
288,A,0.904,H,59.0,-64.6,-40.2,92.0,50.2,3.8,24.1,0.004,0.996,0.000,0
289,K,0.907,H,50.3,-67.0,-40.4,93.3,49.8,12.4,21.2,0.007,0.993,0.000,0
290,V,0.908,H,8.1,-64.6,-42.8,94.0,50.7,24.0,19.8,0.004,0.996,0.000,0
291,A,0.894,H,39.6,-63.6,-40.8,92.6,51.9,10.2,23.2,0.003,0.997,0.000,0
292,V,0.896,H,63.5,-65.6,-40.2,92.4,50.0,6.0,24.1,0.005,0.995,0.000,0
293,L,0.899,H,13.0,-66.5,-42.5,94.1,50.0,20.2,19.8,0.003,0.997,0.000,0
294,E,0.894,H,35.2,-63.6,-41.3,93.4,52.0,18.4,20.3,0.003,0.997,0.000,0
295,T,0.880,H,73.7,-65.1,-39.8,92.4,50.5,4.0,23.7,0.006,0.994,0.000,0
296,Q,0.861,H,62.6,-67.1,-39.4,92.8,49.5,8.9,21.8,0.011,0.989,0.000,0
297,L,0.856,H,9.8,-66.5,-41.6,94.3,50.5,23.2,17.5,0.020,0.979,0.000,0
298,K,0.847,H,90.5,-63.0,-40.8,92.7,53.5,11.5,20.9,0.038,0.962,0.000,0
299,K,0.844,H,113.0,-66.0,-38.4,92.2,49.7,3.4,23.5,0.041,0.959,0.000,0
300,A,0.832,H,16.4,-66.0,-42.1,93.7,50.6,16.0,19.6,0.020,0.980,0.000,0
301,L,0.838,H,31.6,-64.0,-40.9,93.4,51.6,17.8,19.4,0.007,0.993,0.000,0
302,Q,0.838,H,92.1,-64.9,-39.8,92.6,50.8,4.9,23.7,0.003,0.997,0.000,0
303,E,0.835,H,55.3,-66.6,-40.4,93.2,50.5,9.5,21.5,0.003,0.997,0.000,0
304,L,0.817,H,19.9,-65.2,-42.0,93.9,51.1,19.6,18.1,0.003,0.997,0.000,0
305,R,0.796,H,104.1,-64.5,-39.9,93.4,52.2,9.4,21.5,0.006,0.994,0.000,0
306,A,0.786,H,48.8,-66.0,-39.7,92.7,50.5,5.2,22.2,0.012,0.988,0.000,0
307,A,0.770,H,17.3,-67.0,-39.9,93.7,50.9,15.4,16.5,0.042,0.958,0.000,0
308,Q,0.776,H,62.3,-66.6,-35.4,93.5,53.8,14.7,16.0,0.125,0.875,0.000,0
309,T,0.783,H,84.5,-68.8,-32.3,93.7,53.1,4.0,18.1,0.227,0.771,0.001,0
310,Q,0.770,H,90.5,-75.1,-27.1,96.1,51.7,6.9,16.2,0.335,0.660,0.005,0
311,Q,0.779,C,70.1,-81.6,-7.0,102.0,60.7,13.3,11.7,0.529,0.463,0.008,0
312,V,0.777,C,78.4,-84.6,-4.1,104.1,82.0,9.8,13.0,0.620,0.359,0.020,0
313,D,0.769,C,99.5,-90.6,57.6,106.1,62.8,3.8,15.5,0.762,0.211,0.027,0
314,L,0.744,C,75.4,-86.6,123.5,111.5,146.7,11.5,11.0,0.914,0.060,0.025,0
315,Q,0.732,C,100.9,-95.4,120.7,113.7,-139.6,6.8,15.5,0.969,0.006,0.025,0
316,P,0.687,C,73.8,-68.1,125.3,105.6,-124.3,10.9,13.1,0.902,0.082,0.016,0
317,Q,0.680,C,109.7,-87.5,119.1,110.4,-136.1,6.9,15.2,0.888,0.074,0.038,0
318,A,0.670,C,58.8,-89.4,128.4,113.3,-133.3,10.7,14.8,0.944,0.015,0.041,0
319,W,0.668,C,93.6,-106.6,137.1,120.6,-152.4,13.5,15.3,0.947,0.001,0.052,0
320,P,0.676,C,69.9,-78.9,143.3,114.9,-113.6,9.3,16.6,0.981,0.000,0.019,0
321,P,0.674,C,65.1,-72.3,149.8,113.7,-106.0,10.5,15.4,0.990,0.000,0.010,0
322,P,0.693,C,77.7,-69.4,113.7,104.3,-101.0,9.6,14.6,0.978,0.009,0.012,0
323,D,0.716,C,88.0,-85.3,56.6,104.6,18.5,7.4,15.9,0.950,0.026,0.025,0
324,T,0.739,C,70.6,-93.2,69.4,108.6,143.7,9.6,15.1,0.863,0.070,0.067,0
325,Q,0.757,C,89.0,-99.4,130.5,116.0,173.8,8.8,19.2,0.733,0.066,0.200,0
326,V,0.772,C,27.4,-105.5,134.0,120.9,-153.4,19.8,15.2,0.503,0.039,0.458,0
327,R,0.793,E,102.6,-110.8,134.3,121.2,-159.6,8.8,23.7,0.365,0.030,0.605,0
328,V,0.824,E,23.2,-109.8,134.1,121.8,-155.2,21.1,16.8,0.316,0.043,0.642,0
329,D,0.836,E,56.5,-112.1,129.1,118.4,-170.3,10.4,22.9,0.314,0.045,0.640,0
330,T,0.830,E,33.8,-113.0,133.3,120.8,-162.0,15.9,20.0,0.289,0.044,0.667,0
331,V,0.813,E,38.1,-105.3,131.3,118.4,-158.0,15.8,19.0,0.293,0.039,0.669,0
332,R,0.797,E,92.5,-114.1,137.7,122.9,-158.8,11.7,20.1,0.312,0.035,0.653,0
333,V,0.791,E,49.8,-107.3,131.9,119.9,-150.7,14.2,19.0,0.307,0.036,0.657,0
334,V,0.777,E,42.0,-114.6,137.2,123.1,-165.3,14.3,18.3,0.422,0.043,0.535,0
335,E,0.748,C,83.7,-113.1,136.3,122.3,-157.5,10.2,18.8,0.628,0.026,0.346,0
336,G,0.737,C,23.8,-119.7,164.5,129.5,-154.5,11.5,16.5,0.848,0.015,0.138,0
337,P,0.741,C,83.1,-70.1,-2.4,102.1,-84.1,7.9,15.5,0.815,0.163,0.022,0
338,R,0.755,C,148.0,-88.6,20.1,105.8,44.0,4.7,13.8,0.635,0.282,0.082,0
339,E,0.779,H,110.8,-87.9,81.8,108.1,66.5,6.3,13.9,0.311,0.369,0.320,0
340,V,0.801,E,66.1,-93.4,122.5,112.7,131.0,11.1,13.4,0.255,0.332,0.413,0
341,E,0.821,E,94.8,-94.1,116.6,111.8,176.0,9.2,17.1,0.220,0.306,0.474,0
342,V,0.826,E,53.5,-104.0,132.7,117.7,-176.8,13.6,15.9,0.214,0.278,0.507,0
343,A,0.813,E,43.7,-101.3,133.5,117.0,-157.3,11.8,17.7,0.237,0.306,0.457,0
344,A,0.798,E,36.9,-102.6,135.9,117.9,-154.3,13.8,17.1,0.293,0.317,0.390,0
345,S,0.786,H,44.1,-98.0,146.2,117.5,-144.4,10.7,18.0,0.354,0.377,0.269,1
346,T,0.780,H,77.3,-75.7,-18.6,101.2,-130.9,8.8,15.8,0.341,0.424,0.234,0
347,A,0.769,H,63.8,-68.8,-32.3,96.8,53.5,5.8,16.4,0.341,0.488,0.171,0
348,A,0.761,H,45.5,-73.7,-29.2,97.7,54.2,10.7,14.7,0.343,0.523,0.134,0
349,G,0.753,H,38.8,-59.9,-25.8,101.8,48.5,7.2,17.9,0.398,0.533,0.068,0
350,A,0.753,H,52.9,-76.3,-21.4,104.2,57.5,7.8,17.0,0.311,0.633,0.056,0
351,L,0.772,H,51.3,-76.9,-27.2,103.6,71.9,12.0,16.0,0.278,0.643,0.078,0
352,A,0.777,H,45.4,-73.2,-25.8,101.1,65.3,10.3,17.5,0.285,0.614,0.101,0
353,Q,0.782,H,99.1,-77.3,-22.3,101.0,57.7,6.0,18.5,0.296,0.573,0.131,0
354,R,0.779,H,103.4,-82.7,-3.7,104.2,58.6,9.6,17.1,0.303,0.500,0.196,0
355,A,0.775,H,31.1,-86.6,83.3,108.8,86.7,14.6,14.8,0.339,0.425,0.236,0
356,Q,0.753,C,91.5,-89.9,85.9,109.0,169.5,9.1,18.2,0.521,0.239,0.241,0
357,S,0.734,C,53.6,-107.3,135.8,119.8,49.2,9.6,19.0,0.612,0.133,0.255,0
358,L,0.732,C,50.5,-100.5,132.0,117.1,-150.9,16.9,15.9,0.678,0.069,0.253,0
359,E,0.725,C,87.0,-111.9,136.7,121.8,-159.4,9.5,19.8,0.687,0.038,0.275,0
360,P,0.713,C,65.1,-75.1,138.7,111.9,-112.9,12.9,17.9,0.661,0.045,0.294,0
361,Y,0.713,C,80.8,-101.4,129.7,115.2,-154.5,14.8,16.0,0.735,0.062,0.203,0
362,G,0.707,C,35.2,-134.2,155.4,115.3,-147.7,11.5,18.2,0.831,0.041,0.128,0
363,T,0.702,C,71.0,-102.1,107.4,112.5,-152.1,10.2,18.6,0.852,0.053,0.095,0
364,G,0.709,C,32.5,100.2,-164.6,113.9,-31.8,10.3,18.2,0.846,0.064,0.090,0
365,L,0.735,C,53.0,-96.3,119.7,112.8,-126.2,15.3,16.9,0.645,0.143,0.212,0
366,K,0.733,C,96.5,-92.3,87.8,109.7,168.6,9.9,18.9,0.470,0.138,0.392,0
367,A,0.743,E,31.7,-92.5,115.8,111.2,169.5,12.6,18.7,0.410,0.121,0.468,0
368,L,0.733,E,42.6,-96.6,122.3,113.5,-170.3,17.6,15.8,0.425,0.106,0.469,0
369,T,0.716,C,63.8,-103.7,132.4,116.6,-162.9,10.4,19.5,0.487,0.066,0.447,0
370,T,0.681,C,56.6,-98.6,123.6,113.6,-156.3,13.5,15.3,0.651,0.077,0.272,0
371,S,0.634,C,68.4,-90.8,107.0,109.9,-149.2,7.8,15.2,0.796,0.046,0.158,0
372,G,0.597,C,48.1,-77.1,38.0,107.6,-77.5,6.5,15.6,0.898,0.015,0.087,0
373,G,0.599,C,33.1,153.1,-178.8,127.0,70.5,7.5,16.0,0.924,0.006,0.069,0
374,P,0.624,C,82.5,-74.8,138.3,110.3,-51.7,7.7,17.2,0.921,0.048,0.030,0
375,E,0.669,C,102.7,-87.8,126.6,111.9,-133.3,9.7,15.3,0.853,0.083,0.064,0
376,N,0.707,C,78.6,-92.4,110.4,110.6,-155.8,11.0,15.4,0.786,0.116,0.098,0
377,T,0.743,C,61.2,-104.4,126.8,116.5,-176.3,11.1,18.4,0.776,0.084,0.140,0
378,L,0.777,C,51.9,-96.2,135.1,117.3,-145.5,15.0,17.4,0.646,0.088,0.266,0
379,V,0.805,C,49.7,-107.9,132.1,118.2,-160.4,13.4,19.5,0.480,0.059,0.462,0
380,F,0.823,E,58.4,-104.5,134.6,119.0,-146.1,14.9,18.4,0.467,0.052,0.480,0
381,R,0.830,C,80.3,-109.0,135.0,119.7,-159.6,13.2,18.2,0.586,0.049,0.365,0
382,S,0.833,C,50.7,-108.3,143.2,119.4,-156.3,10.8,17.5,0.680,0.037,0.283,0
383,H,0.835,C,94.7,-107.7,133.2,117.8,-145.9,10.3,17.4,0.655,0.043,0.302,0
384,E,0.838,C,95.3,-96.8,133.1,117.0,-133.5,9.9,17.2,0.507,0.032,0.461,0
385,V,0.856,E,50.3,-108.9,136.4,121.1,-156.2,14.7,14.4,0.295,0.017,0.688,0
386,V,0.851,E,76.1,-112.9,134.0,121.5,-156.4,7.9,19.1,0.197,0.010,0.793,0
387,E,0.837,E,66.1,-112.5,137.4,122.9,-158.2,14.5,13.6,0.231,0.014,0.755,0
388,T,0.831,E,73.5,-117.1,138.1,123.3,-163.2,5.9,18.4,0.288,0.010,0.702,0
389,M,0.817,E,98.3,-96.6,129.4,116.0,-137.4,10.8,14.6,0.432,0.008,0.560,0
390,C,0.821,C,51.7,-118.0,137.6,123.1,-173.6,9.6,15.2,0.846,0.001,0.153,0
391,P,0.803,C,91.0,-72.1,143.2,112.4,-99.9,4.7,16.9,0.929,0.001,0.070,0
392,L,0.793,C,66.8,-87.7,137.1,115.8,-128.2,14.4,11.9,0.958,0.001,0.041,0
393,P,0.772,C,82.6,-69.8,146.1,109.1,-100.4,6.8,14.3,0.974,0.013,0.014,0
394,T,0.758,C,96.2,-85.5,103.0,108.1,-117.1,5.3,13.5,0.920,0.032,0.048,0
395,A,0.733,C,70.9,-88.1,116.9,110.4,-149.8,6.5,13.0,0.916,0.041,0.042,0
396,T,0.717,C,74.8,-89.5,126.9,112.8,-147.1,9.8,13.1,0.867,0.059,0.074,0
397,T,0.695,C,83.9,-97.1,110.4,111.2,-166.7,6.6,14.7,0.779,0.078,0.143,0
398,G,0.684,C,43.2,-101.1,143.2,112.8,-124.2,7.9,15.3,0.733,0.068,0.199,0
399,N,0.712,C,88.6,-98.1,107.9,111.7,-145.3,8.6,16.4,0.698,0.045,0.257,0
400,V,0.757,E,57.1,-111.3,136.6,120.7,-178.0,12.3,17.4,0.467,0.036,0.498,0
401,H,0.804,E,64.5,-111.0,136.1,121.6,-155.2,13.5,19.4,0.278,0.020,0.702,0
402,T,0.816,E,37.4,-121.2,141.6,125.7,-169.0,15.2,19.6,0.200,0.018,0.782,0
403,A,0.804,E,31.1,-102.6,133.0,119.1,-142.6,15.4,18.7,0.227,0.027,0.746,0
404,K,0.798,E,68.0,-115.7,136.8,123.5,-164.7,12.5,20.1,0.203,0.028,0.769,0
405,K,0.798,E,87.6,-103.4,131.4,118.8,-144.0,11.9,20.4,0.202,0.041,0.757,0
406,I,0.790,E,29.3,-118.9,139.7,125.6,-168.1,18.2,16.9,0.247,0.063,0.690,0
407,S,0.790,E,43.1,-100.7,133.2,118.2,-144.6,10.2,23.6,0.350,0.101,0.549,0
408,I,0.793,C,29.0,-98.3,115.7,113.0,-154.1,20.2,16.5,0.471,0.230,0.300,0
409,T,0.797,C,43.3,-95.9,132.7,113.8,178.4,11.6,18.9,0.589,0.254,0.156,0
410,E,0.789,C,102.7,-82.6,10.4,104.8,-143.6,9.8,16.5,0.551,0.341,0.109,0
411,R,0.760,C,126.7,-90.3,35.3,107.5,69.5,6.6,15.6,0.573,0.326,0.101,0
412,S,0.732,C,56.3,-93.5,89.9,109.8,62.4,10.0,15.6,0.589,0.260,0.151,0
413,C,0.711,C,48.4,-97.6,119.2,113.6,-174.2,14.6,13.1,0.701,0.209,0.090,0
414,T,0.671,C,79.3,-96.6,105.0,110.7,-161.4,7.4,16.7,0.824,0.103,0.072,0
415,G,0.644,C,31.6,112.8,-174.6,121.3,-34.9,9.4,16.9,0.955,0.012,0.033,0
416,A,0.636,C,51.0,-90.3,141.3,118.0,-75.7,9.6,16.5,0.948,0.007,0.045,0
417,P,0.635,C,62.9,-68.2,149.1,112.2,-102.6,11.5,14.0,0.864,0.107,0.029,0
418,R,0.645,C,145.2,-81.1,131.3,110.8,-110.1,5.7,15.2,0.752,0.174,0.075,0
419,M,0.657,C,105.1,-85.8,130.0,111.6,-125.6,9.1,11.9,0.791,0.136,0.074,0
420,T,0.657,C,86.5,-88.8,119.4,110.2,-139.9,6.8,12.6,0.917,0.036,0.048,0
421,E,0.653,C,131.2,-96.6,125.2,115.0,-129.5,3.9,14.2,0.964,0.004,0.032,0
422,P,0.632,C,78.2,-70.2,143.6,110.8,-106.1,10.1,11.0,0.953,0.031,0.016,0
423,S,0.616,C,78.1,-87.4,135.5,113.3,-118.6,5.1,13.7,0.924,0.044,0.032,0
424,S,0.603,C,71.6,-91.9,124.2,112.3,-138.8,7.4,10.9,0.929,0.042,0.030,0
425,V,0.599,C,97.4,-100.1,132.1,116.3,-162.2,5.6,12.6,0.954,0.014,0.031,0
426,N,0.603,C,91.0,-88.5,133.9,115.5,-122.2,7.7,13.4,0.982,0.002,0.016,0
427,P,0.600,C,69.0,-68.8,147.0,108.6,-104.6,10.8,12.8,0.990,0.005,0.004,0
428,R,0.607,C,142.3,-79.2,130.6,109.7,-105.7,6.2,14.6,0.964,0.031,0.004,0
429,P,0.609,C,72.0,-73.5,136.8,107.2,-109.1,9.7,13.4,0.808,0.185,0.007,0
430,A,0.618,C,67.1,-70.3,-22.1,98.9,-117.7,6.7,16.1,0.494,0.482,0.024,0
431,A,0.629,H,46.6,-74.8,-16.4,102.7,70.2,10.8,14.8,0.342,0.608,0.050,0
432,A,0.642,H,44.2,-79.7,27.3,105.2,90.2,12.6,14.2,0.358,0.550,0.092,0
433,S,0.649,H,51.5,-91.1,101.9,109.9,153.4,10.0,17.2,0.383,0.461,0.156,0
434,V,0.657,C,60.4,-94.0,116.3,112.0,167.9,13.2,14.3,0.615,0.230,0.155,0
435,V,0.650,C,74.5,-96.4,125.0,114.3,178.9,10.8,14.4,0.786,0.090,0.124,0
436,Q,0.644,C,94.9,-106.6,130.1,118.9,-162.3,7.8,17.2,0.937,0.016,0.047,0
437,P,0.632,C,68.9,-72.2,139.0,108.8,-118.0,11.3,14.1,0.912,0.062,0.025,0
438,E,0.611,C,115.3,-85.9,30.4,105.6,-139.5,7.5,14.7,0.923,0.047,0.030,0
439,N,0.609,C,73.6,-103.4,121.1,116.1,91.4,9.9,13.7,0.972,0.005,0.023,0
440,P,0.609,C,78.9,-70.8,141.3,111.1,-111.3,7.6,17.2,0.966,0.007,0.027,0
441,V,0.623,C,54.3,-80.9,137.6,114.4,-117.8,15.7,13.5,0.966,0.012,0.022,0
442,P,0.627,C,59.5,-70.4,142.9,110.9,-106.1,11.8,15.3,0.928,0.054,0.017,0
443,A,0.632,C,71.9,-81.6,110.1,107.5,-121.4,7.3,13.8,0.859,0.110,0.030,0
444,A,0.638,C,77.7,-89.0,116.2,110.1,-136.2,5.8,11.4,0.864,0.094,0.041,0
445,Q,0.645,C,111.6,-95.3,128.9,114.6,-158.4,7.3,10.3,0.929,0.035,0.036,0
446,D,0.671,C,97.9,-92.3,126.7,112.6,-140.5,5.8,13.0,0.953,0.018,0.029,0
447,T,0.675,C,88.4,-88.0,106.7,109.0,-139.9,6.7,11.1,0.954,0.025,0.021,0
448,T,0.673,C,96.0,-82.6,2.2,103.5,-164.9,4.8,11.1,0.933,0.047,0.020,0
449,D,0.673,C,105.1,-84.7,19.3,103.8,70.2,3.9,11.1,0.933,0.046,0.021,0
450,K,0.662,C,123.7,-88.7,77.1,107.9,108.4,5.9,11.0,0.942,0.033,0.025,0
451,K,0.657,C,118.9,-96.8,129.4,116.7,-170.6,6.0,12.4,0.965,0.011,0.024,0
452,P,0.645,C,71.2,-67.6,147.4,111.3,-102.5,9.9,12.2,0.967,0.024,0.009,0
453,T,0.644,C,92.8,-86.0,128.0,110.7,-120.3,5.6,13.6,0.935,0.048,0.017,0
454,R,0.643,C,137.5,-89.6,126.3,113.2,-128.9,7.3,12.3,0.951,0.042,0.007,0
455,P,0.629,C,82.1,-70.7,135.2,106.7,-114.4,7.5,13.0,0.877,0.119,0.005,0
456,A,0.619,C,67.4,-74.6,36.0,104.7,-119.0,7.6,13.0,0.751,0.237,0.012,0
457,A,0.621,C,68.9,-78.1,17.2,104.5,-130.0,7.2,12.4,0.752,0.235,0.014,0
458,A,0.617,C,70.0,-83.2,18.6,105.2,129.2,6.5,13.2,0.773,0.213,0.014,0
459,S,0.628,C,70.1,-82.3,7.5,105.2,95.1,5.4,12.8,0.784,0.206,0.011,0
460,Q,0.631,C,118.2,-77.0,-17.3,100.5,73.2,4.7,12.6,0.682,0.309,0.008,0
461,D,0.642,C,90.5,-82.2,-4.2,101.8,62.1,5.5,12.8,0.602,0.391,0.008,0
462,S,0.632,C,71.7,-74.7,-18.3,99.9,69.8,4.8,13.6,0.524,0.471,0.005,0
463,Q,0.608,H,103.4,-86.6,43.6,106.7,79.2,6.1,14.5,0.451,0.538,0.011,0
464,A,0.600,H,48.4,-87.3,112.6,109.9,142.6,11.3,12.7,0.480,0.506,0.013,0
465,A,0.594,C,58.0,-83.4,101.3,108.1,-163.0,9.3,14.8,0.601,0.380,0.019,0
466,D,0.589,C,100.4,-86.0,35.0,104.8,52.0,4.6,14.9,0.692,0.292,0.016,0
467,G,0.561,C,48.7,72.2,7.9,105.2,-73.2,6.1,14.7,0.682,0.311,0.008,0
468,A,0.566,C,61.7,-90.5,116.8,110.8,151.3,8.5,13.4,0.581,0.410,0.009,0
469,G,0.581,C,37.8,-94.9,141.1,116.9,-158.2,9.8,14.9,0.532,0.447,0.022,0
470,R,0.604,H,103.9,-99.8,132.2,117.2,-151.2,10.4,17.1,0.460,0.498,0.042,0
471,A,0.631,H,48.7,-89.4,139.3,114.7,-141.0,11.1,16.0,0.435,0.505,0.061,0
472,S,0.655,H,37.1,-93.0,148.1,118.8,-135.3,12.0,17.1,0.393,0.498,0.110,0
473,L,0.660,H,76.1,-67.0,-30.3,95.7,-121.2,11.5,15.5,0.402,0.480,0.117,0
474,A,0.671,C,49.8,-68.1,-37.0,95.2,54.9,8.6,16.8,0.441,0.427,0.132,0
475,T,0.686,C,57.9,-68.8,-35.5,94.5,54.5,9.8,14.4,0.543,0.315,0.143,0
476,K,0.677,C,90.3,-68.6,-34.5,94.7,55.4,9.6,13.8,0.626,0.223,0.151,0
477,R,0.672,C,135.6,-70.4,-30.2,95.8,56.8,4.5,14.0,0.678,0.201,0.121,0
478,K,0.662,C,129.1,-76.2,-20.9,98.2,56.3,3.9,13.0,0.767,0.142,0.091,0
479,E,0.659,C,129.7,-81.8,21.3,102.4,47.3,4.2,13.0,0.904,0.048,0.049,0
480,D,0.656,C,82.9,-98.7,139.2,119.1,120.5,5.2,11.2,0.945,0.006,0.049,0
481,P,0.637,C,93.0,-69.2,135.1,106.5,-103.5,5.2,12.6,0.942,0.034,0.024,0
482,A,0.642,C,66.5,-79.8,129.7,109.4,-118.4,7.9,12.1,0.938,0.024,0.037,0
483,D,0.664,C,79.2,-96.0,127.0,115.3,-136.8,7.5,15.3,0.949,0.016,0.035,0
484,P,0.675,C,76.4,-67.7,-14.1,99.9,-135.7,10.0,13.1,0.809,0.185,0.006,0
485,E,0.698,C,123.6,-85.3,4.4,103.1,73.8,4.7,15.7,0.766,0.222,0.012,0
486,V,0.710,C,70.1,-93.4,124.0,112.6,126.8,10.3,12.8,0.724,0.250,0.026,0
487,N,0.721,C,76.1,-100.0,125.5,114.0,177.4,9.2,16.3,0.728,0.225,0.048,0
488,Q,0.741,C,88.1,-87.1,52.2,107.7,-163.7,10.4,15.7,0.680,0.229,0.091,0
489,R,0.746,C,122.3,-90.6,90.4,109.6,145.7,7.5,17.2,0.645,0.228,0.126,0
490,N,0.757,C,48.6,-95.1,117.9,112.2,-169.9,12.2,18.9,0.648,0.182,0.171,0
491,L,0.765,C,27.0,-98.9,129.2,116.3,-148.5,21.0,16.8,0.592,0.193,0.216,0
492,Q,0.768,E,65.5,-110.2,133.2,120.3,-164.3,11.3,23.3,0.437,0.101,0.462,0
493,F,0.753,E,46.4,-92.2,131.8,116.1,-139.0,18.4,16.4,0.398,0.075,0.527,0
494,V,0.723,C,64.6,-104.5,129.0,115.3,-159.7,10.9,16.5,0.563,0.042,0.395,0
495,G,0.679,C,30.5,161.2,178.0,121.6,-41.1,10.5,17.4,0.704,0.033,0.263,0
496,V,0.640,C,84.1,-99.7,121.7,113.1,-79.8,8.9,16.1,0.690,0.058,0.251,0
497,N,0.604,C,102.4,-58.8,35.7,101.0,-9.1,5.9,14.9,0.875,0.029,0.096,0
498,G,0.572,C,54.2,81.6,-2.2,101.2,-56.8,3.3,14.0,0.919,0.019,0.063,0
499,G,0.555,C,44.8,-108.2,160.3,116.2,120.5,5.5,13.6,0.804,0.023,0.173,0
500,Y,0.566,C,158.3,-97.8,133.4,117.0,-136.6,4.9,8.8,0.676,0.033,0.291,0
501,E,0.567,C,134.8,-94.1,133.9,116.4,-138.6,5.3,8.3,0.864,0.012,0.125,0
502,S,0.567,C,70.7,-104.9,145.3,120.9,-152.2,6.0,10.0,0.899,0.011,0.090,0
503,P,0.548,C,101.0,-81.4,-5.0,103.4,-135.4,4.9,10.4,0.924,0.040,0.036,0
504,S,0.551,C,82.7,-86.6,58.3,106.8,82.5,3.5,9.1,0.882,0.073,0.044,0
505,E,0.555,C,139.7,-78.4,-9.6,100.5,60.7,3.4,9.5,0.888,0.090,0.023,0
506,D,0.563,C,112.8,-82.8,-0.5,100.7,56.4,2.3,9.3,0.903,0.080,0.017,0
507,S,0.552,C,73.9,-85.6,30.1,105.9,84.9,4.5,9.7,0.912,0.070,0.018,0
508,S,0.540,C,75.4,-78.0,-13.3,100.9,84.7,5.0,9.6,0.917,0.068,0.014,0
509,T,0.531,C,92.0,-80.8,-10.2,100.1,63.3,4.1,10.8,0.907,0.078,0.015,0
510,A,0.543,C,67.0,-73.0,-24.7,98.4,68.0,5.9,11.1,0.890,0.100,0.011,0
511,E,0.539,C,120.3,-77.1,-17.7,99.0,61.1,4.2,11.7,0.907,0.079,0.014,0
512,N,0.532,C,102.0,-83.9,4.4,102.8,65.0,4.5,11.4,0.943,0.045,0.012,0
513,S,0.541,C,72.3,-79.8,-10.3,102.9,82.9,4.9,10.2,0.923,0.069,0.008,0
514,E,0.553,C,128.0,-76.6,-17.8,99.1,63.9,3.6,11.6,0.889,0.104,0.007,0
515,H,0.564,C,116.9,-79.8,-10.4,100.9,68.5,5.5,10.8,0.857,0.130,0.013,0
516,E,0.558,C,111.9,-73.0,-24.9,98.3,68.7,5.8,11.2,0.842,0.141,0.017,0
517,S,0.552,C,70.3,-75.1,-21.2,98.6,63.3,5.0,11.6,0.850,0.134,0.016,0
518,T,0.554,C,84.9,-77.4,-18.8,99.9,68.6,4.7,11.8,0.835,0.143,0.022,0
519,E,0.539,C,114.3,-76.6,-19.2,99.3,66.3,5.5,11.4,0.857,0.126,0.017,0
520,N,0.525,C,102.6,-84.3,3.5,102.8,67.8,4.6,11.5,0.879,0.100,0.021,0
521,E,0.511,C,125.6,-83.7,17.1,104.5,85.6,4.3,10.3,0.889,0.093,0.018,0
522,G,0.515,C,48.6,-96.0,147.0,114.4,110.6,4.3,11.0,0.942,0.040,0.018,0
523,P,0.528,C,84.7,-77.6,137.3,109.8,-103.9,7.1,12.3,0.970,0.019,0.011,0
524,E,0.561,C,119.4,-95.1,143.4,119.6,-134.8,4.3,13.3,0.980,0.008,0.012,0
525,P,0.579,C,75.0,-66.2,148.6,112.1,-99.3,7.8,12.7,0.973,0.024,0.003,0
526,P,0.586,C,83.0,-65.7,161.8,103.3,-104.2,7.5,12.9,0.844,0.149,0.006,0
527,A,0.622,C,79.3,-74.2,-1.9,102.9,-101.3,4.3,12.8,0.765,0.217,0.018,0
528,R,0.635,C,146.8,-85.6,15.3,104.3,60.5,5.0,11.1,0.772,0.191,0.037,0
529,V,0.652,C,83.2,-92.4,124.3,113.2,119.4,8.0,10.4,0.851,0.104,0.045,0
530,L,0.657,C,96.3,-88.2,138.1,114.8,-136.6,7.0,13.0,0.922,0.056,0.022,0
531,S,0.662,C,58.0,-84.3,149.9,118.4,-119.5,6.6,14.7,0.916,0.066,0.018,0
532,P,0.653,C,86.5,-61.8,-30.4,94.3,-110.9,7.5,12.2,0.690,0.304,0.006,0
533,A,0.655,C,81.1,-68.9,-29.1,94.3,56.9,2.4,13.3,0.664,0.322,0.014,0
534,E,0.669,C,111.8,-79.1,-17.2,98.3,53.7,4.8,13.6,0.696,0.279,0.025,0
535,C,0.670,C,51.9,-92.8,121.4,113.5,89.9,10.0,9.8,0.876,0.103,0.021,0
536,P,0.648,C,89.8,-65.7,-26.2,97.7,-149.7,5.6,12.7,0.808,0.180,0.012,0
537,Q,0.644,C,118.8,-87.0,45.3,106.1,67.7,3.9,13.4,0.809,0.165,0.027,0
538,L,0.630,C,80.6,-88.3,124.3,111.9,153.4,10.4,9.7,0.887,0.082,0.031,0
539,R,0.627,C,133.7,-101.2,137.0,119.6,-146.5,5.9,14.1,0.965,0.005,0.030,0
540,P,0.624,C,80.1,-66.5,149.8,113.6,-102.0,6.5,12.0,0.985,0.007,0.008,0
541,P,0.607,C,92.6,-66.2,144.7,107.7,-98.0,5.7,12.7,0.926,0.069,0.004,0
542,G,0.613,C,57.6,76.1,-7.4,103.8,16.2,2.2,12.5,0.895,0.094,0.011,0
543,A,0.627,C,74.1,-81.7,37.5,105.4,95.5,4.7,8.6,0.809,0.155,0.036,0
544,A,0.651,C,72.7,-80.8,35.8,105.2,110.8,6.0,10.1,0.808,0.147,0.045,0
545,V,0.689,C,95.1,-90.0,90.3,108.8,106.7,6.6,10.2,0.786,0.138,0.076,0
546,A,0.692,C,73.6,-89.2,121.6,111.4,173.8,6.2,10.5,0.853,0.112,0.036,0
547,T,0.695,C,88.6,-96.1,131.3,114.5,-162.8,5.7,11.3,0.838,0.117,0.046,0
548,T,0.679,C,87.8,-90.2,109.2,109.7,-151.0,6.4,11.2,0.795,0.157,0.048,0
549,S,0.657,C,74.6,-84.8,50.3,106.3,-148.2,5.4,11.5,0.803,0.160,0.037,0
550,L,0.642,C,109.8,-77.5,-17.8,100.7,153.1,5.5,11.3,0.802,0.167,0.031,0
551,E,0.628,C,127.5,-86.9,13.2,104.5,64.3,3.8,12.4,0.832,0.130,0.038,0
552,G,0.622,C,41.1,89.2,-165.1,113.0,4.1,6.5,13.6,0.891,0.088,0.022,0
553,P,0.614,C,84.8,-78.0,14.2,104.8,-67.2,7.1,12.6,0.790,0.182,0.027,0
554,Q,0.619,C,109.7,-88.2,56.7,107.3,123.3,5.3,14.5,0.714,0.223,0.063,0
555,L,0.609,C,76.6,-86.4,107.4,109.6,126.5,12.2,10.5,0.780,0.196,0.024,0
556,S,0.610,C,54.5,-92.5,148.3,114.6,-171.9,8.1,14.2,0.731,0.253,0.016,0
557,Q,0.621,H,108.7,-69.5,-28.9,97.4,-114.5,5.9,14.2,0.491,0.500,0.009,0
558,E,0.620,H,100.2,-70.2,-32.7,95.5,55.6,6.6,13.8,0.441,0.544,0.015,0
559,S,0.615,C,51.5,-74.0,-25.0,98.1,61.5,10.2,12.0,0.499,0.485,0.016,0
560,Q,0.618,C,114.9,-80.4,-8.3,100.9,65.5,4.6,13.5,0.599,0.371,0.030,0
561,R,0.618,C,136.7,-88.2,48.6,106.7,82.6,5.7,13.2,0.789,0.167,0.043,0
562,V,0.639,C,60.4,-99.8,131.6,118.6,179.8,11.7,11.9,0.956,0.006,0.038,0
563,P,0.637,C,67.0,-67.8,151.2,113.3,-106.9,7.7,15.8,0.982,0.013,0.004,0
564,A,0.640,C,55.2,-71.9,150.5,112.1,-105.7,8.9,16.0,0.908,0.083,0.009,0
565,P,0.631,C,80.5,-63.3,-31.1,96.7,-106.8,8.6,14.5,0.782,0.212,0.006,0
566,E,0.635,C,122.0,-69.4,-28.2,95.3,57.6,3.7,14.9,0.668,0.315,0.017,0
567,V,0.616,C,74.5,-75.0,-21.7,97.2,57.8,8.3,13.4,0.663,0.306,0.031,0
568,A,0.583,C,56.8,-75.6,-18.7,99.9,69.9,9.9,12.2,0.783,0.195,0.022,0
569,S,0.557,C,80.7,-86.7,2.8,101.9,58.3,3.4,14.3,0.887,0.085,0.028,0
570,G,0.560,C,36.4,134.4,-178.6,124.2,17.9,6.4,15.2,0.971,0.009,0.021,0
571,P,0.566,C,77.2,-73.9,138.4,109.4,-61.2,9.1,15.9,0.990,0.004,0.006,0
572,D,0.613,C,69.7,-89.6,118.7,111.7,-123.9,9.1,15.5,0.989,0.007,0.004,0
573,P,0.634,H,76.1,-65.5,-25.0,96.2,-149.6,9.6,13.4,0.497,0.503,0.000,0
574,E,0.661,H,115.7,-72.8,-24.6,96.5,59.5,5.0,15.6,0.330,0.668,0.001,0
575,E,0.694,H,90.8,-75.5,-23.3,100.2,61.8,8.4,15.1,0.248,0.747,0.005,0
576,E,0.726,H,90.5,-80.1,-4.9,103.5,71.5,8.9,16.5,0.286,0.702,0.012,0
577,I,0.747,H,54.6,-89.6,88.8,109.3,83.2,12.6,16.2,0.380,0.550,0.070,0
578,R,0.766,C,93.3,-91.1,78.9,109.2,142.1,10.4,18.8,0.472,0.419,0.109,0
579,M,0.773,C,41.9,-103.1,130.8,116.5,150.1,17.3,16.3,0.538,0.353,0.109,0
580,D,0.772,C,78.5,-100.8,127.3,116.2,-150.0,7.6,24.2,0.677,0.197,0.125,0
581,L,0.743,C,23.7,-82.9,138.2,116.8,-131.4,22.7,15.4,0.956,0.006,0.037,0
582,S,0.748,C,23.2,-73.5,149.1,115.2,-106.9,14.1,19.1,0.996,0.003,0.002,0
583,P,0.748,H,83.2,-62.6,-32.8,92.6,-119.0,7.8,19.6,0.036,0.964,0.000,0
584,D,0.783,H,65.3,-67.0,-37.4,93.4,53.6,8.3,21.0,0.013,0.987,0.000,0
585,L,0.808,H,8.4,-65.6,-41.6,94.2,51.1,24.2,18.9,0.001,0.999,0.000,0
586,I,0.829,H,31.2,-62.3,-42.3,92.7,52.9,17.6,23.5,0.001,0.999,0.000,0
587,S,0.851,H,45.3,-64.4,-40.7,92.0,51.0,6.5,27.4,0.001,0.999,0.000,0
588,A,0.860,H,6.7,-65.8,-43.2,93.9,50.4,20.9,23.5,0.001,0.999,0.000,0
589,C,0.876,H,3.2,-64.6,-43.1,94.1,51.1,25.8,23.4,0.001,0.999,0.000,0
590,L,0.876,H,61.8,-64.3,-40.8,92.6,52.0,9.8,26.8,0.001,0.999,0.000,0
591,A,0.869,H,19.5,-65.4,-41.9,92.9,50.5,13.3,24.4,0.001,0.999,0.000,0
592,L,0.866,H,2.8,-65.6,-43.4,94.3,50.6,25.9,20.6,0.002,0.998,0.000,0
593,E,0.859,H,54.8,-63.3,-40.7,92.8,52.4,15.9,21.6,0.006,0.994,0.000,0
594,K,0.846,H,112.5,-67.2,-36.7,92.1,50.2,4.2,24.0,0.021,0.979,0.000,0
595,Y,0.836,H,43.0,-78.1,-28.8,96.1,46.0,15.9,17.4,0.099,0.901,0.000,0
596,L,0.820,H,14.0,-67.6,-37.1,94.8,57.1,23.2,15.1,0.426,0.572,0.002,0
597,E,0.803,C,118.1,-73.1,-27.2,94.2,52.7,4.9,18.8,0.769,0.225,0.006,0
598,N,0.792,C,78.3,-124.7,81.2,111.3,28.5,6.2,18.4,0.995,0.002,0.003,0
599,P,0.768,C,46.6,-66.7,-20.2,95.9,-170.9,18.4,12.4,0.849,0.147,0.003,0
600,N,0.780,C,109.0,-85.7,3.7,97.8,62.2,3.7,19.3,0.838,0.159,0.003,0
601,A,0.794,C,33.9,-81.6,131.5,110.5,112.5,12.2,15.2,0.765,0.221,0.015,0
602,L,0.819,C,32.5,-91.9,135.5,116.5,-131.3,20.4,15.0,0.937,0.046,0.018,0
603,T,0.853,C,63.1,-84.0,160.9,120.8,-128.4,5.9,22.4,0.960,0.029,0.011,0
604,E,0.873,H,99.0,-61.1,-36.5,93.4,-106.9,12.1,14.6,0.055,0.945,0.000,0
605,R,0.875,H,150.5,-65.1,-37.4,92.4,54.3,2.2,20.3,0.029,0.971,0.000,0
606,E,0.874,H,60.4,-66.8,-39.0,93.4,50.8,10.4,18.2,0.016,0.984,0.000,0
607,L,0.877,H,13.6,-64.4,-41.1,93.3,51.4,22.5,16.4,0.010,0.990,0.000,0
608,K,0.882,H,85.5,-63.0,-40.5,92.6,53.0,12.3,22.1,0.014,0.986,0.000,0
609,V,0.891,H,68.4,-65.8,-39.7,92.5,50.4,5.7,24.3,0.026,0.974,0.000,0
610,A,0.901,H,10.8,-67.0,-41.5,94.1,49.9,19.3,20.9,0.027,0.973,0.000,0
611,Y,0.908,H,15.1,-66.1,-41.1,94.7,50.8,23.7,22.1,0.013,0.987,0.000,0
612,T,0.921,H,45.4,-64.5,-40.5,93.1,52.6,13.0,24.9,0.011,0.989,0.000,0
613,T,0.924,H,40.7,-66.3,-40.5,93.1,50.3,10.2,25.6,0.019,0.981,0.000,0
614,V,0.945,H,5.8,-66.4,-42.8,94.4,49.7,23.3,23.4,0.024,0.976,0.000,0
615,L,0.944,H,8.6,-64.8,-42.5,94.2,51.4,24.2,23.9,0.020,0.980,0.000,0
616,Q,0.958,H,52.2,-64.4,-41.1,92.9,52.2,14.7,26.0,0.034,0.966,0.000,0
617,E,0.967,H,46.9,-66.0,-40.8,92.9,50.3,13.1,26.6,0.046,0.954,0.000,0
618,W,0.960,H,6.7,-66.0,-43.2,94.4,50.1,24.6,24.5,0.035,0.965,0.000,0
619,L,0.956,H,4.5,-65.4,-42.2,94.4,51.1,25.6,25.1,0.019,0.981,0.000,0
620,R,0.931,H,77.6,-65.2,-40.4,93.1,52.8,13.4,26.9,0.034,0.966,0.000,0
621,L,0.904,H,25.0,-67.1,-39.7,93.4,50.2,16.8,26.0,0.063,0.937,0.000,0
622,A,0.871,H,3.5,-70.9,-34.8,95.1,52.1,24.5,21.3,0.227,0.772,0.001,0
623,C,0.848,C,20.0,-87.8,-6.5,99.7,53.2,21.2,20.4,0.625,0.366,0.009,0
624,R,0.824,C,95.6,-86.5,134.1,113.6,99.5,11.6,17.6,0.890,0.097,0.014,0
625,S,0.802,C,75.0,-75.1,-15.4,99.0,-145.2,6.5,17.0,0.903,0.090,0.007,0
626,D,0.788,C,103.3,-90.1,7.5,99.9,47.6,3.4,18.7,0.930,0.061,0.008,0
627,A,0.780,C,21.5,-84.0,140.6,117.2,118.3,20.6,11.1,0.983,0.008,0.009,0
628,H,0.798,C,86.5,-89.4,121.1,111.5,-133.4,8.8,23.2,0.985,0.011,0.004,0
629,P,0.804,H,40.7,-61.4,-34.3,92.7,-137.1,19.4,15.4,0.084,0.915,0.000,0
630,E,0.822,H,109.7,-64.6,-38.0,92.3,56.2,4.7,21.8,0.020,0.980,0.000,0
631,L,0.839,H,34.3,-66.3,-40.8,93.7,51.3,13.8,19.6,0.004,0.996,0.000,0
632,V,0.868,H,4.7,-64.3,-42.5,93.6,51.6,25.6,18.5,0.002,0.998,0.000,0
633,R,0.889,H,98.1,-63.2,-40.6,92.6,53.2,12.3,22.7,0.002,0.998,0.000,0
634,R,0.905,H,117.4,-66.8,-38.2,92.4,49.8,5.2,25.2,0.004,0.996,0.000,0
635,H,0.913,H,10.8,-67.8,-41.2,94.6,49.5,22.3,21.9,0.004,0.996,0.000,0
636,L,0.921,H,7.4,-64.4,-42.8,94.1,52.1,24.6,22.8,0.003,0.997,0.000,0
637,V,0.923,H,59.2,-64.4,-40.5,92.4,51.6,8.2,25.8,0.006,0.994,0.000,0
638,T,0.921,H,28.3,-66.2,-41.3,93.2,50.3,13.1,23.6,0.013,0.987,0.000,0
639,F,0.915,H,6.0,-66.4,-42.5,94.7,50.4,25.0,20.3,0.024,0.976,0.000,0
640,R,0.882,H,87.1,-64.0,-39.4,92.8,53.2,15.4,22.2,0.050,0.950,0.000,0
641,A,0.854,H,58.8,-70.3,-30.1,92.3,51.7,6.4,24.0,0.136,0.864,0.000,0
642,M,0.843,H,25.4,-93.3,-10.9,99.2,43.9,19.6,19.0,0.281,0.719,0.000,0
643,S,0.839,H,9.4,-65.3,-43.5,97.9,79.1,23.8,18.6,0.159,0.841,0.000,0
644,A,0.855,H,49.2,-63.0,-38.2,92.1,54.8,9.8,23.4,0.100,0.900,0.000,0
645,R,0.854,H,99.0,-68.6,-36.1,93.2,51.5,8.3,23.5,0.081,0.919,0.000,0
646,L,0.890,H,3.5,-66.9,-41.9,94.7,51.1,25.5,20.4,0.067,0.933,0.000,0
647,L,0.913,H,14.1,-67.0,-35.7,94.1,53.5,23.2,20.7,0.116,0.882,0.001,0
648,D,0.942,H,84.5,-74.1,-22.0,93.9,55.8,6.5,24.2,0.341,0.654,0.006,0
649,Y,0.947,H,52.5,-97.9,-4.0,102.8,46.6,17.6,22.8,0.485,0.492,0.023,0
650,V,0.934,C,7.4,-96.8,123.0,114.6,87.4,25.0,20.8,0.621,0.197,0.182,0
651,V,0.906,C,17.3,-99.7,105.0,112.0,-178.5,22.0,24.9,0.500,0.192,0.308,0
652,N,0.875,C,39.3,-92.3,63.8,105.9,74.7,16.0,25.0,0.559,0.175,0.267,0
653,I,0.844,C,18.8,-111.2,137.6,122.9,155.0,21.6,19.8,0.530,0.020,0.450,0
654,A,0.814,E,32.6,-102.0,140.6,121.1,-144.6,12.5,21.9,0.380,0.006,0.613,0
655,D,0.782,C,27.5,-92.1,174.7,126.6,-138.2,13.4,16.8,0.952,0.001,0.047,0
656,S,0.736,C,88.1,-65.5,-22.5,90.7,-92.4,3.6,15.9,0.989,0.009,0.002,0
657,N,0.694,C,102.8,-91.4,1.9,94.2,53.1,3.3,16.2,0.986,0.012,0.002,0
658,G,0.680,C,33.4,88.1,7.0,95.3,-105.9,10.5,15.0,0.968,0.017,0.014,0
659,N,0.707,C,43.3,-79.5,148.3,121.3,138.0,9.1,21.5,0.928,0.013,0.059,0
660,T,0.745,E,13.4,-86.0,152.7,122.3,-123.0,21.0,22.8,0.361,0.020,0.618,0
661,A,0.772,H,4.7,-64.6,-34.0,93.5,-113.3,25.0,24.6,0.333,0.639,0.028,0
662,L,0.796,H,1.8,-64.9,-42.7,94.1,52.1,27.3,27.4,0.095,0.900,0.004,0
663,H,0.817,H,15.3,-64.4,-42.0,93.4,52.5,22.3,27.4,0.026,0.972,0.001,0
664,Y,0.819,H,38.7,-65.1,-41.8,93.3,50.8,16.8,28.8,0.013,0.987,0.000,0
665,S,0.804,H,2.1,-64.8,-43.6,93.5,50.0,24.5,26.4,0.014,0.986,0.000,0
666,V,0.802,H,4.0,-65.9,-42.4,94.4,50.4,25.3,24.4,0.022,0.978,0.000,0
667,S,0.788,H,38.7,-69.5,-34.4,92.9,50.0,14.4,25.1,0.111,0.889,0.000,0
668,H,0.790,C,73.1,-101.3,2.4,99.8,38.0,13.8,22.3,0.667,0.332,0.001,0
669,A,0.789,C,28.6,66.6,26.5,95.5,-115.9,17.6,20.7,0.983,0.015,0.002,0
670,N,0.801,C,30.4,-98.6,71.1,105.5,156.0,16.0,22.6,0.982,0.014,0.004,0
671,F,0.829,H,21.3,-65.5,-36.5,94.4,168.0,23.4,20.0,0.036,0.964,0.000,0
672,P,0.842,H,53.3,-64.2,-39.8,92.1,55.7,9.4,26.2,0.014,0.986,0.000,0
673,V,0.871,H,6.5,-65.6,-43.4,94.0,50.7,22.4,23.8,0.003,0.997,0.000,0
674,V,0.870,H,1.6,-64.7,-43.4,94.0,51.3,27.3,23.2,0.002,0.998,0.000,0
675,R,0.863,H,82.3,-63.5,-41.5,92.5,52.7,14.1,25.6,0.001,0.999,0.000,0
676,Q,0.836,H,46.9,-65.8,-40.9,92.7,50.3,11.7,25.9,0.001,0.999,0.000,0
677,L,0.832,H,3.3,-66.4,-42.7,94.0,49.6,24.7,20.9,0.003,0.997,0.000,0
678,L,0.823,H,12.0,-66.2,-39.7,94.2,51.0,23.5,19.2,0.020,0.980,0.000,0
679,D,0.810,H,89.0,-70.6,-28.7,92.8,52.6,5.3,21.3,0.233,0.767,0.000,0
680,S,0.779,C,46.5,-89.5,-2.3,96.4,54.6,11.2,15.8,0.803,0.195,0.002,0
681,G,0.784,C,42.3,83.4,8.3,97.7,-101.9,7.3,21.1,0.986,0.012,0.002,0
682,V,0.811,C,26.2,-89.6,5.5,104.2,122.7,18.3,18.9,0.950,0.033,0.017,0
683,C,0.856,C,15.0,-105.5,133.7,120.2,68.0,22.8,17.1,0.880,0.041,0.079,0
684,H,0.880,C,70.0,-96.2,82.4,107.0,-150.4,10.4,25.7,0.777,0.050,0.173,0
685,V,0.889,C,10.1,-72.7,-25.3,97.3,172.0,24.7,16.2,0.486,0.429,0.086,0
686,D,0.885,C,70.5,-85.0,-4.2,96.3,59.5,10.9,20.5,0.498,0.413,0.090,0
687,K,0.859,C,93.3,-102.1,129.5,117.6,81.3,9.0,19.3,0.473,0.315,0.212,0
688,L,0.832,E,56.5,-87.6,129.8,114.4,-134.3,17.0,18.3,0.446,0.097,0.457,0
689,N,0.810,C,31.5,-93.4,161.1,121.7,-145.0,16.8,17.6,0.797,0.049,0.154,0
690,R,0.786,C,126.9,-70.8,-18.4,95.6,-108.7,8.5,20.0,0.890,0.092,0.018,0
691,A,0.777,C,38.9,-84.7,-5.8,97.0,62.9,13.9,15.0,0.934,0.060,0.006,0
692,G,0.784,C,41.7,84.5,6.2,99.4,-98.1,7.7,20.0,0.962,0.031,0.007,0
693,Y,0.799,C,56.7,-95.8,139.9,120.2,125.3,15.7,19.7,0.933,0.013,0.055,0
694,S,0.827,C,15.9,-85.0,155.2,121.9,-125.6,18.0,25.6,0.922,0.044,0.034,0
695,P,0.841,H,8.0,-63.3,-35.2,93.1,-105.8,24.6,23.7,0.179,0.818,0.002,0
696,I,0.858,H,5.4,-65.5,-42.4,94.4,52.6,25.1,27.9,0.068,0.927,0.005,0
697,M,0.877,H,5.6,-65.2,-42.9,94.3,51.9,25.0,28.4,0.026,0.971,0.003,0
698,L,0.892,H,7.8,-65.3,-43.1,94.4,51.8,23.7,28.8,0.016,0.983,0.001,0
699,T,0.904,H,6.3,-65.2,-43.1,94.0,50.8,22.7,28.6,0.016,0.984,0.000,0
700,A,0.900,H,2.2,-65.6,-42.9,94.2,50.8,25.3,27.6,0.018,0.981,0.000,0
701,L,0.910,H,8.4,-68.5,-37.3,95.0,52.3,24.0,26.5,0.038,0.962,0.000,0
702,A,0.910,H,29.7,-72.7,-26.0,93.8,56.6,17.5,24.3,0.166,0.833,0.001,0
703,T,0.881,H,46.6,-96.6,-4.5,99.3,43.5,15.2,22.9,0.419,0.578,0.003,0
704,L,0.867,C,11.0,-86.0,133.8,117.4,101.6,24.8,11.8,0.853,0.134,0.013,0
705,K,0.868,C,115.9,-97.4,-15.2,99.5,-175.0,6.1,22.3,0.978,0.018,0.003,0
706,T,0.862,C,57.8,-135.8,160.5,137.8,34.8,5.4,23.7,0.980,0.014,0.006,0
707,Q,0.875,H,106.7,-61.0,-35.1,92.5,-108.2,9.0,15.3,0.220,0.780,0.000,0
708,D,0.900,H,96.6,-66.3,-35.0,92.6,55.8,2.8,20.8,0.251,0.749,0.000,0
709,D,0.913,H,21.1,-66.9,-39.1,93.8,51.3,18.3,17.0,0.194,0.805,0.000,0
710,I,0.928,H,19.2,-62.9,-41.1,92.9,53.8,21.2,19.3,0.051,0.949,0.000,0
711,E,0.942,H,92.9,-64.2,-40.2,92.3,52.7,6.5,25.1,0.021,0.979,0.000,0
712,T,0.961,H,16.8,-65.2,-42.7,93.6,51.1,17.5,23.5,0.009,0.990,0.000,0
713,I,0.974,H,2.0,-64.4,-43.8,93.8,51.0,27.1,23.3,0.003,0.997,0.000,0
714,L,0.983,H,35.4,-63.2,-41.8,92.7,52.2,16.8,24.9,0.003,0.997,0.000,0
715,Q,0.979,H,58.1,-65.4,-40.4,92.5,50.4,9.9,27.1,0.005,0.995,0.000,0
716,L,0.979,H,3.9,-66.2,-43.0,94.2,50.4,24.4,22.3,0.009,0.991,0.000,0
717,F,0.950,H,10.3,-68.2,-36.8,94.6,51.1,24.3,21.3,0.058,0.941,0.000,0
718,R,0.914,H,112.1,-72.2,-26.4,93.7,54.2,10.1,23.2,0.293,0.705,0.002,0
719,L,0.860,C,60.6,-96.6,-5.2,101.6,44.9,13.9,20.6,0.561,0.432,0.006,0
720,G,0.834,C,14.6,117.9,-179.3,126.3,-109.6,17.1,22.6,0.888,0.075,0.037,0
721,N,0.822,C,49.5,-90.5,102.7,108.8,-120.2,14.1,25.5,0.847,0.080,0.073,0
722,V,0.810,C,9.8,-86.5,-1.2,103.9,-173.2,24.3,22.0,0.559,0.296,0.145,0
723,N,0.806,C,35.5,-84.7,12.1,101.1,75.9,18.8,24.5,0.536,0.314,0.151,0
724,A,0.794,C,15.1,-89.0,61.1,107.9,105.3,21.7,22.5,0.534,0.296,0.170,0
725,K,0.779,C,69.4,-92.7,67.0,107.5,131.6,13.5,25.0,0.552,0.200,0.248,0
726,A,0.776,C,19.8,-83.5,89.1,107.7,136.1,21.1,17.3,0.776,0.064,0.161,0
727,S,0.765,C,44.2,-90.6,-173.7,114.6,145.5,10.9,18.9,0.910,0.031,0.059,0
728,Q,0.751,C,117.0,-70.1,-22.0,95.7,-71.0,5.7,19.9,0.946,0.050,0.004,0
729,A,0.749,C,48.1,-89.2,-1.1,97.9,54.9,11.0,19.3,0.946,0.049,0.005,0
730,G,0.753,C,12.6,87.0,6.4,99.4,-102.2,19.0,21.5,0.943,0.036,0.021,0
731,Q,0.781,C,29.2,-89.8,144.9,120.4,138.8,17.6,25.0,0.845,0.028,0.127,0
732,T,0.800,C,5.9,-87.5,152.4,121.5,-123.1,23.8,26.6,0.758,0.046,0.196,0
733,A,0.822,H,2.0,-64.2,-33.8,93.4,-109.8,26.6,26.7,0.147,0.852,0.001,0
734,L,0.828,H,1.2,-65.5,-42.7,94.2,52.1,27.8,29.8,0.026,0.974,0.000,0
735,M,0.835,H,5.1,-65.2,-43.1,94.3,51.8,25.1,29.2,0.003,0.997,0.000,0
736,L,0.815,H,10.7,-65.0,-43.0,93.8,50.5,21.1,28.7,0.002,0.998,0.000,0
737,A,0.812,H,3.3,-65.0,-43.6,93.8,50.4,23.4,25.7,0.003,0.997,0.000,0
738,V,0.815,H,9.9,-66.3,-42.1,94.5,50.6,22.4,22.6,0.008,0.992,0.000,0
739,S,0.802,H,41.6,-68.7,-36.1,92.9,49.9,12.9,22.2,0.068,0.932,0.000,0
740,H,0.787,C,78.4,-96.5,-0.4,97.2,42.5,12.8,19.1,0.765,0.235,0.000,0
741,G,0.793,C,37.1,76.1,13.1,93.8,-109.5,11.6,20.7,0.998,0.002,0.000,0
742,R,0.822,C,64.3,-100.4,88.5,107.3,139.5,14.3,17.4,0.997,0.002,0.001,0
743,V,0.860,H,40.2,-64.2,-36.9,93.8,173.6,19.1,18.1,0.033,0.967,0.000,0
744,D,0.913,H,76.6,-64.5,-38.8,92.0,55.4,5.9,25.1,0.006,0.994,0.000,0
745,V,0.922,H,4.7,-65.2,-43.9,94.1,51.1,24.0,22.8,0.001,0.999,0.000,0
746,V,0.936,H,1.9,-64.3,-43.2,93.8,51.5,27.1,24.0,0.001,0.999,0.000,0
747,R,0.926,H,89.1,-63.3,-41.4,92.1,52.7,11.4,26.8,0.001,0.999,0.000,0
748,A,0.908,H,14.5,-64.7,-42.5,92.8,50.5,15.8,26.3,0.000,1.000,0.000,0
749,L,0.902,H,1.4,-65.0,-44.0,94.0,50.2,26.9,23.3,0.001,0.999,0.000,0
750,L,0.892,H,14.5,-64.9,-40.9,93.7,50.8,22.6,22.5,0.003,0.997,0.000,0
751,A,0.891,H,58.3,-69.3,-32.0,92.4,52.0,6.9,23.1,0.098,0.902,0.000,0
752,C,0.882,C,26.0,-92.7,0.5,98.0,49.1,18.0,15.8,0.888,0.111,0.001,0
753,E,0.870,C,106.1,65.5,30.8,96.4,-113.0,8.3,23.5,0.995,0.002,0.003,0
754,A,0.862,C,5.9,-83.8,144.5,119.6,160.8,24.7,14.3,0.978,0.000,0.021,0
755,D,0.866,C,53.5,-87.4,99.8,106.8,-132.9,10.0,27.3,0.884,0.002,0.114,0
756,V,0.843,C,8.3,-76.1,-19.7,96.7,-167.1,24.8,18.9,0.822,0.108,0.070,0
757,N,0.826,C,70.7,-89.5,4.0,95.8,60.4,10.2,22.5,0.868,0.083,0.049,0
758,I,0.818,C,29.1,-76.3,140.1,117.7,112.8,18.5,15.0,0.873,0.011,0.116,0
759,Q,0.826,E,97.7,-101.8,132.1,118.5,-139.2,7.5,20.6,0.473,0.003,0.524,0
760,D,0.828,C,29.6,-89.8,178.1,125.9,-138.4,13.5,13.7,0.968,0.001,0.031,0
761,E,0.814,C,162.0,-64.8,-23.9,90.4,-91.2,1.5,14.8,0.991,0.008,0.001,0
762,D,0.789,C,99.0,-89.7,-0.5,94.2,52.5,2.9,14.6,0.988,0.011,0.001,0
763,G,0.773,C,34.1,91.2,6.5,96.9,-102.8,9.2,14.8,0.983,0.010,0.007,0
764,S,0.767,C,25.4,-78.9,149.7,122.2,136.2,10.5,20.7,0.926,0.009,0.065,0
765,T,0.786,E,14.1,-91.5,155.2,124.9,-124.2,20.1,24.0,0.416,0.012,0.572,0
766,A,0.820,H,3.8,-62.7,-36.2,92.7,-109.2,25.6,24.2,0.029,0.971,0.000,0
767,L,0.829,H,2.1,-64.8,-43.1,94.1,51.7,26.9,28.3,0.004,0.996,0.000,0
768,M,0.845,H,7.6,-64.9,-42.9,93.9,51.8,24.1,28.7,0.002,0.998,0.000,0
769,C,0.839,H,10.4,-64.7,-43.1,93.5,50.4,19.9,28.3,0.002,0.998,0.000,0
770,A,0.824,H,3.1,-64.8,-43.9,93.7,50.4,23.5,25.0,0.001,0.999,0.000,0
771,C,0.809,H,7.4,-65.8,-42.2,94.4,50.5,23.3,21.7,0.004,0.996,0.000,0
772,E,0.783,H,80.9,-69.1,-36.3,93.0,49.3,11.3,22.2,0.042,0.958,0.000,0
773,H,0.773,C,80.8,-99.7,-1.1,97.7,39.5,11.8,18.7,0.736,0.264,0.000,0
774,G,0.769,C,36.0,78.1,12.3,95.5,-108.3,11.8,21.2,0.996,0.003,0.000,0
775,H,0.792,C,39.7,-98.9,89.2,107.8,149.0,17.5,17.6,0.991,0.007,0.001,0
776,K,0.806,H,72.3,-66.2,-34.8,95.2,178.0,16.7,18.6,0.068,0.932,0.000,0
777,E,0.831,H,98.2,-65.5,-37.3,92.2,55.5,5.9,25.2,0.021,0.979,0.000,0
778,I,0.842,H,4.7,-65.5,-43.7,94.2,51.0,24.4,22.2,0.003,0.997,0.000,0
779,T,0.837,H,2.4,-63.3,-43.7,93.4,52.1,26.5,23.9,0.001,0.999,0.000,0
780,G,0.829,H,20.0,-63.6,-41.6,92.6,52.6,12.7,26.1,0.001,0.999,0.000,0
781,L,0.832,H,27.0,-65.8,-41.6,93.3,50.6,15.9,26.2,0.001,0.999,0.000,0
782,L,0.846,H,1.5,-65.7,-43.2,94.1,50.2,27.1,23.2,0.004,0.996,0.000,0
783,L,0.857,H,12.1,-69.6,-32.7,94.2,51.9,23.5,21.7,0.067,0.933,0.000,0
784,A,0.847,C,57.5,-84.4,-11.8,93.9,53.6,8.5,22.7,0.544,0.455,0.001,0
785,V,0.857,C,20.1,-102.2,112.6,113.6,79.9,21.5,13.1,0.995,0.002,0.003,0
786,P,0.838,C,74.4,-67.3,134.4,106.7,-129.9,7.8,21.2,0.992,0.006,0.002,0
787,S,0.844,C,62.7,64.3,19.1,98.9,17.5,7.5,22.0,0.978,0.011,0.011,0
788,C,0.867,C,8.1,-84.8,139.0,117.6,143.0,24.8,14.0,0.907,0.004,0.089,0
789,D,0.859,C,50.6,-95.3,101.8,108.1,-144.5,9.7,26.1,0.826,0.005,0.169,0
790,I,0.841,C,15.6,-73.8,-20.1,95.7,-166.6,23.8,17.5,0.848,0.098,0.054,0
791,S,0.809,C,64.2,-89.1,2.4,95.4,61.2,6.4,22.7,0.906,0.060,0.033,0
792,L,0.803,C,16.8,-76.4,140.0,117.3,115.4,23.2,12.7,0.937,0.004,0.058,0
793,T,0.806,E,70.6,-118.0,145.3,126.9,-158.2,5.5,24.4,0.493,0.003,0.505,0
794,D,0.809,C,27.4,-87.5,172.8,123.1,-136.1,16.6,14.4,0.951,0.001,0.047,0
795,R,0.785,C,153.3,-69.6,-20.0,94.9,-90.8,5.3,17.0,0.994,0.004,0.001,0
796,D,0.770,C,99.7,-87.7,0.4,95.2,51.0,3.1,15.0,0.994,0.005,0.001,0
797,G,0.752,C,41.2,90.1,5.3,96.8,-100.1,7.4,15.3,0.991,0.005,0.003,0
798,S,0.773,C,30.4,-80.2,148.6,120.6,135.7,10.2,20.0,0.975,0.001,0.024,0
799,T,0.805,E,19.6,-93.3,156.5,125.5,-126.7,17.2,24.5,0.399,0.006,0.594,0
800,A,0.835,H,2.7,-61.7,-36.5,91.1,-111.6,26.3,22.0,0.037,0.963,0.000,0
801,L,0.872,H,3.9,-63.8,-42.6,93.5,52.5,25.9,25.1,0.004,0.996,0.000,0
802,M,0.896,H,53.7,-64.3,-41.2,92.7,52.4,11.9,27.0,0.001,0.999,0.000,0
803,V,0.893,H,22.8,-65.0,-42.5,92.9,49.9,14.6,25.2,0.002,0.998,0.000,0
804,A,0.879,H,2.3,-65.3,-43.6,93.8,50.1,24.9,19.6,0.002,0.998,0.000,0
805,L,0.863,H,40.9,-63.6,-40.9,92.9,51.2,16.8,19.9,0.005,0.995,0.000,0
806,D,0.827,H,91.4,-67.9,-33.5,91.5,50.2,4.0,22.7,0.046,0.954,0.000,0
807,A,0.801,C,39.2,-90.5,-2.5,94.4,50.6,13.1,14.5,0.742,0.258,0.000,0
808,G,0.760,C,46.0,80.2,13.0,93.9,-107.7,5.1,22.2,0.995,0.005,0.000,0
809,Q,0.760,C,29.7,-103.0,59.3,105.8,138.6,19.2,14.4,0.993,0.007,0.000,0
810,S,0.775,H,42.4,-63.6,-36.8,94.4,159.9,15.1,17.6,0.092,0.908,0.000,0
811,E,0.804,H,105.5,-65.9,-37.2,92.4,54.6,4.7,24.4,0.019,0.981,0.000,0
812,I,0.819,H,6.6,-65.8,-43.3,94.0,50.7,23.0,21.1,0.001,0.999,0.000,0
813,A,0.832,H,2.9,-62.8,-43.6,93.2,52.3,25.8,21.9,0.000,1.000,0.000,0
814,S,0.829,H,40.3,-63.5,-41.3,92.3,52.0,9.3,25.7,0.001,0.999,0.000,0
815,M,0.842,H,39.3,-65.4,-41.8,92.8,50.1,11.9,24.4,0.001,0.999,0.000,0
816,L,0.845,H,3.3,-65.8,-43.2,94.1,49.6,25.1,20.0,0.002,0.998,0.000,0
817,Y,0.842,H,48.4,-64.4,-40.8,93.3,51.1,16.8,19.3,0.006,0.994,0.000,0
818,S,0.830,H,57.0,-67.0,-37.1,92.9,50.8,6.3,20.3,0.026,0.974,0.000,0
819,R,0.808,H,93.5,-75.9,-30.7,95.1,47.0,9.9,17.3,0.152,0.848,0.000,0
820,M,0.805,C,43.3,-94.3,-1.8,99.3,42.9,16.4,12.7,0.727,0.271,0.002,0
821,N,0.801,C,123.8,56.9,38.5,93.8,-116.9,2.2,20.8,0.994,0.006,0.001,0
822,I,0.817,C,34.3,-98.1,126.4,115.8,150.5,19.1,10.2,0.979,0.009,0.012,0
823,K,0.817,C,132.8,-87.8,118.9,110.2,-139.8,4.3,20.6,0.945,0.032,0.024,0
824,C,0.815,C,51.0,-83.6,6.0,103.3,-169.0,16.0,12.6,0.793,0.173,0.034,0
825,S,0.788,C,69.9,-82.6,-2.1,102.0,105.5,6.2,16.5,0.795,0.168,0.037,0
826,F,0.754,C,84.1,-93.9,98.9,110.6,93.7,11.8,14.4,0.848,0.093,0.059,0
827,A,0.725,C,41.4,-87.5,141.3,117.1,-164.6,11.6,15.3,0.962,0.008,0.030,0
828,P,0.692,C,73.8,-68.9,107.2,104.3,-105.6,9.3,16.6,0.924,0.064,0.012,0
829,M,0.665,C,86.8,-87.3,45.2,106.0,141.7,11.0,15.0,0.870,0.091,0.039,0
830,S,0.652,C,52.0,-96.8,149.9,114.3,137.9,9.0,14.4,0.844,0.104,0.052,0
831,D,0.653,C,100.0,-82.9,2.2,101.9,-133.5,5.1,15.6,0.841,0.126,0.034,0
832,Y,0.640,C,112.2,-90.2,79.8,108.5,94.2,10.0,11.8,0.827,0.121,0.052,0
833,E,0.612,C,111.8,-88.7,76.6,108.0,130.3,6.7,13.9,0.883,0.053,0.064,0
834,S,0.571,C,46.5,-97.5,138.4,118.6,-169.7,9.7,13.6,0.926,0.015,0.060,0
835,P,0.532,C,85.5,-66.3,-21.6,95.5,-125.5,7.7,12.6,0.828,0.162,0.011,0
836,A,0.502,C,70.8,-77.4,-15.1,98.2,62.1,5.4,13.3,0.797,0.185,0.018,0
837,S,0.479,C,68.2,-85.4,4.6,103.6,64.5,6.0,12.5,0.791,0.178,0.030,0
838,S,0.446,C,69.9,-81.5,-1.7,103.2,83.2,6.1,11.4,0.866,0.109,0.025,0
839,S,0.416,C,75.9,-77.9,-9.3,101.2,71.2,4.5,10.9,0.885,0.095,0.020,0
840,A,0.377,C,64.9,-79.3,-9.3,101.6,73.6,7.8,9.9,0.873,0.111,0.016,0
841,E,0.352,C,135.9,-83.7,2.4,102.6,64.0,3.3,11.4,0.904,0.087,0.008,0
842,E,0.348,C,131.7,-86.0,77.7,107.4,82.8,5.0,10.4,0.968,0.030,0.002,0
