Q9ERG0,SEQ,flexibility,SS,ASA,Phi,Psi,Theta(i-1=>i+1),Tau(i-2=>i+2),HSE_alpha_up,HSE_alpha_down,P(C),P(H),P(E),positive
0,M,0.399,C,162.5,-95.8,134.9,116.2,165.4,2.6,4.0,0.992,0.004,0.004,0
1,A,0.382,C,95.2,-88.0,138.6,115.7,-127.7,3.0,6.0,0.986,0.002,0.012,0
2,S,0.402,C,79.1,-87.2,138.5,115.2,-119.8,4.9,9.9,0.985,0.001,0.014,0
3,P,0.427,C,99.6,-69.1,143.3,106.3,-101.7,4.8,10.3,0.977,0.018,0.004,0
4,E,0.464,C,120.9,-85.3,131.7,113.3,-122.9,5.9,10.7,0.954,0.031,0.014,0
5,P,0.459,C,95.2,-68.5,142.7,109.5,-102.6,5.2,12.1,0.890,0.089,0.021,0
6,L,0.456,C,111.5,-80.7,98.9,107.0,-122.2,6.4,11.1,0.859,0.097,0.044,0
7,R,0.446,C,150.2,-88.2,108.1,109.2,-131.9,5.6,11.1,0.858,0.088,0.053,0
8,G,0.446,C,49.5,-53.1,154.8,110.0,-42.3,5.4,12.8,0.908,0.053,0.039,0
9,G,0.453,C,51.2,56.0,-135.2,108.9,-12.4,4.4,12.7,0.904,0.064,0.032,0
10,D,0.479,C,106.9,-78.7,-3.5,102.0,-25.5,3.7,12.6,0.832,0.137,0.031,0
11,G,0.483,C,45.1,-65.0,-23.6,101.1,39.5,6.1,11.6,0.844,0.134,0.022,0
12,A,0.506,C,65.4,-72.2,-28.0,97.7,64.4,5.6,9.8,0.765,0.219,0.016,0
13,R,0.519,C,141.9,-75.3,-22.0,98.4,60.4,4.1,11.1,0.686,0.290,0.024,0
14,A,0.526,C,62.9,-74.5,-24.3,99.5,70.2,7.4,10.3,0.673,0.308,0.019,0
15,S,0.537,C,77.6,-82.0,6.2,103.7,68.1,3.9,11.7,0.736,0.247,0.016,0
16,R,0.543,C,135.8,-81.8,-0.3,103.4,84.0,6.5,10.8,0.765,0.208,0.027,0
17,E,0.568,C,129.8,-85.3,96.4,108.1,112.9,4.6,10.7,0.788,0.179,0.033,0
18,P,0.582,C,92.6,-89.4,129.8,112.6,-142.6,6.1,9.8,0.805,0.166,0.029,0
19,H,0.609,C,119.1,-91.7,125.4,112.3,-148.6,7.0,11.4,0.839,0.135,0.026,0
20,T,0.630,C,92.6,-85.6,125.6,110.5,-132.4,5.5,11.3,0.791,0.191,0.018,0
21,E,0.631,C,117.6,-84.2,114.3,109.0,-128.1,6.9,11.5,0.720,0.256,0.024,0
22,A,0.625,C,68.3,-84.3,101.1,108.1,-136.3,7.9,11.3,0.763,0.220,0.017,0
23,S,0.630,C,79.3,-90.3,99.0,108.9,-146.3,4.6,11.8,0.834,0.147,0.018,0
24,F,0.635,C,116.3,-90.5,134.0,114.4,-163.2,8.0,9.8,0.888,0.104,0.008,0
25,P,0.631,C,87.1,-66.6,-14.8,101.2,-112.0,5.7,12.2,0.819,0.171,0.011,0
26,L,0.632,C,102.3,-75.2,-20.4,99.6,70.7,6.3,11.0,0.789,0.197,0.014,0
27,Q,0.628,C,120.1,-74.8,-21.5,98.8,62.8,3.8,11.2,0.796,0.192,0.012,0
28,E,0.629,C,135.5,-76.0,-17.1,98.5,58.5,2.9,11.9,0.837,0.146,0.017,0
29,S,0.615,C,82.5,-81.9,-4.7,101.1,61.7,3.2,11.0,0.871,0.112,0.016,0
30,E,0.611,C,115.8,-89.5,100.7,109.5,102.5,5.6,10.5,0.953,0.040,0.008,0
31,S,0.611,C,57.3,-88.8,138.0,116.2,-129.4,6.8,13.8,0.966,0.022,0.012,0
32,P,0.624,C,88.3,-62.3,-27.2,93.3,-125.2,7.1,11.1,0.872,0.125,0.003,0
33,K,0.640,C,137.9,-73.8,-21.1,96.4,58.7,2.9,13.5,0.801,0.190,0.009,0
34,E,0.654,C,108.1,-79.3,-11.3,101.2,61.7,6.0,13.1,0.703,0.278,0.018,0
35,A,0.666,C,60.3,-77.8,-7.6,102.8,83.0,9.6,10.7,0.710,0.263,0.027,0
36,K,0.681,C,121.6,-86.8,40.8,106.6,85.4,5.9,13.9,0.760,0.197,0.044,0
37,T,0.702,C,75.2,-98.7,129.4,114.8,123.6,7.6,15.2,0.773,0.116,0.111,0
38,F,0.705,C,79.1,-94.1,115.4,111.7,-157.8,14.0,14.3,0.876,0.027,0.097,0
39,N,0.723,C,62.3,-95.4,110.1,110.9,-136.5,10.7,16.6,0.968,0.008,0.024,0
40,P,0.729,C,67.7,-68.6,-23.6,96.8,-163.2,10.8,15.9,0.817,0.179,0.003,0
41,E,0.739,C,106.0,-85.1,-2.4,100.4,61.2,7.0,18.1,0.625,0.331,0.044,0
42,A,0.763,C,26.6,-94.1,131.0,115.9,105.5,17.4,13.4,0.541,0.338,0.120,0
43,T,0.772,C,58.9,-103.8,132.1,117.7,-161.9,9.2,22.1,0.529,0.249,0.222,0
44,L,0.774,C,27.8,-98.8,127.2,116.1,-154.8,21.3,14.8,0.591,0.220,0.188,0
45,S,0.767,C,57.1,-99.8,124.4,114.0,-162.0,8.1,20.7,0.707,0.138,0.155,0
46,L,0.760,C,52.9,-91.5,62.9,108.3,-159.9,17.0,14.5,0.757,0.162,0.081,0
47,E,0.759,C,116.0,-88.4,94.9,108.4,-179.2,6.8,16.0,0.850,0.103,0.047,0
48,G,0.771,C,42.8,91.7,-130.9,111.3,3.9,6.2,15.9,0.913,0.034,0.052,0
49,T,0.793,C,65.5,-103.6,126.5,115.9,31.2,10.0,18.7,0.838,0.032,0.130,0
50,V,0.809,C,30.0,-104.9,133.5,119.8,-153.6,19.1,16.9,0.846,0.018,0.136,0
51,N,0.828,C,48.3,-97.4,112.6,111.3,-149.7,10.8,23.9,0.950,0.026,0.024,0
52,L,0.858,H,24.3,-68.6,-30.2,96.5,-148.1,22.5,17.1,0.119,0.881,0.000,0
53,E,0.893,H,74.6,-66.8,-34.3,93.9,58.6,12.7,19.7,0.063,0.936,0.001,0
54,D,0.915,H,54.2,-69.5,-34.4,95.2,53.0,9.8,20.8,0.040,0.958,0.002,0
55,I,0.914,H,31.0,-75.3,-35.6,99.5,52.0,17.8,19.3,0.038,0.957,0.005,0
56,L,0.899,H,33.7,-80.9,-21.1,102.2,53.3,17.3,18.6,0.092,0.896,0.012,0
57,Y,0.869,H,81.8,-80.3,-14.8,101.4,54.9,10.6,19.4,0.271,0.689,0.040,0
58,L,0.828,C,48.0,-84.9,11.8,103.7,119.2,17.2,14.7,0.523,0.423,0.054,0
59,G,0.784,C,40.2,78.3,-29.5,107.9,-52.9,8.4,17.0,0.892,0.063,0.045,0
60,A,0.753,C,65.7,-82.5,20.6,104.4,35.1,8.3,15.3,0.919,0.048,0.033,0
61,S,0.726,C,68.7,-91.2,24.3,106.1,72.9,6.4,14.5,0.906,0.049,0.045,0
62,G,0.728,C,44.3,78.9,0.4,105.1,-80.5,7.0,15.4,0.951,0.024,0.025,0
63,D,0.752,C,81.8,-94.1,90.8,107.7,128.4,6.6,17.5,0.965,0.022,0.013,0
64,F,0.767,H,43.7,-69.1,-29.0,95.5,-172.4,20.1,12.9,0.308,0.690,0.002,0
65,E,0.782,H,102.2,-65.3,-35.4,94.2,62.9,8.5,16.7,0.247,0.750,0.003,0
66,E,0.793,H,108.9,-69.1,-34.0,94.5,53.3,4.2,19.0,0.241,0.752,0.008,0
67,S,0.808,H,35.6,-69.2,-36.6,95.0,52.2,10.6,17.6,0.311,0.645,0.044,0
68,F,0.838,H,38.5,-72.2,-33.9,96.4,51.7,17.8,15.7,0.360,0.485,0.156,0
69,Y,0.850,C,73.1,-78.0,-21.9,98.6,54.0,14.1,16.1,0.423,0.331,0.246,0
70,E,0.844,C,100.0,-76.0,-17.0,101.5,77.3,8.1,15.2,0.534,0.273,0.193,0
71,E,0.833,C,106.4,-78.8,-9.2,102.8,77.3,7.8,13.8,0.651,0.228,0.120,0
72,E,0.815,C,110.3,-83.8,14.7,104.0,74.6,7.1,13.6,0.727,0.175,0.098,0
73,Y,0.819,C,120.6,-86.7,18.0,104.6,96.8,9.9,12.2,0.817,0.107,0.077,0
74,E,0.816,C,122.4,-87.6,68.7,107.4,120.9,5.3,12.6,0.955,0.009,0.036,0
75,K,0.811,C,120.2,-100.6,112.6,113.2,64.5,5.3,16.2,0.977,0.001,0.022,0
76,P,0.798,C,67.6,-67.2,131.5,105.8,-122.0,12.1,12.6,0.978,0.016,0.006,0
77,A,0.804,C,66.1,-76.0,-1.2,103.1,-125.5,7.8,15.9,0.919,0.060,0.021,0
78,L,0.809,C,87.4,-85.5,73.2,108.0,125.7,9.3,15.5,0.887,0.065,0.047,0
79,T,0.827,C,54.5,-99.1,130.9,116.3,-160.8,11.1,18.5,0.585,0.072,0.343,0
80,L,0.845,E,27.9,-104.6,133.4,119.4,-153.9,19.8,16.6,0.304,0.035,0.661,0
81,F,0.848,E,57.9,-115.3,135.0,122.9,-164.7,11.6,24.0,0.135,0.012,0.852,0
82,I,0.845,E,26.6,-113.2,132.3,122.2,-161.8,19.5,17.9,0.187,0.021,0.791,0
83,D,0.821,E,54.4,-115.1,134.3,122.2,-166.2,9.9,21.0,0.353,0.045,0.602,0
84,E,0.776,C,58.8,-103.2,126.6,116.4,-155.9,14.3,15.7,0.618,0.059,0.323,0
85,S,0.737,C,66.9,-86.9,44.3,107.1,-151.6,7.4,14.7,0.835,0.028,0.137,0
86,R,0.710,C,137.6,-89.3,79.1,108.6,-113.2,6.8,13.5,0.951,0.011,0.038,0
87,Q,0.706,C,107.5,-102.8,123.5,116.5,150.3,5.5,15.4,0.977,0.001,0.022,0
88,P,0.707,C,55.2,-69.8,145.4,108.9,-113.7,13.3,12.2,0.893,0.104,0.003,0
89,D,0.724,C,97.3,-70.6,-22.4,97.5,-134.3,5.2,15.9,0.755,0.234,0.011,0
90,E,0.713,C,112.5,-88.1,6.4,104.4,55.0,5.7,16.8,0.643,0.318,0.039,0
91,A,0.694,C,36.0,-94.9,130.4,114.7,110.1,13.4,15.1,0.572,0.297,0.131,0
92,L,0.683,C,40.9,-100.0,132.1,117.0,-146.8,17.1,17.0,0.549,0.243,0.209,0
93,G,0.688,C,22.0,-114.7,141.1,122.8,-161.5,12.3,22.6,0.563,0.147,0.290,0
94,L,0.690,C,45.1,-102.8,131.8,117.9,-147.2,15.5,17.6,0.546,0.088,0.366,0
95,E,0.696,C,74.2,-98.4,132.1,115.5,-153.2,11.6,16.8,0.761,0.027,0.212,0
96,E,0.703,C,84.3,-98.1,137.1,119.2,-138.0,10.2,15.8,0.900,0.002,0.097,0
97,P,0.705,C,74.8,-68.8,148.1,112.7,-100.1,8.6,15.3,0.950,0.002,0.048,0
98,V,0.709,C,71.0,-85.8,138.5,114.6,-116.6,11.7,13.1,0.935,0.004,0.061,0
99,R,0.702,C,137.0,-103.7,131.4,118.2,-148.1,5.7,16.3,0.968,0.002,0.031,0
100,P,0.705,C,61.6,-67.6,128.6,104.5,-108.7,12.8,12.2,0.875,0.122,0.003,0
101,E,0.707,C,116.1,-73.0,-20.1,98.5,72.5,5.9,15.7,0.651,0.319,0.030,0
102,E,0.703,C,104.8,-89.2,77.7,108.7,75.1,6.5,14.8,0.495,0.396,0.109,0
103,M,0.693,C,77.1,-100.1,129.0,116.2,111.5,11.5,15.2,0.472,0.313,0.215,0
104,L,0.684,C,58.9,-102.1,133.9,118.3,-151.1,13.5,17.2,0.544,0.196,0.260,0
105,S,0.690,C,33.0,-107.0,132.4,119.4,-155.0,14.2,19.4,0.598,0.098,0.304,0
106,V,0.701,C,36.4,-116.4,138.7,124.2,-167.4,15.7,18.2,0.638,0.065,0.297,0
107,E,0.692,C,89.9,-81.8,135.8,112.9,-127.1,10.3,19.0,0.818,0.028,0.153,0
108,E,0.687,C,64.9,-104.3,137.1,120.8,-144.4,13.6,16.3,0.822,0.027,0.151,0
109,S,0.675,C,50.8,-79.5,143.5,114.3,-122.5,10.0,17.9,0.805,0.023,0.172,0
110,V,0.670,C,49.0,-99.5,138.9,119.0,-138.3,15.6,13.3,0.841,0.013,0.146,0
111,T,0.688,C,90.4,-102.1,129.7,117.6,-139.9,4.2,19.3,0.961,0.001,0.038,0
112,P,0.703,C,50.7,-68.8,147.4,112.4,-108.4,15.2,11.1,0.936,0.060,0.004,0
113,D,0.718,C,93.8,-73.1,60.1,103.9,-110.3,5.5,15.6,0.749,0.231,0.021,0
114,E,0.715,C,130.5,-82.9,24.2,104.3,-108.4,5.0,13.4,0.569,0.320,0.111,0
115,V,0.720,C,63.4,-94.3,131.9,114.6,131.5,11.1,11.5,0.523,0.272,0.204,0
116,Q,0.715,C,95.8,-92.5,120.7,111.7,-151.7,7.6,17.2,0.424,0.234,0.342,0
117,I,0.711,E,58.2,-99.4,131.6,116.6,-151.1,14.9,13.1,0.386,0.186,0.427,0
118,S,0.700,C,60.3,-101.3,133.0,115.4,-158.4,8.7,16.2,0.547,0.137,0.316,0
119,E,0.690,C,109.2,-98.7,130.9,116.7,-136.5,8.2,15.2,0.683,0.077,0.241,0
120,Q,0.669,C,77.0,-109.8,134.5,121.2,-160.4,9.9,14.9,0.827,0.014,0.159,0
121,P,0.666,C,77.7,-70.6,144.1,111.5,-106.7,8.2,15.7,0.818,0.011,0.171,0
122,V,0.679,C,63.1,-95.0,140.4,117.7,-133.0,12.8,12.5,0.798,0.013,0.189,0
123,E,0.671,C,120.2,-92.8,132.5,115.9,-128.5,5.0,16.2,0.919,0.002,0.079,0
124,P,0.643,C,79.5,-67.8,144.7,110.0,-102.9,9.3,12.2,0.946,0.033,0.021,0
125,A,0.640,C,82.4,-81.0,115.2,107.6,-113.0,4.3,12.6,0.931,0.043,0.026,0
126,K,0.633,C,133.2,-96.5,132.4,114.8,-132.7,5.4,11.2,0.932,0.022,0.046,0
127,S,0.636,C,71.4,-96.1,137.6,117.8,-129.9,5.6,14.7,0.962,0.004,0.034,0
128,P,0.634,C,64.3,-72.4,146.5,112.3,-107.1,12.2,13.6,0.936,0.043,0.021,0
129,T,0.644,C,61.2,-83.5,141.1,112.4,-126.4,11.1,15.0,0.698,0.100,0.202,0
130,A,0.659,C,55.2,-91.2,132.7,113.3,-133.9,8.9,17.7,0.525,0.143,0.331,0
131,C,0.682,C,51.3,-97.8,112.3,112.1,-161.6,13.6,13.4,0.502,0.154,0.345,0
132,E,0.681,C,106.4,-95.8,105.2,110.7,176.3,7.2,16.9,0.545,0.163,0.292,0
133,G,0.677,C,39.5,109.7,-174.6,113.7,13.9,8.1,16.4,0.646,0.146,0.208,0
134,E,0.681,C,101.4,-90.2,125.0,111.9,-141.1,8.5,15.7,0.614,0.159,0.228,0
135,M,0.694,C,89.5,-89.6,120.4,111.3,-140.2,10.3,16.0,0.626,0.125,0.249,0
136,V,0.697,C,58.2,-99.5,131.8,116.4,-170.4,12.5,14.1,0.675,0.086,0.239,0
137,A,0.694,C,63.7,-85.4,130.8,110.8,-135.8,7.8,15.7,0.813,0.040,0.147,0
138,T,0.689,C,72.3,-94.2,123.5,112.8,-136.6,8.9,15.0,0.833,0.061,0.107,0
139,E,0.658,C,120.8,-79.5,124.9,109.9,-124.0,6.9,12.5,0.834,0.082,0.084,0
140,G,0.643,C,55.7,79.6,-105.4,108.6,-3.9,2.9,12.7,0.877,0.049,0.074,0
141,S,0.622,C,72.6,-91.5,122.9,112.0,-100.6,5.8,13.1,0.873,0.027,0.100,0
142,L,0.640,C,75.2,-90.5,133.4,115.8,-142.8,9.9,11.9,0.943,0.005,0.052,0
143,P,0.633,C,80.4,-66.4,93.9,103.1,-107.8,7.3,13.6,0.911,0.076,0.013,0
144,A,0.626,C,67.3,-77.0,59.4,105.1,-111.5,7.2,13.7,0.861,0.108,0.031,0
145,Q,0.642,C,97.9,-97.1,126.9,116.0,151.0,7.4,13.2,0.890,0.051,0.059,0
146,P,0.640,C,82.6,-71.2,140.9,110.3,-109.2,7.8,14.5,0.929,0.019,0.053,0
147,I,0.643,C,71.3,-92.0,135.5,116.6,-132.3,12.4,12.6,0.946,0.009,0.044,0
148,P,0.638,C,68.2,-69.8,143.9,109.7,-106.5,9.9,14.2,0.930,0.049,0.021,0
149,N,0.652,C,106.8,-86.0,13.2,104.8,-142.3,5.8,13.6,0.857,0.126,0.018,0
150,T,0.669,C,81.1,-97.9,121.4,112.8,97.5,5.8,14.3,0.787,0.193,0.019,0
151,E,0.685,C,107.6,-84.9,37.3,106.4,-162.7,8.7,11.9,0.636,0.352,0.011,0
152,E,0.712,C,130.4,-88.3,26.0,105.6,116.5,4.0,13.7,0.604,0.380,0.016,0
153,D,0.734,C,74.4,-98.2,125.2,115.9,107.3,8.2,14.3,0.608,0.370,0.022,0
154,P,0.724,C,70.3,-72.0,20.9,104.2,-134.2,9.7,15.2,0.578,0.407,0.016,0
155,L,0.725,C,74.6,-89.9,76.0,109.2,168.6,9.9,16.2,0.574,0.406,0.020,0
156,S,0.733,C,44.0,-86.6,156.1,113.4,160.6,9.1,17.7,0.502,0.480,0.018,0
157,V,0.761,H,53.2,-64.7,-34.6,95.3,-108.7,16.2,14.6,0.054,0.945,0.000,0
158,E,0.790,H,106.3,-65.2,-38.4,93.3,55.7,4.5,20.0,0.033,0.967,0.000,0
159,D,0.809,H,60.0,-67.4,-38.6,93.9,51.0,7.5,19.6,0.024,0.975,0.000,0
160,L,0.815,H,18.0,-64.4,-41.9,93.4,51.4,20.4,15.9,0.009,0.991,0.000,0
161,E,0.818,H,86.5,-63.6,-40.3,92.9,53.2,9.6,20.9,0.009,0.991,0.000,0
162,R,0.804,H,122.7,-65.9,-38.9,92.3,49.9,3.7,23.2,0.018,0.982,0.000,0
163,L,0.809,H,17.2,-65.4,-43.0,93.7,50.5,18.5,18.3,0.012,0.988,0.000,0
164,E,0.819,H,34.9,-63.3,-41.3,93.3,51.8,18.1,19.2,0.012,0.988,0.000,0
165,A,0.817,H,58.9,-64.7,-39.8,92.1,50.9,4.1,23.4,0.013,0.987,0.000,0
166,R,0.815,H,71.1,-66.4,-40.6,92.9,50.1,9.5,21.7,0.010,0.990,0.000,0
167,F,0.815,H,10.6,-64.7,-42.9,93.9,50.6,23.9,17.9,0.007,0.993,0.000,0
168,Q,0.811,H,72.4,-63.8,-40.2,92.8,52.0,10.9,21.4,0.003,0.997,0.000,0
169,Q,0.818,H,94.7,-66.3,-38.9,92.5,50.0,4.3,23.3,0.006,0.994,0.000,0
170,C,0.835,H,13.2,-65.6,-42.9,93.8,50.2,18.1,18.3,0.006,0.994,0.000,0
171,V,0.838,H,31.5,-63.9,-40.9,93.3,51.7,16.8,18.8,0.005,0.995,0.000,0
172,Q,0.832,H,107.0,-64.9,-39.2,91.7,50.7,2.6,23.3,0.006,0.994,0.000,0
173,A,0.810,H,33.9,-66.6,-40.2,93.0,50.0,8.5,20.3,0.009,0.991,0.000,0
174,V,0.802,H,17.5,-65.2,-41.3,93.7,50.6,20.1,16.9,0.016,0.984,0.000,0
175,S,0.780,H,50.1,-64.2,-40.2,92.9,52.5,7.2,21.8,0.034,0.966,0.000,0
176,Q,0.764,H,85.5,-66.4,-39.4,92.9,50.3,4.9,22.2,0.042,0.958,0.000,0
177,L,0.766,H,23.8,-65.1,-42.5,93.6,50.9,16.6,17.4,0.014,0.986,0.000,0
178,E,0.774,H,56.9,-64.3,-40.0,93.2,52.0,13.4,18.6,0.016,0.984,0.000,0
179,E,0.780,H,108.6,-65.6,-39.2,92.4,50.6,3.0,22.2,0.019,0.981,0.000,0
180,E,0.783,H,63.9,-67.2,-39.5,93.3,50.3,8.9,19.3,0.025,0.975,0.000,0
181,R,0.802,H,48.1,-64.7,-40.5,93.3,51.8,16.9,16.1,0.025,0.975,0.000,0
182,D,0.820,H,83.1,-65.1,-38.8,92.9,52.0,4.4,20.7,0.015,0.985,0.000,0
183,Q,0.824,H,89.7,-66.6,-39.1,92.8,50.2,4.2,21.0,0.011,0.989,0.000,0
184,L,0.853,H,27.3,-66.2,-41.2,93.7,50.6,15.5,16.6,0.007,0.993,0.000,0
185,I,0.896,H,57.3,-64.2,-39.9,93.2,51.9,13.2,17.9,0.007,0.993,0.000,0
186,H,0.905,H,113.9,-66.0,-38.8,92.7,50.6,2.7,21.2,0.008,0.992,0.000,0
187,E,0.915,H,65.4,-67.6,-38.9,93.4,50.3,8.6,19.0,0.008,0.992,0.000,0
188,L,0.915,H,30.5,-65.5,-40.6,93.7,51.5,16.5,15.7,0.004,0.996,0.000,0
189,V,0.908,H,72.7,-66.1,-38.2,93.5,51.9,7.1,18.6,0.011,0.989,0.000,0
190,L,0.877,H,90.4,-68.1,-36.1,93.3,51.1,4.6,18.7,0.031,0.969,0.000,0
191,L,0.864,H,55.5,-71.0,-32.7,95.0,52.2,12.0,14.5,0.101,0.899,0.000,0
192,R,0.844,H,108.9,-78.8,-17.4,98.8,54.5,9.7,14.5,0.283,0.717,0.000,0
193,E,0.822,H,108.4,-73.0,-31.6,101.4,78.7,5.7,14.2,0.290,0.710,0.000,0
194,P,0.794,H,85.5,-68.5,-30.0,96.1,53.5,3.5,16.5,0.236,0.764,0.000,0
195,A,0.784,H,37.0,-67.9,-36.0,95.0,56.8,11.7,14.4,0.112,0.888,0.000,0
196,L,0.771,H,73.5,-66.3,-37.5,94.4,54.8,10.3,15.5,0.085,0.915,0.000,0
197,Q,0.767,H,106.9,-66.8,-37.7,93.9,53.7,3.1,18.2,0.082,0.918,0.000,0
198,E,0.775,H,79.9,-68.8,-37.6,94.4,51.4,6.8,18.0,0.068,0.931,0.000,0
199,V,0.780,H,36.9,-65.4,-40.2,93.6,52.2,14.9,15.1,0.025,0.975,0.000,0
200,Q,0.785,H,92.8,-65.4,-38.8,93.6,52.4,6.2,18.6,0.021,0.979,0.000,0
201,Q,0.791,H,103.5,-66.9,-38.1,92.7,50.1,2.6,19.6,0.027,0.973,0.000,0
202,V,0.816,H,36.8,-66.6,-40.3,93.7,50.8,12.3,16.5,0.013,0.987,0.000,0
203,H,0.839,H,73.5,-64.6,-39.6,93.5,52.2,12.2,17.1,0.012,0.988,0.000,0
204,Q,0.863,H,108.0,-66.1,-38.3,92.9,51.2,2.7,19.8,0.013,0.987,0.000,0
205,D,0.872,H,68.6,-68.3,-37.5,93.6,50.2,6.0,18.8,0.016,0.984,0.000,0
206,I,0.857,H,42.3,-65.8,-40.5,93.6,51.3,13.8,16.0,0.008,0.992,0.000,0
207,L,0.848,H,78.8,-65.6,-39.0,93.7,51.3,7.2,18.7,0.008,0.992,0.000,0
208,A,0.833,H,58.5,-66.2,-39.2,93.0,50.9,3.5,19.8,0.010,0.990,0.000,0
209,A,0.832,H,32.9,-67.1,-39.3,93.7,51.2,10.4,16.3,0.018,0.982,0.000,0
210,Y,0.838,H,95.4,-66.4,-38.5,94.2,51.3,9.9,17.1,0.037,0.963,0.000,0
211,K,0.841,H,122.1,-66.3,-37.5,92.9,51.0,2.7,19.6,0.040,0.960,0.000,0
212,L,0.847,H,70.2,-67.6,-38.6,93.6,50.8,7.0,17.9,0.038,0.962,0.000,0
213,H,0.848,H,68.4,-66.6,-38.3,93.8,51.1,12.2,16.0,0.029,0.971,0.000,0
214,A,0.825,H,54.4,-65.2,-39.7,93.4,52.3,5.5,18.6,0.022,0.978,0.000,0
215,Q,0.807,H,99.5,-66.7,-38.3,92.9,50.6,3.3,19.1,0.021,0.979,0.000,0
216,A,0.800,H,35.4,-66.4,-39.9,93.5,51.2,9.8,16.2,0.015,0.985,0.000,0
217,E,0.784,H,78.5,-66.3,-38.4,94.0,52.3,9.4,16.8,0.023,0.977,0.000,0
218,L,0.788,H,89.1,-66.8,-38.6,93.7,51.3,4.4,18.6,0.026,0.974,0.000,0
219,E,0.810,H,87.5,-68.9,-36.8,94.3,50.6,6.2,17.1,0.059,0.941,0.000,0
220,R,0.800,H,84.8,-68.6,-36.5,94.8,51.7,11.3,15.1,0.081,0.919,0.000,0
221,D,0.792,H,84.9,-65.9,-37.8,94.0,52.5,4.2,18.4,0.151,0.849,0.000,0
222,G,0.768,H,38.3,-67.1,-37.2,94.0,50.2,4.1,18.5,0.233,0.767,0.000,0
223,L,0.767,H,47.8,-66.8,-39.1,93.7,52.0,12.3,15.3,0.057,0.943,0.000,0
224,R,0.787,H,106.3,-64.0,-39.8,93.4,53.4,9.8,16.9,0.028,0.972,0.000,0
225,E,0.809,H,117.4,-65.7,-38.4,92.4,50.6,2.1,19.6,0.027,0.973,0.000,0
226,E,0.823,H,81.3,-67.4,-38.9,93.4,50.6,6.4,18.4,0.023,0.977,0.000,0
227,I,0.846,H,38.7,-65.5,-40.4,93.6,51.6,15.0,15.6,0.011,0.989,0.000,0
228,R,0.853,H,122.4,-65.3,-38.7,93.3,51.9,5.3,19.5,0.011,0.989,0.000,0
229,T,0.856,H,74.2,-66.7,-38.9,92.9,50.1,3.3,20.4,0.011,0.989,0.000,0
230,V,0.871,H,34.9,-66.6,-40.5,93.7,50.5,12.5,16.7,0.008,0.992,0.000,0
231,K,0.881,H,87.9,-64.7,-39.5,93.5,51.9,10.7,17.4,0.010,0.990,0.000,0
232,Q,0.874,H,104.9,-66.0,-38.8,93.0,50.8,3.0,19.8,0.017,0.983,0.000,0
233,K,0.873,H,99.2,-67.0,-38.8,93.0,49.8,4.8,19.1,0.013,0.987,0.000,0
234,L,0.888,H,37.6,-66.4,-39.9,93.7,50.1,14.2,15.5,0.011,0.989,0.000,0
235,F,0.883,H,99.3,-65.8,-38.8,93.8,51.8,7.8,17.7,0.017,0.983,0.000,0
236,K,0.890,H,123.4,-66.9,-38.1,92.6,50.7,2.2,19.4,0.022,0.978,0.000,0
237,V,0.893,H,54.5,-67.6,-39.2,93.7,50.5,8.2,17.1,0.040,0.960,0.000,0
238,T,0.895,H,49.0,-66.0,-39.4,93.9,50.7,11.1,16.1,0.045,0.955,0.000,0
239,K,0.908,H,121.8,-66.0,-38.3,92.9,51.1,2.9,19.4,0.038,0.962,0.000,0
240,E,0.915,H,96.3,-67.7,-37.9,93.2,49.7,4.5,19.2,0.023,0.977,0.000,0
241,C,0.932,H,31.9,-66.1,-40.4,94.0,51.3,13.3,15.9,0.030,0.970,0.000,0
242,V,0.939,H,65.7,-64.8,-39.8,93.4,51.5,7.8,18.8,0.029,0.971,0.000,0
243,A,0.938,H,56.8,-65.9,-39.7,92.7,50.5,3.6,20.3,0.025,0.975,0.000,0
244,Y,0.940,H,71.4,-67.6,-38.9,93.7,50.5,10.2,17.5,0.020,0.980,0.000,0
245,Q,0.947,H,70.4,-65.5,-39.5,93.9,51.8,10.7,17.6,0.024,0.976,0.000,0
246,Y,0.936,H,126.2,-66.4,-38.8,93.4,50.9,3.8,19.4,0.022,0.978,0.000,0
247,Q,0.932,H,82.3,-67.6,-38.6,93.4,50.4,5.3,18.7,0.026,0.974,0.000,0
248,L,0.924,H,50.6,-66.4,-39.6,93.7,51.1,11.6,16.0,0.019,0.981,0.000,0
249,E,0.911,H,96.5,-66.2,-38.2,93.8,52.1,6.3,18.3,0.029,0.971,0.000,0
250,C,0.904,H,69.9,-67.7,-37.9,93.5,50.8,3.8,18.6,0.048,0.952,0.000,0
251,R,0.887,H,86.0,-69.3,-36.1,94.3,50.8,9.6,15.9,0.052,0.948,0.000,0
252,Q,0.882,H,88.7,-65.8,-38.0,94.3,52.9,8.5,17.1,0.073,0.927,0.000,0
253,Q,0.872,H,108.9,-67.0,-37.3,93.6,51.4,2.8,18.2,0.089,0.910,0.000,0
254,D,0.881,H,61.0,-68.8,-37.2,94.6,50.8,7.7,17.8,0.114,0.886,0.000,0
255,V,0.873,H,45.7,-64.9,-40.5,93.5,52.3,12.7,15.6,0.038,0.962,0.000,0
256,A,0.852,H,60.3,-65.3,-38.8,93.1,52.1,4.4,18.6,0.035,0.965,0.000,0
257,Q,0.857,H,100.0,-67.3,-37.6,93.1,50.3,3.5,18.8,0.037,0.963,0.000,0
258,F,0.875,H,58.5,-67.3,-39.2,94.0,51.6,12.0,16.0,0.032,0.968,0.000,0
259,A,0.888,H,46.3,-64.9,-39.7,93.6,52.7,8.7,17.4,0.047,0.953,0.000,0
260,D,0.903,H,90.7,-66.5,-37.9,92.7,50.8,2.4,19.8,0.072,0.928,0.000,0
261,C,0.890,H,49.3,-68.6,-37.5,93.9,50.4,8.1,17.5,0.079,0.921,0.000,0
262,R,0.867,H,91.7,-65.3,-39.2,93.8,52.2,12.0,16.5,0.042,0.958,0.000,0
263,E,0.840,H,103.0,-65.7,-38.8,93.5,51.7,4.4,19.7,0.014,0.986,0.000,0
264,A,0.816,H,53.8,-66.5,-39.1,92.8,50.4,4.3,19.9,0.011,0.989,0.000,0
265,L,0.814,H,36.2,-66.2,-40.2,93.6,51.3,14.2,15.7,0.006,0.994,0.000,0
266,T,0.823,H,60.5,-65.0,-39.2,93.5,52.0,9.3,18.1,0.012,0.988,0.000,0
267,T,0.812,H,84.1,-66.1,-38.6,92.4,50.7,2.0,19.9,0.015,0.985,0.000,0
268,R,0.795,H,99.7,-68.7,-37.0,93.2,49.5,6.8,18.1,0.018,0.982,0.000,0
269,A,0.784,H,26.6,-65.0,-40.2,93.4,51.9,15.2,15.3,0.013,0.987,0.000,0
270,A,0.763,H,63.0,-65.2,-38.5,93.0,52.1,4.4,19.1,0.028,0.972,0.000,0
271,Q,0.764,H,104.1,-67.8,-37.1,92.8,50.5,2.9,19.0,0.046,0.954,0.000,0
272,L,0.758,H,36.2,-67.4,-38.6,94.0,51.2,14.6,15.5,0.025,0.975,0.000,0
273,S,0.762,H,49.4,-63.6,-39.8,93.5,55.0,9.8,18.0,0.017,0.983,0.000,0
274,E,0.762,H,115.2,-65.8,-38.4,92.3,50.5,2.1,20.7,0.010,0.990,0.000,0
275,E,0.767,H,64.7,-67.2,-39.2,93.3,50.7,8.7,18.1,0.006,0.994,0.000,0
276,L,0.776,H,33.9,-64.6,-40.9,93.4,51.7,16.1,16.4,0.002,0.998,0.000,0
277,T,0.776,H,69.3,-64.8,-39.5,92.8,51.9,5.2,20.1,0.004,0.996,0.000,0
278,Q,0.778,H,90.0,-66.3,-39.4,92.9,50.4,4.0,20.7,0.008,0.992,0.000,0
279,L,0.787,H,35.6,-66.4,-40.3,93.8,50.9,14.3,16.6,0.013,0.987,0.000,0
280,R,0.808,H,102.3,-64.2,-40.0,93.4,52.2,10.7,18.1,0.022,0.978,0.000,0
281,D,0.811,H,90.7,-65.7,-38.5,92.5,50.1,2.6,21.0,0.043,0.957,0.000,0
282,A,0.797,H,39.7,-66.6,-39.9,93.6,50.7,8.2,18.8,0.041,0.959,0.000,0
283,C,0.787,H,27.6,-66.1,-40.2,94.1,51.1,15.6,16.5,0.058,0.942,0.000,0
284,Q,0.753,H,88.3,-64.6,-39.5,93.3,52.0,7.2,19.0,0.055,0.945,0.000,0
285,K,0.727,H,118.1,-66.3,-38.5,92.4,49.9,2.4,20.4,0.064,0.936,0.000,0
286,Q,0.723,H,52.3,-68.1,-38.2,93.6,49.6,10.8,16.9,0.067,0.933,0.000,0
287,K,0.725,H,70.3,-64.3,-39.9,93.1,52.1,13.7,16.6,0.020,0.980,0.000,0
288,E,0.730,H,109.1,-65.6,-38.8,92.9,51.3,3.3,19.8,0.020,0.980,0.000,0
289,Q,0.730,H,85.9,-67.1,-38.6,93.0,50.1,4.7,19.1,0.030,0.970,0.000,0
290,L,0.724,H,34.8,-66.7,-39.5,93.5,50.7,14.7,14.4,0.031,0.969,0.000,0
291,Q,0.723,H,84.0,-65.3,-37.9,93.1,52.3,9.8,16.3,0.066,0.934,0.000,0
292,Q,0.704,H,116.9,-68.4,-34.4,92.9,51.7,2.4,17.8,0.131,0.869,0.000,0
293,Q,0.688,H,89.7,-71.1,-32.0,94.1,50.4,6.3,15.6,0.194,0.806,0.000,0
294,L,0.682,H,61.4,-75.1,-28.1,96.8,51.3,12.3,12.2,0.343,0.656,0.000,0
295,E,0.662,C,125.7,-84.8,-9.4,99.6,50.9,3.9,14.4,0.637,0.359,0.003,0
296,A,0.648,C,62.7,-98.5,132.8,118.0,91.5,6.1,13.3,0.995,0.004,0.001,0
297,P,0.617,C,92.6,-69.2,143.5,112.4,-103.1,5.1,15.2,0.998,0.001,0.000,0
298,P,0.601,C,62.9,-72.9,146.6,112.7,-106.6,12.9,11.2,0.990,0.009,0.001,0
299,T,0.593,C,93.8,-99.4,129.4,114.7,-143.5,4.7,15.7,0.928,0.057,0.015,0
300,Q,0.589,C,108.4,-94.0,125.0,112.9,-146.1,8.6,11.6,0.830,0.157,0.014,0
301,S,0.603,C,70.6,-92.9,121.0,111.0,-159.5,5.8,13.4,0.820,0.172,0.008,0
302,D,0.625,C,101.3,-81.3,-1.6,101.7,-140.3,5.4,13.4,0.737,0.260,0.003,0
303,G,0.637,C,46.0,-63.9,-29.6,99.6,55.1,5.4,14.3,0.653,0.346,0.001,0
304,H,0.668,H,111.7,-70.0,-30.5,96.8,59.3,4.8,16.1,0.487,0.512,0.001,0
305,F,0.684,H,51.4,-67.3,-39.0,94.4,53.4,14.8,14.7,0.217,0.783,0.001,0
306,L,0.720,H,63.6,-64.4,-39.5,93.3,54.2,12.2,16.2,0.084,0.915,0.000,0
307,Q,0.729,H,111.7,-65.6,-38.6,92.7,51.8,2.3,20.5,0.027,0.973,0.000,0
308,E,0.716,H,74.6,-67.1,-39.4,93.3,50.7,6.5,19.0,0.013,0.987,0.000,0
309,S,0.687,H,20.2,-65.1,-40.9,93.7,51.7,17.1,15.4,0.013,0.987,0.000,0
310,R,0.679,H,116.5,-64.7,-39.2,93.2,52.2,7.2,19.8,0.025,0.975,0.000,0
311,R,0.682,H,132.4,-66.2,-38.7,92.4,49.7,2.6,21.2,0.039,0.961,0.000,0
312,L,0.691,H,35.7,-66.9,-40.2,93.7,49.9,13.3,17.3,0.025,0.975,0.000,0
313,S,0.704,H,30.4,-65.1,-40.0,93.9,52.6,14.8,17.3,0.034,0.966,0.000,0
314,T,0.715,H,72.6,-66.0,-39.3,93.4,51.3,4.3,20.4,0.032,0.968,0.000,0
315,Q,0.728,H,89.7,-67.1,-38.8,93.2,50.1,4.6,20.3,0.032,0.968,0.000,0
316,F,0.738,H,41.1,-66.7,-40.4,94.0,50.1,15.3,15.9,0.023,0.977,0.000,0
317,E,0.731,H,83.7,-65.1,-39.3,93.5,52.0,9.9,17.9,0.023,0.977,0.000,0
318,N,0.719,H,96.9,-66.4,-38.1,92.8,50.6,2.4,20.2,0.028,0.972,0.000,0
319,L,0.721,H,64.0,-67.1,-39.6,93.2,50.3,7.2,18.3,0.029,0.970,0.000,0
320,M,0.728,H,42.8,-66.8,-39.3,94.0,51.0,14.2,15.5,0.037,0.963,0.000,0
321,A,0.737,H,54.0,-64.6,-39.8,93.2,52.3,6.4,18.3,0.051,0.949,0.000,0
322,E,0.736,H,109.1,-67.0,-38.4,93.0,50.5,2.9,19.7,0.094,0.906,0.000,0
323,S,0.724,H,39.1,-68.6,-37.2,94.0,50.1,8.7,16.6,0.172,0.828,0.000,0
324,R,0.704,H,83.4,-65.9,-39.0,93.7,52.7,12.7,15.7,0.118,0.882,0.000,0
325,Q,0.684,H,102.6,-65.9,-38.3,93.5,52.0,4.3,18.8,0.136,0.863,0.000,0
326,G,0.679,H,37.7,-66.4,-38.7,93.3,51.1,3.7,18.8,0.180,0.819,0.000,0
327,L,0.693,H,44.3,-68.3,-37.5,94.0,51.3,12.4,15.1,0.090,0.910,0.000,0
328,E,0.719,H,78.7,-64.3,-39.6,93.6,54.7,11.4,15.9,0.076,0.924,0.000,0
329,E,0.743,H,119.3,-66.2,-37.6,92.8,51.6,2.3,19.5,0.073,0.927,0.000,0
330,E,0.773,H,92.8,-67.5,-38.3,93.5,50.7,5.3,18.8,0.058,0.942,0.000,0
331,Y,0.796,H,47.8,-68.6,-37.1,94.4,50.2,15.6,14.5,0.083,0.917,0.000,0
332,E,0.804,H,93.8,-64.3,-39.9,93.6,54.3,8.2,18.1,0.036,0.964,0.000,0
333,P,0.808,H,80.8,-65.9,-38.9,92.5,50.6,2.4,19.9,0.042,0.958,0.000,0
334,Q,0.820,H,66.8,-67.5,-39.0,93.5,50.5,8.4,17.5,0.014,0.986,0.000,0
335,L,0.816,H,48.8,-65.9,-39.5,93.6,51.0,12.8,15.8,0.009,0.991,0.000,0
336,L,0.820,H,86.9,-65.6,-39.2,93.3,51.9,4.7,18.1,0.009,0.991,0.000,0
337,R,0.826,H,125.3,-67.1,-38.1,92.9,50.4,3.2,18.4,0.014,0.986,0.000,0
338,L,0.817,H,52.6,-67.1,-38.8,93.5,50.7,10.5,15.0,0.019,0.981,0.000,0
339,L,0.800,H,72.2,-66.2,-38.6,93.8,52.1,8.3,15.5,0.044,0.956,0.000,0
340,E,0.786,H,117.3,-67.0,-37.6,93.1,51.1,2.5,17.7,0.064,0.936,0.000,0
341,R,0.775,H,128.5,-69.4,-35.2,93.6,50.1,3.7,15.7,0.082,0.918,0.000,0
342,K,0.738,H,94.5,-69.6,-35.3,95.2,51.7,7.9,14.3,0.083,0.916,0.000,0
343,E,0.721,H,118.5,-68.6,-34.6,94.8,52.9,3.5,16.4,0.113,0.887,0.000,0
344,A,0.690,H,63.6,-69.7,-36.4,95.6,53.7,3.6,16.3,0.140,0.860,0.000,0
345,G,0.679,H,30.3,-73.2,-28.8,99.7,47.9,8.6,14.0,0.241,0.759,0.000,0
346,T,0.680,H,71.0,-67.1,-36.9,96.3,69.4,7.1,15.5,0.153,0.847,0.000,0
347,K,0.685,H,130.4,-66.8,-36.4,94.1,55.1,2.4,17.2,0.102,0.897,0.000,0
348,A,0.699,H,49.3,-66.5,-39.3,93.2,51.7,4.9,16.2,0.066,0.934,0.000,0
349,L,0.717,H,53.5,-66.2,-39.5,93.8,51.9,12.2,15.1,0.054,0.946,0.000,0
350,Q,0.746,H,96.7,-65.7,-38.4,93.7,52.4,5.6,18.2,0.065,0.935,0.000,0
351,D,0.764,H,92.8,-67.5,-37.3,92.7,50.6,2.1,19.5,0.059,0.941,0.000,0
352,T,0.764,H,40.6,-68.1,-38.7,94.0,50.8,10.2,16.7,0.036,0.964,0.000,0
353,Q,0.759,H,81.1,-64.4,-39.6,93.7,52.1,10.4,17.9,0.026,0.974,0.000,0
354,A,0.759,H,64.7,-65.2,-39.5,92.4,51.1,2.6,20.4,0.031,0.969,0.000,0
355,E,0.771,H,81.8,-67.0,-39.3,93.1,50.5,5.7,18.9,0.045,0.955,0.000,0
356,I,0.781,H,41.3,-65.8,-40.3,93.7,51.2,14.0,15.9,0.020,0.980,0.000,0
357,Q,0.781,H,92.8,-65.2,-39.1,93.3,51.8,5.8,19.1,0.021,0.979,0.000,0
358,E,0.781,H,106.7,-66.1,-39.1,92.4,50.0,2.5,20.4,0.024,0.976,0.000,0
359,M,0.788,H,53.8,-67.8,-38.6,93.7,50.2,11.1,16.1,0.017,0.983,0.000,0
360,R,0.795,H,103.4,-64.9,-39.3,93.6,52.1,10.0,17.0,0.021,0.979,0.000,0
361,E,0.787,H,116.2,-66.4,-37.9,92.8,51.0,2.5,19.0,0.036,0.964,0.000,0
362,A,0.780,H,54.3,-67.8,-37.5,93.1,50.2,4.8,17.4,0.067,0.933,0.000,0
363,L,0.779,H,51.8,-68.8,-35.9,94.4,51.0,12.9,14.0,0.098,0.902,0.000,0
364,R,0.779,H,118.8,-64.8,-39.2,93.8,53.5,5.9,18.0,0.055,0.945,0.000,0
365,P,0.760,H,75.8,-66.3,-38.9,93.2,51.2,3.1,19.0,0.038,0.962,0.000,0
366,L,0.762,H,53.5,-67.1,-38.7,93.6,50.9,11.5,16.3,0.023,0.977,0.000,0
367,E,0.761,H,86.4,-64.6,-39.5,93.5,52.5,9.7,17.7,0.023,0.977,0.000,0
368,A,0.765,H,59.8,-65.4,-39.8,92.8,51.1,3.2,20.0,0.014,0.986,0.000,0
369,E,0.764,H,79.1,-67.2,-39.1,93.2,50.2,6.1,18.5,0.016,0.984,0.000,0
370,A,0.771,H,29.6,-65.6,-40.1,93.7,51.6,13.7,16.0,0.010,0.990,0.000,0
371,R,0.769,H,128.4,-65.2,-38.7,93.0,51.4,4.2,18.9,0.016,0.984,0.000,0
372,Q,0.772,H,100.1,-66.7,-38.5,92.8,50.1,3.0,19.5,0.018,0.982,0.000,0
373,L,0.778,H,50.8,-67.4,-38.6,93.7,50.4,10.8,16.2,0.024,0.976,0.000,0
374,Q,0.764,H,80.0,-65.7,-38.8,94.0,51.9,9.6,17.2,0.044,0.956,0.000,0
375,L,0.742,H,97.2,-66.6,-38.2,93.2,51.1,3.1,18.5,0.067,0.933,0.000,0
376,Q,0.719,H,87.7,-68.0,-37.9,93.6,50.5,5.4,17.5,0.079,0.921,0.000,0
377,N,0.708,H,57.1,-67.7,-37.2,94.5,51.4,11.2,15.1,0.098,0.902,0.000,0
378,R,0.698,H,131.0,-66.1,-38.0,93.7,52.5,4.1,17.6,0.082,0.918,0.000,0
379,N,0.710,H,90.0,-67.8,-37.1,93.4,50.8,3.3,18.5,0.063,0.937,0.000,0
380,L,0.731,H,50.6,-67.2,-39.1,93.8,51.3,11.4,16.0,0.026,0.974,0.000,0
381,E,0.758,H,77.3,-64.4,-40.0,93.6,53.1,10.8,16.8,0.027,0.973,0.000,0
382,D,0.779,H,91.8,-66.0,-38.0,92.8,50.9,2.5,19.7,0.030,0.970,0.000,0
383,Q,0.782,H,83.7,-67.7,-38.4,93.4,50.7,5.3,18.3,0.025,0.975,0.000,0
384,I,0.789,H,40.7,-65.5,-40.5,93.5,51.2,13.9,15.3,0.012,0.988,0.000,0
385,T,0.789,H,66.2,-65.6,-39.2,93.5,51.8,6.3,18.3,0.011,0.989,0.000,0
386,L,0.792,H,88.3,-66.6,-39.1,93.1,50.7,3.7,19.1,0.012,0.987,0.000,0
387,V,0.791,H,52.1,-67.5,-39.1,93.8,50.8,8.8,15.8,0.013,0.987,0.000,0
388,R,0.774,H,110.2,-66.6,-38.1,94.0,51.8,7.8,15.8,0.030,0.970,0.000,0
389,Q,0.751,H,107.4,-67.0,-37.6,93.4,51.4,3.0,17.3,0.056,0.944,0.000,0
390,K,0.749,H,115.3,-68.5,-36.6,93.6,49.9,3.2,16.9,0.100,0.900,0.000,0
391,R,0.749,H,79.3,-71.0,-34.3,95.3,49.6,10.8,14.8,0.131,0.869,0.000,0
392,D,0.750,H,76.2,-64.1,-39.2,93.9,54.2,6.3,17.5,0.106,0.894,0.000,0
393,E,0.749,H,114.2,-66.1,-38.4,92.9,50.9,2.3,18.6,0.054,0.946,0.000,0
394,E,0.742,H,75.8,-67.3,-38.9,93.6,50.9,7.3,17.0,0.066,0.934,0.000,0
395,V,0.744,H,44.9,-64.5,-40.6,93.2,51.7,12.6,15.8,0.040,0.960,0.000,0
396,Q,0.753,H,97.9,-65.2,-39.2,93.1,51.7,4.2,19.4,0.030,0.970,0.000,0
397,Q,0.762,H,95.1,-66.4,-38.9,92.8,50.0,3.6,19.9,0.025,0.975,0.000,0
398,Y,0.781,H,55.8,-66.7,-39.8,93.8,50.8,13.3,16.4,0.015,0.985,0.000,0
399,R,0.784,H,104.2,-63.9,-40.1,93.3,52.4,9.7,18.2,0.013,0.987,0.000,0
400,E,0.775,H,113.9,-65.5,-39.1,92.2,50.6,2.1,20.5,0.019,0.981,0.000,0
401,Q,0.766,H,71.5,-67.3,-39.2,93.2,50.1,6.5,18.6,0.020,0.980,0.000,0
402,L,0.756,H,39.6,-65.3,-40.5,93.5,51.4,14.4,16.0,0.012,0.988,0.000,0
403,E,0.742,H,97.8,-65.1,-39.3,93.1,51.6,5.1,19.5,0.012,0.988,0.000,0
404,E,0.740,H,100.7,-66.2,-39.3,92.7,50.2,3.2,20.0,0.017,0.983,0.000,0
405,M,0.733,H,51.9,-66.4,-40.0,93.5,50.7,11.0,16.5,0.012,0.988,0.000,0
406,E,0.730,H,72.1,-64.8,-39.7,93.4,52.0,10.8,16.8,0.013,0.987,0.000,0
407,E,0.740,H,110.7,-65.9,-38.8,92.8,51.1,2.6,18.8,0.013,0.987,0.000,0
408,R,0.738,H,117.1,-67.3,-38.2,93.0,50.2,4.0,17.9,0.018,0.982,0.000,0
409,Q,0.742,H,60.8,-66.7,-38.8,93.8,51.4,11.4,15.4,0.019,0.981,0.000,0
410,R,0.725,H,120.6,-65.8,-38.5,93.7,51.7,5.5,17.8,0.028,0.972,0.000,0
411,Q,0.714,H,105.5,-67.0,-37.7,92.9,50.6,2.7,18.4,0.051,0.949,0.000,0
412,L,0.700,H,56.7,-67.9,-38.2,93.9,50.8,10.0,15.6,0.057,0.943,0.000,0
413,R,0.677,H,107.0,-65.8,-38.6,94.0,52.9,9.3,16.4,0.086,0.914,0.000,0
414,S,0.663,H,65.6,-66.7,-38.2,93.6,51.7,3.3,19.0,0.138,0.861,0.000,0
415,G,0.660,H,31.2,-66.4,-39.1,93.9,51.8,5.8,17.5,0.145,0.855,0.000,0
416,V,0.680,H,46.0,-66.4,-39.5,93.9,52.3,12.1,15.0,0.063,0.937,0.000,0
417,Q,0.710,H,91.8,-65.7,-38.6,93.7,54.0,5.9,17.2,0.054,0.946,0.000,0
418,V,0.729,H,80.2,-66.8,-39.0,93.3,51.1,3.5,18.8,0.055,0.945,0.000,0
419,Q,0.724,H,67.9,-67.5,-38.3,93.8,50.6,8.4,16.3,0.065,0.935,0.000,0
420,Q,0.719,H,81.4,-66.5,-38.3,94.0,51.5,8.7,16.6,0.067,0.933,0.000,0
421,Q,0.706,H,105.7,-66.8,-37.9,93.4,51.4,3.2,17.7,0.064,0.936,0.000,0
422,K,0.705,H,106.5,-67.9,-37.5,93.6,50.8,4.3,17.0,0.053,0.947,0.000,0
423,N,0.712,H,62.0,-67.7,-37.0,94.3,50.1,9.3,15.6,0.046,0.954,0.000,0
424,K,0.719,H,115.9,-65.4,-38.3,93.3,53.2,3.6,18.0,0.047,0.953,0.000,0
425,E,0.735,H,95.6,-66.8,-38.7,93.5,50.8,4.5,17.6,0.038,0.962,0.000,0
426,M,0.760,H,68.2,-67.2,-38.6,93.8,51.0,9.2,15.5,0.020,0.980,0.000,0
427,E,0.766,H,99.4,-66.7,-38.0,93.8,51.9,5.5,17.3,0.024,0.976,0.000,0
428,R,0.775,H,138.5,-67.6,-36.9,93.1,50.5,2.5,17.3,0.032,0.968,0.000,0
429,L,0.777,H,71.0,-67.8,-38.3,94.1,50.6,7.4,16.3,0.029,0.971,0.000,0
430,R,0.782,H,119.0,-66.9,-37.1,93.9,51.1,6.3,16.6,0.031,0.969,0.000,0
431,M,0.772,H,102.3,-68.7,-36.2,94.3,50.6,4.3,17.7,0.045,0.955,0.000,0
432,S,0.757,H,50.7,-69.2,-36.1,95.4,52.8,6.1,17.0,0.034,0.966,0.000,0
433,L,0.756,H,44.4,-66.0,-39.3,93.9,55.8,13.6,15.0,0.009,0.991,0.000,0
434,A,0.767,H,53.4,-64.6,-38.3,93.5,54.4,7.8,17.9,0.006,0.994,0.000,0
435,E,0.776,H,102.5,-67.0,-38.6,93.6,51.5,3.8,19.2,0.004,0.996,0.000,0
436,E,0.774,H,68.9,-68.2,-38.0,93.6,50.7,8.1,16.9,0.006,0.994,0.000,0
437,L,0.769,H,51.1,-66.6,-38.5,93.7,51.6,13.6,15.2,0.004,0.996,0.000,0
438,S,0.772,H,59.0,-66.1,-38.3,93.5,52.9,4.6,18.5,0.008,0.992,0.000,0
439,T,0.780,H,70.0,-69.2,-36.9,94.3,50.6,5.0,18.3,0.013,0.987,0.000,0
440,Y,0.783,H,68.2,-70.1,-36.0,95.1,51.1,12.3,14.2,0.018,0.982,0.000,0
441,K,0.769,H,107.2,-65.9,-36.0,93.6,53.0,7.0,16.6,0.046,0.954,0.000,0
442,A,0.747,H,70.0,-69.0,-31.0,93.5,52.5,3.0,17.5,0.122,0.878,0.000,0
443,M,0.739,H,74.0,-79.5,-20.8,97.9,52.6,9.5,12.7,0.272,0.727,0.001,0
444,L,0.734,H,60.5,-87.3,109.6,110.0,77.3,13.4,10.1,0.471,0.526,0.003,0
445,P,0.727,H,88.4,-68.3,-28.5,97.7,-169.0,4.8,13.7,0.494,0.503,0.004,0
446,K,0.722,H,138.6,-75.7,-22.9,98.7,50.8,2.5,13.6,0.483,0.514,0.002,0
447,S,0.709,H,55.4,-76.0,-26.3,99.0,60.0,5.7,10.9,0.446,0.550,0.004,0
448,L,0.704,H,83.9,-68.5,-31.0,94.9,62.6,7.7,10.5,0.457,0.539,0.004,0
449,E,0.701,H,125.0,-69.3,-31.8,94.4,55.4,2.7,14.0,0.463,0.527,0.010,0
450,Q,0.697,C,113.1,-81.0,-15.6,97.6,50.8,3.4,13.0,0.532,0.458,0.009,0
451,A,0.697,C,62.8,-72.3,-25.6,96.7,59.9,6.5,10.3,0.592,0.396,0.012,0
452,D,0.690,C,111.5,-82.7,-5.8,99.7,55.6,2.3,12.5,0.720,0.258,0.021,0
453,A,0.674,C,72.9,-92.2,135.5,116.8,112.2,3.7,8.8,0.941,0.050,0.009,0
454,P,0.651,C,93.6,-67.9,145.2,110.8,-104.5,4.7,11.1,0.943,0.051,0.006,0
455,T,0.628,C,89.8,-81.8,102.4,107.5,-127.4,6.1,10.5,0.853,0.130,0.017,0
456,S,0.606,C,88.8,-74.8,-16.4,98.7,-134.7,2.6,10.3,0.826,0.156,0.018,1
457,Q,0.582,C,139.3,-80.7,-8.7,100.8,64.7,1.8,8.8,0.833,0.144,0.023,0
458,A,0.555,C,85.0,-84.4,10.8,103.6,69.9,3.0,7.5,0.846,0.124,0.030,0
459,G,0.536,C,58.4,-84.3,46.8,106.7,35.6,2.7,9.5,0.899,0.070,0.031,0
460,G,0.541,C,54.9,-110.1,164.2,112.5,13.4,3.1,10.0,0.911,0.050,0.038,0
461,V,0.556,C,106.5,-90.9,110.0,110.0,-110.0,4.7,8.4,0.832,0.112,0.056,0
462,E,0.558,C,139.1,-92.1,114.2,110.6,174.9,3.3,9.4,0.824,0.104,0.072,0
463,A,0.542,C,74.1,-92.9,128.2,113.4,-155.8,6.7,8.4,0.840,0.085,0.074,0
464,Q,0.512,C,130.5,-99.2,134.1,117.1,-155.6,3.9,8.9,0.909,0.031,0.060,0
465,S,0.476,C,83.1,-86.4,137.9,115.3,-118.2,4.8,9.3,0.935,0.020,0.045,0
466,P,0.426,C,104.5,-85.4,104.8,108.0,-128.9,4.6,9.3,0.965,0.016,0.019,0
467,G,0.381,C,59.6,81.2,-167.4,110.6,-10.6,2.0,10.7,0.973,0.005,0.023,0
468,T,0.365,C,105.3,-89.4,110.4,109.4,-111.5,3.5,9.5,0.975,0.004,0.022,0
469,V,0.376,C,127.9,-92.8,122.4,112.3,-177.1,3.7,6.7,0.996,0.002,0.003,0
